regime,instance,algorithm,algorithm_family,algorithm_exact,algorithm_kwargs,score_mode,n_g,n_h,dense_cells,posting_hits,truth_score,score,status,skip_reason,explicit_path_score,fit_seconds,diagnostic_fit_seconds,predict_seconds_median,predict_seconds_min,predict_seconds_max,predict_seconds_mean,predict_seconds_q25,predict_seconds_q75,predict_seconds_std,predict_seconds_mad,predict_seconds_sample_count,predict_seconds_samples,setup_plus_warm_search_seconds,timing_repeats,warmup_runs,matched_length,truth_pair_recall,truth_pair_precision,planted_g_node_recall,planted_h_node_recall,diag_algorithm,diag_n_g,diag_n_h,diag_input_preprocessing_seconds,diag_preprocessing_seconds,diag_candidate_generation_seconds,diag_search_seconds,diag_traceback_seconds,diag_total_seconds,diag_node_pair_score_evaluations,diag_candidate_pairs_generated,diag_positive_candidate_pairs,diag_dp_cells_computed,diag_states_generated,diag_states_after_endpoint_pruning,diag_states_retained,diag_peak_frontier_size,diag_layers_processed,diag_restarts,diag_directions,diag_result_score,diag_result_length,diag_extra_candidate_pairs_after_deduplication,diag_extra_candidate_states_created,diag_extra_candidates_generated_internally,diag_extra_segment_tree_interval_insertions,diag_extra_segment_tree_node_update_attempts,diag_extra_segment_tree_peak_rollback_history,diag_extra_segment_tree_point_queries,diag_extra_segment_tree_successful_node_updates,diag_extra_used_fitted_inputs,fit_diag_algorithm,fit_diag_n_g,fit_diag_n_h,fit_diag_input_preprocessing_seconds,fit_diag_preprocessing_seconds,fit_diag_candidate_generation_seconds,fit_diag_search_seconds,fit_diag_traceback_seconds,fit_diag_total_seconds,fit_diag_node_pair_score_evaluations,fit_diag_candidate_pairs_generated,fit_diag_positive_candidate_pairs,fit_diag_dp_cells_computed,fit_diag_states_generated,fit_diag_states_after_endpoint_pruning,fit_diag_states_retained,fit_diag_peak_frontier_size,fit_diag_layers_processed,fit_diag_restarts,fit_diag_directions,fit_diag_result_score,fit_diag_result_length,fit_diag_extra_preprocessed_inputs_reused,cold_fit_seconds,cold_predict_seconds,cold_setup_plus_predict_seconds,cold_score,cold_explicit_path_score,cold_score_difference_from_warm,execution_mode,thread_count_requested,thread_settings_enforced,timeout_seconds,fresh_process_total_seconds,fresh_process_task_seconds,fresh_process_overhead_seconds,peak_rss_bytes,peak_rss_mib,peak_rss_semantics,isolated_process_exit_code,worker_thread_environment,comparison,algorithm_config_index,execution_order_position,execution_order_cycle,pair_generation_seconds,shared_keys,truth_pair_count,observed_planted_nodes_g,observed_planted_nodes_h,candidate_path_length_g,candidate_path_length_h,shape_g,shape_h,alphabet_size,symbol_distribution,symbols_per_node,weight_mode,planted_length,planted_token_policy,expected_algorithm,regime_notes,tree_g_depth,tree_h_depth,tree_g_max_width,tree_h_max_width,tree_g_max_out_degree,tree_h_max_out_degree,execution_skipped_before_worker,diag_extra_beam_width,diag_extra_child_cap,diag_extra_maximum_product_layer,diag_extra_permanent_state_pool_size,diag_extra_stored_score_cells,diag_extra_label_pair_preprocessing_score_evaluations,diag_extra_lookahead_score_evaluations,diag_extra_restart_scores,diag_extra_selected_restart,diag_extra_selected_run,diag_extra_candidate_semantics,diag_extra_duplicate_pairs_skipped,diag_extra_expansion_width,diag_extra_max_nodes_per_token_side,diag_extra_max_token_types_per_expansion,diag_extra_maximum_matching_length,diag_extra_numba_available,diag_extra_positive_token_types,diag_extra_posting_pair_attempts,diag_extra_token_ranges_scanned,diag_extra_candidate_pairs_after_token_deduplication,diag_extra_posting_hits,oracle_score,oracle_valid,oracle_status,exact_method_count,exact_score_spread,exact_agreement_tolerance,score_ratio,score_gap,accuracy_score,accuracy_percent,score_consistent_with_oracle,warm_timing_score,setup_timing_score,warm_accuracy_harmonic_score,setup_accuracy_harmonic_score
tiny_generic_dense,0,sparse_chain,generic_sparse,True,"{""method"": ""sparse_chain""}",jaccard,128,128,16384,11346,2.466666666666667,6.333333333333334,ok,,6.333333333333333,0.00033474399242550135,0.00033302599331364036,0.028277431993046775,0.02805674500996247,0.03914881599484943,0.03042165979859419,0.02823323500342667,0.028392070991685614,0.004880118439204126,0.00011463899863883853,5.0,"[0.02823323500342667, 0.028277431993046775, 0.02805674500996247, 0.03914881599484943, 0.028392070991685614]",0.028612175985472277,5.0,1.0,12.0,0.0,0.0,0.1111111111111111,0.7142857142857143,sparse_chain,128.0,128.0,0.0,0.002930940012447536,0.0138332009955775,0.012895349005702883,1.3660173863172531e-06,0.02990366201265715,9631.0,9631.0,9631.0,,,,,,,1.0,1.0,6.333333333333334,12.0,9631.0,9631.0,True,6655.0,19135.0,1121.0,9631.0,6809.0,True,sparse_chain_fit,128.0,128.0,0.00033139699371531606,0.0,0.0,0.0,0.0,0.00033139699371531606,0.0,,,,,,,,,1.0,1.0,,,False,0.0004174690111540258,0.029879826004616916,0.030297295015770942,6.333333333333334,6.333333333333333,0.0,isolated,1,True,900.0,0.47487034200457856,0.24182116400334053,0.23304917800123803,199127040.0,189.90234375,resource.ru_maxrss_kib_converted_to_bytes,0.0,"{""BLIS_NUM_THREADS"": ""1"", ""MKL_DYNAMIC"": ""FALSE"", ""MKL_NUM_THREADS"": ""1"", ""NUMBA_NUM_THREADS"": ""1"", ""NUMEXPR_NUM_THREADS"": ""1"", ""OMP_DYNAMIC"": ""FALSE"", ""OMP_NUM_THREADS"": ""1"", ""OPENBLAS_NUM_THREADS"": ""1"", ""PYTHONHASHSEED"": ""0"", ""VECLIB_MAXIMUM_THREADS"": ""1""}",tree_tree,3,0,0,0.008247289981227368,8,7,9,7,14,14,medium,medium,8,uniform,"{""kind"": ""categorical"", ""probs"": [0.7, 0.3], ""values"": [2, 3]}",uniform,10,background,exact_dense,"The table is tiny and the score is generic, so sparse indexing overhead should not pay. Large preset: more instances and a larger structural workload.",14,14,23,16,5,4,,,,,,,,,,,,,,,,,,,,,,,,6.333333333333334,True,exact_agreement,3,3.178914393942023e-07,1e-05,1.0,0.0,1.0,100.0,True,0.5152458673889408,0.5092482299490689,0.680082194550787,0.6748369417882358
tiny_generic_dense,0,fast_dense,fast_dense,True,{},jaccard,128,128,16384,11346,2.466666666666667,,skipped,incompatible_score_mode:jaccard,,,,,,,,,,,,,,,,,,,,,,,,,,,,,,,,,,,,,,,,,,,,,,,,,,,,,,,,,,,,,,,,,,,,,,,,,,,,,,,,,,isolated,1,False,900.0,,,,,,,,,tree_tree,1,1,0,0.008247289981227368,8,7,9,7,14,14,medium,medium,8,uniform,"{""kind"": ""categorical"", ""probs"": [0.7, 0.3], ""values"": [2, 3]}",uniform,10,background,exact_dense,"The table is tiny and the score is generic, so sparse indexing overhead should not pay. Large preset: more instances and a larger structural workload.",14,14,23,16,5,4,True,,,,,,,,,,,,,,,,,,,,,,,6.333333333333334,True,exact_agreement,3,3.178914393942023e-07,1e-05,,,,,,,,,
tiny_generic_dense,0,beam_local_capped,generic,False,"{""beam_local_child_cap"": 16, ""beam_width"": 200, ""method"": ""beam_local""}",jaccard,128,128,16384,11346,2.466666666666667,6.25,ok,,6.25,8.700008038431406e-07,5.37899904884398e-06,0.014569829974789172,0.014546348014846444,0.014851321990136057,0.014630275196395814,0.014567703008651733,0.014616172993555665,0.00012616777762642457,2.348195994272828e-05,5.0,"[0.014567703008651733, 0.014569829974789172, 0.014546348014846444, 0.014616172993555665, 0.014851321990136057]",0.014570699975593016,5.0,1.0,9.0,0.14285714285714285,0.1111111111111111,0.6666666666666666,0.2857142857142857,beam_local,128.0,128.0,0.0,3.332397318445146e-05,0.013961115095298737,0.0018432609213050455,2.04198295250535e-06,0.015897745004622266,4943.0,4943.0,2940.0,,14140.0,6118.0,4369.0,200.0,31.0,1.0,1.0,6.25,9.0,,,,,,,,,True,beam_local_fit,128.0,128.0,4.628993337973952e-06,0.0,0.0,0.0,0.0,4.628993337973952e-06,0.0,,,,,,,,,1.0,1.0,,,,2.0849984139204025e-06,0.015206237992970273,0.015208322991384193,6.25,6.25,0.0,isolated,1,True,900.0,0.3507776470214594,0.11937925301026553,0.2313983940111939,199127040.0,189.90234375,resource.ru_maxrss_kib_converted_to_bytes,0.0,"{""BLIS_NUM_THREADS"": ""1"", ""MKL_DYNAMIC"": ""FALSE"", ""MKL_NUM_THREADS"": ""1"", ""NUMBA_NUM_THREADS"": ""1"", ""NUMEXPR_NUM_THREADS"": ""1"", ""OMP_DYNAMIC"": ""FALSE"", ""OMP_NUM_THREADS"": ""1"", ""OPENBLAS_NUM_THREADS"": ""1"", ""PYTHONHASHSEED"": ""0"", ""VECLIB_MAXIMUM_THREADS"": ""1""}",tree_tree,6,2,0,0.008247289981227368,8,7,9,7,14,14,medium,medium,8,uniform,"{""kind"": ""categorical"", ""probs"": [0.7, 0.3], ""values"": [2, 3]}",uniform,10,background,exact_dense,"The table is tiny and the score is generic, so sparse indexing overhead should not pay. Large preset: more instances and a larger structural workload.",14,14,23,16,5,4,,200.0,16.0,30.0,4370.0,,,,,,,,,,,,,,,,,,,6.333333333333334,True,exact_agreement,3,3.178914393942023e-07,1e-05,0.9868421052631579,0.08333333333333393,0.9868421052631579,98.68421052631578,True,1.0,1.0,0.9933774834437086,0.9933774834437086
tiny_generic_dense,0,sparse_closure,generic_sparse,True,"{""method"": ""sparse""}",jaccard,128,128,16384,11346,2.466666666666667,6.333333333333334,ok,,6.333333333333333,0.0002932450152002275,0.0002999849966727197,0.021996041003149003,0.02182474499568343,0.022354337997967377,0.022058228997047992,0.02195432799635455,0.02216169299208559,0.00020467222705957335,0.00016565198893658817,5.0,"[0.022354337997967377, 0.02195432799635455, 0.02216169299208559, 0.02182474499568343, 0.021996041003149003]",0.02228928601834923,5.0,1.0,12.0,0.0,0.0,0.1111111111111111,0.7142857142857143,sparse_closure,128.0,128.0,0.0,0.0001876940077636391,0.000320181978167966,0.023086978995706886,3.6930141504853964e-06,0.023738883988698944,9631.0,9631.0,9631.0,15095.0,,,,,,1.0,1.0,6.333333333333334,12.0,,,True,,,,,,True,sparse_fit,128.0,128.0,0.0002984930179081857,0.0,0.0,0.0,0.0,0.0002984930179081857,0.0,,,,,,,,,1.0,1.0,,,False,0.00039030000334605575,0.022932629013666883,0.02332292901701294,6.333333333333334,6.333333333333333,0.0,isolated,1,True,900.0,0.4133145380183123,0.18075353099266067,0.23256100702565163,199127040.0,189.90234375,resource.ru_maxrss_kib_converted_to_bytes,0.0,"{""BLIS_NUM_THREADS"": ""1"", ""MKL_DYNAMIC"": ""FALSE"", ""MKL_NUM_THREADS"": ""1"", ""NUMBA_NUM_THREADS"": ""1"", ""NUMEXPR_NUM_THREADS"": ""1"", ""OMP_DYNAMIC"": ""FALSE"", ""OMP_NUM_THREADS"": ""1"", ""OPENBLAS_NUM_THREADS"": ""1"", ""PYTHONHASHSEED"": ""0"", ""VECLIB_MAXIMUM_THREADS"": ""1""}",tree_tree,2,3,0,0.008247289981227368,8,7,9,7,14,14,medium,medium,8,uniform,"{""kind"": ""categorical"", ""probs"": [0.7, 0.3], ""values"": [2, 3]}",uniform,10,background,exact_dense,"The table is tiny and the score is generic, so sparse indexing overhead should not pay. Large preset: more instances and a larger structural workload.",14,14,23,16,5,4,,,,,,15352.0,,,,,,,,,,,,,,,,,,6.333333333333334,True,exact_agreement,3,3.178914393942023e-07,1e-05,1.0,0.0,1.0,100.0,True,0.6623841978064745,0.6537086905160607,0.7969086793299578,0.7905971520438254
tiny_generic_dense,0,fast_sparse,fast_sparse,True,{},jaccard,128,128,16384,11346,2.466666666666667,,skipped,incompatible_score_mode:jaccard,,,,,,,,,,,,,,,,,,,,,,,,,,,,,,,,,,,,,,,,,,,,,,,,,,,,,,,,,,,,,,,,,,,,,,,,,,,,,,,,,,isolated,1,False,900.0,,,,,,,,,tree_tree,4,4,0,0.008247289981227368,8,7,9,7,14,14,medium,medium,8,uniform,"{""kind"": ""categorical"", ""probs"": [0.7, 0.3], ""values"": [2, 3]}",uniform,10,background,exact_dense,"The table is tiny and the score is generic, so sparse indexing overhead should not pay. Large preset: more instances and a larger structural workload.",14,14,23,16,5,4,True,,,,,,,,,,,,,,,,,,,,,,,6.333333333333334,True,exact_agreement,3,3.178914393942023e-07,1e-05,,,,,,,,,
tiny_generic_dense,0,exact_dense,generic,True,"{""method"": ""exact""}",jaccard,128,128,16384,11346,2.466666666666667,6.3333330154418945,ok,,6.333333333333333,8.489878382533789e-07,6.150017725303769e-06,0.0197950360015966,0.01969723802176304,0.019853359000990167,0.01979630240239203,0.01978651000536047,0.01984936898224987,6.321147771845125e-05,5.433298065327108e-05,5.0,"[0.01978651000536047, 0.0197950360015966, 0.019853359000990167, 0.01984936898224987, 0.01969723802176304]",0.019795884989434853,5.0,1.0,12.0,0.0,0.0,0.1111111111111111,0.7142857142857143,exact_dense,128.0,128.0,0.0,6.618007319048047e-06,0.0,0.020391614001709968,3.0661001801490784e-05,0.020440802996745333,16384.0,,9631.0,16384.0,,,,,,1.0,1.0,6.3333330154418945,12.0,,,,,,,,,True,exact_fit,128.0,128.0,5.3679978009313345e-06,0.0,0.0,0.0,0.0,5.3679978009313345e-06,0.0,,,,,,,,,1.0,1.0,,,,2.448010491207242e-06,0.02027150397771038,0.02027395198820159,6.3333330154418945,6.333333333333333,0.0,isolated,1,True,900.0,0.3956508809933439,0.16000852402066812,0.23564235697267577,199127040.0,189.90234375,resource.ru_maxrss_kib_converted_to_bytes,0.0,"{""BLIS_NUM_THREADS"": ""1"", ""MKL_DYNAMIC"": ""FALSE"", ""MKL_NUM_THREADS"": ""1"", ""NUMBA_NUM_THREADS"": ""1"", ""NUMEXPR_NUM_THREADS"": ""1"", ""OMP_DYNAMIC"": ""FALSE"", ""OMP_NUM_THREADS"": ""1"", ""OPENBLAS_NUM_THREADS"": ""1"", ""PYTHONHASHSEED"": ""0"", ""VECLIB_MAXIMUM_THREADS"": ""1""}",tree_tree,0,5,0,0.008247289981227368,8,7,9,7,14,14,medium,medium,8,uniform,"{""kind"": ""categorical"", ""probs"": [0.7, 0.3], ""values"": [2, 3]}",uniform,10,background,exact_dense,"The table is tiny and the score is generic, so sparse indexing overhead should not pay. Large preset: more instances and a larger structural workload.",14,14,23,16,5,4,,,,,,,,,,,,,,,,,,,,,,,,6.333333333333334,True,exact_agreement,3,3.178914393942023e-07,1e-05,1.0,3.178914393942023e-07,1.0,100.0,True,0.7360345277277607,0.7360469099193827,0.8479491807010687,0.8479573975953941
tiny_generic_dense,0,beam_partial_score,generic,False,"{""beam_balance_penalty"": 0.0, ""beam_candidate_future_weight"": 0.0, ""beam_expansion_width"": 64, ""beam_gap_penalty"": 0.0, ""beam_lookahead"": false, ""beam_n_restarts"": 1, ""beam_priority_future_weight"": 0.0, ""beam_priority_length_weight"": 0.0, ""beam_random_fraction"": 0.0, ""beam_rarity_weight"": 0.0, ""beam_symmetric"": false, ""beam_width"": 200, ""candidate_select_mode"": ""first"", ""method"": ""beam"", ""seed"": 0}",jaccard,128,128,16384,11346,2.466666666666667,4.333333333333333,ok,,4.333333333333333,1.5840050764381886e-06,8.290022378787398e-06,0.3901862580096349,0.3883589470060542,0.3910338529967703,0.3900303258036729,0.3900908450013958,0.39048172600450926,0.0010040310602615204,0.0002954679948743433,5.0,"[0.39048172600450926, 0.3900908450013958, 0.3883589470060542, 0.3910338529967703, 0.3901862580096349]",0.39018784201471135,5.0,1.0,5.0,0.0,0.0,0.2222222222222222,0.14285714285714285,beam_partial,128.0,128.0,0.0,0.008453376009128988,0.3828992726339493,0.0021891723736189306,2.1580199245363474e-06,0.3937310400069691,15160.0,3532.0,3532.0,,3532.0,2053.0,791.0,200.0,7.0,1.0,1.0,4.333333333333333,5.0,,,,,,,,,True,beam_fit,128.0,128.0,7.125985575839877e-06,0.0,0.0,0.0,0.0,7.125985575839877e-06,0.0,,,,,,,,,1.0,1.0,,,,2.214015694335103e-06,0.3939059390104376,0.3939081530261319,4.333333333333333,4.333333333333333,0.0,isolated,1,True,900.0,3.364260682981694,3.12776200400549,0.23649867897620425,199127040.0,189.90234375,resource.ru_maxrss_kib_converted_to_bytes,0.0,"{""BLIS_NUM_THREADS"": ""1"", ""MKL_DYNAMIC"": ""FALSE"", ""MKL_NUM_THREADS"": ""1"", ""NUMBA_NUM_THREADS"": ""1"", ""NUMEXPR_NUM_THREADS"": ""1"", ""OMP_DYNAMIC"": ""FALSE"", ""OMP_NUM_THREADS"": ""1"", ""OPENBLAS_NUM_THREADS"": ""1"", ""PYTHONHASHSEED"": ""0"", ""VECLIB_MAXIMUM_THREADS"": ""1""}",tree_tree,7,6,0,0.008247289981227368,8,7,9,7,14,14,medium,medium,8,uniform,"{""kind"": ""categorical"", ""probs"": [0.7, 0.3], ""values"": [2, 3]}",uniform,10,background,exact_dense,"The table is tiny and the score is generic, so sparse indexing overhead should not pay. Large preset: more instances and a larger structural workload.",14,14,23,16,5,4,,,,,,,3480.0,0.0,[4.333333333333333],0.0,"{""beam_width"": 200, ""expansion_width"": 64, ""label_pair_preprocessing_score_evaluations"": 3480, ""lookahead_enabled"": false, ""maximum_matching_length"": 15, ""positive_label_pair_types"": 2310, ""state_pool_size"": 3533}",,,,,,,,,,,,,6.333333333333334,True,exact_agreement,3,3.178914393942023e-07,1e-05,0.6842105263157894,2.000000000000001,0.6842105263157894,68.42105263157893,True,0.03734070504971346,0.037342783158896206,0.07081660274272407,0.0708203399076535
tiny_generic_dense,0,fast_beam_partial,fast_beam,False,"{""beam_width"": 200, ""expansion_width"": 64, ""max_nodes_per_token_side"": 8, ""max_token_types_per_expansion"": 2048, ""search"": ""partial""}",jaccard,128,128,16384,11346,2.466666666666667,,skipped,incompatible_score_mode:jaccard,,,,,,,,,,,,,,,,,,,,,,,,,,,,,,,,,,,,,,,,,,,,,,,,,,,,,,,,,,,,,,,,,,,,,,,,,,,,,,,,,,isolated,1,False,900.0,,,,,,,,,tree_tree,8,7,0,0.008247289981227368,8,7,9,7,14,14,medium,medium,8,uniform,"{""kind"": ""categorical"", ""probs"": [0.7, 0.3], ""values"": [2, 3]}",uniform,10,background,exact_dense,"The table is tiny and the score is generic, so sparse indexing overhead should not pay. Large preset: more instances and a larger structural workload.",14,14,23,16,5,4,True,,,,,,,,,,,,,,,,,,,,,,,6.333333333333334,True,exact_agreement,3,3.178914393942023e-07,1e-05,,,,,,,,,
tiny_generic_dense,0,beam_local,generic,False,"{""beam_local_child_cap"": null, ""beam_width"": 200, ""method"": ""beam_local""}",jaccard,128,128,16384,11346,2.466666666666667,6.25,ok,,6.25,1.0420044418424368e-06,6.660004146397114e-06,0.015123085002414882,0.015104107005754486,0.015141887997742742,0.015123308403417468,0.015121078991796821,0.015126383019378409,1.3494151001389904e-05,3.2980169635266066e-06,5.0,"[0.015104107005754486, 0.015121078991796821, 0.015123085002414882, 0.015141887997742742, 0.015126383019378409]",0.015124127006856725,5.0,1.0,9.0,0.14285714285714285,0.1111111111111111,0.6666666666666666,0.2857142857142857,beam_local,128.0,128.0,0.0,3.6385987186804414e-05,0.014281975018093362,0.0019347249763086438,2.2980093490332365e-06,0.016316464025294408,4943.0,4943.0,2940.0,,14140.0,6118.0,4369.0,200.0,31.0,1.0,1.0,6.25,9.0,,,,,,,,,True,beam_local_fit,128.0,128.0,5.791021976619959e-06,0.0,0.0,0.0,0.0,5.791021976619959e-06,0.0,,,,,,,,,1.0,1.0,,,,2.143002348020673e-06,0.01571754101314582,0.01571968401549384,6.25,6.25,0.0,isolated,1,True,900.0,0.37039648098289035,0.12334182200720534,0.24705465897568502,199127040.0,189.90234375,resource.ru_maxrss_kib_converted_to_bytes,0.0,"{""BLIS_NUM_THREADS"": ""1"", ""MKL_DYNAMIC"": ""FALSE"", ""MKL_NUM_THREADS"": ""1"", ""NUMBA_NUM_THREADS"": ""1"", ""NUMEXPR_NUM_THREADS"": ""1"", ""OMP_DYNAMIC"": ""FALSE"", ""OMP_NUM_THREADS"": ""1"", ""OPENBLAS_NUM_THREADS"": ""1"", ""PYTHONHASHSEED"": ""0"", ""VECLIB_MAXIMUM_THREADS"": ""1""}",tree_tree,5,8,0,0.008247289981227368,8,7,9,7,14,14,medium,medium,8,uniform,"{""kind"": ""categorical"", ""probs"": [0.7, 0.3], ""values"": [2, 3]}",uniform,10,background,exact_dense,"The table is tiny and the score is generic, so sparse indexing overhead should not pay. Large preset: more instances and a larger structural workload.",14,14,23,16,5,4,,200.0,,30.0,4370.0,,,,,,,,,,,,,,,,,,,6.333333333333334,True,exact_agreement,3,3.178914393942023e-07,1e-05,0.9868421052631579,0.08333333333333393,0.9868421052631579,98.68421052631578,True,0.9634165233127127,0.9634076710005935,0.9749886257962459,0.9749840926512429
tiny_generic_dense,1,fast_dense,fast_dense,True,{},jaccard,128,128,16384,11229,1.9666666666666668,,skipped,incompatible_score_mode:jaccard,,,,,,,,,,,,,,,,,,,,,,,,,,,,,,,,,,,,,,,,,,,,,,,,,,,,,,,,,,,,,,,,,,,,,,,,,,,,,,,,,,isolated,1,False,900.0,,,,,,,,,tree_tree,1,0,0,0.009713540988741443,8,6,7,9,14,14,medium,medium,8,uniform,"{""kind"": ""categorical"", ""probs"": [0.7, 0.3], ""values"": [2, 3]}",uniform,10,background,exact_dense,"The table is tiny and the score is generic, so sparse indexing overhead should not pay. Large preset: more instances and a larger structural workload.",14,14,23,19,4,5,True,,,,,,,,,,,,,,,,,,,,,,,6.483333587646484,True,exact_agreement,3,2.5431315098245477e-07,1e-05,,,,,,,,,
tiny_generic_dense,1,beam_local_capped,generic,False,"{""beam_local_child_cap"": 16, ""beam_width"": 200, ""method"": ""beam_local""}",jaccard,128,128,16384,11229,1.9666666666666668,6.483333333333333,ok,,6.483333333333333,1.0410149116069078e-06,6.827001925557852e-06,0.016058884997619316,0.015816983010154217,0.016726859990740195,0.01624290460604243,0.01594739401480183,0.01666440101689659,0.00042263192331047,0.0002419019874650985,5.0,"[0.01666440101689659, 0.016726859990740195, 0.016058884997619316, 0.015816983010154217, 0.01594739401480183]",0.016059926012530923,5.0,1.0,10.0,0.0,0.0,0.42857142857142855,0.4444444444444444,beam_local,128.0,128.0,0.0,3.72829963453114e-05,0.01579757410218008,0.0020423008827492595,2.7529895305633545e-06,0.01795037800911814,5434.0,5434.0,3195.0,,15361.0,6464.0,4655.0,200.0,31.0,1.0,1.0,6.483333333333333,10.0,,,,,,,,,True,beam_local_fit,128.0,128.0,6.117974407970905e-06,0.0,0.0,0.0,0.0,6.117974407970905e-06,0.0,,,,,,,,,1.0,1.0,,,,2.3860193323343992e-06,0.01723568100715056,0.017238067026482895,6.483333333333333,6.483333333333333,0.0,isolated,1,True,900.0,0.3722991269896738,0.13366559700807557,0.23863352998159826,199127040.0,189.90234375,resource.ru_maxrss_kib_converted_to_bytes,0.0,"{""BLIS_NUM_THREADS"": ""1"", ""MKL_DYNAMIC"": ""FALSE"", ""MKL_NUM_THREADS"": ""1"", ""NUMBA_NUM_THREADS"": ""1"", ""NUMEXPR_NUM_THREADS"": ""1"", ""OMP_DYNAMIC"": ""FALSE"", ""OMP_NUM_THREADS"": ""1"", ""OPENBLAS_NUM_THREADS"": ""1"", ""PYTHONHASHSEED"": ""0"", ""VECLIB_MAXIMUM_THREADS"": ""1""}",tree_tree,6,1,0,0.009713540988741443,8,6,7,9,14,14,medium,medium,8,uniform,"{""kind"": ""categorical"", ""probs"": [0.7, 0.3], ""values"": [2, 3]}",uniform,10,background,exact_dense,"The table is tiny and the score is generic, so sparse indexing overhead should not pay. Large preset: more instances and a larger structural workload.",14,14,23,19,4,5,,200.0,16.0,30.0,4656.0,,,,,,,,,,,,,,,,,,,6.483333587646484,True,exact_agreement,3,2.5431315098245477e-07,1e-05,1.0,2.5431315098245477e-07,1.0,100.0,True,1.0,1.0,1.0,1.0
tiny_generic_dense,1,sparse_closure,generic_sparse,True,"{""method"": ""sparse""}",jaccard,128,128,16384,11229,1.9666666666666668,6.483333333333333,ok,,6.483333333333333,0.00031189402216114104,0.0003613879962358624,0.022566283005289733,0.022325043013552204,0.022636959998635575,0.022530132601968945,0.022501341009046882,0.022621035983320326,0.00012636560467536035,6.494199624285102e-05,5.0,"[0.022636959998635575, 0.022501341009046882, 0.022621035983320326, 0.022566283005289733, 0.022325043013552204]",0.022878177027450874,5.0,1.0,10.0,0.0,0.0,0.42857142857142855,0.4444444444444444,sparse_closure,128.0,128.0,0.0,0.00019860800239257514,0.00033672500285319984,0.023640389990760013,3.9539881981909275e-06,0.02431998698739335,9554.0,9554.0,9554.0,14946.0,,,,,,1.0,1.0,6.483333333333333,10.0,,,True,,,,,,True,sparse_fit,128.0,128.0,0.00035974601632915437,0.0,0.0,0.0,0.0,0.00035974601632915437,0.0,,,,,,,,,1.0,1.0,,,False,0.0004041680076625198,0.024104770011035725,0.024508938018698245,6.483333333333333,6.483333333333333,0.0,isolated,1,True,900.0,0.4380817780038342,0.18551484399358742,0.25256693401024677,199127040.0,189.90234375,resource.ru_maxrss_kib_converted_to_bytes,0.0,"{""BLIS_NUM_THREADS"": ""1"", ""MKL_DYNAMIC"": ""FALSE"", ""MKL_NUM_THREADS"": ""1"", ""NUMBA_NUM_THREADS"": ""1"", ""NUMEXPR_NUM_THREADS"": ""1"", ""OMP_DYNAMIC"": ""FALSE"", ""OMP_NUM_THREADS"": ""1"", ""OPENBLAS_NUM_THREADS"": ""1"", ""PYTHONHASHSEED"": ""0"", ""VECLIB_MAXIMUM_THREADS"": ""1""}",tree_tree,2,2,0,0.009713540988741443,8,6,7,9,14,14,medium,medium,8,uniform,"{""kind"": ""categorical"", ""probs"": [0.7, 0.3], ""values"": [2, 3]}",uniform,10,background,exact_dense,"The table is tiny and the score is generic, so sparse indexing overhead should not pay. Large preset: more instances and a larger structural workload.",14,14,23,19,4,5,,,,,,15203.0,,,,,,,,,,,,,,,,,,6.483333587646484,True,exact_agreement,3,2.5431315098245477e-07,1e-05,1.0,2.5431315098245477e-07,1.0,100.0,True,0.711631817869827,0.7019757733870612,0.8315244089765431,0.8248951417094217
tiny_generic_dense,1,fast_sparse,fast_sparse,True,{},jaccard,128,128,16384,11229,1.9666666666666668,,skipped,incompatible_score_mode:jaccard,,,,,,,,,,,,,,,,,,,,,,,,,,,,,,,,,,,,,,,,,,,,,,,,,,,,,,,,,,,,,,,,,,,,,,,,,,,,,,,,,,isolated,1,False,900.0,,,,,,,,,tree_tree,4,3,0,0.009713540988741443,8,6,7,9,14,14,medium,medium,8,uniform,"{""kind"": ""categorical"", ""probs"": [0.7, 0.3], ""values"": [2, 3]}",uniform,10,background,exact_dense,"The table is tiny and the score is generic, so sparse indexing overhead should not pay. Large preset: more instances and a larger structural workload.",14,14,23,19,4,5,True,,,,,,,,,,,,,,,,,,,,,,,6.483333587646484,True,exact_agreement,3,2.5431315098245477e-07,1e-05,,,,,,,,,
tiny_generic_dense,1,exact_dense,generic,True,"{""method"": ""exact""}",jaccard,128,128,16384,11229,1.9666666666666668,6.483333587646484,ok,,6.483333333333333,1.01301702670753e-06,6.757996743544936e-06,0.019606995017966256,0.01948265198734589,0.02011453398154117,0.019686694402480498,0.019525799027178437,0.019703491998370737,0.00025357517894009784,9.649698040448129e-05,5.0,"[0.02011453398154117, 0.019703491998370737, 0.019606995017966256, 0.019525799027178437, 0.01948265198734589]",0.019608008034992963,5.0,1.0,10.0,0.0,0.0,0.42857142857142855,0.4444444444444444,exact_dense,128.0,128.0,0.0,8.75798286870122e-06,0.0,0.020476528006838635,3.736099461093545e-05,0.020539165008813143,16384.0,,9554.0,16384.0,,,,,,1.0,1.0,6.483333587646484,10.0,,,,,,,,,True,exact_fit,128.0,128.0,6.004993338137865e-06,0.0,0.0,0.0,0.0,6.004993338137865e-06,0.0,,,,,,,,,1.0,1.0,,,,2.3710017558187246e-06,0.02027196201379411,0.020274333015549928,6.483333587646484,6.483333333333333,0.0,isolated,1,True,900.0,0.4100562619860284,0.15972113999305293,0.2503351219929755,199127040.0,189.90234375,resource.ru_maxrss_kib_converted_to_bytes,0.0,"{""BLIS_NUM_THREADS"": ""1"", ""MKL_DYNAMIC"": ""FALSE"", ""MKL_NUM_THREADS"": ""1"", ""NUMBA_NUM_THREADS"": ""1"", ""NUMEXPR_NUM_THREADS"": ""1"", ""OMP_DYNAMIC"": ""FALSE"", ""OMP_NUM_THREADS"": ""1"", ""OPENBLAS_NUM_THREADS"": ""1"", ""PYTHONHASHSEED"": ""0"", ""VECLIB_MAXIMUM_THREADS"": ""1""}",tree_tree,0,4,0,0.009713540988741443,8,6,7,9,14,14,medium,medium,8,uniform,"{""kind"": ""categorical"", ""probs"": [0.7, 0.3], ""values"": [2, 3]}",uniform,10,background,exact_dense,"The table is tiny and the score is generic, so sparse indexing overhead should not pay. Large preset: more instances and a larger structural workload.",14,14,23,19,4,5,,,,,,,,,,,,,,,,,,,,,,,,6.483333587646484,True,exact_agreement,3,2.5431315098245477e-07,1e-05,1.0,0.0,1.0,100.0,True,0.819038561641101,0.8190493386105289,0.9005180856662878,0.9005245995539135
tiny_generic_dense,1,beam_partial_score,generic,False,"{""beam_balance_penalty"": 0.0, ""beam_candidate_future_weight"": 0.0, ""beam_expansion_width"": 64, ""beam_gap_penalty"": 0.0, ""beam_lookahead"": false, ""beam_n_restarts"": 1, ""beam_priority_future_weight"": 0.0, ""beam_priority_length_weight"": 0.0, ""beam_random_fraction"": 0.0, ""beam_rarity_weight"": 0.0, ""beam_symmetric"": false, ""beam_width"": 200, ""candidate_select_mode"": ""first"", ""method"": ""beam"", ""seed"": 0}",jaccard,128,128,16384,11229,1.9666666666666668,4.333333333333334,ok,,4.333333333333333,1.4569959603250027e-06,9.171984856948256e-06,0.3761757180036511,0.37518735698540695,0.3774043740122579,0.37630238339770583,0.37574176499038003,0.37700270299683325,0.0009053247865117945,0.0008269849931821227,5.0,"[0.3761757180036511, 0.3774043740122579, 0.37700270299683325, 0.37518735698540695, 0.37574176499038003]",0.37617717499961145,5.0,1.0,6.0,0.0,0.0,0.0,0.2222222222222222,beam_partial,128.0,128.0,0.0,0.007608885003719479,0.3723223945708014,0.0019647934241220355,1.962005626410246e-06,0.38205203000688925,15825.0,2466.0,2466.0,,2466.0,1937.0,826.0,200.0,7.0,1.0,1.0,4.333333333333334,6.0,,,,,,,,,True,beam_fit,128.0,128.0,7.916998583823442e-06,0.0,0.0,0.0,0.0,7.916998583823442e-06,0.0,,,,,,,,,1.0,1.0,,,,2.2380263544619083e-06,0.3795143199968152,0.37951655802316964,4.333333333333334,4.333333333333333,0.0,isolated,1,True,900.0,3.2680148069921415,3.0207786459941417,0.24723616099799983,199127040.0,189.90234375,resource.ru_maxrss_kib_converted_to_bytes,0.0,"{""BLIS_NUM_THREADS"": ""1"", ""MKL_DYNAMIC"": ""FALSE"", ""MKL_NUM_THREADS"": ""1"", ""NUMBA_NUM_THREADS"": ""1"", ""NUMEXPR_NUM_THREADS"": ""1"", ""OMP_DYNAMIC"": ""FALSE"", ""OMP_NUM_THREADS"": ""1"", ""OPENBLAS_NUM_THREADS"": ""1"", ""PYTHONHASHSEED"": ""0"", ""VECLIB_MAXIMUM_THREADS"": ""1""}",tree_tree,7,5,0,0.009713540988741443,8,6,7,9,14,14,medium,medium,8,uniform,"{""kind"": ""categorical"", ""probs"": [0.7, 0.3], ""values"": [2, 3]}",uniform,10,background,exact_dense,"The table is tiny and the score is generic, so sparse indexing overhead should not pay. Large preset: more instances and a larger structural workload.",14,14,23,19,4,5,,,,,,,3132.0,0.0,[4.333333333333334],0.0,"{""beam_width"": 200, ""expansion_width"": 64, ""label_pair_preprocessing_score_evaluations"": 3132, ""lookahead_enabled"": false, ""maximum_matching_length"": 15, ""positive_label_pair_types"": 2061, ""state_pool_size"": 2467}",,,,,,,,,,,,,6.483333587646484,True,exact_agreement,3,2.5431315098245477e-07,1e-05,0.6683804365072595,2.1500002543131504,0.6683804365072595,66.83804365072595,True,0.0426898500595497,0.042692452067426764,0.08025384032004673,0.08025843821886862
tiny_generic_dense,1,fast_beam_partial,fast_beam,False,"{""beam_width"": 200, ""expansion_width"": 64, ""max_nodes_per_token_side"": 8, ""max_token_types_per_expansion"": 2048, ""search"": ""partial""}",jaccard,128,128,16384,11229,1.9666666666666668,,skipped,incompatible_score_mode:jaccard,,,,,,,,,,,,,,,,,,,,,,,,,,,,,,,,,,,,,,,,,,,,,,,,,,,,,,,,,,,,,,,,,,,,,,,,,,,,,,,,,,isolated,1,False,900.0,,,,,,,,,tree_tree,8,6,0,0.009713540988741443,8,6,7,9,14,14,medium,medium,8,uniform,"{""kind"": ""categorical"", ""probs"": [0.7, 0.3], ""values"": [2, 3]}",uniform,10,background,exact_dense,"The table is tiny and the score is generic, so sparse indexing overhead should not pay. Large preset: more instances and a larger structural workload.",14,14,23,19,4,5,True,,,,,,,,,,,,,,,,,,,,,,,6.483333587646484,True,exact_agreement,3,2.5431315098245477e-07,1e-05,,,,,,,,,
tiny_generic_dense,1,beam_local,generic,False,"{""beam_local_child_cap"": null, ""beam_width"": 200, ""method"": ""beam_local""}",jaccard,128,128,16384,11229,1.9666666666666668,6.483333333333333,ok,,6.483333333333333,9.759969543665648e-07,6.443005986511707e-06,0.016264249017694965,0.01625196699751541,0.01644300000043586,0.01629816260538064,0.01625541300745681,0.016276184003800154,8.150555758998364e-05,1.1934986105188727e-05,5.0,"[0.01625541300745681, 0.01625196699751541, 0.01644300000043586, 0.016264249017694965, 0.016276184003800154]",0.01626522501464933,5.0,1.0,10.0,0.0,0.0,0.42857142857142855,0.4444444444444444,beam_local,128.0,128.0,0.0,3.614698653109372e-05,0.015592269861372188,0.002002833120059222,2.181011950597167e-06,0.017698944022413343,5434.0,5434.0,3195.0,,15361.0,6464.0,4655.0,200.0,31.0,1.0,1.0,6.483333333333333,10.0,,,,,,,,,True,beam_local_fit,128.0,128.0,5.675014108419418e-06,0.0,0.0,0.0,0.0,5.675014108419418e-06,0.0,,,,,,,,,1.0,1.0,,,,2.496002707630396e-06,0.016884043987374753,0.016886539990082383,6.483333333333333,6.483333333333333,0.0,isolated,1,True,900.0,0.3698694219929166,0.13285811300738715,0.23701130898552947,199127040.0,189.90234375,resource.ru_maxrss_kib_converted_to_bytes,0.0,"{""BLIS_NUM_THREADS"": ""1"", ""MKL_DYNAMIC"": ""FALSE"", ""MKL_NUM_THREADS"": ""1"", ""NUMBA_NUM_THREADS"": ""1"", ""NUMEXPR_NUM_THREADS"": ""1"", ""OMP_DYNAMIC"": ""FALSE"", ""OMP_NUM_THREADS"": ""1"", ""OPENBLAS_NUM_THREADS"": ""1"", ""PYTHONHASHSEED"": ""0"", ""VECLIB_MAXIMUM_THREADS"": ""1""}",tree_tree,5,7,0,0.009713540988741443,8,6,7,9,14,14,medium,medium,8,uniform,"{""kind"": ""categorical"", ""probs"": [0.7, 0.3], ""values"": [2, 3]}",uniform,10,background,exact_dense,"The table is tiny and the score is generic, so sparse indexing overhead should not pay. Large preset: more instances and a larger structural workload.",14,14,23,19,4,5,,200.0,,30.0,4656.0,,,,,,,,,,,,,,,,,,,6.483333587646484,True,exact_agreement,3,2.5431315098245477e-07,1e-05,1.0,2.5431315098245477e-07,1.0,100.0,True,0.9873732860427665,0.9873780410702278,0.9936465313054621,0.993648939120322
tiny_generic_dense,1,sparse_chain,generic_sparse,True,"{""method"": ""sparse_chain""}",jaccard,128,128,16384,11229,1.9666666666666668,6.483333333333333,ok,,6.483333333333333,0.00031029400997795165,0.0003226349945180118,0.027815034001832828,0.027682184998411685,0.03946368698962033,0.030106094595976175,0.027716829004930332,0.027852737985085696,0.005231515981749174,9.820499690249562e-05,5.0,"[0.027815034001832828, 0.027852737985085696, 0.027716829004930332, 0.03946368698962033, 0.027682184998411685]",0.02812532801181078,5.0,1.0,10.0,0.3333333333333333,0.2,0.42857142857142855,0.4444444444444444,sparse_chain,128.0,128.0,0.0,0.0028173789905849844,0.013426772988168523,0.012409018003381789,1.2720120139420033e-06,0.028879099001642317,9554.0,9554.0,9554.0,,,,,,,1.0,1.0,6.483333333333333,10.0,9554.0,9554.0,True,6349.0,17043.0,999.0,9554.0,6434.0,True,sparse_chain_fit,128.0,128.0,0.00032078399090096354,0.0,0.0,0.0,0.0,0.00032078399090096354,0.0,,,,,,,,,1.0,1.0,,,False,0.00039452299824915826,0.029297590983333066,0.029692113981582224,6.483333333333333,6.483333333333333,0.0,isolated,1,True,900.0,0.4762692080112174,0.238383979012724,0.2378852289984934,199127040.0,189.90234375,resource.ru_maxrss_kib_converted_to_bytes,0.0,"{""BLIS_NUM_THREADS"": ""1"", ""MKL_DYNAMIC"": ""FALSE"", ""MKL_NUM_THREADS"": ""1"", ""NUMBA_NUM_THREADS"": ""1"", ""NUMEXPR_NUM_THREADS"": ""1"", ""OMP_DYNAMIC"": ""FALSE"", ""OMP_NUM_THREADS"": ""1"", ""OPENBLAS_NUM_THREADS"": ""1"", ""PYTHONHASHSEED"": ""0"", ""VECLIB_MAXIMUM_THREADS"": ""1""}",tree_tree,3,8,0,0.009713540988741443,8,6,7,9,14,14,medium,medium,8,uniform,"{""kind"": ""categorical"", ""probs"": [0.7, 0.3], ""values"": [2, 3]}",uniform,10,background,exact_dense,"The table is tiny and the score is generic, so sparse indexing overhead should not pay. Large preset: more instances and a larger structural workload.",14,14,23,19,4,5,,,,,,,,,,,,,,,,,,,,,,,,6.483333587646484,True,exact_agreement,3,2.5431315098245477e-07,1e-05,1.0,2.5431315098245477e-07,1.0,100.0,True,0.5773455102215996,0.5710129320371593,0.7320469820724173,0.7269360046536563
tiny_generic_dense,2,beam_local_capped,generic,False,"{""beam_local_child_cap"": 16, ""beam_width"": 200, ""method"": ""beam_local""}",jaccard,128,128,16384,11177,3.8,7.066666666666667,ok,,7.066666666666666,9.050127118825912e-07,6.206013495102525e-06,0.017056168988347054,0.016945643990766257,0.017095500021241605,0.01703459459822625,0.017016689002048224,0.017058970988728106,5.701305599960253e-05,3.9331032894551754e-05,5.0,"[0.017095500021241605, 0.017058970988728106, 0.017056168988347054, 0.017016689002048224, 0.016945643990766257]",0.017057074001058936,5.0,1.0,11.0,0.0,0.0,0.2222222222222222,0.6666666666666666,beam_local,128.0,128.0,0.0,3.525198553688824e-05,0.0162768260051962,0.002052369003649801,2.08101118914783e-06,0.01842936099274084,5597.0,5597.0,3374.0,,15748.0,6719.0,4693.0,200.0,31.0,1.0,1.0,7.066666666666667,11.0,,,,,,,,,True,beam_local_fit,128.0,128.0,5.355017492547631e-06,0.0,0.0,0.0,0.0,5.355017492547631e-06,0.0,,,,,,,,,1.0,1.0,,,,2.0690204109996557e-06,0.017520321009214967,0.017522390029625967,7.066666666666667,7.066666666666666,0.0,isolated,1,True,900.0,0.37776999300695024,0.1386888139822986,0.23908117902465165,199127040.0,189.90234375,resource.ru_maxrss_kib_converted_to_bytes,0.0,"{""BLIS_NUM_THREADS"": ""1"", ""MKL_DYNAMIC"": ""FALSE"", ""MKL_NUM_THREADS"": ""1"", ""NUMBA_NUM_THREADS"": ""1"", ""NUMEXPR_NUM_THREADS"": ""1"", ""OMP_DYNAMIC"": ""FALSE"", ""OMP_NUM_THREADS"": ""1"", ""OPENBLAS_NUM_THREADS"": ""1"", ""PYTHONHASHSEED"": ""0"", ""VECLIB_MAXIMUM_THREADS"": ""1""}",tree_tree,6,0,0,0.008811170002445579,8,8,9,9,15,15,medium,medium,8,uniform,"{""kind"": ""categorical"", ""probs"": [0.7, 0.3], ""values"": [2, 3]}",uniform,10,background,exact_dense,"The table is tiny and the score is generic, so sparse indexing overhead should not pay. Large preset: more instances and a larger structural workload.",14,14,23,20,4,9,,200.0,16.0,30.0,4694.0,,,,,,,,,,,,,,,,,,,7.450000286102295,True,exact_agreement,3,2.8610229563241774e-07,1e-05,0.948545824870541,0.3833336194356276,0.948545824870541,94.8545824870541,True,0.99124768304681,0.991260927325882,0.9694267429280519,0.9694330766790286
tiny_generic_dense,2,sparse_closure,generic_sparse,True,"{""method"": ""sparse""}",jaccard,128,128,16384,11177,3.8,7.449999999999999,ok,,7.45,0.0003202859952580184,0.0003129949909634888,0.022535558993695304,0.022290692984825,0.02295614901231602,0.022561409190529957,0.022463896981207654,0.02256074798060581,0.0002445833660415456,7.166201248764992e-05,5.0,"[0.022535558993695304, 0.022290692984825, 0.02256074798060581, 0.022463896981207654, 0.02295614901231602]",0.022855844988953322,5.0,1.0,11.0,0.0,0.0,0.3333333333333333,0.2222222222222222,sparse_closure,128.0,128.0,0.0,0.0001967380230780691,0.00032508501317352057,0.02325143601046875,3.838998964056373e-06,0.023908217990538105,9622.0,9622.0,9622.0,15002.0,,,,,,1.0,1.0,7.449999999999999,11.0,,,True,,,,,,True,sparse_fit,128.0,128.0,0.0003113440179731697,0.0,0.0,0.0,0.0,0.0003113440179731697,0.0,,,,,,,,,1.0,1.0,,,False,0.0003976569860242307,0.023530528997071087,0.023928185983095318,7.449999999999999,7.45,0.0,isolated,1,True,900.0,0.4233186440251302,0.18451905500842258,0.23879958901670761,199127040.0,189.90234375,resource.ru_maxrss_kib_converted_to_bytes,0.0,"{""BLIS_NUM_THREADS"": ""1"", ""MKL_DYNAMIC"": ""FALSE"", ""MKL_NUM_THREADS"": ""1"", ""NUMBA_NUM_THREADS"": ""1"", ""NUMEXPR_NUM_THREADS"": ""1"", ""OMP_DYNAMIC"": ""FALSE"", ""OMP_NUM_THREADS"": ""1"", ""OPENBLAS_NUM_THREADS"": ""1"", ""PYTHONHASHSEED"": ""0"", ""VECLIB_MAXIMUM_THREADS"": ""1""}",tree_tree,2,1,0,0.008811170002445579,8,8,9,9,15,15,medium,medium,8,uniform,"{""kind"": ""categorical"", ""probs"": [0.7, 0.3], ""values"": [2, 3]}",uniform,10,background,exact_dense,"The table is tiny and the score is generic, so sparse indexing overhead should not pay. Large preset: more instances and a larger structural workload.",14,14,23,20,4,9,,,,,,15259.0,,,,,,,,,,,,,,,,,,7.450000286102295,True,exact_agreement,3,2.8610229563241774e-07,1e-05,1.0,2.8610229563241774e-07,1.0,100.0,True,0.7502315782840733,0.7397674861694173,0.8572940719302986,0.8504210959801548
tiny_generic_dense,2,fast_sparse,fast_sparse,True,{},jaccard,128,128,16384,11177,3.8,,skipped,incompatible_score_mode:jaccard,,,,,,,,,,,,,,,,,,,,,,,,,,,,,,,,,,,,,,,,,,,,,,,,,,,,,,,,,,,,,,,,,,,,,,,,,,,,,,,,,,isolated,1,False,900.0,,,,,,,,,tree_tree,4,2,0,0.008811170002445579,8,8,9,9,15,15,medium,medium,8,uniform,"{""kind"": ""categorical"", ""probs"": [0.7, 0.3], ""values"": [2, 3]}",uniform,10,background,exact_dense,"The table is tiny and the score is generic, so sparse indexing overhead should not pay. Large preset: more instances and a larger structural workload.",14,14,23,20,4,9,True,,,,,,,,,,,,,,,,,,,,,,,7.450000286102295,True,exact_agreement,3,2.8610229563241774e-07,1e-05,,,,,,,,,
tiny_generic_dense,2,exact_dense,generic,True,"{""method"": ""exact""}",jaccard,128,128,16384,11177,3.8,7.450000286102295,ok,,7.45,1.2080126907676458e-06,7.089023711159825e-06,0.01907956801005639,0.018995004007592797,0.01959355702274479,0.019167105411179365,0.019004063011379912,0.019163335004122928,0.0002478607002029137,8.376699406653643e-05,5.0,"[0.01959355702274479, 0.019163335004122928, 0.01907956801005639, 0.018995004007592797, 0.019004063011379912]",0.01908077602274716,5.0,1.0,11.0,0.0,0.0,0.3333333333333333,0.2222222222222222,exact_dense,128.0,128.0,0.0,1.0234012734144926e-05,0.0,0.020056064007803798,3.647198900580406e-05,0.02011707701603882,16384.0,,9622.0,16384.0,,,,,,1.0,1.0,7.450000286102295,11.0,,,,,,,,,True,exact_fit,128.0,128.0,6.176996976137161e-06,0.0,0.0,0.0,0.0,6.176996976137161e-06,0.0,,,,,,,,,1.0,1.0,,,,2.2580206859856844e-06,0.02070693499990739,0.020709193020593375,7.450000286102295,7.45,0.0,isolated,1,True,900.0,0.4018856360053178,0.1570538970117923,0.2448317389935255,199127040.0,189.90234375,resource.ru_maxrss_kib_converted_to_bytes,0.0,"{""BLIS_NUM_THREADS"": ""1"", ""MKL_DYNAMIC"": ""FALSE"", ""MKL_NUM_THREADS"": ""1"", ""NUMBA_NUM_THREADS"": ""1"", ""NUMEXPR_NUM_THREADS"": ""1"", ""OMP_DYNAMIC"": ""FALSE"", ""OMP_NUM_THREADS"": ""1"", ""OPENBLAS_NUM_THREADS"": ""1"", ""PYTHONHASHSEED"": ""0"", ""VECLIB_MAXIMUM_THREADS"": ""1""}",tree_tree,0,3,0,0.008811170002445579,8,8,9,9,15,15,medium,medium,8,uniform,"{""kind"": ""categorical"", ""probs"": [0.7, 0.3], ""values"": [2, 3]}",uniform,10,background,exact_dense,"The table is tiny and the score is generic, so sparse indexing overhead should not pay. Large preset: more instances and a larger structural workload.",14,14,23,20,4,9,,,,,,,,,,,,,,,,,,,,,,,,7.450000286102295,True,exact_agreement,3,2.8610229563241774e-07,1e-05,1.0,0.0,1.0,100.0,True,0.8861253033843662,0.8861280574542134,0.9396250628676138,0.939626611196546
tiny_generic_dense,2,beam_partial_score,generic,False,"{""beam_balance_penalty"": 0.0, ""beam_candidate_future_weight"": 0.0, ""beam_expansion_width"": 64, ""beam_gap_penalty"": 0.0, ""beam_lookahead"": false, ""beam_n_restarts"": 1, ""beam_priority_future_weight"": 0.0, ""beam_priority_length_weight"": 0.0, ""beam_random_fraction"": 0.0, ""beam_rarity_weight"": 0.0, ""beam_symmetric"": false, ""beam_width"": 200, ""candidate_select_mode"": ""first"", ""method"": ""beam"", ""seed"": 0}",jaccard,128,128,16384,11177,3.8,4.699999999999999,ok,,4.7,1.4959950931370258e-06,9.626004612073302e-06,0.38422093898407184,0.3830142579972744,0.38579661899711937,0.384439638996264,0.3840099789958913,0.38515640000696294,0.001074626618029877,0.0009354610228911042,5.0,"[0.3830142579972744, 0.38579661899711937, 0.38422093898407184, 0.38515640000696294, 0.3840099789958913]",0.384222434979165,5.0,1.0,7.0,0.0,0.0,0.0,0.4444444444444444,beam_partial,128.0,128.0,0.0,0.0070932559901848435,0.3815614259801805,0.0019332310184836388,1.8080172594636679e-06,0.39075150102144107,14863.0,3375.0,3375.0,,3375.0,1404.0,911.0,200.0,8.0,1.0,1.0,4.699999999999999,7.0,,,,,,,,,True,beam_fit,128.0,128.0,8.376984624192119e-06,0.0,0.0,0.0,0.0,8.376984624192119e-06,0.0,,,,,,,,,1.0,1.0,,,,2.2309832274913788e-06,0.3909266300033778,0.3909288609866053,4.699999999999999,4.7,0.0,isolated,1,True,900.0,3.331667677994119,3.0901396209956147,0.24152805699850433,199127040.0,189.90234375,resource.ru_maxrss_kib_converted_to_bytes,0.0,"{""BLIS_NUM_THREADS"": ""1"", ""MKL_DYNAMIC"": ""FALSE"", ""MKL_NUM_THREADS"": ""1"", ""NUMBA_NUM_THREADS"": ""1"", ""NUMEXPR_NUM_THREADS"": ""1"", ""OMP_DYNAMIC"": ""FALSE"", ""OMP_NUM_THREADS"": ""1"", ""OPENBLAS_NUM_THREADS"": ""1"", ""PYTHONHASHSEED"": ""0"", ""VECLIB_MAXIMUM_THREADS"": ""1""}",tree_tree,7,4,0,0.008811170002445579,8,8,9,9,15,15,medium,medium,8,uniform,"{""kind"": ""categorical"", ""probs"": [0.7, 0.3], ""values"": [2, 3]}",uniform,10,background,exact_dense,"The table is tiny and the score is generic, so sparse indexing overhead should not pay. Large preset: more instances and a larger structural workload.",14,14,23,20,4,9,,,,,,,2970.0,0.0,[4.699999999999999],0.0,"{""beam_width"": 200, ""expansion_width"": 64, ""label_pair_preprocessing_score_evaluations"": 2970, ""lookahead_enabled"": false, ""maximum_matching_length"": 15, ""positive_label_pair_types"": 1935, ""state_pool_size"": 3376}",,,,,,,,,,,,,7.450000286102295,True,exact_agreement,3,2.8610229563241774e-07,1e-05,0.6308724589940861,2.7500002861022956,0.6308724589940861,63.08724589940861,True,0.04400303647182216,0.04400578793029807,0.08226792648033619,0.08227273517283772
tiny_generic_dense,2,fast_beam_partial,fast_beam,False,"{""beam_width"": 200, ""expansion_width"": 64, ""max_nodes_per_token_side"": 8, ""max_token_types_per_expansion"": 2048, ""search"": ""partial""}",jaccard,128,128,16384,11177,3.8,,skipped,incompatible_score_mode:jaccard,,,,,,,,,,,,,,,,,,,,,,,,,,,,,,,,,,,,,,,,,,,,,,,,,,,,,,,,,,,,,,,,,,,,,,,,,,,,,,,,,,isolated,1,False,900.0,,,,,,,,,tree_tree,8,5,0,0.008811170002445579,8,8,9,9,15,15,medium,medium,8,uniform,"{""kind"": ""categorical"", ""probs"": [0.7, 0.3], ""values"": [2, 3]}",uniform,10,background,exact_dense,"The table is tiny and the score is generic, so sparse indexing overhead should not pay. Large preset: more instances and a larger structural workload.",14,14,23,20,4,9,True,,,,,,,,,,,,,,,,,,,,,,,7.450000286102295,True,exact_agreement,3,2.8610229563241774e-07,1e-05,,,,,,,,,
tiny_generic_dense,2,beam_local,generic,False,"{""beam_local_child_cap"": null, ""beam_width"": 200, ""method"": ""beam_local""}",jaccard,128,128,16384,11177,3.8,7.066666666666667,ok,,7.066666666666666,1.1230004020035267e-06,8.55099642649293e-06,0.01690688799135387,0.01683561800746247,0.017102564015658572,0.016932536999229343,0.016884515003766865,0.01693309997790493,0.00010157113009994012,2.6211986551061273e-05,5.0,"[0.01693309997790493, 0.017102564015658572, 0.01690688799135387, 0.016884515003766865, 0.01683561800746247]",0.016908010991755873,5.0,1.0,11.0,0.0,0.0,0.2222222222222222,0.6666666666666666,beam_local,128.0,128.0,0.0,3.858699346892536e-05,0.016171041963389143,0.002047139045316726,2.168002538383007e-06,0.018324812001083046,5597.0,5597.0,3374.0,,15748.0,6719.0,4693.0,200.0,31.0,1.0,1.0,7.066666666666667,11.0,,,,,,,,,True,beam_local_fit,128.0,128.0,7.56300869397819e-06,0.0,0.0,0.0,0.0,7.56300869397819e-06,0.0,,,,,,,,,1.0,1.0,,,,2.3249885998666286e-06,0.01761855001677759,0.017620875005377457,7.066666666666667,7.066666666666666,0.0,isolated,1,True,900.0,0.3946653500024695,0.13814150501275435,0.25652384498971514,199127040.0,189.90234375,resource.ru_maxrss_kib_converted_to_bytes,0.0,"{""BLIS_NUM_THREADS"": ""1"", ""MKL_DYNAMIC"": ""FALSE"", ""MKL_NUM_THREADS"": ""1"", ""NUMBA_NUM_THREADS"": ""1"", ""NUMEXPR_NUM_THREADS"": ""1"", ""OMP_DYNAMIC"": ""FALSE"", ""OMP_NUM_THREADS"": ""1"", ""OPENBLAS_NUM_THREADS"": ""1"", ""PYTHONHASHSEED"": ""0"", ""VECLIB_MAXIMUM_THREADS"": ""1""}",tree_tree,5,6,0,0.008811170002445579,8,8,9,9,15,15,medium,medium,8,uniform,"{""kind"": ""categorical"", ""probs"": [0.7, 0.3], ""values"": [2, 3]}",uniform,10,background,exact_dense,"The table is tiny and the score is generic, so sparse indexing overhead should not pay. Large preset: more instances and a larger structural workload.",14,14,23,20,4,9,,200.0,,30.0,4694.0,,,,,,,,,,,,,,,,,,,7.450000286102295,True,exact_agreement,3,2.8610229563241774e-07,1e-05,0.948545824870541,0.3833336194356276,0.948545824870541,94.8545824870541,True,1.0,1.0,0.9735935514203893,0.9735935514203893
tiny_generic_dense,2,sparse_chain,generic_sparse,True,"{""method"": ""sparse_chain""}",jaccard,128,128,16384,11177,3.8,7.449999999999999,ok,,7.45,0.0002981620200444013,0.00031317200046032667,0.026701115013565868,0.026604807004332542,0.038512487983098254,0.02904656759928912,0.02666664298158139,0.026747785013867542,0.005291867201389805,4.667000030167401e-05,5.0,"[0.026604807004332542, 0.026701115013565868, 0.02666664298158139, 0.038512487983098254, 0.026747785013867542]",0.02699927703361027,5.0,1.0,11.0,0.125,0.09090909090909091,0.3333333333333333,0.3333333333333333,sparse_chain,128.0,128.0,0.0,0.002713780995691195,0.013097365997964516,0.01176517500425689,1.3039971236139536e-06,0.027805179997812957,9622.0,9622.0,9622.0,,,,,,,1.0,1.0,7.449999999999999,11.0,9622.0,9622.0,True,5390.0,14676.0,921.0,9622.0,5431.0,True,sparse_chain_fit,128.0,128.0,0.00031143997330218554,0.0,0.0,0.0,0.0,0.00031143997330218554,0.0,,,,,,,,,1.0,1.0,,,False,0.00037737900856882334,0.028282921004574746,0.02866030001314357,7.449999999999999,7.45,0.0,isolated,1,True,900.0,0.4670474590093363,0.22957872701226734,0.23746873199706897,199127040.0,189.90234375,resource.ru_maxrss_kib_converted_to_bytes,0.0,"{""BLIS_NUM_THREADS"": ""1"", ""MKL_DYNAMIC"": ""FALSE"", ""MKL_NUM_THREADS"": ""1"", ""NUMBA_NUM_THREADS"": ""1"", ""NUMEXPR_NUM_THREADS"": ""1"", ""OMP_DYNAMIC"": ""FALSE"", ""OMP_NUM_THREADS"": ""1"", ""OPENBLAS_NUM_THREADS"": ""1"", ""PYTHONHASHSEED"": ""0"", ""VECLIB_MAXIMUM_THREADS"": ""1""}",tree_tree,3,7,0,0.008811170002445579,8,8,9,9,15,15,medium,medium,8,uniform,"{""kind"": ""categorical"", ""probs"": [0.7, 0.3], ""values"": [2, 3]}",uniform,10,background,exact_dense,"The table is tiny and the score is generic, so sparse indexing overhead should not pay. Large preset: more instances and a larger structural workload.",14,14,23,20,4,9,,,,,,,,,,,,,,,,,,,,,,,,7.450000286102295,True,exact_agreement,3,2.8610229563241774e-07,1e-05,1.0,2.8610229563241774e-07,1.0,100.0,True,0.6331903361625195,0.6262393978441644,0.77540299148514,0.7701687693390568
tiny_generic_dense,2,fast_dense,fast_dense,True,{},jaccard,128,128,16384,11177,3.8,,skipped,incompatible_score_mode:jaccard,,,,,,,,,,,,,,,,,,,,,,,,,,,,,,,,,,,,,,,,,,,,,,,,,,,,,,,,,,,,,,,,,,,,,,,,,,,,,,,,,,isolated,1,False,900.0,,,,,,,,,tree_tree,1,8,0,0.008811170002445579,8,8,9,9,15,15,medium,medium,8,uniform,"{""kind"": ""categorical"", ""probs"": [0.7, 0.3], ""values"": [2, 3]}",uniform,10,background,exact_dense,"The table is tiny and the score is generic, so sparse indexing overhead should not pay. Large preset: more instances and a larger structural workload.",14,14,23,20,4,9,True,,,,,,,,,,,,,,,,,,,,,,,7.450000286102295,True,exact_agreement,3,2.8610229563241774e-07,1e-05,,,,,,,,,
tiny_generic_dense,3,sparse_closure,generic_sparse,True,"{""method"": ""sparse""}",jaccard,128,128,16384,11944,3.6333333333333333,7.300000000000001,ok,,7.3,0.00030852798954583704,0.000321491010254249,0.02323663400602527,0.023106096021365374,0.023678130994085222,0.023318428004859015,0.023222062998684123,0.023349216004135087,0.0002187438486177028,0.0001125819981098175,5.0,"[0.023349216004135087, 0.02323663400602527, 0.023678130994085222, 0.023106096021365374, 0.023222062998684123]",0.023545161995571107,5.0,1.0,13.0,0.4444444444444444,0.3076923076923077,0.6666666666666666,0.8,sparse_closure,128.0,128.0,0.0,0.00019989200518466532,0.00034935600706376135,0.024153827980626374,3.543013008311391e-06,0.02484365800046362,10055.0,10055.0,10055.0,15048.0,,,,,,1.0,1.0,7.300000000000001,13.0,,,True,,,,,,True,sparse_fit,128.0,128.0,0.00031999300699681044,0.0,0.0,0.0,0.0,0.00031999300699681044,0.0,,,,,,,,,1.0,1.0,,,False,0.00039804898551665246,0.024378697999054566,0.02477674698457122,7.300000000000001,7.3,0.0,isolated,1,True,900.0,0.4349023370014038,0.1909553580044303,0.24394697899697348,199127040.0,189.90234375,resource.ru_maxrss_kib_converted_to_bytes,0.0,"{""BLIS_NUM_THREADS"": ""1"", ""MKL_DYNAMIC"": ""FALSE"", ""MKL_NUM_THREADS"": ""1"", ""NUMBA_NUM_THREADS"": ""1"", ""NUMEXPR_NUM_THREADS"": ""1"", ""OMP_DYNAMIC"": ""FALSE"", ""OMP_NUM_THREADS"": ""1"", ""OPENBLAS_NUM_THREADS"": ""1"", ""PYTHONHASHSEED"": ""0"", ""VECLIB_MAXIMUM_THREADS"": ""1""}",tree_tree,2,0,0,0.00741528402431868,8,9,9,10,15,15,medium,medium,8,uniform,"{""kind"": ""categorical"", ""probs"": [0.7, 0.3], ""values"": [2, 3]}",uniform,10,background,exact_dense,"The table is tiny and the score is generic, so sparse indexing overhead should not pay. Large preset: more instances and a larger structural workload.",14,14,21,24,10,5,,,,,,15305.0,,,,,,,,,,,,,,,,,,7.300000000000001,True,exact_agreement,3,2.8610229563241774e-07,1e-05,1.0,0.0,1.0,100.0,True,0.7323423429646418,0.7227822844036015,0.8454937858429861,0.8390872032374266
tiny_generic_dense,3,fast_sparse,fast_sparse,True,{},jaccard,128,128,16384,11944,3.6333333333333333,,skipped,incompatible_score_mode:jaccard,,,,,,,,,,,,,,,,,,,,,,,,,,,,,,,,,,,,,,,,,,,,,,,,,,,,,,,,,,,,,,,,,,,,,,,,,,,,,,,,,,isolated,1,False,900.0,,,,,,,,,tree_tree,4,1,0,0.00741528402431868,8,9,9,10,15,15,medium,medium,8,uniform,"{""kind"": ""categorical"", ""probs"": [0.7, 0.3], ""values"": [2, 3]}",uniform,10,background,exact_dense,"The table is tiny and the score is generic, so sparse indexing overhead should not pay. Large preset: more instances and a larger structural workload.",14,14,21,24,10,5,True,,,,,,,,,,,,,,,,,,,,,,,7.300000000000001,True,exact_agreement,3,2.8610229563241774e-07,1e-05,,,,,,,,,
tiny_generic_dense,3,exact_dense,generic,True,"{""method"": ""exact""}",jaccard,128,128,16384,11944,3.6333333333333333,7.299999713897705,ok,,7.3,8.509960025548935e-07,5.837006028741598e-06,0.020321350981248543,0.020246864994987845,0.020654084015404806,0.020366417401237413,0.020256707997759804,0.02035307901678607,0.00016680070943223758,6.464298348873854e-05,5.0,"[0.020654084015404806, 0.02035307901678607, 0.020256707997759804, 0.020321350981248543, 0.020246864994987845]",0.020322201977251098,5.0,1.0,13.0,0.4444444444444444,0.3076923076923077,0.6666666666666666,0.8,exact_dense,128.0,128.0,0.0,6.5689964685589075e-06,0.0,0.021595047001028433,3.7460995372384787e-05,0.021651802002452314,16384.0,,10055.0,16384.0,,,,,,1.0,1.0,7.299999713897705,13.0,,,,,,,,,True,exact_fit,128.0,128.0,4.951987648382783e-06,0.0,0.0,0.0,0.0,4.951987648382783e-06,0.0,,,,,,,,,1.0,1.0,,,,2.1769956219941378e-06,0.021020749991293997,0.02102292698691599,7.299999713897705,7.3,0.0,isolated,1,True,900.0,0.405707085999893,0.16549037100048736,0.24021671499940567,199127040.0,189.90234375,resource.ru_maxrss_kib_converted_to_bytes,0.0,"{""BLIS_NUM_THREADS"": ""1"", ""MKL_DYNAMIC"": ""FALSE"", ""MKL_NUM_THREADS"": ""1"", ""NUMBA_NUM_THREADS"": ""1"", ""NUMEXPR_NUM_THREADS"": ""1"", ""OMP_DYNAMIC"": ""FALSE"", ""OMP_NUM_THREADS"": ""1"", ""OPENBLAS_NUM_THREADS"": ""1"", ""PYTHONHASHSEED"": ""0"", ""VECLIB_MAXIMUM_THREADS"": ""1""}",tree_tree,0,2,0,0.00741528402431868,8,9,9,10,15,15,medium,medium,8,uniform,"{""kind"": ""categorical"", ""probs"": [0.7, 0.3], ""values"": [2, 3]}",uniform,10,background,exact_dense,"The table is tiny and the score is generic, so sparse indexing overhead should not pay. Large preset: more instances and a larger structural workload.",14,14,21,24,10,5,,,,,,,,,,,,,,,,,,,,,,,,7.300000000000001,True,exact_agreement,3,2.8610229563241774e-07,1e-05,1.0,2.8610229563241774e-07,1.0,100.0,True,0.8374035272697644,0.8374105322278519,0.9115074776351164,0.9115116274124058
tiny_generic_dense,3,beam_partial_score,generic,False,"{""beam_balance_penalty"": 0.0, ""beam_candidate_future_weight"": 0.0, ""beam_expansion_width"": 64, ""beam_gap_penalty"": 0.0, ""beam_lookahead"": false, ""beam_n_restarts"": 1, ""beam_priority_future_weight"": 0.0, ""beam_priority_length_weight"": 0.0, ""beam_random_fraction"": 0.0, ""beam_rarity_weight"": 0.0, ""beam_symmetric"": false, ""beam_width"": 200, ""candidate_select_mode"": ""first"", ""method"": ""beam"", ""seed"": 0}",jaccard,128,128,16384,11944,3.6333333333333333,4.666666666666666,ok,,4.666666666666667,1.53400469571352e-06,9.364011930301785e-06,0.3936694720177911,0.39217723498586565,0.39592342800460756,0.3941842878004536,0.39332667298731394,0.39582463100668974,0.0016389122873334385,0.0014922370319254696,5.0,"[0.39582463100668974, 0.3936694720177911, 0.39332667298731394, 0.39217723498586565, 0.39592342800460756]",0.39367100602248684,5.0,1.0,6.0,0.0,0.0,0.1111111111111111,0.0,beam_partial,128.0,128.0,0.0,0.008650656003737822,0.3858292064687703,0.0016258455580100417,1.8030114006251097e-06,0.39626646498800255,15900.0,2173.0,2173.0,,2173.0,1628.0,766.0,200.0,7.0,1.0,1.0,4.666666666666666,6.0,,,,,,,,,True,beam_fit,128.0,128.0,8.09799530543387e-06,0.0,0.0,0.0,0.0,8.09799530543387e-06,0.0,,,,,,,,,1.0,1.0,,,,2.3139873519539833e-06,0.3952310780005064,0.39523339198785834,4.666666666666666,4.666666666666667,0.0,isolated,1,True,900.0,3.397800153994467,3.156796900992049,0.2410032530024182,199127040.0,189.90234375,resource.ru_maxrss_kib_converted_to_bytes,0.0,"{""BLIS_NUM_THREADS"": ""1"", ""MKL_DYNAMIC"": ""FALSE"", ""MKL_NUM_THREADS"": ""1"", ""NUMBA_NUM_THREADS"": ""1"", ""NUMEXPR_NUM_THREADS"": ""1"", ""OMP_DYNAMIC"": ""FALSE"", ""OMP_NUM_THREADS"": ""1"", ""OPENBLAS_NUM_THREADS"": ""1"", ""PYTHONHASHSEED"": ""0"", ""VECLIB_MAXIMUM_THREADS"": ""1""}",tree_tree,7,3,0,0.00741528402431868,8,9,9,10,15,15,medium,medium,8,uniform,"{""kind"": ""categorical"", ""probs"": [0.7, 0.3], ""values"": [2, 3]}",uniform,10,background,exact_dense,"The table is tiny and the score is generic, so sparse indexing overhead should not pay. Large preset: more instances and a larger structural workload.",14,14,21,24,10,5,,,,,,,3599.0,0.0,[4.666666666666666],0.0,"{""beam_width"": 200, ""expansion_width"": 64, ""label_pair_preprocessing_score_evaluations"": 3599, ""lookahead_enabled"": false, ""maximum_matching_length"": 15, ""positive_label_pair_types"": 2425, ""state_pool_size"": 2174}",,,,,,,,,,,,,7.300000000000001,True,exact_agreement,3,2.8610229563241774e-07,1e-05,0.6392694063926939,2.6333333333333346,0.6392694063926939,63.92694063926939,True,0.04322705264231248,0.04322905602258059,0.08097839019363894,0.08098190546737596
tiny_generic_dense,3,fast_beam_partial,fast_beam,False,"{""beam_width"": 200, ""expansion_width"": 64, ""max_nodes_per_token_side"": 8, ""max_token_types_per_expansion"": 2048, ""search"": ""partial""}",jaccard,128,128,16384,11944,3.6333333333333333,,skipped,incompatible_score_mode:jaccard,,,,,,,,,,,,,,,,,,,,,,,,,,,,,,,,,,,,,,,,,,,,,,,,,,,,,,,,,,,,,,,,,,,,,,,,,,,,,,,,,,isolated,1,False,900.0,,,,,,,,,tree_tree,8,4,0,0.00741528402431868,8,9,9,10,15,15,medium,medium,8,uniform,"{""kind"": ""categorical"", ""probs"": [0.7, 0.3], ""values"": [2, 3]}",uniform,10,background,exact_dense,"The table is tiny and the score is generic, so sparse indexing overhead should not pay. Large preset: more instances and a larger structural workload.",14,14,21,24,10,5,True,,,,,,,,,,,,,,,,,,,,,,,7.300000000000001,True,exact_agreement,3,2.8610229563241774e-07,1e-05,,,,,,,,,
tiny_generic_dense,3,beam_local,generic,False,"{""beam_local_child_cap"": null, ""beam_width"": 200, ""method"": ""beam_local""}",jaccard,128,128,16384,11944,3.6333333333333333,7.300000000000001,ok,,7.3,8.54983227327466e-07,6.312009645625949e-06,0.017017170990584418,0.016812568006571382,0.01728905798518099,0.01704166380222887,0.01683740600128658,0.01725211602752097,0.00022377446879889512,0.0002046029840130359,5.0,"[0.016812568006571382, 0.01725211602752097, 0.01683740600128658, 0.01728905798518099, 0.017017170990584418]",0.017018025973811746,5.0,1.0,13.0,0.4444444444444444,0.3076923076923077,0.6666666666666666,0.8,beam_local,128.0,128.0,0.0,3.610400017350912e-05,0.016144057910423726,0.002087975066388026,1.9849976524710655e-06,0.018331646017031744,5719.0,5719.0,3546.0,,16000.0,6767.0,4713.0,200.0,31.0,1.0,1.0,7.300000000000001,13.0,,,,,,,,,True,beam_local_fit,128.0,128.0,5.461974069476128e-06,0.0,0.0,0.0,0.0,5.461974069476128e-06,0.0,,,,,,,,,1.0,1.0,,,,2.287008101120591e-06,0.01751220997539349,0.01751449698349461,7.300000000000001,7.3,0.0,isolated,1,True,900.0,0.3782662339799572,0.13856641101301648,0.2396998229669407,199127040.0,189.90234375,resource.ru_maxrss_kib_converted_to_bytes,0.0,"{""BLIS_NUM_THREADS"": ""1"", ""MKL_DYNAMIC"": ""FALSE"", ""MKL_NUM_THREADS"": ""1"", ""NUMBA_NUM_THREADS"": ""1"", ""NUMEXPR_NUM_THREADS"": ""1"", ""OMP_DYNAMIC"": ""FALSE"", ""OMP_NUM_THREADS"": ""1"", ""OPENBLAS_NUM_THREADS"": ""1"", ""PYTHONHASHSEED"": ""0"", ""VECLIB_MAXIMUM_THREADS"": ""1""}",tree_tree,5,5,0,0.00741528402431868,8,9,9,10,15,15,medium,medium,8,uniform,"{""kind"": ""categorical"", ""probs"": [0.7, 0.3], ""values"": [2, 3]}",uniform,10,background,exact_dense,"The table is tiny and the score is generic, so sparse indexing overhead should not pay. Large preset: more instances and a larger structural workload.",14,14,21,24,10,5,,200.0,,30.0,4714.0,,,,,,,,,,,,,,,,,,,7.300000000000001,True,exact_agreement,3,2.8610229563241774e-07,1e-05,1.0,0.0,1.0,100.0,True,1.0,1.0,1.0,1.0
tiny_generic_dense,3,sparse_chain,generic_sparse,True,"{""method"": ""sparse_chain""}",jaccard,128,128,16384,11944,3.6333333333333333,7.300000000000001,ok,,7.3,0.0003448620263952762,0.00036359101068228483,0.029618625005241483,0.02944994598510675,0.04260651700315066,0.032219392398837955,0.02951454999856651,0.02990732400212437,0.005809217131013211,0.00016867902013473213,5.0,"[0.029618625005241483, 0.02944994598510675, 0.02951454999856651, 0.04260651700315066, 0.02990732400212437]",0.02996348703163676,5.0,1.0,13.0,0.4444444444444444,0.3076923076923077,0.6666666666666666,0.8,sparse_chain,128.0,128.0,0.0,0.0030980399751570076,0.014532995002809912,0.013120793999405578,1.5170080587267876e-06,0.031006650009658188,10055.0,10055.0,10055.0,,,,,,,1.0,1.0,7.300000000000001,13.0,10055.0,10055.0,True,6302.0,16975.0,1083.0,10055.0,6760.0,True,sparse_chain_fit,128.0,128.0,0.0003614820016082376,0.0,0.0,0.0,0.0,0.0003614820016082376,0.0,,,,,,,,,1.0,1.0,,,False,0.0004040110216010362,0.03155556001001969,0.031959571031620726,7.300000000000001,7.3,0.0,isolated,1,True,900.0,0.511935613991227,0.254846282012295,0.257089331978932,199127040.0,189.90234375,resource.ru_maxrss_kib_converted_to_bytes,0.0,"{""BLIS_NUM_THREADS"": ""1"", ""MKL_DYNAMIC"": ""FALSE"", ""MKL_NUM_THREADS"": ""1"", ""NUMBA_NUM_THREADS"": ""1"", ""NUMEXPR_NUM_THREADS"": ""1"", ""OMP_DYNAMIC"": ""FALSE"", ""OMP_NUM_THREADS"": ""1"", ""OPENBLAS_NUM_THREADS"": ""1"", ""PYTHONHASHSEED"": ""0"", ""VECLIB_MAXIMUM_THREADS"": ""1""}",tree_tree,3,6,0,0.00741528402431868,8,9,9,10,15,15,medium,medium,8,uniform,"{""kind"": ""categorical"", ""probs"": [0.7, 0.3], ""values"": [2, 3]}",uniform,10,background,exact_dense,"The table is tiny and the score is generic, so sparse indexing overhead should not pay. Large preset: more instances and a larger structural workload.",14,14,21,24,10,5,,,,,,,,,,,,,,,,,,,,,,,,7.300000000000001,True,exact_agreement,3,2.8610229563241774e-07,1e-05,1.0,0.0,1.0,100.0,True,0.5745429096581276,0.5679587945102441,0.729790094806467,0.7244562758903973
tiny_generic_dense,3,fast_dense,fast_dense,True,{},jaccard,128,128,16384,11944,3.6333333333333333,,skipped,incompatible_score_mode:jaccard,,,,,,,,,,,,,,,,,,,,,,,,,,,,,,,,,,,,,,,,,,,,,,,,,,,,,,,,,,,,,,,,,,,,,,,,,,,,,,,,,,isolated,1,False,900.0,,,,,,,,,tree_tree,1,7,0,0.00741528402431868,8,9,9,10,15,15,medium,medium,8,uniform,"{""kind"": ""categorical"", ""probs"": [0.7, 0.3], ""values"": [2, 3]}",uniform,10,background,exact_dense,"The table is tiny and the score is generic, so sparse indexing overhead should not pay. Large preset: more instances and a larger structural workload.",14,14,21,24,10,5,True,,,,,,,,,,,,,,,,,,,,,,,7.300000000000001,True,exact_agreement,3,2.8610229563241774e-07,1e-05,,,,,,,,,
tiny_generic_dense,3,beam_local_capped,generic,False,"{""beam_local_child_cap"": 16, ""beam_width"": 200, ""method"": ""beam_local""}",jaccard,128,128,16384,11944,3.6333333333333333,7.300000000000001,ok,,7.3,1.614011125639081e-06,9.126000804826617e-06,0.017686526000034064,0.017310079012531787,0.01796054298756644,0.017651485197711737,0.017444481985876337,0.01785579600255005,0.00027289924572094566,0.00024204401415772736,5.0,"[0.01796054298756644, 0.01785579600255005, 0.017686526000034064, 0.017444481985876337, 0.017310079012531787]",0.017688140011159703,5.0,1.0,13.0,0.4444444444444444,0.3076923076923077,0.6666666666666666,0.8,beam_local,128.0,128.0,0.0,3.694798215292394e-05,0.017000524094328284,0.002231112914159894,2.7380010578781366e-06,0.019341464998433366,5719.0,5719.0,3546.0,,16000.0,6767.0,4713.0,200.0,31.0,1.0,1.0,7.300000000000001,13.0,,,,,,,,,True,beam_local_fit,128.0,128.0,7.933995220810175e-06,0.0,0.0,0.0,0.0,7.933995220810175e-06,0.0,,,,,,,,,1.0,1.0,,,,2.4469918571412563e-06,0.018305930017959327,0.018308377009816468,7.300000000000001,7.3,0.0,isolated,1,True,900.0,0.39517574800993316,0.14433269799337722,0.25084305001655594,199127040.0,189.90234375,resource.ru_maxrss_kib_converted_to_bytes,0.0,"{""BLIS_NUM_THREADS"": ""1"", ""MKL_DYNAMIC"": ""FALSE"", ""MKL_NUM_THREADS"": ""1"", ""NUMBA_NUM_THREADS"": ""1"", ""NUMEXPR_NUM_THREADS"": ""1"", ""OMP_DYNAMIC"": ""FALSE"", ""OMP_NUM_THREADS"": ""1"", ""OPENBLAS_NUM_THREADS"": ""1"", ""PYTHONHASHSEED"": ""0"", ""VECLIB_MAXIMUM_THREADS"": ""1""}",tree_tree,6,8,0,0.00741528402431868,8,9,9,10,15,15,medium,medium,8,uniform,"{""kind"": ""categorical"", ""probs"": [0.7, 0.3], ""values"": [2, 3]}",uniform,10,background,exact_dense,"The table is tiny and the score is generic, so sparse indexing overhead should not pay. Large preset: more instances and a larger structural workload.",14,14,21,24,10,5,,200.0,16.0,30.0,4714.0,,,,,,,,,,,,,,,,,,,7.300000000000001,True,exact_agreement,3,2.8610229563241774e-07,1e-05,1.0,0.0,1.0,100.0,True,0.9621545231975823,0.962115064844287,0.9807122852176068,0.9806917872277181
tiny_generic_dense,4,fast_sparse,fast_sparse,True,{},jaccard,128,128,16384,10793,3.25,,skipped,incompatible_score_mode:jaccard,,,,,,,,,,,,,,,,,,,,,,,,,,,,,,,,,,,,,,,,,,,,,,,,,,,,,,,,,,,,,,,,,,,,,,,,,,,,,,,,,,isolated,1,False,900.0,,,,,,,,,tree_tree,4,0,0,0.008047284005442634,8,7,9,8,13,10,medium,medium,8,uniform,"{""kind"": ""categorical"", ""probs"": [0.7, 0.3], ""values"": [2, 3]}",uniform,10,background,exact_dense,"The table is tiny and the score is generic, so sparse indexing overhead should not pay. Large preset: more instances and a larger structural workload.",14,14,19,25,4,4,True,,,,,,,,,,,,,,,,,,,,,,,7.233333587646484,True,exact_agreement,3,2.5431315098245477e-07,1e-05,,,,,,,,,
tiny_generic_dense,4,exact_dense,generic,True,"{""method"": ""exact""}",jaccard,128,128,16384,10793,3.25,7.233333587646484,ok,,7.233333333333333,8.47008777782321e-07,6.541988113895059e-06,0.01932291898992844,0.01924525899812579,0.019439322990365326,0.019333773996913807,0.01931715098908171,0.01934421801706776,6.978310711068576e-05,2.129902713932097e-05,5.0,"[0.01931715098908171, 0.019439322990365326, 0.01934421801706776, 0.01924525899812579, 0.01932291898992844]",0.01932376599870622,5.0,1.0,12.0,0.0,0.0,0.6666666666666666,0.5,exact_dense,128.0,128.0,0.0,7.10698077455163e-06,0.0,0.019933586998376995,3.399502020329237e-05,0.019987338018836454,16384.0,,9271.0,16384.0,,,,,,1.0,1.0,7.233333587646484,12.0,,,,,,,,,True,exact_fit,128.0,128.0,5.75100420974195e-06,0.0,0.0,0.0,0.0,5.75100420974195e-06,0.0,,,,,,,,,1.0,1.0,,,,2.262997440993786e-06,0.019787554017966613,0.019789817015407607,7.233333587646484,7.233333333333333,0.0,isolated,1,True,900.0,0.40177493199007586,0.15621876399382018,0.24555616799625568,199127040.0,189.90234375,resource.ru_maxrss_kib_converted_to_bytes,0.0,"{""BLIS_NUM_THREADS"": ""1"", ""MKL_DYNAMIC"": ""FALSE"", ""MKL_NUM_THREADS"": ""1"", ""NUMBA_NUM_THREADS"": ""1"", ""NUMEXPR_NUM_THREADS"": ""1"", ""OMP_DYNAMIC"": ""FALSE"", ""OMP_NUM_THREADS"": ""1"", ""OPENBLAS_NUM_THREADS"": ""1"", ""PYTHONHASHSEED"": ""0"", ""VECLIB_MAXIMUM_THREADS"": ""1""}",tree_tree,0,1,0,0.008047284005442634,8,7,9,8,13,10,medium,medium,8,uniform,"{""kind"": ""categorical"", ""probs"": [0.7, 0.3], ""values"": [2, 3]}",uniform,10,background,exact_dense,"The table is tiny and the score is generic, so sparse indexing overhead should not pay. Large preset: more instances and a larger structural workload.",14,14,19,25,4,4,,,,,,,,,,,,,,,,,,,,,,,,7.233333587646484,True,exact_agreement,3,2.5431315098245477e-07,1e-05,1.0,0.0,1.0,100.0,True,0.8199743005909259,0.8199880910214011,0.9010833837870009,0.901091710508076
tiny_generic_dense,4,beam_partial_score,generic,False,"{""beam_balance_penalty"": 0.0, ""beam_candidate_future_weight"": 0.0, ""beam_expansion_width"": 64, ""beam_gap_penalty"": 0.0, ""beam_lookahead"": false, ""beam_n_restarts"": 1, ""beam_priority_future_weight"": 0.0, ""beam_priority_length_weight"": 0.0, ""beam_random_fraction"": 0.0, ""beam_rarity_weight"": 0.0, ""beam_symmetric"": false, ""beam_width"": 200, ""candidate_select_mode"": ""first"", ""method"": ""beam"", ""seed"": 0}",jaccard,128,128,16384,10793,3.25,4.25,ok,,4.25,1.7769925761967897e-06,8.765986422076821e-06,0.29274157498730347,0.2918095539789647,0.2970829140103888,0.2940188471926376,0.2920146760006901,0.2964455169858411,0.002539996786711685,0.0009320210083387792,5.0,"[0.2918095539789647, 0.29274157498730347, 0.2920146760006901, 0.2970829140103888, 0.2964455169858411]",0.29274335197987966,5.0,1.0,5.0,0.14285714285714285,0.2,0.2222222222222222,0.25,beam_partial,128.0,128.0,0.0,0.006998130993451923,0.28544040117412806,0.001572981826029718,1.736974809318781e-06,0.29414347000420094,13445.0,2360.0,2360.0,,2360.0,1473.0,680.0,200.0,8.0,1.0,1.0,4.25,5.0,,,,,,,,,True,beam_fit,128.0,128.0,7.697002729400992e-06,0.0,0.0,0.0,0.0,7.697002729400992e-06,0.0,,,,,,,,,1.0,1.0,,,,2.6320049073547125e-06,0.2948664590076078,0.2948690910125151,4.25,4.25,0.0,isolated,1,True,900.0,2.595730767992791,2.352252123004291,0.24347864498849958,199127040.0,189.90234375,resource.ru_maxrss_kib_converted_to_bytes,0.0,"{""BLIS_NUM_THREADS"": ""1"", ""MKL_DYNAMIC"": ""FALSE"", ""MKL_NUM_THREADS"": ""1"", ""NUMBA_NUM_THREADS"": ""1"", ""NUMEXPR_NUM_THREADS"": ""1"", ""OMP_DYNAMIC"": ""FALSE"", ""OMP_NUM_THREADS"": ""1"", ""OPENBLAS_NUM_THREADS"": ""1"", ""PYTHONHASHSEED"": ""0"", ""VECLIB_MAXIMUM_THREADS"": ""1""}",tree_tree,7,2,0,0.008047284005442634,8,7,9,8,13,10,medium,medium,8,uniform,"{""kind"": ""categorical"", ""probs"": [0.7, 0.3], ""values"": [2, 3]}",uniform,10,background,exact_dense,"The table is tiny and the score is generic, so sparse indexing overhead should not pay. Large preset: more instances and a larger structural workload.",14,14,19,25,4,4,,,,,,,2970.0,0.0,[4.25],0.0,"{""beam_width"": 200, ""expansion_width"": 64, ""label_pair_preprocessing_score_evaluations"": 2970, ""lookahead_enabled"": false, ""maximum_matching_length"": 15, ""positive_label_pair_types"": 1939, ""state_pool_size"": 2361}",,,,,,,,,,,,,7.233333587646484,True,exact_agreement,3,2.5431315098245477e-07,1e-05,0.5875575830289925,2.9833335876464844,0.5875575830289925,58.75575830289925,True,0.054123835962926956,0.0541267901916776,0.09911731679123309,0.0991222705409496
tiny_generic_dense,4,fast_beam_partial,fast_beam,False,"{""beam_width"": 200, ""expansion_width"": 64, ""max_nodes_per_token_side"": 8, ""max_token_types_per_expansion"": 2048, ""search"": ""partial""}",jaccard,128,128,16384,10793,3.25,,skipped,incompatible_score_mode:jaccard,,,,,,,,,,,,,,,,,,,,,,,,,,,,,,,,,,,,,,,,,,,,,,,,,,,,,,,,,,,,,,,,,,,,,,,,,,,,,,,,,,isolated,1,False,900.0,,,,,,,,,tree_tree,8,3,0,0.008047284005442634,8,7,9,8,13,10,medium,medium,8,uniform,"{""kind"": ""categorical"", ""probs"": [0.7, 0.3], ""values"": [2, 3]}",uniform,10,background,exact_dense,"The table is tiny and the score is generic, so sparse indexing overhead should not pay. Large preset: more instances and a larger structural workload.",14,14,19,25,4,4,True,,,,,,,,,,,,,,,,,,,,,,,7.233333587646484,True,exact_agreement,3,2.5431315098245477e-07,1e-05,,,,,,,,,
tiny_generic_dense,4,beam_local,generic,False,"{""beam_local_child_cap"": null, ""beam_width"": 200, ""method"": ""beam_local""}",jaccard,128,128,16384,10793,3.25,7.233333333333333,ok,,7.233333333333333,9.610084816813469e-07,6.438989657908678e-06,0.015844296984141693,0.015692599001340568,0.016096889012260363,0.015895974403247238,0.015805539005668834,0.01604054801282473,0.00016843313182271716,0.00015169798280112445,5.0,"[0.015692599001340568, 0.015844296984141693, 0.015805539005668834, 0.01604054801282473, 0.016096889012260363]",0.015845257992623374,5.0,1.0,12.0,0.0,0.0,0.6666666666666666,0.5,beam_local,128.0,128.0,0.0,3.713200567290187e-05,0.014672229095594957,0.0020057939109392464,2.0390143617987633e-06,0.016784448001999408,5303.0,5303.0,2962.0,,15223.0,6470.0,4729.0,200.0,31.0,1.0,1.0,7.233333333333333,12.0,,,,,,,,,True,beam_local_fit,128.0,128.0,5.656009307131171e-06,0.0,0.0,0.0,0.0,5.656009307131171e-06,0.0,,,,,,,,,1.0,1.0,,,,2.167013008147478e-06,0.016109938005683944,0.01611210501869209,7.233333333333333,7.233333333333333,0.0,isolated,1,True,900.0,0.3661122119810898,0.12855418599792756,0.23755802598316222,199127040.0,189.90234375,resource.ru_maxrss_kib_converted_to_bytes,0.0,"{""BLIS_NUM_THREADS"": ""1"", ""MKL_DYNAMIC"": ""FALSE"", ""MKL_NUM_THREADS"": ""1"", ""NUMBA_NUM_THREADS"": ""1"", ""NUMEXPR_NUM_THREADS"": ""1"", ""OMP_DYNAMIC"": ""FALSE"", ""OMP_NUM_THREADS"": ""1"", ""OPENBLAS_NUM_THREADS"": ""1"", ""PYTHONHASHSEED"": ""0"", ""VECLIB_MAXIMUM_THREADS"": ""1""}",tree_tree,5,4,0,0.008047284005442634,8,7,9,8,13,10,medium,medium,8,uniform,"{""kind"": ""categorical"", ""probs"": [0.7, 0.3], ""values"": [2, 3]}",uniform,10,background,exact_dense,"The table is tiny and the score is generic, so sparse indexing overhead should not pay. Large preset: more instances and a larger structural workload.",14,14,19,25,4,4,,200.0,,30.0,4730.0,,,,,,,,,,,,,,,,,,,7.233333587646484,True,exact_agreement,3,2.5431315098245477e-07,1e-05,1.0,2.5431315098245477e-07,1.0,100.0,True,1.0,1.0,1.0,1.0
tiny_generic_dense,4,sparse_chain,generic_sparse,True,"{""method"": ""sparse_chain""}",jaccard,128,128,16384,10793,3.25,7.233333333333333,ok,,7.233333333333333,0.0003139269829262048,0.00030229100957512856,0.026541030005319044,0.026219952997053042,0.03867716100648977,0.029000367398839443,0.026313909998862073,0.027249782986473292,0.0054245040863797785,0.00032107700826600194,5.0,"[0.026219952997053042, 0.026541030005319044, 0.026313909998862073, 0.03867716100648977, 0.027249782986473292]",0.02685495698824525,5.0,1.0,12.0,0.0,0.0,0.6666666666666666,0.5,sparse_chain,128.0,128.0,0.0,0.002785185002721846,0.012641922978218645,0.011894850002136081,1.7040001694113016e-06,0.027558114001294598,9271.0,9271.0,9271.0,,,,,,,1.0,1.0,7.233333333333333,12.0,9271.0,9271.0,True,5812.0,17681.0,1067.0,9271.0,6636.0,True,sparse_chain_fit,128.0,128.0,0.0003008460043929517,0.0,0.0,0.0,0.0,0.0003008460043929517,0.0,,,,,,,,,1.0,1.0,,,False,0.0003771370102185756,0.027628629002720118,0.028005766012938693,7.233333333333333,7.233333333333333,0.0,isolated,1,True,900.0,0.4674916479852982,0.22788515401771292,0.23960649396758527,199127040.0,189.90234375,resource.ru_maxrss_kib_converted_to_bytes,0.0,"{""BLIS_NUM_THREADS"": ""1"", ""MKL_DYNAMIC"": ""FALSE"", ""MKL_NUM_THREADS"": ""1"", ""NUMBA_NUM_THREADS"": ""1"", ""NUMEXPR_NUM_THREADS"": ""1"", ""OMP_DYNAMIC"": ""FALSE"", ""OMP_NUM_THREADS"": ""1"", ""OPENBLAS_NUM_THREADS"": ""1"", ""PYTHONHASHSEED"": ""0"", ""VECLIB_MAXIMUM_THREADS"": ""1""}",tree_tree,3,5,0,0.008047284005442634,8,7,9,8,13,10,medium,medium,8,uniform,"{""kind"": ""categorical"", ""probs"": [0.7, 0.3], ""values"": [2, 3]}",uniform,10,background,exact_dense,"The table is tiny and the score is generic, so sparse indexing overhead should not pay. Large preset: more instances and a larger structural workload.",14,14,19,25,4,4,,,,,,,,,,,,,,,,,,,,,,,,7.233333587646484,True,exact_agreement,3,2.5431315098245477e-07,1e-05,1.0,2.5431315098245477e-07,1.0,100.0,True,0.5969737037698373,0.5900310322432853,0.7476312256872023,0.7421629141550071
tiny_generic_dense,4,fast_dense,fast_dense,True,{},jaccard,128,128,16384,10793,3.25,,skipped,incompatible_score_mode:jaccard,,,,,,,,,,,,,,,,,,,,,,,,,,,,,,,,,,,,,,,,,,,,,,,,,,,,,,,,,,,,,,,,,,,,,,,,,,,,,,,,,,isolated,1,False,900.0,,,,,,,,,tree_tree,1,6,0,0.008047284005442634,8,7,9,8,13,10,medium,medium,8,uniform,"{""kind"": ""categorical"", ""probs"": [0.7, 0.3], ""values"": [2, 3]}",uniform,10,background,exact_dense,"The table is tiny and the score is generic, so sparse indexing overhead should not pay. Large preset: more instances and a larger structural workload.",14,14,19,25,4,4,True,,,,,,,,,,,,,,,,,,,,,,,7.233333587646484,True,exact_agreement,3,2.5431315098245477e-07,1e-05,,,,,,,,,
tiny_generic_dense,4,beam_local_capped,generic,False,"{""beam_local_child_cap"": 16, ""beam_width"": 200, ""method"": ""beam_local""}",jaccard,128,128,16384,10793,3.25,7.233333333333333,ok,,7.233333333333333,1.0200019460171461e-06,6.3019979279488325e-06,0.015934466995531693,0.015842182998312637,0.016121993015985936,0.015960747603094204,0.01588812400586903,0.01601697099977173,0.00011088685249768279,8.250400424003601e-05,5.0,"[0.01588812400586903, 0.015842182998312637, 0.01601697099977173, 0.016121993015985936, 0.015934466995531693]",0.01593548699747771,5.0,1.0,12.0,0.0,0.0,0.6666666666666666,0.5,beam_local,128.0,128.0,0.0,3.4240976674482226e-05,0.015139689960051328,0.0020283130288589746,1.9579892978072166e-06,0.017269951000344008,5303.0,5303.0,2962.0,,15223.0,6470.0,4729.0,200.0,31.0,1.0,1.0,7.233333333333333,12.0,,,,,,,,,True,beam_local_fit,128.0,128.0,5.58598549105227e-06,0.0,0.0,0.0,0.0,5.58598549105227e-06,0.0,,,,,,,,,1.0,1.0,,,,2.6180059649050236e-06,0.016576469992287457,0.016579087998252362,7.233333333333333,7.233333333333333,0.0,isolated,1,True,900.0,0.3803462049982045,0.13010776799637824,0.25023843700182624,199323648.0,190.08984375,resource.ru_maxrss_kib_converted_to_bytes,0.0,"{""BLIS_NUM_THREADS"": ""1"", ""MKL_DYNAMIC"": ""FALSE"", ""MKL_NUM_THREADS"": ""1"", ""NUMBA_NUM_THREADS"": ""1"", ""NUMEXPR_NUM_THREADS"": ""1"", ""OMP_DYNAMIC"": ""FALSE"", ""OMP_NUM_THREADS"": ""1"", ""OPENBLAS_NUM_THREADS"": ""1"", ""PYTHONHASHSEED"": ""0"", ""VECLIB_MAXIMUM_THREADS"": ""1""}",tree_tree,6,7,0,0.008047284005442634,8,7,9,8,13,10,medium,medium,8,uniform,"{""kind"": ""categorical"", ""probs"": [0.7, 0.3], ""values"": [2, 3]}",uniform,10,background,exact_dense,"The table is tiny and the score is generic, so sparse indexing overhead should not pay. Large preset: more instances and a larger structural workload.",14,14,19,25,4,4,,200.0,16.0,30.0,4730.0,,,,,,,,,,,,,,,,,,,7.233333587646484,True,exact_agreement,3,2.5431315098245477e-07,1e-05,1.0,2.5431315098245477e-07,1.0,100.0,True,0.9943411968900318,0.9943378570815804,0.997162570216775,0.9971608908198206
tiny_generic_dense,4,sparse_closure,generic_sparse,True,"{""method"": ""sparse""}",jaccard,128,128,16384,10793,3.25,7.233333333333333,ok,,7.233333333333333,0.000307965005049482,0.00031186401611194015,0.021964378975098953,0.021682182006770745,0.022338412003591657,0.022011436993489043,0.02185669998289086,0.022215511999092996,0.0002660479801494408,0.00025113302399404347,5.0,"[0.021682182006770745, 0.021964378975098953, 0.022215511999092996, 0.022338412003591657, 0.02185669998289086]",0.022272343980148435,5.0,1.0,12.0,0.0,0.0,0.6666666666666666,0.5,sparse_closure,128.0,128.0,0.0,0.0001857890165410936,0.0003173300065100193,0.022711077996063977,3.6740093491971493e-06,0.02335732098435983,9271.0,9271.0,9271.0,14876.0,,,,,,1.0,1.0,7.233333333333333,12.0,,,True,,,,,,True,sparse_fit,128.0,128.0,0.000310208008158952,0.0,0.0,0.0,0.0,0.000310208008158952,0.0,,,,,,,,,1.0,1.0,,,False,0.0004040170169901103,0.02287353400606662,0.02327755102305673,7.233333333333333,7.233333333333333,0.0,isolated,1,True,900.0,0.4300188769993838,0.18028180798864923,0.24973706901073456,199323648.0,190.08984375,resource.ru_maxrss_kib_converted_to_bytes,0.0,"{""BLIS_NUM_THREADS"": ""1"", ""MKL_DYNAMIC"": ""FALSE"", ""MKL_NUM_THREADS"": ""1"", ""NUMBA_NUM_THREADS"": ""1"", ""NUMEXPR_NUM_THREADS"": ""1"", ""OMP_DYNAMIC"": ""FALSE"", ""OMP_NUM_THREADS"": ""1"", ""OPENBLAS_NUM_THREADS"": ""1"", ""PYTHONHASHSEED"": ""0"", ""VECLIB_MAXIMUM_THREADS"": ""1""}",tree_tree,2,8,0,0.008047284005442634,8,7,9,8,13,10,medium,medium,8,uniform,"{""kind"": ""categorical"", ""probs"": [0.7, 0.3], ""values"": [2, 3]}",uniform,10,background,exact_dense,"The table is tiny and the score is generic, so sparse indexing overhead should not pay. Large preset: more instances and a larger structural workload.",14,14,19,25,4,4,,,,,,15133.0,,,,,,,,,,,,,,,,,,7.233333587646484,True,exact_agreement,3,2.5431315098245477e-07,1e-05,1.0,2.5431315098245477e-07,1.0,100.0,True,0.7213633038341032,0.7114319896795063,0.8381302218158878,0.8313879768166932
tiny_generic_dense,5,exact_dense,generic,True,"{""method"": ""exact""}",jaccard,128,128,16384,11015,2.783333333333333,7.166667461395264,ok,,7.166666666666666,8.910137694329023e-07,6.2480103224515915e-06,0.019607645022915676,0.019549862015992403,0.019917067023925483,0.01965745060588233,0.01958918897435069,0.019623489992227405,0.00014770710790775165,1.8456048564985394e-05,5.0,"[0.019917067023925483, 0.01958918897435069, 0.019623489992227405, 0.019549862015992403, 0.019607645022915676]",0.01960853603668511,5.0,1.0,11.0,0.125,0.09090909090909091,0.1,0.25,exact_dense,128.0,128.0,0.0,6.557995220646262e-06,0.0,0.021019010979216546,3.190801362507045e-05,0.02107077999971807,16384.0,,9422.0,16384.0,,,,,,1.0,1.0,7.166667461395264,11.0,,,,,,,,,True,exact_fit,128.0,128.0,5.494977813214064e-06,0.0,0.0,0.0,0.0,5.494977813214064e-06,0.0,,,,,,,,,1.0,1.0,,,,2.440996468067169e-06,0.0202511620009318,0.020253602997399867,7.166667461395264,7.166666666666666,0.0,isolated,1,True,900.0,0.4083796929917298,0.15986934100510553,0.2485103519866243,199323648.0,190.08984375,resource.ru_maxrss_kib_converted_to_bytes,0.0,"{""BLIS_NUM_THREADS"": ""1"", ""MKL_DYNAMIC"": ""FALSE"", ""MKL_NUM_THREADS"": ""1"", ""NUMBA_NUM_THREADS"": ""1"", ""NUMEXPR_NUM_THREADS"": ""1"", ""OMP_DYNAMIC"": ""FALSE"", ""OMP_NUM_THREADS"": ""1"", ""OPENBLAS_NUM_THREADS"": ""1"", ""PYTHONHASHSEED"": ""0"", ""VECLIB_MAXIMUM_THREADS"": ""1""}",tree_tree,0,0,0,0.009271300019463524,8,8,10,8,15,13,medium,medium,8,uniform,"{""kind"": ""categorical"", ""probs"": [0.7, 0.3], ""values"": [2, 3]}",uniform,10,background,exact_dense,"The table is tiny and the score is generic, so sparse indexing overhead should not pay. Large preset: more instances and a larger structural workload.",14,14,19,22,5,4,,,,,,,,,,,,,,,,,,,,,,,,7.166667461395264,True,exact_agreement,3,7.947285984855057e-07,1e-05,1.0,0.0,1.0,100.0,True,0.8196781919273636,0.8196919947216522,0.9009045616567821,0.9009128985557094
tiny_generic_dense,5,beam_partial_score,generic,False,"{""beam_balance_penalty"": 0.0, ""beam_candidate_future_weight"": 0.0, ""beam_expansion_width"": 64, ""beam_gap_penalty"": 0.0, ""beam_lookahead"": false, ""beam_n_restarts"": 1, ""beam_priority_future_weight"": 0.0, ""beam_priority_length_weight"": 0.0, ""beam_random_fraction"": 0.0, ""beam_rarity_weight"": 0.0, ""beam_symmetric"": false, ""beam_width"": 200, ""candidate_select_mode"": ""first"", ""method"": ""beam"", ""seed"": 0}",jaccard,128,128,16384,11015,2.783333333333333,5.333333333333333,ok,,5.333333333333333,1.8390128389000893e-06,9.687006240710616e-06,0.3934843349852599,0.39296967900008895,0.39380682999035344,0.393454067397397,0.3932460570067633,0.39376343600451946,0.0003531879637655893,0.0002791010192595422,5.0,"[0.3932460570067633, 0.39296967900008895, 0.39376343600451946, 0.3934843349852599, 0.39380682999035344]",0.3934861739980988,5.0,1.0,7.0,0.0,0.0,0.0,0.0,beam_partial,128.0,128.0,0.0,0.007122429989976808,0.38914944790303707,0.0023855060862842947,1.8780119717121124e-06,0.3988390779995825,15244.0,4181.0,4181.0,,4181.0,2008.0,910.0,200.0,8.0,1.0,1.0,5.333333333333333,7.0,,,,,,,,,True,beam_fit,128.0,128.0,8.578994311392307e-06,0.0,0.0,0.0,0.0,8.578994311392307e-06,0.0,,,,,,,,,1.0,1.0,,,,2.4579931050539017e-06,0.39642437899601646,0.3964268369891215,5.333333333333333,5.333333333333333,0.0,isolated,1,True,900.0,3.4055808520060964,3.155457473010756,0.2501233789953403,199323648.0,190.08984375,resource.ru_maxrss_kib_converted_to_bytes,0.0,"{""BLIS_NUM_THREADS"": ""1"", ""MKL_DYNAMIC"": ""FALSE"", ""MKL_NUM_THREADS"": ""1"", ""NUMBA_NUM_THREADS"": ""1"", ""NUMEXPR_NUM_THREADS"": ""1"", ""OMP_DYNAMIC"": ""FALSE"", ""OMP_NUM_THREADS"": ""1"", ""OPENBLAS_NUM_THREADS"": ""1"", ""PYTHONHASHSEED"": ""0"", ""VECLIB_MAXIMUM_THREADS"": ""1""}",tree_tree,7,1,0,0.009271300019463524,8,8,10,8,15,13,medium,medium,8,uniform,"{""kind"": ""categorical"", ""probs"": [0.7, 0.3], ""values"": [2, 3]}",uniform,10,background,exact_dense,"The table is tiny and the score is generic, so sparse indexing overhead should not pay. Large preset: more instances and a larger structural workload.",14,14,19,22,5,4,,,,,,,2958.0,0.0,[5.333333333333333],0.0,"{""beam_width"": 200, ""expansion_width"": 64, ""label_pair_preprocessing_score_evaluations"": 2958, ""lookahead_enabled"": false, ""maximum_matching_length"": 15, ""positive_label_pair_types"": 1946, ""state_pool_size"": 4182}",,,,,,,,,,,,,7.166667461395264,True,exact_agreement,3,7.947285984855057e-07,1e-05,0.7441859639870883,1.8333341280619306,0.7441859639870883,74.41859639870883,True,0.04084523217662312,0.04084758520018413,0.07744010334921211,0.07744433241156208
tiny_generic_dense,5,fast_beam_partial,fast_beam,False,"{""beam_width"": 200, ""expansion_width"": 64, ""max_nodes_per_token_side"": 8, ""max_token_types_per_expansion"": 2048, ""search"": ""partial""}",jaccard,128,128,16384,11015,2.783333333333333,,skipped,incompatible_score_mode:jaccard,,,,,,,,,,,,,,,,,,,,,,,,,,,,,,,,,,,,,,,,,,,,,,,,,,,,,,,,,,,,,,,,,,,,,,,,,,,,,,,,,,isolated,1,False,900.0,,,,,,,,,tree_tree,8,2,0,0.009271300019463524,8,8,10,8,15,13,medium,medium,8,uniform,"{""kind"": ""categorical"", ""probs"": [0.7, 0.3], ""values"": [2, 3]}",uniform,10,background,exact_dense,"The table is tiny and the score is generic, so sparse indexing overhead should not pay. Large preset: more instances and a larger structural workload.",14,14,19,22,5,4,True,,,,,,,,,,,,,,,,,,,,,,,7.166667461395264,True,exact_agreement,3,7.947285984855057e-07,1e-05,,,,,,,,,
tiny_generic_dense,5,beam_local,generic,False,"{""beam_local_child_cap"": null, ""beam_width"": 200, ""method"": ""beam_local""}",jaccard,128,128,16384,11015,2.783333333333333,7.166666666666665,ok,,7.166666666666666,1.000997144728899e-06,6.808986654505134e-06,0.01607195902033709,0.016008646984118968,0.016188285982934758,0.016084561200113968,0.0160704450099729,0.01608346900320612,6.496359252432973e-05,1.1509982869029045e-05,5.0,"[0.016188285982934758, 0.01608346900320612, 0.0160704450099729, 0.016008646984118968, 0.01607195902033709]",0.01607296001748182,5.0,1.0,11.0,0.125,0.09090909090909091,0.1,0.25,beam_local,128.0,128.0,0.0,3.497098805382848e-05,0.015280450956197456,0.0020506190485320985,2.1860178094357252e-06,0.017436508991522714,5381.0,5381.0,3090.0,,15279.0,6417.0,4653.0,200.0,31.0,1.0,1.0,7.166666666666665,11.0,,,,,,,,,True,beam_local_fit,128.0,128.0,5.998008418828249e-06,0.0,0.0,0.0,0.0,5.998008418828249e-06,0.0,,,,,,,,,1.0,1.0,,,,2.400018274784088e-06,0.01668551898910664,0.016687919007381424,7.166666666666665,7.166666666666666,0.0,isolated,1,True,900.0,0.3761862249812111,0.13122322500566952,0.2449629999755416,199323648.0,190.08984375,resource.ru_maxrss_kib_converted_to_bytes,0.0,"{""BLIS_NUM_THREADS"": ""1"", ""MKL_DYNAMIC"": ""FALSE"", ""MKL_NUM_THREADS"": ""1"", ""NUMBA_NUM_THREADS"": ""1"", ""NUMEXPR_NUM_THREADS"": ""1"", ""OMP_DYNAMIC"": ""FALSE"", ""OMP_NUM_THREADS"": ""1"", ""OPENBLAS_NUM_THREADS"": ""1"", ""PYTHONHASHSEED"": ""0"", ""VECLIB_MAXIMUM_THREADS"": ""1""}",tree_tree,5,3,0,0.009271300019463524,8,8,10,8,15,13,medium,medium,8,uniform,"{""kind"": ""categorical"", ""probs"": [0.7, 0.3], ""values"": [2, 3]}",uniform,10,background,exact_dense,"The table is tiny and the score is generic, so sparse indexing overhead should not pay. Large preset: more instances and a larger structural workload.",14,14,19,22,5,4,,200.0,,30.0,4654.0,,,,,,,,,,,,,,,,,,,7.166667461395264,True,exact_agreement,3,7.947285984855057e-07,1e-05,1.0,7.947285984855057e-07,1.0,100.0,True,1.0,1.0,1.0,1.0
tiny_generic_dense,5,sparse_chain,generic_sparse,True,"{""method"": ""sparse_chain""}",jaccard,128,128,16384,11015,2.783333333333333,7.166666666666665,ok,,7.166666666666666,0.0003150129923596978,0.0003367610042914748,0.027640724001685157,0.027363681001588702,0.04011178799555637,0.030118879803922027,0.027577739005209878,0.02790046701557003,0.00558948438152785,0.0002597430138848722,5.0,"[0.027577739005209878, 0.027363681001588702, 0.027640724001685157, 0.04011178799555637, 0.02790046701557003]",0.027955736994044855,5.0,1.0,11.0,0.125,0.09090909090909091,0.1,0.25,sparse_chain,128.0,128.0,0.0,0.0028066469822078943,0.013271049974719062,0.012435654003638774,1.4519901014864445e-06,0.028755462000845,9422.0,9422.0,9422.0,,,,,,,1.0,1.0,7.166666666666665,11.0,9422.0,9422.0,True,6083.0,17822.0,1112.0,9422.0,7210.0,True,sparse_chain_fit,128.0,128.0,0.00033514900133013725,0.0,0.0,0.0,0.0,0.00033514900133013725,0.0,,,,,,,,,1.0,1.0,,,False,0.00039174300036393106,0.029024103976553306,0.029415846976917237,7.166666666666665,7.166666666666666,0.0,isolated,1,True,900.0,0.4843148840009235,0.23756443601450883,0.24675044798641466,199323648.0,190.08984375,resource.ru_maxrss_kib_converted_to_bytes,0.0,"{""BLIS_NUM_THREADS"": ""1"", ""MKL_DYNAMIC"": ""FALSE"", ""MKL_NUM_THREADS"": ""1"", ""NUMBA_NUM_THREADS"": ""1"", ""NUMEXPR_NUM_THREADS"": ""1"", ""OMP_DYNAMIC"": ""FALSE"", ""OMP_NUM_THREADS"": ""1"", ""OPENBLAS_NUM_THREADS"": ""1"", ""PYTHONHASHSEED"": ""0"", ""VECLIB_MAXIMUM_THREADS"": ""1""}",tree_tree,3,4,0,0.009271300019463524,8,8,10,8,15,13,medium,medium,8,uniform,"{""kind"": ""categorical"", ""probs"": [0.7, 0.3], ""values"": [2, 3]}",uniform,10,background,exact_dense,"The table is tiny and the score is generic, so sparse indexing overhead should not pay. Large preset: more instances and a larger structural workload.",14,14,19,22,5,4,,,,,,,,,,,,,,,,,,,,,,,,7.166667461395264,True,exact_agreement,3,7.947285984855057e-07,1e-05,1.0,7.947285984855057e-07,1.0,100.0,True,0.5814594082035347,0.5749431689425927,0.7353453464405335,0.730112908554797
tiny_generic_dense,5,fast_dense,fast_dense,True,{},jaccard,128,128,16384,11015,2.783333333333333,,skipped,incompatible_score_mode:jaccard,,,,,,,,,,,,,,,,,,,,,,,,,,,,,,,,,,,,,,,,,,,,,,,,,,,,,,,,,,,,,,,,,,,,,,,,,,,,,,,,,,isolated,1,False,900.0,,,,,,,,,tree_tree,1,5,0,0.009271300019463524,8,8,10,8,15,13,medium,medium,8,uniform,"{""kind"": ""categorical"", ""probs"": [0.7, 0.3], ""values"": [2, 3]}",uniform,10,background,exact_dense,"The table is tiny and the score is generic, so sparse indexing overhead should not pay. Large preset: more instances and a larger structural workload.",14,14,19,22,5,4,True,,,,,,,,,,,,,,,,,,,,,,,7.166667461395264,True,exact_agreement,3,7.947285984855057e-07,1e-05,,,,,,,,,
tiny_generic_dense,5,beam_local_capped,generic,False,"{""beam_local_child_cap"": 16, ""beam_width"": 200, ""method"": ""beam_local""}",jaccard,128,128,16384,11015,2.783333333333333,7.166666666666665,ok,,7.166666666666666,1.2999807950109243e-06,8.543982403352857e-06,0.016165176988579333,0.015872178017161787,0.016590162995271385,0.01620274200104177,0.015892305003944784,0.01649388700025156,0.00033238353001511503,0.00029299897141754627,5.0,"[0.016590162995271385, 0.01649388700025156, 0.015892305003944784, 0.016165176988579333, 0.015872178017161787]",0.016166476969374344,5.0,1.0,11.0,0.125,0.09090909090909091,0.1,0.25,beam_local,128.0,128.0,0.0,3.895899862982333e-05,0.015938053868012503,0.0020914171473123133,2.5450135581195354e-06,0.0181446360074915,5381.0,5381.0,3090.0,,15279.0,6417.0,4653.0,200.0,31.0,1.0,1.0,7.166666666666665,11.0,,,,,,,,,True,beam_local_fit,128.0,128.0,7.444003131240606e-06,0.0,0.0,0.0,0.0,7.444003131240606e-06,0.0,,,,,,,,,1.0,1.0,,,,2.8409995138645172e-06,0.017487280012574047,0.01749012101208791,7.166666666666665,7.166666666666666,0.0,isolated,1,True,900.0,0.3865911229804624,0.1339322340209037,0.2526588889595587,199323648.0,190.08984375,resource.ru_maxrss_kib_converted_to_bytes,0.0,"{""BLIS_NUM_THREADS"": ""1"", ""MKL_DYNAMIC"": ""FALSE"", ""MKL_NUM_THREADS"": ""1"", ""NUMBA_NUM_THREADS"": ""1"", ""NUMEXPR_NUM_THREADS"": ""1"", ""OMP_DYNAMIC"": ""FALSE"", ""OMP_NUM_THREADS"": ""1"", ""OPENBLAS_NUM_THREADS"": ""1"", ""PYTHONHASHSEED"": ""0"", ""VECLIB_MAXIMUM_THREADS"": ""1""}",tree_tree,6,6,0,0.009271300019463524,8,8,10,8,15,13,medium,medium,8,uniform,"{""kind"": ""categorical"", ""probs"": [0.7, 0.3], ""values"": [2, 3]}",uniform,10,background,exact_dense,"The table is tiny and the score is generic, so sparse indexing overhead should not pay. Large preset: more instances and a larger structural workload.",14,14,19,22,5,4,,200.0,16.0,30.0,4654.0,,,,,,,,,,,,,,,,,,,7.166667461395264,True,exact_agreement,3,7.947285984855057e-07,1e-05,1.0,7.947285984855057e-07,1.0,100.0,True,0.9942334087459667,0.9942153783987889,0.9971083669400265,0.9970992994719279
tiny_generic_dense,5,sparse_closure,generic_sparse,True,"{""method"": ""sparse""}",jaccard,128,128,16384,11015,2.783333333333333,7.166666666666665,ok,,7.166666666666666,0.00034210801823064685,0.0003326590231154114,0.0222323430061806,0.02214196400018409,0.02230337299988605,0.022221507399808615,0.022152031015139073,0.022277825977653265,7.270709989833928e-05,7.102999370545149e-05,5.0,"[0.0222323430061806, 0.02214196400018409, 0.022152031015139073, 0.02230337299988605, 0.022277825977653265]",0.022574451024411246,5.0,1.0,11.0,0.125,0.09090909090909091,0.1,0.25,sparse_closure,128.0,128.0,0.0,0.00019422298646532,0.0003476639976724982,0.0236201059888117,3.905006451532245e-06,0.024316347000421956,9422.0,9422.0,9422.0,15095.0,,,,,,1.0,1.0,7.166666666666665,11.0,,,True,,,,,,True,sparse_fit,128.0,128.0,0.00033096098923124373,0.0,0.0,0.0,0.0,0.00033096098923124373,0.0,,,,,,,,,1.0,1.0,,,False,0.0004048429836984724,0.023490227991715074,0.023895070975413546,7.166666666666665,7.166666666666666,0.0,isolated,1,True,900.0,0.43385157198645175,0.18334925299859606,0.2505023189878557,199323648.0,190.08984375,resource.ru_maxrss_kib_converted_to_bytes,0.0,"{""BLIS_NUM_THREADS"": ""1"", ""MKL_DYNAMIC"": ""FALSE"", ""MKL_NUM_THREADS"": ""1"", ""NUMBA_NUM_THREADS"": ""1"", ""NUMEXPR_NUM_THREADS"": ""1"", ""OMP_DYNAMIC"": ""FALSE"", ""OMP_NUM_THREADS"": ""1"", ""OPENBLAS_NUM_THREADS"": ""1"", ""PYTHONHASHSEED"": ""0"", ""VECLIB_MAXIMUM_THREADS"": ""1""}",tree_tree,2,7,0,0.009271300019463524,8,8,10,8,15,13,medium,medium,8,uniform,"{""kind"": ""categorical"", ""probs"": [0.7, 0.3], ""values"": [2, 3]}",uniform,10,background,exact_dense,"The table is tiny and the score is generic, so sparse indexing overhead should not pay. Large preset: more instances and a larger structural workload.",14,14,19,22,5,4,,,,,,15352.0,,,,,,,,,,,,,,,,,,7.166667461395264,True,exact_agreement,3,7.947285984855057e-07,1e-05,1.0,7.947285984855057e-07,1.0,100.0,True,0.7229089176911799,0.7119978244476938,0.8391725299790417,0.8317742163923494
tiny_generic_dense,5,fast_sparse,fast_sparse,True,{},jaccard,128,128,16384,11015,2.783333333333333,,skipped,incompatible_score_mode:jaccard,,,,,,,,,,,,,,,,,,,,,,,,,,,,,,,,,,,,,,,,,,,,,,,,,,,,,,,,,,,,,,,,,,,,,,,,,,,,,,,,,,isolated,1,False,900.0,,,,,,,,,tree_tree,4,8,0,0.009271300019463524,8,8,10,8,15,13,medium,medium,8,uniform,"{""kind"": ""categorical"", ""probs"": [0.7, 0.3], ""values"": [2, 3]}",uniform,10,background,exact_dense,"The table is tiny and the score is generic, so sparse indexing overhead should not pay. Large preset: more instances and a larger structural workload.",14,14,19,22,5,4,True,,,,,,,,,,,,,,,,,,,,,,,7.166667461395264,True,exact_agreement,3,7.947285984855057e-07,1e-05,,,,,,,,,
dense_common_overlap,0,sparse_closure,generic_sparse,True,"{""method"": ""sparse""}",overlap,1000,1000,1000000,1674210,9.0,21.0,ok,,21.0,0.002472084015607834,0.0022447200026363134,1.7478907009935938,1.73296917200787,1.7553710060019512,1.7462416310037951,1.7466733239998575,1.7483039520157035,0.008164903769882033,0.0012173769937362522,5.0,"[1.7478907009935938, 1.7483039520157035, 1.7553710060019512, 1.7466733239998575, 1.73296917200787]",1.7503627850092016,5.0,1.0,21.0,0.1111111111111111,0.047619047619047616,0.1,0.09090909090909091,sparse_closure,1000.0,1000.0,0.0,0.03757001899066381,0.031695899000624195,1.770404088019859,2.2271997295320034e-05,1.870085928007029,926992.0,926992.0,926992.0,992069.0,,,,,,1.0,1.0,21.0,21.0,,,True,,,,,,True,sparse_fit,1000.0,1000.0,0.002242521004518494,0.0,0.0,0.0,0.0,0.002242521004518494,0.0,,,,,,,,,1.0,1.0,,,False,0.0024766950227785856,1.7760719569923822,1.7785486520151608,21.0,21.0,0.0,isolated,1,True,900.0,14.379388656991068,14.13033813299262,0.24905052399844863,328712192.0,313.484375,resource.ru_maxrss_kib_converted_to_bytes,0.0,"{""BLIS_NUM_THREADS"": ""1"", ""MKL_DYNAMIC"": ""FALSE"", ""MKL_NUM_THREADS"": ""1"", ""NUMBA_NUM_THREADS"": ""1"", ""NUMEXPR_NUM_THREADS"": ""1"", ""OMP_DYNAMIC"": ""FALSE"", ""OMP_NUM_THREADS"": ""1"", ""OPENBLAS_NUM_THREADS"": ""1"", ""PYTHONHASHSEED"": ""0"", ""VECLIB_MAXIMUM_THREADS"": ""1""}",tree_tree,2,0,0,0.04747772600967437,8,9,10,11,21,21,medium,medium,8,uniform,"{""kind"": ""categorical"", ""probs"": [0.5, 0.35, 0.15], ""values"": [3, 4, 5]}",uniform,12,background,fast_dense,Almost every pair shares a token; the specialized dense Numba kernel should dominate sparse enumeration. Large preset: more instances and a larger structural workload.,20,20,124,127,14,16,,,,,,994070.0,,,,,,,,,,,,,,,,,,21.0,True,exact_agreement,5,0.0,2.1e-05,1.0,0.0,1.0,100.0,True,0.0018000908148308918,0.006987539434962014,0.003593712620582332,0.013878105063510204
dense_common_overlap,0,sparse_chain,generic_sparse,True,"{""method"": ""sparse_chain""}",overlap,1000,1000,1000000,1674210,9.0,21.0,ok,,21.0,0.00256707301014103,0.0025000229943543673,2.84995794200222,2.8369142599985935,2.8981513569888193,2.860219937399961,2.849822785006836,2.8662533430033363,0.023620745658036485,0.0130436820036266,5.0,"[2.8662533430033363, 2.84995794200222, 2.849822785006836, 2.8981513569888193, 2.8369142599985935]",2.852525015012361,5.0,1.0,21.0,0.1111111111111111,0.047619047619047616,0.1,0.09090909090909091,sparse_chain,1000.0,1000.0,0.0,0.32081006598309614,1.0247521389974281,1.5523125489999074,8.993985829874873e-06,2.940519525000127,926992.0,926992.0,926992.0,,,,,,,1.0,1.0,21.0,21.0,926992.0,926992.0,True,622247.0,1893757.0,12401.0,926992.0,414322.0,True,sparse_chain_fit,1000.0,1000.0,0.0024977010034490377,0.0,0.0,0.0,0.0,0.0024977010034490377,0.0,,,,,,,,,1.0,1.0,,,False,0.0025380890001542866,2.8637707789894193,2.8663088679895736,21.0,21.0,0.0,isolated,1,True,900.0,23.225722666014917,22.97286771700601,0.25285494900890626,378167296.0,360.6484375,resource.ru_maxrss_kib_converted_to_bytes,0.0,"{""BLIS_NUM_THREADS"": ""1"", ""MKL_DYNAMIC"": ""FALSE"", ""MKL_NUM_THREADS"": ""1"", ""NUMBA_NUM_THREADS"": ""1"", ""NUMEXPR_NUM_THREADS"": ""1"", ""OMP_DYNAMIC"": ""FALSE"", ""OMP_NUM_THREADS"": ""1"", ""OPENBLAS_NUM_THREADS"": ""1"", ""PYTHONHASHSEED"": ""0"", ""VECLIB_MAXIMUM_THREADS"": ""1""}",tree_tree,3,1,0,0.04747772600967437,8,9,10,11,21,21,medium,medium,8,uniform,"{""kind"": ""categorical"", ""probs"": [0.5, 0.35, 0.15], ""values"": [3, 4, 5]}",uniform,12,background,fast_dense,Almost every pair shares a token; the specialized dense Numba kernel should dominate sparse enumeration. Large preset: more instances and a larger structural workload.,20,20,124,127,14,16,,,,,,,,,,,,,,,,,,,,,,,,21.0,True,exact_agreement,5,0.0,2.1e-05,1.0,0.0,1.0,100.0,True,0.0011040029573125701,0.0042876850935131,0.002205570957765205,0.008538758678722336
dense_common_overlap,0,beam_local_capped,generic,False,"{""beam_local_child_cap"": 16, ""beam_width"": 200, ""method"": ""beam_local""}",overlap,1000,1000,1000000,1674210,9.0,21.0,ok,,21.0,9.840005077421665e-07,6.371992640197277e-06,0.03233776398701593,0.032294217991875485,0.033177313016494736,0.03249502899707295,0.03230038998299278,0.03236546000698581,0.0003825053252404789,3.737400402314961e-05,5.0,"[0.03233776398701593, 0.033177313016494736, 0.032294217991875485, 0.03236546000698581, 0.03230038998299278]",0.032338747987523675,5.0,1.0,21.0,0.1111111111111111,0.047619047619047616,0.1,0.09090909090909091,beam_local,1000.0,1000.0,0.0,0.0002555610262788832,0.029719721933361143,0.004951432056259364,2.5650078896433115e-06,0.03505023202160373,10459.0,10459.0,9624.0,,28051.0,19427.0,7885.0,200.0,43.0,1.0,1.0,21.0,21.0,,,,,,,,,True,beam_local_fit,1000.0,1000.0,5.542999133467674e-06,0.0,0.0,0.0,0.0,5.542999133467674e-06,0.0,,,,,,,,,1.0,1.0,,,,2.3859902285039425e-06,0.03333135801949538,0.03333374400972389,21.0,21.0,0.0,isolated,1,True,900.0,0.5025571279984433,0.26387582000461407,0.23868130799382925,199716864.0,190.46484375,resource.ru_maxrss_kib_converted_to_bytes,0.0,"{""BLIS_NUM_THREADS"": ""1"", ""MKL_DYNAMIC"": ""FALSE"", ""MKL_NUM_THREADS"": ""1"", ""NUMBA_NUM_THREADS"": ""1"", ""NUMEXPR_NUM_THREADS"": ""1"", ""OMP_DYNAMIC"": ""FALSE"", ""OMP_NUM_THREADS"": ""1"", ""OPENBLAS_NUM_THREADS"": ""1"", ""PYTHONHASHSEED"": ""0"", ""VECLIB_MAXIMUM_THREADS"": ""1""}",tree_tree,6,2,0,0.04747772600967437,8,9,10,11,21,21,medium,medium,8,uniform,"{""kind"": ""categorical"", ""probs"": [0.5, 0.35, 0.15], ""values"": [3, 4, 5]}",uniform,12,background,fast_dense,Almost every pair shares a token; the specialized dense Numba kernel should dominate sparse enumeration. Large preset: more instances and a larger structural workload.,20,20,124,127,14,16,,200.0,16.0,42.0,7886.0,,,,,,,,,,,,,,,,,,,21.0,True,exact_agreement,5,0.0,2.1e-05,1.0,0.0,1.0,100.0,True,0.09729683219440298,0.37820663281275957,0.17733912892070638,0.5488387935572241
dense_common_overlap,0,fast_dense,fast_dense,True,{},overlap,1000,1000,1000000,1674210,9.0,21.0,ok,,21.0,0.00493564602220431,0.004969375004293397,0.01975565101020038,0.019614313991041854,0.02007832398521714,0.019793640793068334,0.019666856998810545,0.019853057980071753,0.00018320096753103734,9.740696987137198e-05,5.0,"[0.019853057980071753, 0.01975565101020038, 0.02007832398521714, 0.019666856998810545, 0.019614313991041854]",0.02469129703240469,5.0,1.0,21.0,0.1111111111111111,0.047619047619047616,0.1,0.09090909090909091,fast_dense_overlap,1000.0,1000.0,0.0,1.7578975530341268e-05,0.0,0.021329141018213704,5.001100362278521e-05,0.02140962702105753,1000000.0,,,1000000.0,,,,,,1.0,1.0,21.0,21.0,,,,,,,,,,fast_dense_fit,1000.0,1000.0,0.004968124005245045,0.0,0.0,0.0,0.0,0.004968124005245045,0.0,,,,,,,,,1.0,1.0,,,,0.005183714005397633,0.11756612799945287,0.1227498420048505,21.0,21.0,0.0,isolated,1,True,900.0,0.5482141490210779,0.27370133402291685,0.27451281499816105,205283328.0,195.7734375,resource.ru_maxrss_kib_converted_to_bytes,0.0,"{""BLIS_NUM_THREADS"": ""1"", ""MKL_DYNAMIC"": ""FALSE"", ""MKL_NUM_THREADS"": ""1"", ""NUMBA_NUM_THREADS"": ""1"", ""NUMEXPR_NUM_THREADS"": ""1"", ""OMP_DYNAMIC"": ""FALSE"", ""OMP_NUM_THREADS"": ""1"", ""OPENBLAS_NUM_THREADS"": ""1"", ""PYTHONHASHSEED"": ""0"", ""VECLIB_MAXIMUM_THREADS"": ""1""}",tree_tree,1,3,0,0.04747772600967437,8,9,10,11,21,21,medium,medium,8,uniform,"{""kind"": ""categorical"", ""probs"": [0.5, 0.35, 0.15], ""values"": [3, 4, 5]}",uniform,12,background,fast_dense,Almost every pair shares a token; the specialized dense Numba kernel should dominate sparse enumeration. Large preset: more instances and a larger structural workload.,20,20,124,127,14,16,,,,,,,,,,,,,,,,,,,,,,,,21.0,True,exact_agreement,5,0.0,2.1e-05,1.0,0.0,1.0,100.0,True,0.1592638984441639,0.49534574751946847,0.27476728751393076,0.6625166766163146
dense_common_overlap,0,fast_beam_partial,fast_beam,False,"{""beam_width"": 200, ""expansion_width"": 64, ""max_nodes_per_token_side"": 8, ""max_token_types_per_expansion"": 2048, ""search"": ""partial""}",overlap,1000,1000,1000000,1674210,9.0,12.0,ok,,12.0,0.009084366989554837,0.009349683008622378,0.003146361996186897,0.0030390210158657283,0.0031616650230716914,0.0031272178108338266,0.0031299469992518425,0.003159094019792974,5.088056130160678e-05,1.5303026884794235e-05,5.0,"[0.0031616650230716914, 0.003159094019792974, 0.003146361996186897, 0.0031299469992518425, 0.0030390210158657283]",0.012230728985741735,5.0,1.0,12.0,0.0,0.0,0.1,0.0,fast_beam_partial_overlap,1000.0,1000.0,0.0,1.9525992684066296e-05,0.002238662971649319,0.000913956027943641,2.1320011001080275e-06,0.0032291779934894294,20661.0,20661.0,20661.0,,20661.0,3058.0,2025.0,200.0,13.0,1.0,1.0,12.0,12.0,,,,,,,,,,fast_beam_partial_fit,1000.0,1000.0,0.009348330000648275,0.0,0.0,0.0,0.0,0.009348330000648275,0.0,,,,,,,,,1.0,1.0,,,,0.009841211984166875,0.10175106598762795,0.11159227797179483,12.0,12.0,0.0,isolated,1,True,900.0,0.43832025601295754,0.15269455598900095,0.2856257000239566,202481664.0,193.1015625,resource.ru_maxrss_kib_converted_to_bytes,0.0,"{""BLIS_NUM_THREADS"": ""1"", ""MKL_DYNAMIC"": ""FALSE"", ""MKL_NUM_THREADS"": ""1"", ""NUMBA_NUM_THREADS"": ""1"", ""NUMEXPR_NUM_THREADS"": ""1"", ""OMP_DYNAMIC"": ""FALSE"", ""OMP_NUM_THREADS"": ""1"", ""OPENBLAS_NUM_THREADS"": ""1"", ""PYTHONHASHSEED"": ""0"", ""VECLIB_MAXIMUM_THREADS"": ""1""}",tree_tree,8,4,0,0.04747772600967437,8,9,10,11,21,21,medium,medium,8,uniform,"{""kind"": ""categorical"", ""probs"": [0.5, 0.35, 0.15], ""values"": [3, 4, 5]}",uniform,12,background,fast_dense,Almost every pair shares a token; the specialized dense Numba kernel should dominate sparse enumeration. Large preset: more instances and a larger structural workload.,20,20,124,127,14,16,,200.0,,,2026.0,,,,,,,descending_token_weight_first_descendants,8345.0,64.0,8.0,2048.0,21.0,True,8.0,29006.0,15385.0,,,21.0,True,exact_agreement,5,0.0,2.1e-05,0.5714285714285714,9.0,0.5714285714285714,57.14285714285714,True,1.0,1.0,0.7272727272727273,0.7272727272727273
dense_common_overlap,0,beam_partial_score,generic,False,"{""beam_balance_penalty"": 0.0, ""beam_candidate_future_weight"": 0.0, ""beam_expansion_width"": 64, ""beam_gap_penalty"": 0.0, ""beam_lookahead"": false, ""beam_n_restarts"": 1, ""beam_priority_future_weight"": 0.0, ""beam_priority_length_weight"": 0.0, ""beam_random_fraction"": 0.0, ""beam_rarity_weight"": 0.0, ""beam_symmetric"": false, ""beam_width"": 200, ""candidate_select_mode"": ""first"", ""method"": ""beam"", ""seed"": 0}",overlap,1000,1000,1000000,1674210,9.0,4.0,ok,,4.0,2.0030129235237837e-06,1.0718998964875937e-05,1.2731081530218944,1.238870837027207,1.3321537919982802,1.2809888520045205,1.2549955519789364,1.305815925996285,0.03790091996199292,0.03270777297439054,5.0,"[1.238870837027207, 1.3321537919982802, 1.2549955519789364, 1.2731081530218944, 1.305815925996285]",1.273110156034818,5.0,1.0,4.0,0.0,0.0,0.0,0.0,beam_partial,1000.0,1000.0,0.0,0.10612900697742589,1.158626673888648,0.00042699810001067817,3.3040123526006937e-06,1.2668009089829866,6165.0,254.0,254.0,,254.0,241.0,241.0,111.0,5.0,1.0,1.0,4.0,4.0,,,,,,,,,True,beam_fit,1000.0,1000.0,9.637005859985948e-06,0.0,0.0,0.0,0.0,9.637005859985948e-06,0.0,,,,,,,,,1.0,1.0,,,,2.921005943790078e-06,1.2515364860009868,1.2515394070069306,4.0,4.0,0.0,isolated,1,True,900.0,10.416026405000594,10.175023852003505,0.24100255299708806,199716864.0,190.46484375,resource.ru_maxrss_kib_converted_to_bytes,0.0,"{""BLIS_NUM_THREADS"": ""1"", ""MKL_DYNAMIC"": ""FALSE"", ""MKL_NUM_THREADS"": ""1"", ""NUMBA_NUM_THREADS"": ""1"", ""NUMEXPR_NUM_THREADS"": ""1"", ""OMP_DYNAMIC"": ""FALSE"", ""OMP_NUM_THREADS"": ""1"", ""OPENBLAS_NUM_THREADS"": ""1"", ""PYTHONHASHSEED"": ""0"", ""VECLIB_MAXIMUM_THREADS"": ""1""}",tree_tree,7,5,0,0.04747772600967437,8,9,10,11,21,21,medium,medium,8,uniform,"{""kind"": ""categorical"", ""probs"": [0.5, 0.35, 0.15], ""values"": [3, 4, 5]}",uniform,12,background,fast_dense,Almost every pair shares a token; the specialized dense Numba kernel should dominate sparse enumeration. Large preset: more instances and a larger structural workload.,20,20,124,127,14,16,,,,,,,32037.0,0.0,[4.0],0.0,"{""beam_width"": 200, ""expansion_width"": 64, ""label_pair_preprocessing_score_evaluations"": 32037, ""lookahead_enabled"": false, ""maximum_matching_length"": 21, ""positive_label_pair_types"": 30742, ""state_pool_size"": 255}",,,,,,,,,,,,,21.0,True,exact_agreement,5,0.0,2.1e-05,0.19047619047619047,17.0,0.19047619047619047,19.047619047619047,True,0.002471401969046056,0.009606968358366658,0.004879493195364516,0.018291381899263912
dense_common_overlap,0,exact_dense,generic,True,"{""method"": ""exact""}",overlap,1000,1000,1000000,1674210,9.0,21.0,ok,,21.0,2.0370061974972486e-06,9.727024007588625e-06,1.1461158620077185,1.137169793015346,1.1519811259931885,1.1453539855952841,1.1414759869803675,1.1500271599797998,0.006090112597322479,0.004639875027351081,5.0,"[1.1414759869803675, 1.1461158620077185, 1.1500271599797998, 1.137169793015346, 1.1519811259931885]",1.146117899013916,5.0,1.0,21.0,0.1111111111111111,0.047619047619047616,0.1,0.09090909090909091,exact_dense,1000.0,1000.0,0.0,0.00011609299690462649,0.0,1.1775391550036147,0.0018282710225321352,1.1797332109999843,1000000.0,,926992.0,1000000.0,,,,,,1.0,1.0,21.0,21.0,,,,,,,,,True,exact_fit,1000.0,1000.0,8.365022949874401e-06,0.0,0.0,0.0,0.0,8.365022949874401e-06,0.0,,,,,,,,,1.0,1.0,,,,2.375978510826826e-06,1.1307875899947248,1.1307899659732357,21.0,21.0,0.0,isolated,1,True,900.0,9.435346490005031,9.194391774013638,0.24095471599139273,199716864.0,190.46484375,resource.ru_maxrss_kib_converted_to_bytes,0.0,"{""BLIS_NUM_THREADS"": ""1"", ""MKL_DYNAMIC"": ""FALSE"", ""MKL_NUM_THREADS"": ""1"", ""NUMBA_NUM_THREADS"": ""1"", ""NUMEXPR_NUM_THREADS"": ""1"", ""OMP_DYNAMIC"": ""FALSE"", ""OMP_NUM_THREADS"": ""1"", ""OPENBLAS_NUM_THREADS"": ""1"", ""PYTHONHASHSEED"": ""0"", ""VECLIB_MAXIMUM_THREADS"": ""1""}",tree_tree,0,6,0,0.04747772600967437,8,9,10,11,21,21,medium,medium,8,uniform,"{""kind"": ""categorical"", ""probs"": [0.5, 0.35, 0.15], ""values"": [3, 4, 5]}",uniform,12,background,fast_dense,Almost every pair shares a token; the specialized dense Numba kernel should dominate sparse enumeration. Large preset: more instances and a larger structural workload.,20,20,124,127,14,16,,,,,,,,,,,,,,,,,,,,,,,,21.0,True,exact_agreement,5,0.0,2.1e-05,1.0,0.0,1.0,100.0,True,0.002745239029041296,0.010671440517825148,0.0054754466482424035,0.021117526606584537
dense_common_overlap,0,beam_local,generic,False,"{""beam_local_child_cap"": null, ""beam_width"": 200, ""method"": ""beam_local""}",overlap,1000,1000,1000000,1674210,9.0,21.0,ok,,21.0,1.0450021363794804e-06,6.739021046087146e-06,0.03177784100989811,0.031688893999671564,0.03203839500201866,0.03181220780243166,0.031770939007401466,0.03178496999316849,0.0001322809806188238,7.128983270376921e-06,5.0,"[0.03177784100989811, 0.03203839500201866, 0.03178496999316849, 0.031770939007401466, 0.031688893999671564]",0.03177888601203449,5.0,1.0,21.0,0.1111111111111111,0.047619047619047616,0.1,0.09090909090909091,beam_local,1000.0,1000.0,0.0,0.0002409100125078112,0.029203388199675828,0.004781010793522,2.5139888748526573e-06,0.034336631011683494,10459.0,10459.0,9624.0,,28051.0,19427.0,7885.0,200.0,43.0,1.0,1.0,21.0,21.0,,,,,,,,,True,beam_local_fit,1000.0,1000.0,5.636014975607395e-06,0.0,0.0,0.0,0.0,5.636014975607395e-06,0.0,,,,,,,,,1.0,1.0,,,,2.328015398234129e-06,0.03250685200328007,0.03250918001867831,21.0,21.0,0.0,isolated,1,True,900.0,0.49788733597961254,0.2584067849966232,0.23948055098298937,199716864.0,190.46484375,resource.ru_maxrss_kib_converted_to_bytes,0.0,"{""BLIS_NUM_THREADS"": ""1"", ""MKL_DYNAMIC"": ""FALSE"", ""MKL_NUM_THREADS"": ""1"", ""NUMBA_NUM_THREADS"": ""1"", ""NUMEXPR_NUM_THREADS"": ""1"", ""OMP_DYNAMIC"": ""FALSE"", ""OMP_NUM_THREADS"": ""1"", ""OPENBLAS_NUM_THREADS"": ""1"", ""PYTHONHASHSEED"": ""0"", ""VECLIB_MAXIMUM_THREADS"": ""1""}",tree_tree,5,7,0,0.04747772600967437,8,9,10,11,21,21,medium,medium,8,uniform,"{""kind"": ""categorical"", ""probs"": [0.5, 0.35, 0.15], ""values"": [3, 4, 5]}",uniform,12,background,fast_dense,Almost every pair shares a token; the specialized dense Numba kernel should dominate sparse enumeration. Large preset: more instances and a larger structural workload.,20,20,124,127,14,16,,200.0,,42.0,7886.0,,,,,,,,,,,,,,,,,,,21.0,True,exact_agreement,5,0.0,2.1e-05,1.0,0.0,1.0,100.0,True,0.09901119447374897,0.38486965783224825,0.18018232202113196,0.555820767182796
dense_common_overlap,0,fast_sparse,fast_sparse,True,{},overlap,1000,1000,1000000,1674210,9.0,21.0,ok,,21.0,0.007253674004459754,0.007084313983796164,1.9390514540136792,1.9291661089810077,1.954946171026677,1.9409163250064012,1.9370411990093999,1.9443766920012422,0.009557361574294133,0.005325237987563014,5.0,"[1.9291661089810077, 1.9443766920012422, 1.9370411990093999, 1.954946171026677, 1.9390514540136792]",1.946305128018139,5.0,1.0,21.0,0.1111111111111111,0.047619047619047616,0.1,0.09090909090909091,fast_sparse_overlap,1000.0,1000.0,0.0,0.3224074669997208,0.1012541409872938,1.5153891100198962,9.718991350382566e-06,1.9825126809882931,926992.0,926992.0,926992.0,,,,,,,1.0,1.0,21.0,21.0,926992.0,926992.0,,622247.0,1893757.0,12401.0,926992.0,414322.0,,fast_sparse_fit,1000.0,1000.0,0.007082272000843659,0.0,0.0,0.0,0.0,0.007082272000843659,0.0,,,,,,,,,1.0,1.0,,,,0.007279887009644881,1.9240718010114506,1.9313516880210955,21.0,21.0,0.0,isolated,1,True,900.0,15.812329366017366,15.56874613801483,0.24358322800253518,363667456.0,346.8203125,resource.ru_maxrss_kib_converted_to_bytes,0.0,"{""BLIS_NUM_THREADS"": ""1"", ""MKL_DYNAMIC"": ""FALSE"", ""MKL_NUM_THREADS"": ""1"", ""NUMBA_NUM_THREADS"": ""1"", ""NUMEXPR_NUM_THREADS"": ""1"", ""OMP_DYNAMIC"": ""FALSE"", ""OMP_NUM_THREADS"": ""1"", ""OPENBLAS_NUM_THREADS"": ""1"", ""PYTHONHASHSEED"": ""0"", ""VECLIB_MAXIMUM_THREADS"": ""1""}",tree_tree,4,8,0,0.04747772600967437,8,9,10,11,21,21,medium,medium,8,uniform,"{""kind"": ""categorical"", ""probs"": [0.5, 0.35, 0.15], ""values"": [3, 4, 5]}",uniform,12,background,fast_dense,Almost every pair shares a token; the specialized dense Numba kernel should dominate sparse enumeration. Large preset: more instances and a larger structural workload.,20,20,124,127,14,16,,,,,,,,,,,,,,,,,,,,,,926992.0,1674210.0,21.0,True,exact_agreement,5,0.0,2.1e-05,1.0,0.0,1.0,100.0,True,0.001622629450948392,0.006284075816105926,0.003240001579912099,0.01248966562649713
dense_common_overlap,1,sparse_chain,generic_sparse,True,"{""method"": ""sparse_chain""}",overlap,1000,1000,1000000,1694024,9.0,21.0,ok,,21.0,0.002628831978654489,0.002573187986854464,3.0555668869928923,3.0503177310165484,3.0630020610115025,3.0553366994136013,3.051208408025559,3.0565884100215044,0.005064838786905656,0.0043584789673332125,5.0,"[3.051208408025559, 3.0565884100215044, 3.0555668869928923, 3.0630020610115025, 3.0503177310165484]",3.0581957189715467,5.0,1.0,21.0,0.1111111111111111,0.047619047619047616,0.08333333333333333,0.1111111111111111,sparse_chain,1000.0,1000.0,0.0,0.3235429650230799,1.0207048339943867,1.725208425981691,1.066399272531271e-05,3.1152109740069136,929407.0,929407.0,929407.0,,,,,,,1.0,1.0,21.0,21.0,929407.0,929407.0,True,643374.0,1927923.0,12584.0,929407.0,429181.0,True,sparse_chain_fit,1000.0,1000.0,0.0025704260042402893,0.0,0.0,0.0,0.0,0.0025704260042402893,0.0,,,,,,,,,1.0,1.0,,,False,0.0025251979823224247,3.039944620017195,3.0424698179995175,21.0,21.0,0.0,isolated,1,True,900.0,24.73218551199534,24.479711555002723,0.2524739569926169,372469760.0,355.21484375,resource.ru_maxrss_kib_converted_to_bytes,0.0,"{""BLIS_NUM_THREADS"": ""1"", ""MKL_DYNAMIC"": ""FALSE"", ""MKL_NUM_THREADS"": ""1"", ""NUMBA_NUM_THREADS"": ""1"", ""NUMEXPR_NUM_THREADS"": ""1"", ""OMP_DYNAMIC"": ""FALSE"", ""OMP_NUM_THREADS"": ""1"", ""OPENBLAS_NUM_THREADS"": ""1"", ""PYTHONHASHSEED"": ""0"", ""VECLIB_MAXIMUM_THREADS"": ""1""}",tree_tree,3,0,0,0.04690444399602711,8,9,12,9,21,21,medium,medium,8,uniform,"{""kind"": ""categorical"", ""probs"": [0.5, 0.35, 0.15], ""values"": [3, 4, 5]}",uniform,12,background,fast_dense,Almost every pair shares a token; the specialized dense Numba kernel should dominate sparse enumeration. Large preset: more instances and a larger structural workload.,20,20,119,116,8,22,,,,,,,,,,,,,,,,,,,,,,,,21.0,True,exact_agreement,5,0.0,2.1e-05,1.0,0.0,1.0,100.0,True,0.0007423689521804263,0.0038042588020422235,0.001483636498687905,0.007579682530102619
dense_common_overlap,1,beam_local_capped,generic,False,"{""beam_local_child_cap"": 16, ""beam_width"": 200, ""method"": ""beam_local""}",overlap,1000,1000,1000000,1694024,9.0,21.0,ok,,21.0,1.1740194167941809e-06,5.943991709500551e-06,0.029247506987303495,0.02910032300860621,0.029421234998153523,0.029237406799802558,0.029161277983803302,0.029256691021146253,0.00012129948879072069,8.622900350019336e-05,5.0,"[0.029161277983803302, 0.029247506987303495, 0.02910032300860621, 0.029256691021146253, 0.029421234998153523]",0.02924868100672029,5.0,1.0,21.0,0.1111111111111111,0.047619047619047616,0.08333333333333333,0.1111111111111111,beam_local,1000.0,1000.0,0.0,0.00026094401255249977,0.02675992384320125,0.004307189141400158,2.5279878173023462e-06,0.03143190999981016,9781.0,9781.0,9138.0,,27119.0,17059.0,7857.0,200.0,43.0,1.0,1.0,21.0,21.0,,,,,,,,,True,beam_local_fit,1000.0,1000.0,5.286012310534716e-06,0.0,0.0,0.0,0.0,5.286012310534716e-06,0.0,,,,,,,,,1.0,1.0,,,,2.2230087779462337e-06,0.029819703981047496,0.029821926989825442,21.0,21.0,0.0,isolated,1,True,900.0,0.4786715430091135,0.23744249698938802,0.2412290460197255,199913472.0,190.65234375,resource.ru_maxrss_kib_converted_to_bytes,0.0,"{""BLIS_NUM_THREADS"": ""1"", ""MKL_DYNAMIC"": ""FALSE"", ""MKL_NUM_THREADS"": ""1"", ""NUMBA_NUM_THREADS"": ""1"", ""NUMEXPR_NUM_THREADS"": ""1"", ""OMP_DYNAMIC"": ""FALSE"", ""OMP_NUM_THREADS"": ""1"", ""OPENBLAS_NUM_THREADS"": ""1"", ""PYTHONHASHSEED"": ""0"", ""VECLIB_MAXIMUM_THREADS"": ""1""}",tree_tree,6,1,0,0.04690444399602711,8,9,12,9,21,21,medium,medium,8,uniform,"{""kind"": ""categorical"", ""probs"": [0.5, 0.35, 0.15], ""values"": [3, 4, 5]}",uniform,12,background,fast_dense,Almost every pair shares a token; the specialized dense Numba kernel should dominate sparse enumeration. Large preset: more instances and a larger structural workload.,20,20,119,116,8,22,,200.0,16.0,42.0,7858.0,,,,,,,,,,,,,,,,,,,21.0,True,exact_agreement,5,0.0,2.1e-05,1.0,0.0,1.0,100.0,True,0.07755731075468507,0.39776726955968517,0.1439502288752819,0.5691466358129662
dense_common_overlap,1,fast_dense,fast_dense,True,{},overlap,1000,1000,1000000,1694024,9.0,21.0,ok,,21.0,0.005093188025057316,0.005213455006014556,0.020474538003327325,0.020325120975030586,0.020534840994514525,0.020447301992680876,0.020386629999848083,0.02051537999068387,8.895052377364552e-05,6.030299118719995e-05,5.0,"[0.02051537999068387, 0.020534840994514525, 0.020474538003327325, 0.020325120975030586, 0.020386629999848083]",0.02556772602838464,5.0,1.0,21.0,0.1111111111111111,0.047619047619047616,0.08333333333333333,0.1111111111111111,fast_dense_overlap,1000.0,1000.0,0.0,1.8532999092713e-05,0.0,0.021867156989173964,4.482499207369983e-05,0.02194306199089624,1000000.0,,,1000000.0,,,,,,1.0,1.0,21.0,21.0,,,,,,,,,,fast_dense_fit,1000.0,1000.0,0.0052123900095466524,0.0,0.0,0.0,0.0,0.0052123900095466524,0.0,,,,,,,,,1.0,1.0,,,,0.0053488489938899875,0.1215614840039052,0.1269103329977952,21.0,21.0,0.0,isolated,1,True,900.0,0.5872428190195933,0.28233842601184733,0.30490439300774597,205639680.0,196.11328125,resource.ru_maxrss_kib_converted_to_bytes,0.0,"{""BLIS_NUM_THREADS"": ""1"", ""MKL_DYNAMIC"": ""FALSE"", ""MKL_NUM_THREADS"": ""1"", ""NUMBA_NUM_THREADS"": ""1"", ""NUMEXPR_NUM_THREADS"": ""1"", ""OMP_DYNAMIC"": ""FALSE"", ""OMP_NUM_THREADS"": ""1"", ""OPENBLAS_NUM_THREADS"": ""1"", ""PYTHONHASHSEED"": ""0"", ""VECLIB_MAXIMUM_THREADS"": ""1""}",tree_tree,1,2,0,0.04690444399602711,8,9,12,9,21,21,medium,medium,8,uniform,"{""kind"": ""categorical"", ""probs"": [0.5, 0.35, 0.15], ""values"": [3, 4, 5]}",uniform,12,background,fast_dense,Almost every pair shares a token; the specialized dense Numba kernel should dominate sparse enumeration. Large preset: more instances and a larger structural workload.,20,20,119,116,8,22,,,,,,,,,,,,,,,,,,,,,,,,21.0,True,exact_agreement,5,0.0,2.1e-05,1.0,0.0,1.0,100.0,True,0.1107892147722937,0.45503334826685,0.19947837681338118,0.6254610573824426
dense_common_overlap,1,fast_beam_partial,fast_beam,False,"{""beam_width"": 200, ""expansion_width"": 64, ""max_nodes_per_token_side"": 8, ""max_token_types_per_expansion"": 2048, ""search"": ""partial""}",overlap,1000,1000,1000000,1694024,9.0,12.0,ok,,12.0,0.009365809994051233,0.009508183022262529,0.0022683579882141203,0.00225220900028944,0.0022840550227556378,0.0022703662049025296,0.002267121017212048,0.0022800879960414022,1.2511446898131822e-05,1.1730007827281952e-05,5.0,"[0.0022683579882141203, 0.00225220900028944, 0.0022800879960414022, 0.0022840550227556378, 0.002267121017212048]",0.011634167982265353,5.0,1.0,12.0,0.0,0.0,0.0,0.0,fast_beam_partial_overlap,1000.0,1000.0,0.0,1.906501711346209e-05,0.0015751689788885415,0.0007634490029886365,1.7230049706995487e-06,0.0024132360122166574,12951.0,12951.0,12951.0,,12951.0,3542.0,1684.0,200.0,13.0,1.0,1.0,12.0,12.0,,,,,,,,,,fast_beam_partial_fit,1000.0,1000.0,0.0095068940136116,0.0,0.0,0.0,0.0,0.0095068940136116,0.0,,,,,,,,,1.0,1.0,,,,0.00954480899963528,0.10026704901247285,0.10981185801210813,12.0,12.0,0.0,isolated,1,True,900.0,0.4227802910027094,0.1453742719895672,0.2774060190131422,202551296.0,193.16796875,resource.ru_maxrss_kib_converted_to_bytes,0.0,"{""BLIS_NUM_THREADS"": ""1"", ""MKL_DYNAMIC"": ""FALSE"", ""MKL_NUM_THREADS"": ""1"", ""NUMBA_NUM_THREADS"": ""1"", ""NUMEXPR_NUM_THREADS"": ""1"", ""OMP_DYNAMIC"": ""FALSE"", ""OMP_NUM_THREADS"": ""1"", ""OPENBLAS_NUM_THREADS"": ""1"", ""PYTHONHASHSEED"": ""0"", ""VECLIB_MAXIMUM_THREADS"": ""1""}",tree_tree,8,3,0,0.04690444399602711,8,9,12,9,21,21,medium,medium,8,uniform,"{""kind"": ""categorical"", ""probs"": [0.5, 0.35, 0.15], ""values"": [3, 4, 5]}",uniform,12,background,fast_dense,Almost every pair shares a token; the specialized dense Numba kernel should dominate sparse enumeration. Large preset: more instances and a larger structural workload.,20,20,119,116,8,22,,200.0,,,1685.0,,,,,,,descending_token_weight_first_descendants,7348.0,64.0,8.0,2048.0,21.0,True,8.0,20299.0,13121.0,,,21.0,True,exact_agreement,5,0.0,2.1e-05,0.5714285714285714,9.0,0.5714285714285714,57.14285714285714,True,1.0,1.0,0.7272727272727273,0.7272727272727273
dense_common_overlap,1,beam_partial_score,generic,False,"{""beam_balance_penalty"": 0.0, ""beam_candidate_future_weight"": 0.0, ""beam_expansion_width"": 64, ""beam_gap_penalty"": 0.0, ""beam_lookahead"": false, ""beam_n_restarts"": 1, ""beam_priority_future_weight"": 0.0, ""beam_priority_length_weight"": 0.0, ""beam_random_fraction"": 0.0, ""beam_rarity_weight"": 0.0, ""beam_symmetric"": false, ""beam_width"": 200, ""candidate_select_mode"": ""first"", ""method"": ""beam"", ""seed"": 0}",overlap,1000,1000,1000000,1694024,9.0,2.0,ok,,2.0,1.7389829736202955e-06,9.089009836316109e-06,0.5992736220068764,0.5863264630024787,0.6024949029961135,0.5967284330050461,0.595979565026937,0.5995676119928248,0.0062560547416185604,0.0032212809892371297,5.0,"[0.5863264630024787, 0.5992736220068764, 0.595979565026937, 0.6024949029961135, 0.5995676119928248]",0.59927536098985,5.0,1.0,2.0,0.0,0.0,0.0,0.0,beam_partial,1000.0,1000.0,0.0,0.10436640999978408,0.4859134649450425,0.00015337005606852472,2.550979843363166e-06,0.592073364998214,6193.0,89.0,89.0,,89.0,89.0,89.0,64.0,3.0,1.0,1.0,2.0,2.0,,,,,,,,,True,beam_fit,1000.0,1000.0,8.082017302513123e-06,0.0,0.0,0.0,0.0,8.082017302513123e-06,0.0,,,,,,,,,1.0,1.0,,,,2.4320033844560385e-06,0.5878987619944382,0.5879011939978227,2.0,2.0,0.0,isolated,1,True,900.0,4.991582201997517,4.7432607500231825,0.2483214519743342,199913472.0,190.65234375,resource.ru_maxrss_kib_converted_to_bytes,0.0,"{""BLIS_NUM_THREADS"": ""1"", ""MKL_DYNAMIC"": ""FALSE"", ""MKL_NUM_THREADS"": ""1"", ""NUMBA_NUM_THREADS"": ""1"", ""NUMEXPR_NUM_THREADS"": ""1"", ""OMP_DYNAMIC"": ""FALSE"", ""OMP_NUM_THREADS"": ""1"", ""OPENBLAS_NUM_THREADS"": ""1"", ""PYTHONHASHSEED"": ""0"", ""VECLIB_MAXIMUM_THREADS"": ""1""}",tree_tree,7,4,0,0.04690444399602711,8,9,12,9,21,21,medium,medium,8,uniform,"{""kind"": ""categorical"", ""probs"": [0.5, 0.35, 0.15], ""values"": [3, 4, 5]}",uniform,12,background,fast_dense,Almost every pair shares a token; the specialized dense Numba kernel should dominate sparse enumeration. Large preset: more instances and a larger structural workload.,20,20,119,116,8,22,,,,,,,31684.0,0.0,[2.0],0.0,"{""beam_width"": 200, ""expansion_width"": 64, ""label_pair_preprocessing_score_evaluations"": 31684, ""lookahead_enabled"": false, ""maximum_matching_length"": 21, ""positive_label_pair_types"": 30399, ""state_pool_size"": 90}",,,,,,,,,,,,,21.0,True,exact_agreement,5,0.0,2.1e-05,0.09523809523809523,19.0,0.09523809523809523,9.523809523809524,True,0.003785179098351991,0.01941372654308476,0.007280980150934245,0.03225289068612329
dense_common_overlap,1,exact_dense,generic,True,"{""method"": ""exact""}",overlap,1000,1000,1000000,1694024,9.0,21.0,ok,,21.0,2.0239967852830887e-06,1.0065996320918202e-05,1.158391377015505,1.1478747639921494,1.169773294008337,1.1576080268016085,1.1485399219964165,1.1634607769956347,0.00948457930377428,0.009851455019088462,5.0,"[1.1634607769956347, 1.1478747639921494, 1.169773294008337, 1.1485399219964165, 1.158391377015505]",1.1583934010122903,5.0,1.0,21.0,0.1111111111111111,0.047619047619047616,0.08333333333333333,0.1111111111111111,exact_dense,1000.0,1000.0,0.0,0.00012343397247605026,0.0,1.191318441007752,0.0018483079911675304,1.1935473830089904,1000000.0,,929407.0,1000000.0,,,,,,1.0,1.0,21.0,21.0,,,,,,,,,True,exact_fit,1000.0,1000.0,8.998002158477902e-06,0.0,0.0,0.0,0.0,8.998002158477902e-06,0.0,,,,,,,,,1.0,1.0,,,,2.6130001060664654e-06,1.1747147759888321,1.1747173889889382,21.0,21.0,0.0,isolated,1,True,900.0,9.589630775008118,9.333532756980276,0.25609801802784204,199913472.0,190.65234375,resource.ru_maxrss_kib_converted_to_bytes,0.0,"{""BLIS_NUM_THREADS"": ""1"", ""MKL_DYNAMIC"": ""FALSE"", ""MKL_NUM_THREADS"": ""1"", ""NUMBA_NUM_THREADS"": ""1"", ""NUMEXPR_NUM_THREADS"": ""1"", ""OMP_DYNAMIC"": ""FALSE"", ""OMP_NUM_THREADS"": ""1"", ""OPENBLAS_NUM_THREADS"": ""1"", ""PYTHONHASHSEED"": ""0"", ""VECLIB_MAXIMUM_THREADS"": ""1""}",tree_tree,0,5,0,0.04690444399602711,8,9,12,9,21,21,medium,medium,8,uniform,"{""kind"": ""categorical"", ""probs"": [0.5, 0.35, 0.15], ""values"": [3, 4, 5]}",uniform,12,background,fast_dense,Almost every pair shares a token; the specialized dense Numba kernel should dominate sparse enumeration. Large preset: more instances and a larger structural workload.,20,20,119,116,8,22,,,,,,,,,,,,,,,,,,,,,,,,21.0,True,exact_agreement,5,0.0,2.1e-05,1.0,0.0,1.0,100.0,True,0.001958196541533612,0.01004336520917553,0.003908739003868092,0.019886998034179638
dense_common_overlap,1,beam_local,generic,False,"{""beam_local_child_cap"": null, ""beam_width"": 200, ""method"": ""beam_local""}",overlap,1000,1000,1000000,1694024,9.0,20.0,ok,,20.0,1.4049874152988195e-06,8.244998753070831e-06,0.03163825598312542,0.0312864699808415,0.03196163900429383,0.03161873099743388,0.03151920001255348,0.031688090006355196,0.000246516530100786,0.00011905597057193518,5.0,"[0.0312864699808415, 0.03196163900429383, 0.03151920001255348, 0.03163825598312542, 0.031688090006355196]",0.03163966097054072,5.0,1.0,20.0,0.1111111111111111,0.05,0.75,0.1111111111111111,beam_local,1000.0,1000.0,0.0,0.00025298100081272423,0.028910374909173697,0.004809194098925218,3.3410033211112022e-06,0.03411308900103904,10214.0,10214.0,9529.0,,28230.0,18570.0,7892.0,200.0,43.0,1.0,1.0,20.0,20.0,,,,,,,,,True,beam_local_fit,1000.0,1000.0,7.128983270376921e-06,0.0,0.0,0.0,0.0,7.128983270376921e-06,0.0,,,,,,,,,1.0,1.0,,,,2.582004526630044e-06,0.0324756040063221,0.03247818601084873,20.0,20.0,0.0,isolated,1,True,900.0,0.5057606190093793,0.25682006700662896,0.24894055200275034,199913472.0,190.65234375,resource.ru_maxrss_kib_converted_to_bytes,0.0,"{""BLIS_NUM_THREADS"": ""1"", ""MKL_DYNAMIC"": ""FALSE"", ""MKL_NUM_THREADS"": ""1"", ""NUMBA_NUM_THREADS"": ""1"", ""NUMEXPR_NUM_THREADS"": ""1"", ""OMP_DYNAMIC"": ""FALSE"", ""OMP_NUM_THREADS"": ""1"", ""OPENBLAS_NUM_THREADS"": ""1"", ""PYTHONHASHSEED"": ""0"", ""VECLIB_MAXIMUM_THREADS"": ""1""}",tree_tree,5,6,0,0.04690444399602711,8,9,12,9,21,21,medium,medium,8,uniform,"{""kind"": ""categorical"", ""probs"": [0.5, 0.35, 0.15], ""values"": [3, 4, 5]}",uniform,12,background,fast_dense,Almost every pair shares a token; the specialized dense Numba kernel should dominate sparse enumeration. Large preset: more instances and a larger structural workload.,20,20,119,116,8,22,,200.0,,42.0,7893.0,,,,,,,,,,,,,,,,,,,21.0,True,exact_agreement,5,0.0,2.1e-05,0.9523809523809523,1.0,0.9523809523809523,95.23809523809523,True,0.07169668231472594,0.367708364293087,0.13335425415426547,0.5305677998610218
dense_common_overlap,1,fast_sparse,fast_sparse,True,{},overlap,1000,1000,1000000,1694024,9.0,21.0,ok,,21.0,0.0071689610194880515,0.007237849000375718,1.965822719008429,1.9490349120169412,1.9774866059888154,1.9660187520086765,1.9646145240112673,1.9731349990179297,0.0108698407586916,0.007312280009500682,5.0,"[1.9646145240112673, 1.965822719008429, 1.9774866059888154, 1.9731349990179297, 1.9490349120169412]",1.972991680027917,5.0,1.0,21.0,0.1111111111111111,0.047619047619047616,0.08333333333333333,0.1111111111111111,fast_sparse_overlap,1000.0,1000.0,0.0,0.32683849401655607,0.10016144599649124,1.5446364849922247,9.495008271187544e-06,2.0144539269967936,929407.0,929407.0,929407.0,,,,,,,1.0,1.0,21.0,21.0,929407.0,929407.0,,643374.0,1927923.0,12584.0,929407.0,429181.0,,fast_sparse_fit,1000.0,1000.0,0.0072362459904979914,0.0,0.0,0.0,0.0,0.0072362459904979914,0.0,,,,,,,,,1.0,1.0,,,,0.007310031011002138,1.9470492959953845,1.9543593270063866,21.0,21.0,0.0,isolated,1,True,900.0,16.005945484997937,15.760503331985092,0.24544215301284567,365654016.0,348.71484375,resource.ru_maxrss_kib_converted_to_bytes,0.0,"{""BLIS_NUM_THREADS"": ""1"", ""MKL_DYNAMIC"": ""FALSE"", ""MKL_NUM_THREADS"": ""1"", ""NUMBA_NUM_THREADS"": ""1"", ""NUMEXPR_NUM_THREADS"": ""1"", ""OMP_DYNAMIC"": ""FALSE"", ""OMP_NUM_THREADS"": ""1"", ""OPENBLAS_NUM_THREADS"": ""1"", ""PYTHONHASHSEED"": ""0"", ""VECLIB_MAXIMUM_THREADS"": ""1""}",tree_tree,4,7,0,0.04690444399602711,8,9,12,9,21,21,medium,medium,8,uniform,"{""kind"": ""categorical"", ""probs"": [0.5, 0.35, 0.15], ""values"": [3, 4, 5]}",uniform,12,background,fast_dense,Almost every pair shares a token; the specialized dense Numba kernel should dominate sparse enumeration. Large preset: more instances and a larger structural workload.,20,20,119,116,8,22,,,,,,,,,,,,,,,,,,,,,,929407.0,1694024.0,21.0,True,exact_agreement,5,0.0,2.1e-05,1.0,0.0,1.0,100.0,True,0.0011538975342386376,0.00589671416257606,0.002305135178678511,0.011724293517521155
dense_common_overlap,1,sparse_closure,generic_sparse,True,"{""method"": ""sparse""}",overlap,1000,1000,1000000,1694024,9.0,21.0,ok,,21.0,0.002458103990647942,0.0024373620108235627,1.7849346750008408,1.7820102809928358,1.8146943640022073,1.79298123359913,1.784845721005695,1.7984211269940715,0.013714480883108233,0.002924394008005038,5.0,"[1.7984211269940715, 1.7849346750008408, 1.7820102809928358, 1.784845721005695, 1.8146943640022073]",1.7873927789914887,5.0,1.0,21.0,0.1111111111111111,0.047619047619047616,0.08333333333333333,0.1111111111111111,sparse_closure,1000.0,1000.0,0.0,0.03917109299800359,0.03314343697275035,1.7860686120111495,1.902598887681961e-05,1.8876305560115725,929407.0,929407.0,929407.0,991956.0,,,,,,1.0,1.0,21.0,21.0,,,True,,,,,,True,sparse_fit,1000.0,1000.0,0.0024347069847863168,0.0,0.0,0.0,0.0,0.0024347069847863168,0.0,,,,,,,,,1.0,1.0,,,False,0.002512995997676626,1.8188975730154198,1.8214105690130964,21.0,21.0,0.0,isolated,1,True,900.0,14.739101926999865,14.494889199006138,0.24421272799372673,328695808.0,313.46875,resource.ru_maxrss_kib_converted_to_bytes,0.0,"{""BLIS_NUM_THREADS"": ""1"", ""MKL_DYNAMIC"": ""FALSE"", ""MKL_NUM_THREADS"": ""1"", ""NUMBA_NUM_THREADS"": ""1"", ""NUMEXPR_NUM_THREADS"": ""1"", ""OMP_DYNAMIC"": ""FALSE"", ""OMP_NUM_THREADS"": ""1"", ""OPENBLAS_NUM_THREADS"": ""1"", ""PYTHONHASHSEED"": ""0"", ""VECLIB_MAXIMUM_THREADS"": ""1""}",tree_tree,2,8,0,0.04690444399602711,8,9,12,9,21,21,medium,medium,8,uniform,"{""kind"": ""categorical"", ""probs"": [0.5, 0.35, 0.15], ""values"": [3, 4, 5]}",uniform,12,background,fast_dense,Almost every pair shares a token; the specialized dense Numba kernel should dominate sparse enumeration. Large preset: more instances and a larger structural workload.,20,20,119,116,8,22,,,,,,993957.0,,,,,,,,,,,,,,,,,,21.0,True,exact_agreement,5,0.0,2.1e-05,1.0,0.0,1.0,100.0,True,0.0012708352972150376,0.00650901588000695,0.0025384446493696296,0.012933845156500687
dense_common_overlap,2,beam_local_capped,generic,False,"{""beam_local_child_cap"": 16, ""beam_width"": 200, ""method"": ""beam_local""}",overlap,1000,1000,1000000,1654798,11.0,21.0,ok,,21.0,1.4970137272030115e-06,7.940980140119791e-06,0.032011180999688804,0.030885333981132135,0.03255339598399587,0.03192305299453437,0.03194245201302692,0.032222901994828135,0.0006269460354224902,0.00021172099513933063,5.0,"[0.032011180999688804, 0.03255339598399587, 0.03194245201302692, 0.032222901994828135, 0.030885333981132135]",0.03201267801341601,5.0,1.0,21.0,0.36363636363636365,0.19047619047619047,0.8181818181818182,0.4166666666666667,beam_local,1000.0,1000.0,0.0,0.00027044699527323246,0.02904489790671505,0.00493285310221836,2.9460061341524124e-06,0.034387588006211445,9998.0,9998.0,9225.0,,27110.0,18733.0,7836.0,200.0,43.0,1.0,1.0,21.0,21.0,,,,,,,,,True,beam_local_fit,1000.0,1000.0,6.959016900509596e-06,0.0,0.0,0.0,0.0,6.959016900509596e-06,0.0,,,,,,,,,1.0,1.0,,,,2.5590125005692244e-06,0.032648865977535024,0.032651424990035594,21.0,21.0,0.0,isolated,1,True,900.0,0.4974163890001364,0.25923864799551666,0.23817774100461975,199913472.0,190.65234375,resource.ru_maxrss_kib_converted_to_bytes,0.0,"{""BLIS_NUM_THREADS"": ""1"", ""MKL_DYNAMIC"": ""FALSE"", ""MKL_NUM_THREADS"": ""1"", ""NUMBA_NUM_THREADS"": ""1"", ""NUMEXPR_NUM_THREADS"": ""1"", ""OMP_DYNAMIC"": ""FALSE"", ""OMP_NUM_THREADS"": ""1"", ""OPENBLAS_NUM_THREADS"": ""1"", ""PYTHONHASHSEED"": ""0"", ""VECLIB_MAXIMUM_THREADS"": ""1""}",tree_tree,6,0,0,0.047131544997682795,8,11,11,12,21,21,medium,medium,8,uniform,"{""kind"": ""categorical"", ""probs"": [0.5, 0.35, 0.15], ""values"": [3, 4, 5]}",uniform,12,background,fast_dense,Almost every pair shares a token; the specialized dense Numba kernel should dominate sparse enumeration. Large preset: more instances and a larger structural workload.,20,20,129,125,15,15,,200.0,16.0,42.0,7837.0,,,,,,,,,,,,,,,,,,,21.0,True,exact_agreement,5,0.0,2.1e-05,1.0,0.0,1.0,100.0,True,0.0445937631743161,0.3315526748977954,0.08538010611666755,0.49799408036673287
dense_common_overlap,2,fast_dense,fast_dense,True,{},overlap,1000,1000,1000000,1654798,11.0,21.0,ok,,21.0,0.005146967014297843,0.005194466997636482,0.020087580021936446,0.020068384998012334,0.02011380999465473,0.020087626005988568,0.020076765009434894,0.020091590005904436,1.7244523090072474e-05,1.0815012501552701e-05,5.0,"[0.02011380999465473, 0.020087580021936446, 0.020068384998012334, 0.020091590005904436, 0.020076765009434894]",0.02523454703623429,5.0,1.0,21.0,0.09090909090909091,0.047619047619047616,0.09090909090909091,0.16666666666666666,fast_dense_overlap,1000.0,1000.0,0.0,1.770601375028491e-05,0.0,0.02166392799699679,3.834199742414057e-05,0.021732074994361028,1000000.0,,,1000000.0,,,,,,1.0,1.0,21.0,21.0,,,,,,,,,,fast_dense_fit,1000.0,1000.0,0.005193066986976191,0.0,0.0,0.0,0.0,0.005193066986976191,0.0,,,,,,,,,1.0,1.0,,,,0.005257215001620352,0.1203971249924507,0.12565433999407105,21.0,21.0,0.0,isolated,1,True,900.0,0.5558973609877285,0.27880556098534726,0.2770918000023812,205324288.0,195.8125,resource.ru_maxrss_kib_converted_to_bytes,0.0,"{""BLIS_NUM_THREADS"": ""1"", ""MKL_DYNAMIC"": ""FALSE"", ""MKL_NUM_THREADS"": ""1"", ""NUMBA_NUM_THREADS"": ""1"", ""NUMEXPR_NUM_THREADS"": ""1"", ""OMP_DYNAMIC"": ""FALSE"", ""OMP_NUM_THREADS"": ""1"", ""OPENBLAS_NUM_THREADS"": ""1"", ""PYTHONHASHSEED"": ""0"", ""VECLIB_MAXIMUM_THREADS"": ""1""}",tree_tree,1,1,0,0.047131544997682795,8,11,11,12,21,21,medium,medium,8,uniform,"{""kind"": ""categorical"", ""probs"": [0.5, 0.35, 0.15], ""values"": [3, 4, 5]}",uniform,12,background,fast_dense,Almost every pair shares a token; the specialized dense Numba kernel should dominate sparse enumeration. Large preset: more instances and a larger structural workload.,20,20,129,125,15,15,,,,,,,,,,,,,,,,,,,,,,,,21.0,True,exact_agreement,5,0.0,2.1e-05,1.0,0.0,1.0,100.0,True,0.07106376292571845,0.42060945301492575,0.13269753937263384,0.5921535325874064
dense_common_overlap,2,fast_beam_partial,fast_beam,False,"{""beam_width"": 200, ""expansion_width"": 64, ""max_nodes_per_token_side"": 8, ""max_token_types_per_expansion"": 2048, ""search"": ""partial""}",overlap,1000,1000,1000000,1654798,11.0,9.0,ok,,9.0,0.00918639000155963,0.00933698599692434,0.0014274990244302899,0.0014161680010147393,0.0014641390007454902,0.0014321896072942764,0.0014225900231394917,0.0014305519871413708,1.8670103059376018e-05,4.909001290798187e-06,5.0,"[0.0014641390007454902, 0.0014161680010147393, 0.0014274990244302899, 0.0014225900231394917, 0.0014305519871413708]",0.01061388902598992,5.0,1.0,9.0,0.0,0.0,0.0,0.0,fast_beam_partial_overlap,1000.0,1000.0,0.0,1.9208004232496023e-05,0.0009743390546645969,0.0004893569566775113,1.6230042092502117e-06,0.001529850997030735,7355.0,7355.0,7355.0,,7355.0,1687.0,1245.0,200.0,10.0,1.0,1.0,9.0,9.0,,,,,,,,,,fast_beam_partial_fit,1000.0,1000.0,0.009335768991149962,0.0,0.0,0.0,0.0,0.009335768991149962,0.0,,,,,,,,,1.0,1.0,,,,0.009572556999046355,0.09929231498972513,0.10886487198877148,9.0,9.0,0.0,isolated,1,True,900.0,0.41279358699102886,0.13806868399842642,0.27472490299260244,202145792.0,192.78125,resource.ru_maxrss_kib_converted_to_bytes,0.0,"{""BLIS_NUM_THREADS"": ""1"", ""MKL_DYNAMIC"": ""FALSE"", ""MKL_NUM_THREADS"": ""1"", ""NUMBA_NUM_THREADS"": ""1"", ""NUMEXPR_NUM_THREADS"": ""1"", ""OMP_DYNAMIC"": ""FALSE"", ""OMP_NUM_THREADS"": ""1"", ""OPENBLAS_NUM_THREADS"": ""1"", ""PYTHONHASHSEED"": ""0"", ""VECLIB_MAXIMUM_THREADS"": ""1""}",tree_tree,8,2,0,0.047131544997682795,8,11,11,12,21,21,medium,medium,8,uniform,"{""kind"": ""categorical"", ""probs"": [0.5, 0.35, 0.15], ""values"": [3, 4, 5]}",uniform,12,background,fast_dense,Almost every pair shares a token; the specialized dense Numba kernel should dominate sparse enumeration. Large preset: more instances and a larger structural workload.,20,20,129,125,15,15,,200.0,,,1246.0,,,,,,,descending_token_weight_first_descendants,4349.0,64.0,8.0,2048.0,21.0,True,8.0,11704.0,9801.0,,,21.0,True,exact_agreement,5,0.0,2.1e-05,0.42857142857142855,12.0,0.42857142857142855,42.857142857142854,True,1.0,1.0,0.6,0.6
dense_common_overlap,2,beam_partial_score,generic,False,"{""beam_balance_penalty"": 0.0, ""beam_candidate_future_weight"": 0.0, ""beam_expansion_width"": 64, ""beam_gap_penalty"": 0.0, ""beam_lookahead"": false, ""beam_n_restarts"": 1, ""beam_priority_future_weight"": 0.0, ""beam_priority_length_weight"": 0.0, ""beam_random_fraction"": 0.0, ""beam_rarity_weight"": 0.0, ""beam_symmetric"": false, ""beam_width"": 200, ""candidate_select_mode"": ""first"", ""method"": ""beam"", ""seed"": 0}",overlap,1000,1000,1000000,1654798,11.0,2.0,ok,,2.0,1.6269914340227842e-06,8.204980986192822e-06,0.5712009390117601,0.5665882210014388,0.5809623880195431,0.5730750728107523,0.5683127060183324,0.5783111100026872,0.006282865350224603,0.0046127180103212595,5.0,"[0.5665882210014388, 0.5783111100026872, 0.5712009390117601, 0.5683127060183324, 0.5809623880195431]",0.5712025660031941,5.0,1.0,2.0,0.0,0.0,0.0,0.0,beam_partial,1000.0,1000.0,0.0,0.10398633099975996,0.47623856508289464,0.00011834493489004672,1.4510005712509155e-06,0.5814662729972042,6128.0,83.0,83.0,,83.0,83.0,83.0,64.0,3.0,1.0,1.0,2.0,2.0,,,,,,,,,True,beam_fit,1000.0,1000.0,7.0699898060411215e-06,0.0,0.0,0.0,0.0,7.0699898060411215e-06,0.0,,,,,,,,,1.0,1.0,,,,2.1259766072034836e-06,0.5668093959975522,0.5668115219741594,2.0,2.0,0.0,isolated,1,True,900.0,4.822497815010138,4.582964355009608,0.23953346000052989,199913472.0,190.65234375,resource.ru_maxrss_kib_converted_to_bytes,0.0,"{""BLIS_NUM_THREADS"": ""1"", ""MKL_DYNAMIC"": ""FALSE"", ""MKL_NUM_THREADS"": ""1"", ""NUMBA_NUM_THREADS"": ""1"", ""NUMEXPR_NUM_THREADS"": ""1"", ""OMP_DYNAMIC"": ""FALSE"", ""OMP_NUM_THREADS"": ""1"", ""OPENBLAS_NUM_THREADS"": ""1"", ""PYTHONHASHSEED"": ""0"", ""VECLIB_MAXIMUM_THREADS"": ""1""}",tree_tree,7,3,0,0.047131544997682795,8,11,11,12,21,21,medium,medium,8,uniform,"{""kind"": ""categorical"", ""probs"": [0.5, 0.35, 0.15], ""values"": [3, 4, 5]}",uniform,12,background,fast_dense,Almost every pair shares a token; the specialized dense Numba kernel should dominate sparse enumeration. Large preset: more instances and a larger structural workload.,20,20,129,125,15,15,,,,,,,31683.0,0.0,[2.0],0.0,"{""beam_width"": 200, ""expansion_width"": 64, ""label_pair_preprocessing_score_evaluations"": 31683, ""lookahead_enabled"": false, ""maximum_matching_length"": 21, ""positive_label_pair_types"": 30389, ""state_pool_size"": 84}",,,,,,,,,,,,,21.0,True,exact_agreement,5,0.0,2.1e-05,0.09523809523809523,19.0,0.09523809523809523,9.523809523809524,True,0.002499118833557975,0.01858165501646323,0.0048704338412433315,0.031096210037035815
dense_common_overlap,2,exact_dense,generic,True,"{""method"": ""exact""}",overlap,1000,1000,1000000,1654798,11.0,21.0,ok,,21.0,2.155022229999304e-06,9.60598117671907e-06,1.1327001119789202,1.113685232005082,1.1521103180130012,1.1298547970014625,1.1146453080000356,1.136133015010273,0.01609039653053055,0.018054803978884593,5.0,"[1.136133015010273, 1.113685232005082, 1.1521103180130012, 1.1146453080000356, 1.1327001119789202]",1.1327022670011502,5.0,1.0,21.0,0.09090909090909091,0.047619047619047616,0.09090909090909091,0.16666666666666666,exact_dense,1000.0,1000.0,0.0,0.0001217359967995435,0.0,1.1706571020185947,0.0019569080031942576,1.173015894019045,1000000.0,,924226.0,1000000.0,,,,,,1.0,1.0,21.0,21.0,,,,,,,,,True,exact_fit,1000.0,1000.0,8.495990186929703e-06,0.0,0.0,0.0,0.0,8.495990186929703e-06,0.0,,,,,,,,,1.0,1.0,,,,2.0980078261345625e-06,1.1382575099996757,1.1382596080075018,21.0,21.0,0.0,isolated,1,True,900.0,9.339838442014297,9.106760540016694,0.23307790199760348,199913472.0,190.65234375,resource.ru_maxrss_kib_converted_to_bytes,0.0,"{""BLIS_NUM_THREADS"": ""1"", ""MKL_DYNAMIC"": ""FALSE"", ""MKL_NUM_THREADS"": ""1"", ""NUMBA_NUM_THREADS"": ""1"", ""NUMEXPR_NUM_THREADS"": ""1"", ""OMP_DYNAMIC"": ""FALSE"", ""OMP_NUM_THREADS"": ""1"", ""OPENBLAS_NUM_THREADS"": ""1"", ""PYTHONHASHSEED"": ""0"", ""VECLIB_MAXIMUM_THREADS"": ""1""}",tree_tree,0,4,0,0.047131544997682795,8,11,11,12,21,21,medium,medium,8,uniform,"{""kind"": ""categorical"", ""probs"": [0.5, 0.35, 0.15], ""values"": [3, 4, 5]}",uniform,12,background,fast_dense,Almost every pair shares a token; the specialized dense Numba kernel should dominate sparse enumeration. Large preset: more instances and a larger structural workload.,20,20,129,125,15,15,,,,,,,,,,,,,,,,,,,,,,,,21.0,True,exact_agreement,5,0.0,2.1e-05,1.0,0.0,1.0,100.0,True,0.0012602621023285075,0.009370413863556911,0.0025173516817342924,0.018566848670925222
dense_common_overlap,2,beam_local,generic,False,"{""beam_local_child_cap"": null, ""beam_width"": 200, ""method"": ""beam_local""}",overlap,1000,1000,1000000,1654798,11.0,21.0,ok,,21.0,9.920040611177683e-07,6.212998414412141e-06,0.03128653799649328,0.031236004986567423,0.03160628798650578,0.031340613996144386,0.03127967400359921,0.03129456500755623,0.00015023657994882767,8.027011062949896e-06,5.0,"[0.031236004986567423, 0.03160628798650578, 0.03129456500755623, 0.03127967400359921, 0.03128653799649328]",0.0312875300005544,5.0,1.0,21.0,0.36363636363636365,0.19047619047619047,0.8181818181818182,0.4166666666666667,beam_local,1000.0,1000.0,0.0,0.00025111399008892477,0.028501765977125615,0.004956201009918004,2.5279878173023462e-06,0.03381565399467945,9998.0,9998.0,9225.0,,27110.0,18733.0,7836.0,200.0,43.0,1.0,1.0,21.0,21.0,,,,,,,,,True,beam_local_fit,1000.0,1000.0,5.506008164957166e-06,0.0,0.0,0.0,0.0,5.506008164957166e-06,0.0,,,,,,,,,1.0,1.0,,,,2.5279878173023462e-06,0.031898806017125025,0.03190133400494233,21.0,21.0,0.0,isolated,1,True,900.0,0.4926400230033323,0.2542683220235631,0.23837170097976923,199913472.0,190.65234375,resource.ru_maxrss_kib_converted_to_bytes,0.0,"{""BLIS_NUM_THREADS"": ""1"", ""MKL_DYNAMIC"": ""FALSE"", ""MKL_NUM_THREADS"": ""1"", ""NUMBA_NUM_THREADS"": ""1"", ""NUMEXPR_NUM_THREADS"": ""1"", ""OMP_DYNAMIC"": ""FALSE"", ""OMP_NUM_THREADS"": ""1"", ""OPENBLAS_NUM_THREADS"": ""1"", ""PYTHONHASHSEED"": ""0"", ""VECLIB_MAXIMUM_THREADS"": ""1""}",tree_tree,5,5,0,0.047131544997682795,8,11,11,12,21,21,medium,medium,8,uniform,"{""kind"": ""categorical"", ""probs"": [0.5, 0.35, 0.15], ""values"": [3, 4, 5]}",uniform,12,background,fast_dense,Almost every pair shares a token; the specialized dense Numba kernel should dominate sparse enumeration. Large preset: more instances and a larger structural workload.,20,20,129,125,15,15,,200.0,,42.0,7837.0,,,,,,,,,,,,,,,,,,,21.0,True,exact_agreement,5,0.0,2.1e-05,1.0,0.0,1.0,100.0,True,0.04562662141110946,0.339237038711648,0.08727134615133411,0.5066123903472616
dense_common_overlap,2,fast_sparse,fast_sparse,True,{},overlap,1000,1000,1000000,1654798,11.0,21.0,ok,,21.0,0.007444288989063352,0.007501854008296505,1.9694218359945808,1.9441746789962053,2.016873491986189,1.972834981395863,1.9458498820022214,1.9878550180001184,0.030521508805522148,0.02357195399235934,5.0,"[1.9441746789962053, 1.9694218359945808, 1.9878550180001184, 2.016873491986189, 1.9458498820022214]",1.9768661249836441,5.0,1.0,21.0,0.09090909090909091,0.047619047619047616,0.09090909090909091,0.08333333333333333,fast_sparse_overlap,1000.0,1000.0,0.0,0.33033408800838515,0.10012519898009486,1.5281712200085167,8.043978596106172e-06,2.002630812989082,924226.0,924226.0,924226.0,,,,,,,1.0,1.0,21.0,21.0,924226.0,924226.0,,620057.0,1826241.0,12393.0,924226.0,397409.0,,fast_sparse_fit,1000.0,1000.0,0.007500197010813281,0.0,0.0,0.0,0.0,0.007500197010813281,0.0,,,,,,,,,1.0,1.0,,,,0.0073975239938590676,1.9523856019950472,1.9597831259889062,21.0,21.0,0.0,isolated,1,True,900.0,16.030243727989728,15.784669613989536,0.2455741140001919,361684992.0,344.9296875,resource.ru_maxrss_kib_converted_to_bytes,0.0,"{""BLIS_NUM_THREADS"": ""1"", ""MKL_DYNAMIC"": ""FALSE"", ""MKL_NUM_THREADS"": ""1"", ""NUMBA_NUM_THREADS"": ""1"", ""NUMEXPR_NUM_THREADS"": ""1"", ""OMP_DYNAMIC"": ""FALSE"", ""OMP_NUM_THREADS"": ""1"", ""OPENBLAS_NUM_THREADS"": ""1"", ""PYTHONHASHSEED"": ""0"", ""VECLIB_MAXIMUM_THREADS"": ""1""}",tree_tree,4,6,0,0.047131544997682795,8,11,11,12,21,21,medium,medium,8,uniform,"{""kind"": ""categorical"", ""probs"": [0.5, 0.35, 0.15], ""values"": [3, 4, 5]}",uniform,12,background,fast_dense,Almost every pair shares a token; the specialized dense Numba kernel should dominate sparse enumeration. Large preset: more instances and a larger structural workload.,20,20,129,125,15,15,,,,,,,,,,,,,,,,,,,,,,924226.0,1654798.0,21.0,True,exact_agreement,5,0.0,2.1e-05,1.0,0.0,1.0,100.0,True,0.0007248315207744137,0.005369047955170831,0.0014486130411551933,0.010680750448983855
dense_common_overlap,2,sparse_closure,generic_sparse,True,"{""method"": ""sparse""}",overlap,1000,1000,1000000,1654798,11.0,21.0,ok,,21.0,0.002483670017682016,0.002369593014009297,1.780146703007631,1.7684902070031967,1.7948908359976485,1.7795603478036355,1.770810372021515,1.7834636209881864,0.010603222573520945,0.009336330986116081,5.0,"[1.770810372021515, 1.7684902070031967, 1.780146703007631, 1.7948908359976485, 1.7834636209881864]",1.782630373025313,5.0,1.0,21.0,0.09090909090909091,0.047619047619047616,0.09090909090909091,0.16666666666666666,sparse_closure,1000.0,1000.0,0.0,0.038937532022828236,0.03202055097790435,1.7928994669928215,2.3617001716047525e-05,1.895092315011425,924226.0,924226.0,924226.0,991499.0,,,,,,1.0,1.0,21.0,21.0,,,True,,,,,,True,sparse_fit,1000.0,1000.0,0.0023676179989706725,0.0,0.0,0.0,0.0,0.0023676179989706725,0.0,,,,,,,,,1.0,1.0,,,False,0.0025087489921133965,1.7741096910031047,1.776618439995218,21.0,21.0,0.0,isolated,1,True,900.0,14.578184246987803,14.335063753998838,0.24312049298896454,328552448.0,313.33203125,resource.ru_maxrss_kib_converted_to_bytes,0.0,"{""BLIS_NUM_THREADS"": ""1"", ""MKL_DYNAMIC"": ""FALSE"", ""MKL_NUM_THREADS"": ""1"", ""NUMBA_NUM_THREADS"": ""1"", ""NUMEXPR_NUM_THREADS"": ""1"", ""OMP_DYNAMIC"": ""FALSE"", ""OMP_NUM_THREADS"": ""1"", ""OPENBLAS_NUM_THREADS"": ""1"", ""PYTHONHASHSEED"": ""0"", ""VECLIB_MAXIMUM_THREADS"": ""1""}",tree_tree,2,7,0,0.047131544997682795,8,11,11,12,21,21,medium,medium,8,uniform,"{""kind"": ""categorical"", ""probs"": [0.5, 0.35, 0.15], ""values"": [3, 4, 5]}",uniform,12,background,fast_dense,Almost every pair shares a token; the specialized dense Numba kernel should dominate sparse enumeration. Large preset: more instances and a larger structural workload.,20,20,129,125,15,15,,,,,,993500.0,,,,,,,,,,,,,,,,,,21.0,True,exact_agreement,5,0.0,2.1e-05,1.0,0.0,1.0,100.0,True,0.0008018996535614012,0.0059540604640192585,0.0016025142514996973,0.011837638910215864
dense_common_overlap,2,sparse_chain,generic_sparse,True,"{""method"": ""sparse_chain""}",overlap,1000,1000,1000000,1654798,11.0,21.0,ok,,21.0,0.0025483779900241643,0.002535214996896684,2.7878049289865885,2.758471795008518,2.8473715799918864,2.7963588191894813,2.7713956679799594,2.816750123980455,0.035881268208367796,0.028945194993866608,5.0,"[2.7713956679799594, 2.758471795008518, 2.7878049289865885, 2.816750123980455, 2.8473715799918864]",2.7903533069766127,5.0,1.0,21.0,0.09090909090909091,0.047619047619047616,0.09090909090909091,0.08333333333333333,sparse_chain,1000.0,1000.0,0.0,0.32093868099036627,1.011637557996437,1.5252661439881194,8.892006007954478e-06,2.903678825008683,924226.0,924226.0,924226.0,,,,,,,1.0,1.0,21.0,21.0,924226.0,924226.0,True,620057.0,1826241.0,12393.0,924226.0,397409.0,True,sparse_chain_fit,1000.0,1000.0,0.002533042017603293,0.0,0.0,0.0,0.0,0.002533042017603293,0.0,,,,,,,,,1.0,1.0,,,False,0.0025331079959869385,2.8430656009877566,2.8455987089837436,21.0,21.0,0.0,isolated,1,True,900.0,22.774753264995525,22.515595465985825,0.2591577990096994,372805632.0,355.53515625,resource.ru_maxrss_kib_converted_to_bytes,0.0,"{""BLIS_NUM_THREADS"": ""1"", ""MKL_DYNAMIC"": ""FALSE"", ""MKL_NUM_THREADS"": ""1"", ""NUMBA_NUM_THREADS"": ""1"", ""NUMEXPR_NUM_THREADS"": ""1"", ""OMP_DYNAMIC"": ""FALSE"", ""OMP_NUM_THREADS"": ""1"", ""OPENBLAS_NUM_THREADS"": ""1"", ""PYTHONHASHSEED"": ""0"", ""VECLIB_MAXIMUM_THREADS"": ""1""}",tree_tree,3,8,0,0.047131544997682795,8,11,11,12,21,21,medium,medium,8,uniform,"{""kind"": ""categorical"", ""probs"": [0.5, 0.35, 0.15], ""values"": [3, 4, 5]}",uniform,12,background,fast_dense,Almost every pair shares a token; the specialized dense Numba kernel should dominate sparse enumeration. Large preset: more instances and a larger structural workload.,20,20,129,125,15,15,,,,,,,,,,,,,,,,,,,,,,,,21.0,True,exact_agreement,5,0.0,2.1e-05,1.0,0.0,1.0,100.0,True,0.000512051259249767,0.0038037796143780157,0.0010235783938939997,0.007578731404735851
dense_common_overlap,3,fast_dense,fast_dense,True,{},overlap,1000,1000,1000000,1651102,11.0,21.0,ok,,21.0,0.005149131000507623,0.005259284022031352,0.02008605800801888,0.020014898997033015,0.020330122992163524,0.02013930120738223,0.02005663001909852,0.02020879602059722,0.00012882910793116694,7.115901098586619e-05,5.0,"[0.020330122992163524, 0.02020879602059722, 0.02008605800801888, 0.020014898997033015, 0.02005663001909852]",0.025235189008526504,5.0,1.0,21.0,0.09090909090909091,0.047619047619047616,0.08333333333333333,0.09090909090909091,fast_dense_overlap,1000.0,1000.0,0.0,2.0711013348773122e-05,0.0,0.022052203974453732,7.325899787247181e-05,0.022165431000757962,1000000.0,,,1000000.0,,,,,,1.0,1.0,21.0,21.0,,,,,,,,,,fast_dense_fit,1000.0,1000.0,0.005258076009340584,0.0,0.0,0.0,0.0,0.005258076009340584,0.0,,,,,,,,,1.0,1.0,,,,0.005503913009306416,0.12442288600141183,0.12992679901071824,21.0,21.0,0.0,isolated,1,True,900.0,0.5732996740262024,0.28435233401251025,0.28894734001369216,205299712.0,195.7890625,resource.ru_maxrss_kib_converted_to_bytes,0.0,"{""BLIS_NUM_THREADS"": ""1"", ""MKL_DYNAMIC"": ""FALSE"", ""MKL_NUM_THREADS"": ""1"", ""NUMBA_NUM_THREADS"": ""1"", ""NUMEXPR_NUM_THREADS"": ""1"", ""OMP_DYNAMIC"": ""FALSE"", ""OMP_NUM_THREADS"": ""1"", ""OPENBLAS_NUM_THREADS"": ""1"", ""PYTHONHASHSEED"": ""0"", ""VECLIB_MAXIMUM_THREADS"": ""1""}",tree_tree,1,0,0,0.04800947700277902,8,11,12,11,19,20,medium,medium,8,uniform,"{""kind"": ""categorical"", ""probs"": [0.5, 0.35, 0.15], ""values"": [3, 4, 5]}",uniform,12,background,fast_dense,Almost every pair shares a token; the specialized dense Numba kernel should dominate sparse enumeration. Large preset: more instances and a larger structural workload.,20,20,107,119,20,19,,,,,,,,,,,,,,,,,,,,,,,,21.0,True,exact_agreement,5,0.0,2.1e-05,1.0,0.0,1.0,100.0,True,0.114626323791208,0.45560055063873334,0.20567668526134653,0.6259966725607666
dense_common_overlap,3,fast_beam_partial,fast_beam,False,"{""beam_width"": 200, ""expansion_width"": 64, ""max_nodes_per_token_side"": 8, ""max_token_types_per_expansion"": 2048, ""search"": ""partial""}",overlap,1000,1000,1000000,1651102,11.0,11.0,ok,,11.0,0.009194775018841028,0.009320560988271609,0.0023023909889161587,0.002285593014676124,0.0023933429911267012,0.0023273869999684395,0.0023013490135781467,0.0023542589915450662,4.5060545966965694e-05,1.679797424003482e-05,5.0,"[0.0023933429911267012, 0.0023023909889161587, 0.0023542589915450662, 0.002285593014676124, 0.0023013490135781467]",0.011497166007757187,5.0,1.0,11.0,0.0,0.0,0.0,0.0,fast_beam_partial_overlap,1000.0,1000.0,0.0,1.943702227436006e-05,0.001684428018052131,0.0007186379807535559,1.6249832697212696e-06,0.0024761300010140985,15755.0,15755.0,15755.0,,15755.0,2251.0,1614.0,200.0,12.0,1.0,1.0,11.0,11.0,,,,,,,,,,fast_beam_partial_fit,1000.0,1000.0,0.009319229022366926,0.0,0.0,0.0,0.0,0.009319229022366926,0.0,,,,,,,,,1.0,1.0,,,,0.009559042984619737,0.09892271101125516,0.1084817539958749,11.0,11.0,0.0,isolated,1,True,900.0,0.41756943697691895,0.14401971202460118,0.2735497249523178,202272768.0,192.90234375,resource.ru_maxrss_kib_converted_to_bytes,0.0,"{""BLIS_NUM_THREADS"": ""1"", ""MKL_DYNAMIC"": ""FALSE"", ""MKL_NUM_THREADS"": ""1"", ""NUMBA_NUM_THREADS"": ""1"", ""NUMEXPR_NUM_THREADS"": ""1"", ""OMP_DYNAMIC"": ""FALSE"", ""OMP_NUM_THREADS"": ""1"", ""OPENBLAS_NUM_THREADS"": ""1"", ""PYTHONHASHSEED"": ""0"", ""VECLIB_MAXIMUM_THREADS"": ""1""}",tree_tree,8,1,0,0.04800947700277902,8,11,12,11,19,20,medium,medium,8,uniform,"{""kind"": ""categorical"", ""probs"": [0.5, 0.35, 0.15], ""values"": [3, 4, 5]}",uniform,12,background,fast_dense,Almost every pair shares a token; the specialized dense Numba kernel should dominate sparse enumeration. Large preset: more instances and a larger structural workload.,20,20,107,119,20,19,,200.0,,,1615.0,,,,,,,descending_token_weight_first_descendants,4414.0,64.0,8.0,2048.0,21.0,True,8.0,20169.0,11948.0,,,21.0,True,exact_agreement,5,0.0,2.1e-05,0.5238095238095238,10.0,0.5238095238095238,52.38095238095239,True,1.0,1.0,0.6875000000000001,0.6875000000000001
dense_common_overlap,3,beam_partial_score,generic,False,"{""beam_balance_penalty"": 0.0, ""beam_candidate_future_weight"": 0.0, ""beam_expansion_width"": 64, ""beam_gap_penalty"": 0.0, ""beam_lookahead"": false, ""beam_n_restarts"": 1, ""beam_priority_future_weight"": 0.0, ""beam_priority_length_weight"": 0.0, ""beam_random_fraction"": 0.0, ""beam_rarity_weight"": 0.0, ""beam_symmetric"": false, ""beam_width"": 200, ""candidate_select_mode"": ""first"", ""method"": ""beam"", ""seed"": 0}",overlap,1000,1000,1000000,1651102,11.0,4.0,ok,,4.0,1.8730061128735542e-06,1.0446005035191774e-05,1.9374696069862694,1.9175583309843205,1.965920324990293,1.9403643005876803,1.9224513979861513,1.9584218419913668,0.021380766853764128,0.019911276001948863,5.0,"[1.9584218419913668, 1.9374696069862694, 1.9175583309843205, 1.9224513979861513, 1.965920324990293]",1.9374714799923822,5.0,1.0,4.0,0.0,0.0,0.0,0.09090909090909091,beam_partial,1000.0,1000.0,0.0,0.10152893900522031,1.8425145360233728,0.0005802109953947365,3.2030220609158278e-06,1.946196303004399,7507.0,390.0,390.0,,390.0,379.0,379.0,186.0,5.0,1.0,1.0,4.0,4.0,,,,,,,,,True,beam_fit,1000.0,1000.0,9.332026820629835e-06,0.0,0.0,0.0,0.0,9.332026820629835e-06,0.0,,,,,,,,,1.0,1.0,,,,2.2599997464567423e-06,1.9670354280096944,1.967037688009441,4.0,4.0,0.0,isolated,1,True,900.0,15.782965963997412,15.540630645002238,0.24233531899517402,200110080.0,190.83984375,resource.ru_maxrss_kib_converted_to_bytes,0.0,"{""BLIS_NUM_THREADS"": ""1"", ""MKL_DYNAMIC"": ""FALSE"", ""MKL_NUM_THREADS"": ""1"", ""NUMBA_NUM_THREADS"": ""1"", ""NUMEXPR_NUM_THREADS"": ""1"", ""OMP_DYNAMIC"": ""FALSE"", ""OMP_NUM_THREADS"": ""1"", ""OPENBLAS_NUM_THREADS"": ""1"", ""PYTHONHASHSEED"": ""0"", ""VECLIB_MAXIMUM_THREADS"": ""1""}",tree_tree,7,2,0,0.04800947700277902,8,11,12,11,19,20,medium,medium,8,uniform,"{""kind"": ""categorical"", ""probs"": [0.5, 0.35, 0.15], ""values"": [3, 4, 5]}",uniform,12,background,fast_dense,Almost every pair shares a token; the specialized dense Numba kernel should dominate sparse enumeration. Large preset: more instances and a larger structural workload.,20,20,107,119,20,19,,,,,,,30972.0,0.0,[4.0],0.0,"{""beam_width"": 200, ""expansion_width"": 64, ""label_pair_preprocessing_score_evaluations"": 30972, ""lookahead_enabled"": false, ""maximum_matching_length"": 21, ""positive_label_pair_types"": 29690, ""state_pool_size"": 391}",,,,,,,,,,,,,21.0,True,exact_agreement,5,0.0,2.1e-05,0.19047619047619047,17.0,0.19047619047619047,19.047619047619047,True,0.0011883494742906053,0.00593410851539471,0.002361963051441222,0.01150964475577864
dense_common_overlap,3,exact_dense,generic,True,"{""method"": ""exact""}",overlap,1000,1000,1000000,1651102,11.0,21.0,ok,,21.0,1.8499849829822779e-06,1.140800304710865e-05,1.132314677000977,1.1069835470116232,1.1454111940111034,1.1306284578051418,1.1232866899808869,1.1451461810211185,0.016164159996005664,0.012831504020141438,5.0,"[1.132314677000977, 1.1069835470116232, 1.1454111940111034, 1.1232866899808869, 1.1451461810211185]",1.13231652698596,5.0,1.0,21.0,0.09090909090909091,0.047619047619047616,0.08333333333333333,0.09090909090909091,exact_dense,1000.0,1000.0,0.0,0.00010750201181508601,0.0,1.1383147710002959,0.0017312449926976115,1.1403760010143742,1000000.0,,923758.0,1000000.0,,,,,,1.0,1.0,21.0,21.0,,,,,,,,,True,exact_fit,1000.0,1000.0,1.0309973731637001e-05,0.0,0.0,0.0,0.0,1.0309973731637001e-05,0.0,,,,,,,,,1.0,1.0,,,,2.2390158846974373e-06,1.111110062978696,1.1111123019945808,21.0,21.0,0.0,isolated,1,True,900.0,9.260475914983544,9.025154361006571,0.23532155397697352,200110080.0,190.83984375,resource.ru_maxrss_kib_converted_to_bytes,0.0,"{""BLIS_NUM_THREADS"": ""1"", ""MKL_DYNAMIC"": ""FALSE"", ""MKL_NUM_THREADS"": ""1"", ""NUMBA_NUM_THREADS"": ""1"", ""NUMEXPR_NUM_THREADS"": ""1"", ""OMP_DYNAMIC"": ""FALSE"", ""OMP_NUM_THREADS"": ""1"", ""OPENBLAS_NUM_THREADS"": ""1"", ""PYTHONHASHSEED"": ""0"", ""VECLIB_MAXIMUM_THREADS"": ""1""}",tree_tree,0,3,0,0.04800947700277902,8,11,12,11,19,20,medium,medium,8,uniform,"{""kind"": ""categorical"", ""probs"": [0.5, 0.35, 0.15], ""values"": [3, 4, 5]}",uniform,12,background,fast_dense,Almost every pair shares a token; the specialized dense Numba kernel should dominate sparse enumeration. Large preset: more instances and a larger structural workload.,20,20,107,119,20,19,,,,,,,,,,,,,,,,,,,,,,,,21.0,True,exact_agreement,5,0.0,2.1e-05,1.0,0.0,1.0,100.0,True,0.0020333490642497182,0.010153667930963391,0.004058445891343964,0.020103214497573494
dense_common_overlap,3,beam_local,generic,False,"{""beam_local_child_cap"": null, ""beam_width"": 200, ""method"": ""beam_local""}",overlap,1000,1000,1000000,1651102,11.0,21.0,ok,,21.0,1.0020157787948847e-06,5.861977115273476e-06,0.029594724997878075,0.029529413994168863,0.02972780299023725,0.02961020379443653,0.029553927975939587,0.02964514901395887,7.903210097506179e-05,5.042401608079672e-05,5.0,"[0.029529413994168863, 0.029594724997878075, 0.02972780299023725, 0.02964514901395887, 0.029553927975939587]",0.02959572701365687,5.0,1.0,21.0,0.09090909090909091,0.047619047619047616,0.08333333333333333,0.09090909090909091,beam_local,1000.0,1000.0,0.0,0.00024809400201775134,0.026959194103255868,0.004574190883431584,2.4460023269057274e-06,0.031889544014120474,9534.0,9534.0,8841.0,,26776.0,18664.0,7907.0,200.0,43.0,1.0,1.0,21.0,21.0,,,,,,,,,True,beam_local_fit,1000.0,1000.0,5.177018465474248e-06,0.0,0.0,0.0,0.0,5.177018465474248e-06,0.0,,,,,,,,,1.0,1.0,,,,2.3259781301021576e-06,0.03036319901002571,0.030365524988155812,21.0,21.0,0.0,isolated,1,True,900.0,0.47412867701496,0.24046643800102174,0.23366223901393823,200110080.0,190.83984375,resource.ru_maxrss_kib_converted_to_bytes,0.0,"{""BLIS_NUM_THREADS"": ""1"", ""MKL_DYNAMIC"": ""FALSE"", ""MKL_NUM_THREADS"": ""1"", ""NUMBA_NUM_THREADS"": ""1"", ""NUMEXPR_NUM_THREADS"": ""1"", ""OMP_DYNAMIC"": ""FALSE"", ""OMP_NUM_THREADS"": ""1"", ""OPENBLAS_NUM_THREADS"": ""1"", ""PYTHONHASHSEED"": ""0"", ""VECLIB_MAXIMUM_THREADS"": ""1""}",tree_tree,5,4,0,0.04800947700277902,8,11,12,11,19,20,medium,medium,8,uniform,"{""kind"": ""categorical"", ""probs"": [0.5, 0.35, 0.15], ""values"": [3, 4, 5]}",uniform,12,background,fast_dense,Almost every pair shares a token; the specialized dense Numba kernel should dominate sparse enumeration. Large preset: more instances and a larger structural workload.,20,20,107,119,20,19,,200.0,,42.0,7908.0,,,,,,,,,,,,,,,,,,,21.0,True,exact_agreement,5,0.0,2.1e-05,1.0,0.0,1.0,100.0,True,0.07779734358340004,0.3884738497030957,0.1443635838343112,0.5595695587441779
dense_common_overlap,3,fast_sparse,fast_sparse,True,{},overlap,1000,1000,1000000,1651102,11.0,21.0,ok,,21.0,0.007235124008730054,0.007302020996576175,1.948735810990911,1.9356169349921402,1.9709739770041779,1.9494057715986854,1.9421140710182954,1.9495880639879033,0.013313249739082426,0.0066217399726156145,5.0,"[1.9356169349921402, 1.9421140710182954, 1.948735810990911, 1.9709739770041779, 1.9495880639879033]",1.955970934999641,5.0,1.0,21.0,0.09090909090909091,0.047619047619047616,0.08333333333333333,0.09090909090909091,fast_sparse_overlap,1000.0,1000.0,0.0,0.328789974009851,0.10149331099819392,1.5370536900009029,1.0787014616653323e-05,2.010656800994184,923758.0,923758.0,923758.0,,,,,,,1.0,1.0,21.0,21.0,923758.0,923758.0,,629885.0,1836942.0,12336.0,923758.0,418617.0,,fast_sparse_fit,1000.0,1000.0,0.007300406985450536,0.0,0.0,0.0,0.0,0.007300406985450536,0.0,,,,,,,,,1.0,1.0,,,,0.007394521002424881,1.941274065990001,1.9486685869924258,21.0,21.0,0.0,isolated,1,True,900.0,15.90593164198799,15.66425242999685,0.24167921199114062,365416448.0,348.48828125,resource.ru_maxrss_kib_converted_to_bytes,0.0,"{""BLIS_NUM_THREADS"": ""1"", ""MKL_DYNAMIC"": ""FALSE"", ""MKL_NUM_THREADS"": ""1"", ""NUMBA_NUM_THREADS"": ""1"", ""NUMEXPR_NUM_THREADS"": ""1"", ""OMP_DYNAMIC"": ""FALSE"", ""OMP_NUM_THREADS"": ""1"", ""OPENBLAS_NUM_THREADS"": ""1"", ""PYTHONHASHSEED"": ""0"", ""VECLIB_MAXIMUM_THREADS"": ""1""}",tree_tree,4,5,0,0.04800947700277902,8,11,12,11,19,20,medium,medium,8,uniform,"{""kind"": ""categorical"", ""probs"": [0.5, 0.35, 0.15], ""values"": [3, 4, 5]}",uniform,12,background,fast_dense,Almost every pair shares a token; the specialized dense Numba kernel should dominate sparse enumeration. Large preset: more instances and a larger structural workload.,20,20,107,119,20,19,,,,,,,,,,,,,,,,,,,,,,923758.0,1651102.0,21.0,True,exact_agreement,5,0.0,2.1e-05,1.0,0.0,1.0,100.0,True,0.0011814792830975986,0.005877984075340719,0.0023601700741480046,0.011687270560442957
dense_common_overlap,3,sparse_closure,generic_sparse,True,"{""method"": ""sparse""}",overlap,1000,1000,1000000,1651102,11.0,21.0,ok,,21.0,0.0024533589894417673,0.002376340009504929,1.7775900239939801,1.7736718539963476,1.7863151760248002,1.77853839880554,1.7745085420028772,1.7806063980096951,0.005137540842646312,0.003081481991102919,5.0,"[1.7806063980096951, 1.7745085420028772, 1.7736718539963476, 1.7775900239939801, 1.7863151760248002]",1.780043382983422,5.0,1.0,21.0,0.09090909090909091,0.047619047619047616,0.08333333333333333,0.09090909090909091,sparse_closure,1000.0,1000.0,0.0,0.03818957298062742,0.03249013499589637,1.7746959780051839,2.1245010429993272e-05,1.8760532769956626,923758.0,923758.0,923758.0,991642.0,,,,,,1.0,1.0,21.0,21.0,,,True,,,,,,True,sparse_fit,1000.0,1000.0,0.00237430798006244,0.0,0.0,0.0,0.0,0.00237430798006244,0.0,,,,,,,,,1.0,1.0,,,False,0.002522784983739257,1.803488526988076,1.8060113119718153,21.0,21.0,0.0,isolated,1,True,900.0,14.594668878009543,14.341493721993174,0.2531751560163684,328474624.0,313.2578125,resource.ru_maxrss_kib_converted_to_bytes,0.0,"{""BLIS_NUM_THREADS"": ""1"", ""MKL_DYNAMIC"": ""FALSE"", ""MKL_NUM_THREADS"": ""1"", ""NUMBA_NUM_THREADS"": ""1"", ""NUMEXPR_NUM_THREADS"": ""1"", ""OMP_DYNAMIC"": ""FALSE"", ""OMP_NUM_THREADS"": ""1"", ""OPENBLAS_NUM_THREADS"": ""1"", ""PYTHONHASHSEED"": ""0"", ""VECLIB_MAXIMUM_THREADS"": ""1""}",tree_tree,2,6,0,0.04800947700277902,8,11,12,11,19,20,medium,medium,8,uniform,"{""kind"": ""categorical"", ""probs"": [0.5, 0.35, 0.15], ""values"": [3, 4, 5]}",uniform,12,background,fast_dense,Almost every pair shares a token; the specialized dense Numba kernel should dominate sparse enumeration. Large preset: more instances and a larger structural workload.,20,20,107,119,20,19,,,,,,993643.0,,,,,,,,,,,,,,,,,,21.0,True,exact_agreement,5,0.0,2.1e-05,1.0,0.0,1.0,100.0,True,0.0012952317226348,0.006458924606931484,0.0025871125350441847,0.012834949244359854
dense_common_overlap,3,sparse_chain,generic_sparse,True,"{""method"": ""sparse_chain""}",overlap,1000,1000,1000000,1651102,11.0,21.0,ok,,21.0,0.0025484819780103862,0.0024804080021567643,2.8465184059750754,2.8454672720108647,2.880756530998042,2.8532554123958107,2.8463841369957663,2.8471507159993052,0.015385347365751945,0.0006323100242298096,5.0,"[2.8454672720108647, 2.8465184059750754, 2.8463841369957663, 2.880756530998042, 2.8471507159993052]",2.849066887953086,5.0,1.0,21.0,0.09090909090909091,0.047619047619047616,0.08333333333333333,0.09090909090909091,sparse_chain,1000.0,1000.0,0.0,0.32090194200281985,1.0042652670235839,1.547032949019922,8.558999979868531e-06,2.9164508990070317,923758.0,923758.0,923758.0,,,,,,,1.0,1.0,21.0,21.0,923758.0,923758.0,True,629885.0,1836942.0,12336.0,923758.0,418617.0,True,sparse_chain_fit,1000.0,1000.0,0.002478064998285845,0.0,0.0,0.0,0.0,0.002478064998285845,0.0,,,,,,,,,1.0,1.0,,,False,0.002513990009902045,2.8347447619889863,2.8372587519988883,21.0,21.0,0.0,isolated,1,True,900.0,23.121314640011406,22.87762010100414,0.24369453900726512,379527168.0,361.9453125,resource.ru_maxrss_kib_converted_to_bytes,0.0,"{""BLIS_NUM_THREADS"": ""1"", ""MKL_DYNAMIC"": ""FALSE"", ""MKL_NUM_THREADS"": ""1"", ""NUMBA_NUM_THREADS"": ""1"", ""NUMEXPR_NUM_THREADS"": ""1"", ""OMP_DYNAMIC"": ""FALSE"", ""OMP_NUM_THREADS"": ""1"", ""OPENBLAS_NUM_THREADS"": ""1"", ""PYTHONHASHSEED"": ""0"", ""VECLIB_MAXIMUM_THREADS"": ""1""}",tree_tree,3,7,0,0.04800947700277902,8,11,12,11,19,20,medium,medium,8,uniform,"{""kind"": ""categorical"", ""probs"": [0.5, 0.35, 0.15], ""values"": [3, 4, 5]}",uniform,12,background,fast_dense,Almost every pair shares a token; the specialized dense Numba kernel should dominate sparse enumeration. Large preset: more instances and a larger structural workload.,20,20,107,119,20,19,,,,,,,,,,,,,,,,,,,,,,,,21.0,True,exact_agreement,5,0.0,2.1e-05,1.0,0.0,1.0,100.0,True,0.0008088445815362554,0.004035414561999748,0.0016163817614430738,0.008038390884369664
dense_common_overlap,3,beam_local_capped,generic,False,"{""beam_local_child_cap"": 16, ""beam_width"": 200, ""method"": ""beam_local""}",overlap,1000,1000,1000000,1651102,11.0,21.0,ok,,21.0,1.0659859981387854e-06,6.354996003210545e-06,0.030440636008279398,0.03040576700004749,0.030620992998592556,0.030475326598389075,0.03043163998518139,0.030477596999844536,8.540250260994629e-05,3.486900823190808e-05,5.0,"[0.03040576700004749, 0.030440636008279398, 0.030620992998592556, 0.030477596999844536, 0.03043163998518139]",0.030441701994277537,5.0,1.0,21.0,0.09090909090909091,0.047619047619047616,0.08333333333333333,0.09090909090909091,beam_local,1000.0,1000.0,0.0,0.0002584609901532531,0.02783589594764635,0.004691034060670063,2.6649795472621918e-06,0.03290597698651254,9542.0,9542.0,8833.0,,26683.0,18492.0,7825.0,200.0,43.0,1.0,1.0,21.0,21.0,,,,,,,,,True,beam_local_fit,1000.0,1000.0,5.660986062139273e-06,0.0,0.0,0.0,0.0,5.660986062139273e-06,0.0,,,,,,,,,1.0,1.0,,,,2.21698428504169e-06,0.03143379700486548,0.031436013989150524,21.0,21.0,0.0,isolated,1,True,900.0,0.48334710398921743,0.24771350499941036,0.23563359898980707,200110080.0,190.83984375,resource.ru_maxrss_kib_converted_to_bytes,0.0,"{""BLIS_NUM_THREADS"": ""1"", ""MKL_DYNAMIC"": ""FALSE"", ""MKL_NUM_THREADS"": ""1"", ""NUMBA_NUM_THREADS"": ""1"", ""NUMEXPR_NUM_THREADS"": ""1"", ""OMP_DYNAMIC"": ""FALSE"", ""OMP_NUM_THREADS"": ""1"", ""OPENBLAS_NUM_THREADS"": ""1"", ""PYTHONHASHSEED"": ""0"", ""VECLIB_MAXIMUM_THREADS"": ""1""}",tree_tree,6,8,0,0.04800947700277902,8,11,12,11,19,20,medium,medium,8,uniform,"{""kind"": ""categorical"", ""probs"": [0.5, 0.35, 0.15], ""values"": [3, 4, 5]}",uniform,12,background,fast_dense,Almost every pair shares a token; the specialized dense Numba kernel should dominate sparse enumeration. Large preset: more instances and a larger structural workload.,20,20,107,119,20,19,,200.0,16.0,42.0,7826.0,,,,,,,,,,,,,,,,,,,21.0,True,exact_agreement,5,0.0,2.1e-05,1.0,0.0,1.0,100.0,True,0.07563544297464556,0.37767816037087665,0.14063397309682812,0.5482821332802491
dense_common_overlap,4,fast_beam_partial,fast_beam,False,"{""beam_width"": 200, ""expansion_width"": 64, ""max_nodes_per_token_side"": 8, ""max_token_types_per_expansion"": 2048, ""search"": ""partial""}",overlap,1000,1000,1000000,1706343,10.0,6.0,ok,,6.0,0.009171818004688248,0.009499793988652527,0.00031610598671250045,0.0003006890183314681,0.00032622000435367227,0.00031328140175901353,0.00030716200126335025,0.0003162299981340766,9.748014165173004e-06,8.943985449150205e-06,5.0,"[0.00032622000435367227, 0.0003162299981340766, 0.00031610598671250045, 0.00030716200126335025, 0.0003006890183314681]",0.009487923991400748,5.0,1.0,6.0,0.0,0.0,0.0,0.0,fast_beam_partial_overlap,1000.0,1000.0,0.0,1.9359984435141087e-05,0.00019619896193034947,0.00016078702174127102,1.2999807950109243e-06,0.0004146569990552962,1097.0,1097.0,1097.0,,1097.0,339.0,339.0,156.0,7.0,1.0,1.0,6.0,6.0,,,,,,,,,,fast_beam_partial_fit,1000.0,1000.0,0.009498481987975538,0.0,0.0,0.0,0.0,0.009498481987975538,0.0,,,,,,,,,1.0,1.0,,,,0.009542819985654205,0.09777702001156285,0.10731983999721706,6.0,6.0,0.0,isolated,1,True,900.0,0.4007328719890211,0.12881928999559022,0.27191358199343085,201719808.0,192.375,resource.ru_maxrss_kib_converted_to_bytes,0.0,"{""BLIS_NUM_THREADS"": ""1"", ""MKL_DYNAMIC"": ""FALSE"", ""MKL_NUM_THREADS"": ""1"", ""NUMBA_NUM_THREADS"": ""1"", ""NUMEXPR_NUM_THREADS"": ""1"", ""OMP_DYNAMIC"": ""FALSE"", ""OMP_NUM_THREADS"": ""1"", ""OPENBLAS_NUM_THREADS"": ""1"", ""PYTHONHASHSEED"": ""0"", ""VECLIB_MAXIMUM_THREADS"": ""1""}",tree_tree,8,0,0,0.04572881598141976,8,10,10,12,17,21,medium,medium,8,uniform,"{""kind"": ""categorical"", ""probs"": [0.5, 0.35, 0.15], ""values"": [3, 4, 5]}",uniform,12,background,fast_dense,Almost every pair shares a token; the specialized dense Numba kernel should dominate sparse enumeration. Large preset: more instances and a larger structural workload.,20,20,120,115,12,18,,200.0,,,340.0,,,,,,,descending_token_weight_first_descendants,809.0,64.0,8.0,2048.0,21.0,True,8.0,1906.0,2713.0,,,21.0,True,exact_agreement,5,0.0,2.1e-05,0.2857142857142857,15.0,0.2857142857142857,28.57142857142857,True,1.0,1.0,0.4444444444444445,0.4444444444444445
dense_common_overlap,4,beam_partial_score,generic,False,"{""beam_balance_penalty"": 0.0, ""beam_candidate_future_weight"": 0.0, ""beam_expansion_width"": 64, ""beam_gap_penalty"": 0.0, ""beam_lookahead"": false, ""beam_n_restarts"": 1, ""beam_priority_future_weight"": 0.0, ""beam_priority_length_weight"": 0.0, ""beam_random_fraction"": 0.0, ""beam_rarity_weight"": 0.0, ""beam_symmetric"": false, ""beam_width"": 200, ""candidate_select_mode"": ""first"", ""method"": ""beam"", ""seed"": 0}",overlap,1000,1000,1000000,1706343,10.0,3.0,ok,,3.0,2.0180013962090015e-06,9.971990948542953e-06,0.7308278319833335,0.7255178729828913,0.7465824100072496,0.7351890073914547,0.7305071089940611,0.7425098129897378,0.008914520206745179,0.005309959000442177,5.0,"[0.7305071089940611, 0.7425098129897378, 0.7255178729828913, 0.7465824100072496, 0.7308278319833335]",0.7308298499847297,5.0,1.0,3.0,0.0,0.0,0.0,0.16666666666666666,beam_partial,1000.0,1000.0,0.0,0.10559504298726097,0.6429734761477448,0.00019697885727509856,2.0449806470423937e-06,0.7503161329950672,6332.0,131.0,131.0,,131.0,123.0,123.0,64.0,4.0,1.0,1.0,3.0,3.0,,,,,,,,,True,beam_fit,1000.0,1000.0,8.828006684780121e-06,0.0,0.0,0.0,0.0,8.828006684780121e-06,0.0,,,,,,,,,1.0,1.0,,,,2.3269967641681433e-06,0.7389767869899515,0.7389791139867157,3.0,3.0,0.0,isolated,1,True,900.0,6.129749943007482,5.892810531979194,0.2369394110282883,200306688.0,191.02734375,resource.ru_maxrss_kib_converted_to_bytes,0.0,"{""BLIS_NUM_THREADS"": ""1"", ""MKL_DYNAMIC"": ""FALSE"", ""MKL_NUM_THREADS"": ""1"", ""NUMBA_NUM_THREADS"": ""1"", ""NUMEXPR_NUM_THREADS"": ""1"", ""OMP_DYNAMIC"": ""FALSE"", ""OMP_NUM_THREADS"": ""1"", ""OPENBLAS_NUM_THREADS"": ""1"", ""PYTHONHASHSEED"": ""0"", ""VECLIB_MAXIMUM_THREADS"": ""1""}",tree_tree,7,1,0,0.04572881598141976,8,10,10,12,17,21,medium,medium,8,uniform,"{""kind"": ""categorical"", ""probs"": [0.5, 0.35, 0.15], ""values"": [3, 4, 5]}",uniform,12,background,fast_dense,Almost every pair shares a token; the specialized dense Numba kernel should dominate sparse enumeration. Large preset: more instances and a larger structural workload.,20,20,120,115,12,18,,,,,,,32040.0,0.0,[3.0],0.0,"{""beam_width"": 200, ""expansion_width"": 64, ""label_pair_preprocessing_score_evaluations"": 32040, ""lookahead_enabled"": false, ""maximum_matching_length"": 21, ""positive_label_pair_types"": 30754, ""state_pool_size"": 132}",,,,,,,,,,,,,21.0,True,exact_agreement,5,0.0,2.1e-05,0.14285714285714285,18.0,0.14285714285714285,14.285714285714285,True,0.00043253140189618457,0.012982398011793024,0.0008624515421701525,0.023801767857604027
dense_common_overlap,4,exact_dense,generic,True,"{""method"": ""exact""}",overlap,1000,1000,1000000,1706343,10.0,21.0,ok,,21.0,2.1510059013962746e-06,9.087001672014594e-06,1.1611671359860338,1.1431687309814151,1.1745646970230155,1.1615079613926356,1.1596815449884161,1.1689576979842968,0.011892815599364896,0.0077905619982630014,5.0,"[1.1611671359860338, 1.1431687309814151, 1.1689576979842968, 1.1596815449884161, 1.1745646970230155]",1.1611692869919352,5.0,1.0,21.0,0.1,0.047619047619047616,0.1,0.4166666666666667,exact_dense,1000.0,1000.0,0.0,0.0001005360099952668,0.0,1.1882421449990943,0.0018252729787491262,1.190431342984084,1000000.0,,930383.0,1000000.0,,,,,,1.0,1.0,21.0,21.0,,,,,,,,,True,exact_fit,1000.0,1000.0,8.072995115071535e-06,0.0,0.0,0.0,0.0,8.072995115071535e-06,0.0,,,,,,,,,1.0,1.0,,,,2.4400069378316402e-06,1.1434438379947096,1.1434462780016474,21.0,21.0,0.0,isolated,1,True,900.0,9.54029718702077,9.303058695979416,0.23723849104135297,200306688.0,191.02734375,resource.ru_maxrss_kib_converted_to_bytes,0.0,"{""BLIS_NUM_THREADS"": ""1"", ""MKL_DYNAMIC"": ""FALSE"", ""MKL_NUM_THREADS"": ""1"", ""NUMBA_NUM_THREADS"": ""1"", ""NUMEXPR_NUM_THREADS"": ""1"", ""OMP_DYNAMIC"": ""FALSE"", ""OMP_NUM_THREADS"": ""1"", ""OPENBLAS_NUM_THREADS"": ""1"", ""PYTHONHASHSEED"": ""0"", ""VECLIB_MAXIMUM_THREADS"": ""1""}",tree_tree,0,2,0,0.04572881598141976,8,10,10,12,17,21,medium,medium,8,uniform,"{""kind"": ""categorical"", ""probs"": [0.5, 0.35, 0.15], ""values"": [3, 4, 5]}",uniform,12,background,fast_dense,Almost every pair shares a token; the specialized dense Numba kernel should dominate sparse enumeration. Large preset: more instances and a larger structural workload.,20,20,120,115,12,18,,,,,,,,,,,,,,,,,,,,,,,,21.0,True,exact_agreement,5,0.0,2.1e-05,1.0,0.0,1.0,100.0,True,0.0002722312550157314,0.008171008394460442,0.0005443143306581048,0.016209568270511954
dense_common_overlap,4,beam_local,generic,False,"{""beam_local_child_cap"": null, ""beam_width"": 200, ""method"": ""beam_local""}",overlap,1000,1000,1000000,1706343,10.0,21.0,ok,,21.0,1.0939838830381632e-06,7.5360003393143415e-06,0.031818329996895045,0.031734559015603736,0.0325032580003608,0.03193241100525483,0.031785591010702774,0.03182031700271182,0.0003209935179661647,3.2738986192271113e-05,5.0,"[0.031818329996895045, 0.0325032580003608, 0.031785591010702774, 0.03182031700271182, 0.031734559015603736]",0.03181942398077808,5.0,1.0,21.0,0.1,0.047619047619047616,0.1,0.08333333333333333,beam_local,1000.0,1000.0,0.0,0.00026252298266626894,0.02898900312720798,0.00482521386584267,2.5519984774291515e-06,0.03420440302579664,10003.0,10003.0,9276.0,,27330.0,18877.0,7902.0,200.0,43.0,1.0,1.0,21.0,21.0,,,,,,,,,True,beam_local_fit,1000.0,1000.0,6.457994459196925e-06,0.0,0.0,0.0,0.0,6.457994459196925e-06,0.0,,,,,,,,,1.0,1.0,,,,2.2980093490332365e-06,0.032517548999749124,0.03251984700909816,21.0,21.0,0.0,isolated,1,True,900.0,0.49819628198747523,0.25870331400074065,0.23949296798673458,200306688.0,191.02734375,resource.ru_maxrss_kib_converted_to_bytes,0.0,"{""BLIS_NUM_THREADS"": ""1"", ""MKL_DYNAMIC"": ""FALSE"", ""MKL_NUM_THREADS"": ""1"", ""NUMBA_NUM_THREADS"": ""1"", ""NUMEXPR_NUM_THREADS"": ""1"", ""OMP_DYNAMIC"": ""FALSE"", ""OMP_NUM_THREADS"": ""1"", ""OPENBLAS_NUM_THREADS"": ""1"", ""PYTHONHASHSEED"": ""0"", ""VECLIB_MAXIMUM_THREADS"": ""1""}",tree_tree,5,3,0,0.04572881598141976,8,10,10,12,17,21,medium,medium,8,uniform,"{""kind"": ""categorical"", ""probs"": [0.5, 0.35, 0.15], ""values"": [3, 4, 5]}",uniform,12,background,fast_dense,Almost every pair shares a token; the specialized dense Numba kernel should dominate sparse enumeration. Large preset: more instances and a larger structural workload.,20,20,120,115,12,18,,200.0,,42.0,7903.0,,,,,,,,,,,,,,,,,,,21.0,True,exact_agreement,5,0.0,2.1e-05,1.0,0.0,1.0,100.0,True,0.009934713315983185,0.29818025609553284,0.019673971366651822,0.4593818996945056
dense_common_overlap,4,fast_sparse,fast_sparse,True,{},overlap,1000,1000,1000000,1706343,10.0,21.0,ok,,21.0,0.007402766001177952,0.0075274049886502326,1.97200787399197,1.966392486996483,2.038904746994376,1.9853819441981613,1.971298811986344,1.9783058010216337,0.03021821500770379,0.005615386995486915,5.0,"[1.971298811986344, 1.966392486996483, 1.9783058010216337, 2.038904746994376, 1.97200787399197]",1.979410639993148,5.0,1.0,21.0,0.1,0.047619047619047616,0.1,0.08333333333333333,fast_sparse_overlap,1000.0,1000.0,0.0,0.3289453409961425,0.10315608402015641,1.5645110910118092,7.95800588093698e-06,2.039693127007922,930383.0,930383.0,930383.0,,,,,,,1.0,1.0,21.0,21.0,930383.0,930383.0,,624369.0,1862517.0,11881.0,930383.0,395147.0,,fast_sparse_fit,1000.0,1000.0,0.007525888999225572,0.0,0.0,0.0,0.0,0.007525888999225572,0.0,,,,,,,,,1.0,1.0,,,,0.007374826993327588,1.9638565870118327,1.9712314140051603,21.0,21.0,0.0,isolated,1,True,900.0,16.159884499007603,15.916749776020879,0.24313472298672423,367714304.0,350.6796875,resource.ru_maxrss_kib_converted_to_bytes,0.0,"{""BLIS_NUM_THREADS"": ""1"", ""MKL_DYNAMIC"": ""FALSE"", ""MKL_NUM_THREADS"": ""1"", ""NUMBA_NUM_THREADS"": ""1"", ""NUMEXPR_NUM_THREADS"": ""1"", ""OMP_DYNAMIC"": ""FALSE"", ""OMP_NUM_THREADS"": ""1"", ""OPENBLAS_NUM_THREADS"": ""1"", ""PYTHONHASHSEED"": ""0"", ""VECLIB_MAXIMUM_THREADS"": ""1""}",tree_tree,4,4,0,0.04572881598141976,8,10,10,12,17,21,medium,medium,8,uniform,"{""kind"": ""categorical"", ""probs"": [0.5, 0.35, 0.15], ""values"": [3, 4, 5]}",uniform,12,background,fast_dense,Almost every pair shares a token; the specialized dense Numba kernel should dominate sparse enumeration. Large preset: more instances and a larger structural workload.,20,20,120,115,12,18,,,,,,,,,,,,,,,,,,,,,,930383.0,1706343.0,21.0,True,exact_agreement,5,0.0,2.1e-05,1.0,0.0,1.0,100.0,True,0.00016029651345793138,0.004793307563221744,0.0003205416452077179,0.009540882741041043
dense_common_overlap,4,sparse_closure,generic_sparse,True,"{""method"": ""sparse""}",overlap,1000,1000,1000000,1706343,10.0,21.0,ok,,21.0,0.002453060995321721,0.0024563309852965176,1.741329824028071,1.740370184998028,1.7472200990014244,1.7431096566026099,1.7409908089903183,1.7456373659952078,0.003100285283534948,0.0009596390300430357,5.0,"[1.740370184998028, 1.7409908089903183, 1.7472200990014244, 1.741329824028071, 1.7456373659952078]",1.7437828850233927,5.0,1.0,21.0,0.1,0.047619047619047616,0.1,0.4166666666666667,sparse_closure,1000.0,1000.0,0.0,0.038093415001640096,0.033127778995549306,1.7874497610027902,1.9525992684066296e-05,1.8877358820172958,930383.0,930383.0,930383.0,991986.0,,,,,,1.0,1.0,21.0,21.0,,,True,,,,,,True,sparse_fit,1000.0,1000.0,0.0024541739840060472,0.0,0.0,0.0,0.0,0.0024541739840060472,0.0,,,,,,,,,1.0,1.0,,,False,0.0024957290152087808,1.8019737300055567,1.8044694590207655,21.0,21.0,0.0,isolated,1,True,900.0,14.432651070994325,14.189186510018772,0.24346456097555347,328830976.0,313.59765625,resource.ru_maxrss_kib_converted_to_bytes,0.0,"{""BLIS_NUM_THREADS"": ""1"", ""MKL_DYNAMIC"": ""FALSE"", ""MKL_NUM_THREADS"": ""1"", ""NUMBA_NUM_THREADS"": ""1"", ""NUMEXPR_NUM_THREADS"": ""1"", ""OMP_DYNAMIC"": ""FALSE"", ""OMP_NUM_THREADS"": ""1"", ""OPENBLAS_NUM_THREADS"": ""1"", ""PYTHONHASHSEED"": ""0"", ""VECLIB_MAXIMUM_THREADS"": ""1""}",tree_tree,2,5,0,0.04572881598141976,8,10,10,12,17,21,medium,medium,8,uniform,"{""kind"": ""categorical"", ""probs"": [0.5, 0.35, 0.15], ""values"": [3, 4, 5]}",uniform,12,background,fast_dense,Almost every pair shares a token; the specialized dense Numba kernel should dominate sparse enumeration. Large preset: more instances and a larger structural workload.,20,20,120,115,12,18,,,,,,993987.0,,,,,,,,,,,,,,,,,,21.0,True,exact_agreement,5,0.0,2.1e-05,1.0,0.0,1.0,100.0,True,0.00018153136892887944,0.005441000753527564,0.000362996842544015,0.010823112941385537
dense_common_overlap,4,sparse_chain,generic_sparse,True,"{""method"": ""sparse_chain""}",overlap,1000,1000,1000000,1706343,10.0,21.0,ok,,21.0,0.002592250006273389,0.002509862999431789,2.8674844859924633,2.864522413990926,2.92294621799374,2.8880202109983655,2.8660053299972787,2.9191426070174202,0.030194978679495294,0.002962072001537308,5.0,"[2.8660053299972787, 2.8674844859924633, 2.92294621799374, 2.9191426070174202, 2.864522413990926]",2.8700767359987367,5.0,1.0,21.0,0.1,0.047619047619047616,0.1,0.08333333333333333,sparse_chain,1000.0,1000.0,0.0,0.3221291909867432,1.0352797369996551,1.5419685909873806,8.189992513507605e-06,2.944911869999487,930383.0,930383.0,930383.0,,,,,,,1.0,1.0,21.0,21.0,930383.0,930383.0,True,624369.0,1862517.0,11881.0,930383.0,395147.0,True,sparse_chain_fit,1000.0,1000.0,0.0025078350154217333,0.0,0.0,0.0,0.0,0.0025078350154217333,0.0,,,,,,,,,1.0,1.0,,,False,0.0024987819779198617,2.861346535006305,2.863845316984225,21.0,21.0,0.0,isolated,1,True,900.0,23.365457530977437,23.118530507024843,0.24692702395259403,376393728.0,358.95703125,resource.ru_maxrss_kib_converted_to_bytes,0.0,"{""BLIS_NUM_THREADS"": ""1"", ""MKL_DYNAMIC"": ""FALSE"", ""MKL_NUM_THREADS"": ""1"", ""NUMBA_NUM_THREADS"": ""1"", ""NUMEXPR_NUM_THREADS"": ""1"", ""OMP_DYNAMIC"": ""FALSE"", ""OMP_NUM_THREADS"": ""1"", ""OPENBLAS_NUM_THREADS"": ""1"", ""PYTHONHASHSEED"": ""0"", ""VECLIB_MAXIMUM_THREADS"": ""1""}",tree_tree,3,6,0,0.04572881598141976,8,10,10,12,17,21,medium,medium,8,uniform,"{""kind"": ""categorical"", ""probs"": [0.5, 0.35, 0.15], ""values"": [3, 4, 5]}",uniform,12,background,fast_dense,Almost every pair shares a token; the specialized dense Numba kernel should dominate sparse enumeration. Large preset: more instances and a larger structural workload.,20,20,120,115,12,18,,,,,,,,,,,,,,,,,,,,,,,,21.0,True,exact_agreement,5,0.0,2.1e-05,1.0,0.0,1.0,100.0,True,0.00011023808088820164,0.0033058084727825635,0.00022045185958647425,0.0065898322223702
dense_common_overlap,4,beam_local_capped,generic,False,"{""beam_local_child_cap"": 16, ""beam_width"": 200, ""method"": ""beam_local""}",overlap,1000,1000,1000000,1706343,10.0,21.0,ok,,21.0,1.0390067473053932e-06,6.393005605787039e-06,0.03182404302060604,0.0316983409866225,0.03204398599336855,0.03184222859563306,0.0317287249781657,0.03191604799940251,0.00014148567264734828,9.531804244033992e-05,5.0,"[0.0317287249781657, 0.03204398599336855, 0.0316983409866225, 0.03182404302060604, 0.03191604799940251]",0.031825082027353346,5.0,1.0,21.0,0.1,0.047619047619047616,0.1,0.08333333333333333,beam_local,1000.0,1000.0,0.0,0.00026149500627070665,0.029082428955007344,0.004875494021689519,2.4589826352894306e-06,0.034353284019744024,10172.0,10172.0,9444.0,,27757.0,19027.0,7895.0,200.0,43.0,1.0,1.0,21.0,21.0,,,,,,,,,True,beam_local_fit,1000.0,1000.0,5.4559786804020405e-06,0.0,0.0,0.0,0.0,5.4559786804020405e-06,0.0,,,,,,,,,1.0,1.0,,,,2.361979568377137e-06,0.03242734298692085,0.032429704966489226,21.0,21.0,0.0,isolated,1,True,900.0,0.4943287289934233,0.25842369699967094,0.23590503199375235,200306688.0,191.02734375,resource.ru_maxrss_kib_converted_to_bytes,0.0,"{""BLIS_NUM_THREADS"": ""1"", ""MKL_DYNAMIC"": ""FALSE"", ""MKL_NUM_THREADS"": ""1"", ""NUMBA_NUM_THREADS"": ""1"", ""NUMEXPR_NUM_THREADS"": ""1"", ""OMP_DYNAMIC"": ""FALSE"", ""OMP_NUM_THREADS"": ""1"", ""OPENBLAS_NUM_THREADS"": ""1"", ""PYTHONHASHSEED"": ""0"", ""VECLIB_MAXIMUM_THREADS"": ""1""}",tree_tree,6,7,0,0.04572881598141976,8,10,10,12,17,21,medium,medium,8,uniform,"{""kind"": ""categorical"", ""probs"": [0.5, 0.35, 0.15], ""values"": [3, 4, 5]}",uniform,12,background,fast_dense,Almost every pair shares a token; the specialized dense Numba kernel should dominate sparse enumeration. Large preset: more instances and a larger structural workload.,20,20,120,115,12,18,,200.0,16.0,42.0,7896.0,,,,,,,,,,,,,,,,,,,21.0,True,exact_agreement,5,0.0,2.1e-05,1.0,0.0,1.0,100.0,True,0.009932929845143249,0.29812724389039974,0.019670474249545072,0.4593189847813879
dense_common_overlap,4,fast_dense,fast_dense,True,{},overlap,1000,1000,1000000,1706343,10.0,21.0,ok,,21.0,0.0049972910201177,0.0049972849956247956,0.019810425001196563,0.019716291018994525,0.01982652800506912,0.0197943834005855,0.019798083987552673,0.01982058899011463,4.4970701230341613e-05,1.234101364389062e-05,5.0,"[0.019810425001196563, 0.01982058899011463, 0.01982652800506912, 0.019716291018994525, 0.019798083987552673]",0.024807716021314263,5.0,1.0,21.0,0.1,0.047619047619047616,0.1,0.4166666666666667,fast_dense_overlap,1000.0,1000.0,0.0,1.9002007320523262e-05,0.0,0.021501328999875113,4.396500298753381e-05,0.02157729398459196,1000000.0,,,1000000.0,,,,,,1.0,1.0,21.0,21.0,,,,,,,,,,fast_dense_fit,1000.0,1000.0,0.004996278003090993,0.0,0.0,0.0,0.0,0.004996278003090993,0.0,,,,,,,,,1.0,1.0,,,,0.005165292997844517,0.1172794210142456,0.12244471401209012,21.0,21.0,0.0,isolated,1,True,900.0,0.5384388689999469,0.27340302799711935,0.2650358410028275,205479936.0,195.9609375,resource.ru_maxrss_kib_converted_to_bytes,0.0,"{""BLIS_NUM_THREADS"": ""1"", ""MKL_DYNAMIC"": ""FALSE"", ""MKL_NUM_THREADS"": ""1"", ""NUMBA_NUM_THREADS"": ""1"", ""NUMEXPR_NUM_THREADS"": ""1"", ""OMP_DYNAMIC"": ""FALSE"", ""OMP_NUM_THREADS"": ""1"", ""OPENBLAS_NUM_THREADS"": ""1"", ""PYTHONHASHSEED"": ""0"", ""VECLIB_MAXIMUM_THREADS"": ""1""}",tree_tree,1,8,0,0.04572881598141976,8,10,10,12,17,21,medium,medium,8,uniform,"{""kind"": ""categorical"", ""probs"": [0.5, 0.35, 0.15], ""values"": [3, 4, 5]}",uniform,12,background,fast_dense,Almost every pair shares a token; the specialized dense Numba kernel should dominate sparse enumeration. Large preset: more instances and a larger structural workload.,20,20,120,115,12,18,,,,,,,,,,,,,,,,,,,,,,,,21.0,True,exact_agreement,5,0.0,2.1e-05,1.0,0.0,1.0,100.0,True,0.015956547458896384,0.3824585859999738,0.03141186992456871,0.5533020516825536
generic_sparse_jaccard,0,fast_dense,fast_dense,True,{},jaccard,1600,1600,2560000,3878,3.1166666666666667,,skipped,incompatible_score_mode:jaccard,,,,,,,,,,,,,,,,,,,,,,,,,,,,,,,,,,,,,,,,,,,,,,,,,,,,,,,,,,,,,,,,,,,,,,,,,,,,,,,,,,isolated,1,False,900.0,,,,,,,,,tree_tree,1,0,0,0.07452490497962572,733,11,12,12,17,22,medium,medium,1000,uniform,"{""kind"": ""categorical"", ""probs"": [0.8, 0.2], ""values"": [1, 2]}",inverse_sqrt,14,tail,sparse_chain,Generic score with an exact token blocking rule and very few positive node pairs. Large preset: more instances and a larger structural workload.,21,21,174,197,24,28,True,,,,,,,,,,,,,,,,,,,,,,,3.783333333333333,True,exact_agreement,3,3.1789143761784544e-08,1e-05,,,,,,,,,
generic_sparse_jaccard,0,exact_dense,generic,True,"{""method"": ""exact""}",jaccard,1600,1600,2560000,3878,3.1166666666666667,3.7833333015441895,ok,,3.783333333333333,1.9790022633969784e-06,1.0048010153695941e-05,1.8392665709834546,1.8368086879781913,1.8477206520037726,1.8411753753956872,1.8373041680024471,1.844776798010571,0.004834993037613852,0.002457883005263284,5.0,"[1.8392665709834546, 1.8368086879781913, 1.8373041680024471, 1.844776798010571, 1.8477206520037726]",1.839268549985718,5.0,1.0,12.0,0.8181818181818182,0.75,0.8333333333333334,0.8333333333333334,exact_dense,1600.0,1600.0,0.0,0.0001195619988720864,0.0,1.860122443002183,0.0024407990276813507,1.862837913009571,2560000.0,,3878.0,2560000.0,,,,,,1.0,1.0,3.7833333015441895,12.0,,,,,,,,,True,exact_fit,1600.0,1600.0,9.000999853014946e-06,0.0,0.0,0.0,0.0,9.000999853014946e-06,0.0,,,,,,,,,1.0,1.0,,,,2.463988494127989e-06,1.8424867930007167,1.8424892569892108,3.7833333015441895,3.783333333333333,0.0,isolated,1,True,900.0,14.990270515001612,14.75198387002456,0.23828664497705176,200699904.0,191.40234375,resource.ru_maxrss_kib_converted_to_bytes,0.0,"{""BLIS_NUM_THREADS"": ""1"", ""MKL_DYNAMIC"": ""FALSE"", ""MKL_NUM_THREADS"": ""1"", ""NUMBA_NUM_THREADS"": ""1"", ""NUMEXPR_NUM_THREADS"": ""1"", ""OMP_DYNAMIC"": ""FALSE"", ""OMP_NUM_THREADS"": ""1"", ""OPENBLAS_NUM_THREADS"": ""1"", ""PYTHONHASHSEED"": ""0"", ""VECLIB_MAXIMUM_THREADS"": ""1""}",tree_tree,0,1,0,0.07452490497962572,733,11,12,12,17,22,medium,medium,1000,uniform,"{""kind"": ""categorical"", ""probs"": [0.8, 0.2], ""values"": [1, 2]}",inverse_sqrt,14,tail,sparse_chain,Generic score with an exact token blocking rule and very few positive node pairs. Large preset: more instances and a larger structural workload.,21,21,174,197,24,28,,,,,,,,,,,,,,,,,,,,,,,,3.783333333333333,True,exact_agreement,3,3.1789143761784544e-08,1e-05,1.0,3.1789143761784544e-08,1.0,100.0,True,0.008337535306806504,0.00996613027671411,0.016537191198123247,0.019735573259240993
generic_sparse_jaccard,0,fast_beam_partial,fast_beam,False,"{""beam_width"": 200, ""expansion_width"": 64, ""max_nodes_per_token_side"": 8, ""max_token_types_per_expansion"": 2048, ""search"": ""partial""}",jaccard,1600,1600,2560000,3878,3.1166666666666667,,skipped,incompatible_score_mode:jaccard,,,,,,,,,,,,,,,,,,,,,,,,,,,,,,,,,,,,,,,,,,,,,,,,,,,,,,,,,,,,,,,,,,,,,,,,,,,,,,,,,,isolated,1,False,900.0,,,,,,,,,tree_tree,8,2,0,0.07452490497962572,733,11,12,12,17,22,medium,medium,1000,uniform,"{""kind"": ""categorical"", ""probs"": [0.8, 0.2], ""values"": [1, 2]}",inverse_sqrt,14,tail,sparse_chain,Generic score with an exact token blocking rule and very few positive node pairs. Large preset: more instances and a larger structural workload.,21,21,174,197,24,28,True,,,,,,,,,,,,,,,,,,,,,,,3.783333333333333,True,exact_agreement,3,3.1789143761784544e-08,1e-05,,,,,,,,,
generic_sparse_jaccard,0,beam_partial_score,generic,False,"{""beam_balance_penalty"": 0.0, ""beam_candidate_future_weight"": 0.0, ""beam_expansion_width"": 64, ""beam_gap_penalty"": 0.0, ""beam_lookahead"": false, ""beam_n_restarts"": 1, ""beam_priority_future_weight"": 0.0, ""beam_priority_length_weight"": 0.0, ""beam_random_fraction"": 0.0, ""beam_rarity_weight"": 0.0, ""beam_symmetric"": false, ""beam_width"": 200, ""candidate_select_mode"": ""first"", ""method"": ""beam"", ""seed"": 0}",jaccard,1600,1600,2560000,3878,3.1166666666666667,2.0,ok,,2.0,1.802982296794653e-06,7.85099109634757e-06,0.23318723400007002,0.23151220299769193,0.24830763900536112,0.23583692440297455,0.23217317400849424,0.2340043720032554,0.007036052025274948,0.0010140599915757775,5.0,"[0.23217317400849424, 0.23318723400007002, 0.2340043720032554, 0.23151220299769193, 0.24830763900536112]",0.23318903698236682,5.0,1.0,2.0,0.0,0.0,0.0,0.0,beam_partial,1600.0,1600.0,0.0,0.23319606500444934,0.01441324083134532,8.478315430693328e-05,1.267995685338974e-06,0.24793406602111645,1739.0,73.0,73.0,,73.0,73.0,73.0,64.0,3.0,1.0,1.0,2.0,2.0,,,,,,,,,True,beam_fit,1600.0,1600.0,6.831018254160881e-06,0.0,0.0,0.0,0.0,6.831018254160881e-06,0.0,,,,,,,,,1.0,1.0,,,,2.4249893613159657e-06,0.2617348089988809,0.2617372339882422,2.0,2.0,0.0,isolated,1,True,900.0,2.1671215330134146,1.9285312819993123,0.23859025101410225,200699904.0,191.40234375,resource.ru_maxrss_kib_converted_to_bytes,0.0,"{""BLIS_NUM_THREADS"": ""1"", ""MKL_DYNAMIC"": ""FALSE"", ""MKL_NUM_THREADS"": ""1"", ""NUMBA_NUM_THREADS"": ""1"", ""NUMEXPR_NUM_THREADS"": ""1"", ""OMP_DYNAMIC"": ""FALSE"", ""OMP_NUM_THREADS"": ""1"", ""OPENBLAS_NUM_THREADS"": ""1"", ""PYTHONHASHSEED"": ""0"", ""VECLIB_MAXIMUM_THREADS"": ""1""}",tree_tree,7,3,0,0.07452490497962572,733,11,12,12,17,22,medium,medium,1000,uniform,"{""kind"": ""categorical"", ""probs"": [0.8, 0.2], ""values"": [1, 2]}",inverse_sqrt,14,tail,sparse_chain,Generic score with an exact token blocking rule and very few positive node pairs. Large preset: more instances and a larger structural workload.,21,21,174,197,24,28,,,,,,,99955.0,0.0,[2.0],0.0,"{""beam_width"": 200, ""expansion_width"": 64, ""label_pair_preprocessing_score_evaluations"": 99955, ""lookahead_enabled"": false, ""maximum_matching_length"": 22, ""positive_label_pair_types"": 621, ""state_pool_size"": 74}",,,,,,,,,,,,,3.783333333333333,True,exact_agreement,3,3.1789143761784544e-08,1e-05,0.5286343612334802,1.7833333333333332,0.5286343612334802,52.863436123348016,True,0.06576239063841238,0.07860742606182992,0.1169732481169961,0.13686339554953886
generic_sparse_jaccard,0,beam_local,generic,False,"{""beam_local_child_cap"": null, ""beam_width"": 200, ""method"": ""beam_local""}",jaccard,1600,1600,2560000,3878,3.1166666666666667,3.783333333333333,ok,,3.783333333333333,1.0119983926415443e-06,6.252987077459693e-06,0.02878223400330171,0.02862447200459428,0.028946542995981872,0.02879155000555329,0.028712371014989913,0.028892130008898675,0.0001307768356820099,0.00010989600559696555,5.0,"[0.02862447200459428, 0.028892130008898675, 0.02878223400330171, 0.028712371014989913, 0.028946542995981872]",0.02878324600169435,5.0,1.0,12.0,0.8181818181818182,0.75,0.8333333333333334,0.8333333333333334,beam_local,1600.0,1600.0,0.0,0.0004047710099257529,0.02665006203460507,0.004344527958892286,2.6360212359577417e-06,0.031527451996225864,13696.0,13696.0,52.0,,34853.0,15602.0,8180.0,200.0,45.0,1.0,1.0,3.783333333333333,12.0,,,,,,,,,True,beam_local_fit,1600.0,1600.0,5.370995495468378e-06,0.0,0.0,0.0,0.0,5.370995495468378e-06,0.0,,,,,,,,,1.0,1.0,,,,2.4030159693211317e-06,0.029570446000434458,0.02957284901640378,3.783333333333333,3.783333333333333,0.0,isolated,1,True,900.0,0.47201653799857013,0.2342275750124827,0.23778896298608743,200699904.0,191.40234375,resource.ru_maxrss_kib_converted_to_bytes,0.0,"{""BLIS_NUM_THREADS"": ""1"", ""MKL_DYNAMIC"": ""FALSE"", ""MKL_NUM_THREADS"": ""1"", ""NUMBA_NUM_THREADS"": ""1"", ""NUMEXPR_NUM_THREADS"": ""1"", ""OMP_DYNAMIC"": ""FALSE"", ""OMP_NUM_THREADS"": ""1"", ""OPENBLAS_NUM_THREADS"": ""1"", ""PYTHONHASHSEED"": ""0"", ""VECLIB_MAXIMUM_THREADS"": ""1""}",tree_tree,5,4,0,0.07452490497962572,733,11,12,12,17,22,medium,medium,1000,uniform,"{""kind"": ""categorical"", ""probs"": [0.8, 0.2], ""values"": [1, 2]}",inverse_sqrt,14,tail,sparse_chain,Generic score with an exact token blocking rule and very few positive node pairs. Large preset: more instances and a larger structural workload.,21,21,174,197,24,28,,200.0,,44.0,8181.0,,,,,,,,,,,,,,,,,,,3.783333333333333,True,exact_agreement,3,3.1789143761784544e-08,1e-05,1.0,0.0,1.0,100.0,True,0.5327922069025065,0.63684234856422,0.6951916959170642,0.7781352298501264
generic_sparse_jaccard,0,sparse_closure,generic_sparse,True,"{""method"": ""sparse""}",jaccard,1600,1600,2560000,3878,3.1166666666666667,3.783333333333333,ok,,3.783333333333333,0.003044676996069029,0.0030290599970612675,0.18885438999859616,0.18770928698359057,0.18909956500283442,0.1884896893927362,0.18787877997965552,0.18890642499900423,0.0006443720952271613,0.00024517500423826277,5.0,"[0.18885438999859616, 0.18787877997965552, 0.18909956500283442, 0.18890642499900423, 0.18770928698359057]",0.1918990669946652,5.0,1.0,12.0,0.8181818181818182,0.75,0.8333333333333334,0.8333333333333334,sparse_closure,1600.0,1600.0,0.0,0.0005136879917699844,0.000606182002229616,0.19771333699463867,8.28198972158134e-06,0.20110645398381166,3878.0,3878.0,3878.0,276122.0,,,,,,1.0,1.0,3.783333333333333,12.0,,,True,,,,,,True,sparse_fit,1600.0,1600.0,0.003027261991519481,0.0,0.0,0.0,0.0,0.003027261991519481,0.0,,,,,,,,,1.0,1.0,,,False,0.003260799974668771,0.1958015029958915,0.19906230297056027,3.783333333333333,3.783333333333333,0.0,isolated,1,True,900.0,1.7819235360075254,1.5405093719891738,0.24141416401835158,200699904.0,191.40234375,resource.ru_maxrss_kib_converted_to_bytes,0.0,"{""BLIS_NUM_THREADS"": ""1"", ""MKL_DYNAMIC"": ""FALSE"", ""MKL_NUM_THREADS"": ""1"", ""NUMBA_NUM_THREADS"": ""1"", ""NUMEXPR_NUM_THREADS"": ""1"", ""OMP_DYNAMIC"": ""FALSE"", ""OMP_NUM_THREADS"": ""1"", ""OPENBLAS_NUM_THREADS"": ""1"", ""PYTHONHASHSEED"": ""0"", ""VECLIB_MAXIMUM_THREADS"": ""1""}",tree_tree,2,5,0,0.07452490497962572,733,11,12,12,17,22,medium,medium,1000,uniform,"{""kind"": ""categorical"", ""probs"": [0.8, 0.2], ""values"": [1, 2]}",inverse_sqrt,14,tail,sparse_chain,Generic score with an exact token blocking rule and very few positive node pairs. Large preset: more instances and a larger structural workload.,21,21,174,197,24,28,,,,,,279193.0,,,,,,,,,,,,,,,,,,3.783333333333333,True,exact_agreement,3,3.1789143761784544e-08,1e-05,1.0,0.0,1.0,100.0,True,0.08119985971370575,0.0955209958552342,0.15020323760531545,0.17438460096451985
generic_sparse_jaccard,0,fast_sparse,fast_sparse,True,{},jaccard,1600,1600,2560000,3878,3.1166666666666667,,skipped,incompatible_score_mode:jaccard,,,,,,,,,,,,,,,,,,,,,,,,,,,,,,,,,,,,,,,,,,,,,,,,,,,,,,,,,,,,,,,,,,,,,,,,,,,,,,,,,,isolated,1,False,900.0,,,,,,,,,tree_tree,4,6,0,0.07452490497962572,733,11,12,12,17,22,medium,medium,1000,uniform,"{""kind"": ""categorical"", ""probs"": [0.8, 0.2], ""values"": [1, 2]}",inverse_sqrt,14,tail,sparse_chain,Generic score with an exact token blocking rule and very few positive node pairs. Large preset: more instances and a larger structural workload.,21,21,174,197,24,28,True,,,,,,,,,,,,,,,,,,,,,,,3.783333333333333,True,exact_agreement,3,3.1789143761784544e-08,1e-05,,,,,,,,,
generic_sparse_jaccard,0,sparse_chain,generic_sparse,True,"{""method"": ""sparse_chain""}",jaccard,1600,1600,2560000,3878,3.1166666666666667,3.783333333333333,ok,,3.783333333333333,0.0029954400088172406,0.003007569001056254,0.015334949974203482,0.015120575990295038,0.015392863017041236,0.01528469119220972,0.015231383993523195,0.015343682985985652,0.00010895248679938467,5.791304283775389e-05,5.0,"[0.015392863017041236, 0.015334949974203482, 0.015343682985985652, 0.015231383993523195, 0.015120575990295038]",0.018330389983020723,5.0,1.0,12.0,0.9090909090909091,0.8333333333333334,0.8333333333333334,0.8333333333333334,sparse_chain,1600.0,1600.0,0.0,0.0019973710004705936,0.005591683002421632,0.008350979012902826,1.3380195014178753e-06,0.01615947502432391,3878.0,3878.0,3878.0,,,,,,,1.0,1.0,3.783333333333333,12.0,3878.0,3878.0,True,2722.0,8261.0,328.0,3878.0,7707.0,True,sparse_chain_fit,1600.0,1600.0,0.0030059529817663133,0.0,0.0,0.0,0.0,0.0030059529817663133,0.0,,,,,,,,,1.0,1.0,,,False,0.0033032780047506094,0.016387353010941297,0.019690631015691906,3.783333333333333,3.783333333333333,0.0,isolated,1,True,900.0,0.3715780979837291,0.1345334789948538,0.2370446189888753,200699904.0,191.40234375,resource.ru_maxrss_kib_converted_to_bytes,0.0,"{""BLIS_NUM_THREADS"": ""1"", ""MKL_DYNAMIC"": ""FALSE"", ""MKL_NUM_THREADS"": ""1"", ""NUMBA_NUM_THREADS"": ""1"", ""NUMEXPR_NUM_THREADS"": ""1"", ""OMP_DYNAMIC"": ""FALSE"", ""OMP_NUM_THREADS"": ""1"", ""OPENBLAS_NUM_THREADS"": ""1"", ""PYTHONHASHSEED"": ""0"", ""VECLIB_MAXIMUM_THREADS"": ""1""}",tree_tree,3,7,0,0.07452490497962572,733,11,12,12,17,22,medium,medium,1000,uniform,"{""kind"": ""categorical"", ""probs"": [0.8, 0.2], ""values"": [1, 2]}",inverse_sqrt,14,tail,sparse_chain,Generic score with an exact token blocking rule and very few positive node pairs. Large preset: more instances and a larger structural workload.,21,21,174,197,24,28,,,,,,,,,,,,,,,,,,,,,,,,3.783333333333333,True,exact_agreement,3,3.1789143761784544e-08,1e-05,1.0,0.0,1.0,100.0,True,1.0,1.0,1.0,1.0
generic_sparse_jaccard,0,beam_local_capped,generic,False,"{""beam_local_child_cap"": 16, ""beam_width"": 200, ""method"": ""beam_local""}",jaccard,1600,1600,2560000,3878,3.1166666666666667,3.783333333333333,ok,,3.783333333333333,9.709910955280066e-07,5.886016879230738e-06,0.025076210993574932,0.025002440001117066,0.025448070984566584,0.025149820797378198,0.025041325017809868,0.025181056989822537,0.00017947124448152384,7.377099245786667e-05,5.0,"[0.025448070984566584, 0.025002440001117066, 0.025181056989822537, 0.025041325017809868, 0.025076210993574932]",0.02507718198467046,5.0,1.0,12.0,0.8181818181818182,0.75,0.8333333333333334,0.8333333333333334,beam_local,1600.0,1600.0,0.0,0.0003987399977631867,0.022912268119398504,0.0039090358768589795,2.8270005714148283e-06,0.02733356400858611,11846.0,11846.0,49.0,,31330.0,13365.0,8119.0,200.0,45.0,1.0,1.0,3.783333333333333,12.0,,,,,,,,,True,beam_local_fit,1600.0,1600.0,5.0749804358929396e-06,0.0,0.0,0.0,0.0,5.0749804358929396e-06,0.0,,,,,,,,,1.0,1.0,,,,2.2570020519196987e-06,0.025829250022070482,0.025831507024122402,3.783333333333333,3.783333333333333,0.0,isolated,1,True,900.0,0.4345234720094595,0.2045218060084153,0.2300016660010442,200699904.0,191.40234375,resource.ru_maxrss_kib_converted_to_bytes,0.0,"{""BLIS_NUM_THREADS"": ""1"", ""MKL_DYNAMIC"": ""FALSE"", ""MKL_NUM_THREADS"": ""1"", ""NUMBA_NUM_THREADS"": ""1"", ""NUMEXPR_NUM_THREADS"": ""1"", ""OMP_DYNAMIC"": ""FALSE"", ""OMP_NUM_THREADS"": ""1"", ""OPENBLAS_NUM_THREADS"": ""1"", ""PYTHONHASHSEED"": ""0"", ""VECLIB_MAXIMUM_THREADS"": ""1""}",tree_tree,6,8,0,0.07452490497962572,733,11,12,12,17,22,medium,medium,1000,uniform,"{""kind"": ""categorical"", ""probs"": [0.8, 0.2], ""values"": [1, 2]}",inverse_sqrt,14,tail,sparse_chain,Generic score with an exact token blocking rule and very few positive node pairs. Large preset: more instances and a larger structural workload.,21,21,174,197,24,28,,200.0,16.0,44.0,8120.0,,,,,,,,,,,,,,,,,,,3.783333333333333,True,exact_agreement,3,3.1789143761784544e-08,1e-05,1.0,0.0,1.0,100.0,True,0.6115337751039274,0.7309589248993761,0.7589462716218774,0.8445710806706382
generic_sparse_jaccard,1,exact_dense,generic,True,"{""method"": ""exact""}",jaccard,1600,1600,2560000,3667,3.5,3.6666665077209473,ok,,3.6666666666666665,1.9580184016376734e-06,1.0462012141942978e-05,1.850288282992551,1.8418948109901976,1.8740384929988068,1.8525461659941356,1.8447397489799187,1.8517694940092042,0.012668986592428278,0.0055485340126324445,5.0,"[1.8418948109901976, 1.850288282992551, 1.8447397489799187, 1.8740384929988068, 1.8517694940092042]",1.8502902410109527,5.0,1.0,11.0,0.9090909090909091,0.9090909090909091,0.8461538461538461,0.8333333333333334,exact_dense,1600.0,1600.0,0.0,0.00012232002336531878,0.0,1.8530387089995202,0.0023478399962186813,1.8557428809872363,2560000.0,,3667.0,2560000.0,,,,,,1.0,1.0,3.6666665077209473,11.0,,,,,,,,,True,exact_fit,1600.0,1600.0,9.262992534786463e-06,0.0,0.0,0.0,0.0,9.262992534786463e-06,0.0,,,,,,,,,1.0,1.0,,,,2.6650086510926485e-06,1.8454198550025467,1.8454225200111978,3.6666665077209473,3.6666666666666665,0.0,isolated,1,True,900.0,15.045419572998071,14.804700801003492,0.24071877199457958,200896512.0,191.58984375,resource.ru_maxrss_kib_converted_to_bytes,0.0,"{""BLIS_NUM_THREADS"": ""1"", ""MKL_DYNAMIC"": ""FALSE"", ""MKL_NUM_THREADS"": ""1"", ""NUMBA_NUM_THREADS"": ""1"", ""NUMEXPR_NUM_THREADS"": ""1"", ""OMP_DYNAMIC"": ""FALSE"", ""OMP_NUM_THREADS"": ""1"", ""OPENBLAS_NUM_THREADS"": ""1"", ""PYTHONHASHSEED"": ""0"", ""VECLIB_MAXIMUM_THREADS"": ""1""}",tree_tree,0,0,0,0.07460235100006685,729,11,13,12,19,22,medium,medium,1000,uniform,"{""kind"": ""categorical"", ""probs"": [0.8, 0.2], ""values"": [1, 2]}",inverse_sqrt,14,tail,sparse_chain,Generic score with an exact token blocking rule and very few positive node pairs. Large preset: more instances and a larger structural workload.,21,21,180,171,21,25,,,,,,,,,,,,,,,,,,,,,,,,3.666666666666667,True,exact_agreement,3,1.5894571969710114e-07,1e-05,1.0,1.5894571969710114e-07,1.0,100.0,True,0.0078349925921684,0.009499909594607484,0.015548165423422477,0.018821021189437123
generic_sparse_jaccard,1,fast_beam_partial,fast_beam,False,"{""beam_width"": 200, ""expansion_width"": 64, ""max_nodes_per_token_side"": 8, ""max_token_types_per_expansion"": 2048, ""search"": ""partial""}",jaccard,1600,1600,2560000,3667,3.5,,skipped,incompatible_score_mode:jaccard,,,,,,,,,,,,,,,,,,,,,,,,,,,,,,,,,,,,,,,,,,,,,,,,,,,,,,,,,,,,,,,,,,,,,,,,,,,,,,,,,,isolated,1,False,900.0,,,,,,,,,tree_tree,8,1,0,0.07460235100006685,729,11,13,12,19,22,medium,medium,1000,uniform,"{""kind"": ""categorical"", ""probs"": [0.8, 0.2], ""values"": [1, 2]}",inverse_sqrt,14,tail,sparse_chain,Generic score with an exact token blocking rule and very few positive node pairs. Large preset: more instances and a larger structural workload.,21,21,180,171,21,25,True,,,,,,,,,,,,,,,,,,,,,,,3.666666666666667,True,exact_agreement,3,1.5894571969710114e-07,1e-05,,,,,,,,,
generic_sparse_jaccard,1,beam_partial_score,generic,False,"{""beam_balance_penalty"": 0.0, ""beam_candidate_future_weight"": 0.0, ""beam_expansion_width"": 64, ""beam_gap_penalty"": 0.0, ""beam_lookahead"": false, ""beam_n_restarts"": 1, ""beam_priority_future_weight"": 0.0, ""beam_priority_length_weight"": 0.0, ""beam_random_fraction"": 0.0, ""beam_rarity_weight"": 0.0, ""beam_symmetric"": false, ""beam_width"": 200, ""candidate_select_mode"": ""first"", ""method"": ""beam"", ""seed"": 0}",jaccard,1600,1600,2560000,3667,3.5,3.0,ok,,3.0,1.4500110410153866e-06,7.37901427783072e-06,0.2390591049916111,0.23844271898269653,0.2562532969750464,0.2426923079881817,0.23884419997921214,0.2408622190123424,0.007637354809419946,0.0006163860089145601,5.0,"[0.2408622190123424, 0.23884419997921214, 0.2390591049916111, 0.23844271898269653, 0.2562532969750464]",0.2390605550026521,5.0,1.0,3.0,0.0,0.0,0.0,0.0,beam_partial,1600.0,1600.0,0.0,0.23236268598702736,0.016778499906649813,0.0001058070920407772,1.2530072126537561e-06,0.24949528099386953,1795.0,89.0,89.0,,89.0,89.0,89.0,64.0,4.0,1.0,1.0,3.0,3.0,,,,,,,,,True,beam_fit,1600.0,1600.0,6.385991582646966e-06,0.0,0.0,0.0,0.0,6.385991582646966e-06,0.0,,,,,,,,,1.0,1.0,,,,2.149987267330289e-06,0.26347881500259973,0.26348096498986706,3.0,3.0,0.0,isolated,1,True,900.0,2.205463229009183,1.9673379190207925,0.23812530998839065,200896512.0,191.58984375,resource.ru_maxrss_kib_converted_to_bytes,0.0,"{""BLIS_NUM_THREADS"": ""1"", ""MKL_DYNAMIC"": ""FALSE"", ""MKL_NUM_THREADS"": ""1"", ""NUMBA_NUM_THREADS"": ""1"", ""NUMEXPR_NUM_THREADS"": ""1"", ""OMP_DYNAMIC"": ""FALSE"", ""OMP_NUM_THREADS"": ""1"", ""OPENBLAS_NUM_THREADS"": ""1"", ""PYTHONHASHSEED"": ""0"", ""VECLIB_MAXIMUM_THREADS"": ""1""}",tree_tree,7,2,0,0.07460235100006685,729,11,13,12,19,22,medium,medium,1000,uniform,"{""kind"": ""categorical"", ""probs"": [0.8, 0.2], ""values"": [1, 2]}",inverse_sqrt,14,tail,sparse_chain,Generic score with an exact token blocking rule and very few positive node pairs. Large preset: more instances and a larger structural workload.,21,21,180,171,21,25,,,,,,,99948.0,0.0,[3.0],0.0,"{""beam_width"": 200, ""expansion_width"": 64, ""label_pair_preprocessing_score_evaluations"": 99948, ""lookahead_enabled"": false, ""maximum_matching_length"": 22, ""positive_label_pair_types"": 636, ""state_pool_size"": 90}",,,,,,,,,,,,,3.666666666666667,True,exact_agreement,3,1.5894571969710114e-07,1e-05,0.8181818181818181,0.666666666666667,0.8181818181818181,81.81818181818181,True,0.06064188599355521,0.07352777212950727,0.11291477074287111,0.13492977296963946
generic_sparse_jaccard,1,beam_local,generic,False,"{""beam_local_child_cap"": null, ""beam_width"": 200, ""method"": ""beam_local""}",jaccard,1600,1600,2560000,3667,3.5,2.0,ok,,2.0,1.0980002116411924e-06,5.8680016081780195e-06,0.028838868980528787,0.028738078981405124,0.02912824699888006,0.02887529339059256,0.028791664983145893,0.02887960700900294,0.00015095726010917165,4.720399738289416e-05,5.0,"[0.028738078981405124, 0.02912824699888006, 0.028838868980528787, 0.028791664983145893, 0.02887960700900294]",0.028839966980740428,5.0,1.0,2.0,0.0,0.0,0.0,0.0,beam_local,1600.0,1600.0,0.0,0.0004140679957345128,0.02705531902029179,0.004317443002946675,1.3890094123780727e-06,0.03189770400058478,13949.0,13949.0,19.0,,35307.0,16194.0,8140.0,200.0,45.0,1.0,1.0,2.0,2.0,,,,,,,,,True,beam_local_fit,1600.0,1600.0,5.017995135858655e-06,0.0,0.0,0.0,0.0,5.017995135858655e-06,0.0,,,,,,,,,1.0,1.0,,,,2.4590117391198874e-06,0.02968306199181825,0.02968552100355737,2.0,2.0,0.0,isolated,1,True,900.0,0.47034600100596435,0.23511958101880737,0.235226419987157,200896512.0,191.58984375,resource.ru_maxrss_kib_converted_to_bytes,0.0,"{""BLIS_NUM_THREADS"": ""1"", ""MKL_DYNAMIC"": ""FALSE"", ""MKL_NUM_THREADS"": ""1"", ""NUMBA_NUM_THREADS"": ""1"", ""NUMEXPR_NUM_THREADS"": ""1"", ""OMP_DYNAMIC"": ""FALSE"", ""OMP_NUM_THREADS"": ""1"", ""OPENBLAS_NUM_THREADS"": ""1"", ""PYTHONHASHSEED"": ""0"", ""VECLIB_MAXIMUM_THREADS"": ""1""}",tree_tree,5,3,0,0.07460235100006685,729,11,13,12,19,22,medium,medium,1000,uniform,"{""kind"": ""categorical"", ""probs"": [0.8, 0.2], ""values"": [1, 2]}",inverse_sqrt,14,tail,sparse_chain,Generic score with an exact token blocking rule and very few positive node pairs. Large preset: more instances and a larger structural workload.,21,21,180,171,21,25,,200.0,,44.0,8141.0,,,,,,,,,,,,,,,,,,,3.666666666666667,True,exact_agreement,3,1.5894571969710114e-07,1e-05,0.5454545454545454,1.666666666666667,0.5454545454545454,54.54545454545454,True,0.5026894432098082,0.6094871753884811,0.5231995693649101,0.5756958021556885
generic_sparse_jaccard,1,sparse_closure,generic_sparse,True,"{""method"": ""sparse""}",jaccard,1600,1600,2560000,3667,3.5,3.666666666666667,ok,,3.6666666666666665,0.003097969980444759,0.003041086019948125,0.1807519010035321,0.1793000949837733,0.1826573399885092,0.1807742137927562,0.18012933898717165,0.18103239400079474,0.0012452117216955295,0.0006225620163604617,5.0,"[0.1826573399885092, 0.18012933898717165, 0.1793000949837733, 0.1807519010035321, 0.18103239400079474]",0.18384987098397687,5.0,1.0,11.0,0.9090909090909091,0.9090909090909091,0.8461538461538461,0.8333333333333334,sparse_closure,1600.0,1600.0,0.0,0.0004462619835976511,0.0005870750173926353,0.18952261900994927,7.96798849478364e-06,0.1926363950187806,3667.0,3667.0,3667.0,263423.0,,,,,,1.0,1.0,3.666666666666667,11.0,,,True,,,,,,True,sparse_fit,1600.0,1600.0,0.003039156988961622,0.0,0.0,0.0,0.0,0.003039156988961622,0.0,,,,,,,,,1.0,1.0,,,False,0.0032816689927130938,0.18855177101795562,0.1918334400106687,3.666666666666667,3.6666666666666665,0.0,isolated,1,True,900.0,1.7150685339875054,1.476669566007331,0.23839896798017435,200896512.0,191.58984375,resource.ru_maxrss_kib_converted_to_bytes,0.0,"{""BLIS_NUM_THREADS"": ""1"", ""MKL_DYNAMIC"": ""FALSE"", ""MKL_NUM_THREADS"": ""1"", ""NUMBA_NUM_THREADS"": ""1"", ""NUMEXPR_NUM_THREADS"": ""1"", ""OMP_DYNAMIC"": ""FALSE"", ""OMP_NUM_THREADS"": ""1"", ""OPENBLAS_NUM_THREADS"": ""1"", ""PYTHONHASHSEED"": ""0"", ""VECLIB_MAXIMUM_THREADS"": ""1""}",tree_tree,2,4,0,0.07460235100006685,729,11,13,12,19,22,medium,medium,1000,uniform,"{""kind"": ""categorical"", ""probs"": [0.8, 0.2], ""values"": [1, 2]}",inverse_sqrt,14,tail,sparse_chain,Generic score with an exact token blocking rule and very few positive node pairs. Large preset: more instances and a larger structural workload.,21,21,180,171,21,25,,,,,,266472.0,,,,,,,,,,,,,,,,,,3.666666666666667,True,exact_agreement,3,1.5894571969710114e-07,1e-05,1.0,0.0,1.0,100.0,True,0.08020383138509474,0.09560838916727056,0.14849758731600335,0.17453022469084742
generic_sparse_jaccard,1,fast_sparse,fast_sparse,True,{},jaccard,1600,1600,2560000,3667,3.5,,skipped,incompatible_score_mode:jaccard,,,,,,,,,,,,,,,,,,,,,,,,,,,,,,,,,,,,,,,,,,,,,,,,,,,,,,,,,,,,,,,,,,,,,,,,,,,,,,,,,,isolated,1,False,900.0,,,,,,,,,tree_tree,4,5,0,0.07460235100006685,729,11,13,12,19,22,medium,medium,1000,uniform,"{""kind"": ""categorical"", ""probs"": [0.8, 0.2], ""values"": [1, 2]}",inverse_sqrt,14,tail,sparse_chain,Generic score with an exact token blocking rule and very few positive node pairs. Large preset: more instances and a larger structural workload.,21,21,180,171,21,25,True,,,,,,,,,,,,,,,,,,,,,,,3.666666666666667,True,exact_agreement,3,1.5894571969710114e-07,1e-05,,,,,,,,,
generic_sparse_jaccard,1,sparse_chain,generic_sparse,True,"{""method"": ""sparse_chain""}",jaccard,1600,1600,2560000,3667,3.5,3.666666666666667,ok,,3.6666666666666665,0.0030805950227659196,0.002988920983625576,0.014496994990622625,0.014407073991606012,0.014591825020033866,0.014498111803550272,0.014460230013355613,0.01453443500213325,7.040188598692767e-05,3.744001151062548e-05,5.0,"[0.014591825020033866, 0.01453443500213325, 0.014407073991606012, 0.014496994990622625, 0.014460230013355613]",0.017577590013388544,5.0,1.0,11.0,0.9090909090909091,0.9090909090909091,0.8461538461538461,0.8333333333333334,sparse_chain,1600.0,1600.0,0.0,0.0017022239917423576,0.005374390981160104,0.0078080940002109855,1.2560049071907997e-06,0.01509327400708571,3667.0,3667.0,3667.0,,,,,,,1.0,1.0,3.666666666666667,11.0,3667.0,3667.0,True,2623.0,7479.0,244.0,3667.0,7115.0,True,sparse_chain_fit,1600.0,1600.0,0.0029873879975639284,0.0,0.0,0.0,0.0,0.0029873879975639284,0.0,,,,,,,,,1.0,1.0,,,False,0.003270280983997509,0.015624004998244345,0.018894285982241854,3.666666666666667,3.6666666666666665,0.0,isolated,1,True,900.0,0.3626212309754919,0.12790093998773955,0.23472029098775238,200896512.0,191.58984375,resource.ru_maxrss_kib_converted_to_bytes,0.0,"{""BLIS_NUM_THREADS"": ""1"", ""MKL_DYNAMIC"": ""FALSE"", ""MKL_NUM_THREADS"": ""1"", ""NUMBA_NUM_THREADS"": ""1"", ""NUMEXPR_NUM_THREADS"": ""1"", ""OMP_DYNAMIC"": ""FALSE"", ""OMP_NUM_THREADS"": ""1"", ""OPENBLAS_NUM_THREADS"": ""1"", ""PYTHONHASHSEED"": ""0"", ""VECLIB_MAXIMUM_THREADS"": ""1""}",tree_tree,3,6,0,0.07460235100006685,729,11,13,12,19,22,medium,medium,1000,uniform,"{""kind"": ""categorical"", ""probs"": [0.8, 0.2], ""values"": [1, 2]}",inverse_sqrt,14,tail,sparse_chain,Generic score with an exact token blocking rule and very few positive node pairs. Large preset: more instances and a larger structural workload.,21,21,180,171,21,25,,,,,,,,,,,,,,,,,,,,,,,,3.666666666666667,True,exact_agreement,3,1.5894571969710114e-07,1e-05,1.0,0.0,1.0,100.0,True,1.0,1.0,1.0,1.0
generic_sparse_jaccard,1,beam_local_capped,generic,False,"{""beam_local_child_cap"": 16, ""beam_width"": 200, ""method"": ""beam_local""}",jaccard,1600,1600,2560000,3667,3.5,2.5,ok,,2.5,1.08100357465446e-06,6.163987563923001e-06,0.032208096992690116,0.03201531298691407,0.03248002802138217,0.03224390280083753,0.03217560800840147,0.03234046799479984,0.00017555589854998383,0.0001323710021097213,5.0,"[0.03201531298691407, 0.03234046799479984, 0.032208096992690116, 0.03248002802138217, 0.03217560800840147]",0.03220917799626477,5.0,1.0,3.0,0.0,0.0,0.0,0.0,beam_local,1600.0,1600.0,0.0,0.0004054249729961157,0.030016443866770715,0.004767178121255711,2.4799956008791924e-06,0.035303341021062806,16685.0,16685.0,26.0,,40512.0,18200.0,8016.0,200.0,45.0,1.0,1.0,2.5,3.0,,,,,,,,,True,beam_local_fit,1600.0,1600.0,5.426001735031605e-06,0.0,0.0,0.0,0.0,5.426001735031605e-06,0.0,,,,,,,,,1.0,1.0,,,,2.3730099201202393e-06,0.03276966299745254,0.03277203600737266,2.5,2.5,0.0,isolated,1,True,900.0,0.49864823499228805,0.26218604898895137,0.23646218600333668,200896512.0,191.58984375,resource.ru_maxrss_kib_converted_to_bytes,0.0,"{""BLIS_NUM_THREADS"": ""1"", ""MKL_DYNAMIC"": ""FALSE"", ""MKL_NUM_THREADS"": ""1"", ""NUMBA_NUM_THREADS"": ""1"", ""NUMEXPR_NUM_THREADS"": ""1"", ""OMP_DYNAMIC"": ""FALSE"", ""OMP_NUM_THREADS"": ""1"", ""OPENBLAS_NUM_THREADS"": ""1"", ""PYTHONHASHSEED"": ""0"", ""VECLIB_MAXIMUM_THREADS"": ""1""}",tree_tree,6,7,0,0.07460235100006685,729,11,13,12,19,22,medium,medium,1000,uniform,"{""kind"": ""categorical"", ""probs"": [0.8, 0.2], ""values"": [1, 2]}",inverse_sqrt,14,tail,sparse_chain,Generic score with an exact token blocking rule and very few positive node pairs. Large preset: more instances and a larger structural workload.,21,21,180,171,21,25,,200.0,16.0,44.0,8017.0,,,,,,,,,,,,,,,,,,,3.666666666666667,True,exact_agreement,3,1.5894571969710114e-07,1e-05,0.6818181818181818,1.166666666666667,0.6818181818181818,68.18181818181817,True,0.45010405283841615,0.5457323380133134,0.5422441887598181,0.6062320441438114
generic_sparse_jaccard,1,fast_dense,fast_dense,True,{},jaccard,1600,1600,2560000,3667,3.5,,skipped,incompatible_score_mode:jaccard,,,,,,,,,,,,,,,,,,,,,,,,,,,,,,,,,,,,,,,,,,,,,,,,,,,,,,,,,,,,,,,,,,,,,,,,,,,,,,,,,,isolated,1,False,900.0,,,,,,,,,tree_tree,1,8,0,0.07460235100006685,729,11,13,12,19,22,medium,medium,1000,uniform,"{""kind"": ""categorical"", ""probs"": [0.8, 0.2], ""values"": [1, 2]}",inverse_sqrt,14,tail,sparse_chain,Generic score with an exact token blocking rule and very few positive node pairs. Large preset: more instances and a larger structural workload.,21,21,180,171,21,25,True,,,,,,,,,,,,,,,,,,,,,,,3.666666666666667,True,exact_agreement,3,1.5894571969710114e-07,1e-05,,,,,,,,,
generic_sparse_jaccard,2,fast_beam_partial,fast_beam,False,"{""beam_width"": 200, ""expansion_width"": 64, ""max_nodes_per_token_side"": 8, ""max_token_types_per_expansion"": 2048, ""search"": ""partial""}",jaccard,1600,1600,2560000,3851,4.416666666666666,,skipped,incompatible_score_mode:jaccard,,,,,,,,,,,,,,,,,,,,,,,,,,,,,,,,,,,,,,,,,,,,,,,,,,,,,,,,,,,,,,,,,,,,,,,,,,,,,,,,,,isolated,1,False,900.0,,,,,,,,,tree_tree,8,0,0,0.07409293699311092,722,14,14,14,20,20,medium,medium,1000,uniform,"{""kind"": ""categorical"", ""probs"": [0.8, 0.2], ""values"": [1, 2]}",inverse_sqrt,14,tail,sparse_chain,Generic score with an exact token blocking rule and very few positive node pairs. Large preset: more instances and a larger structural workload.,21,21,178,166,25,21,True,,,,,,,,,,,,,,,,,,,,,,,4.4166669845581055,True,exact_agreement,3,3.178914393942023e-07,1e-05,,,,,,,,,
generic_sparse_jaccard,2,beam_partial_score,generic,False,"{""beam_balance_penalty"": 0.0, ""beam_candidate_future_weight"": 0.0, ""beam_expansion_width"": 64, ""beam_gap_penalty"": 0.0, ""beam_lookahead"": false, ""beam_n_restarts"": 1, ""beam_priority_future_weight"": 0.0, ""beam_priority_length_weight"": 0.0, ""beam_random_fraction"": 0.0, ""beam_rarity_weight"": 0.0, ""beam_symmetric"": false, ""beam_width"": 200, ""candidate_select_mode"": ""first"", ""method"": ""beam"", ""seed"": 0}",jaccard,1600,1600,2560000,3851,4.416666666666666,2.0,ok,,2.0,1.5789992175996304e-06,7.601978722959757e-06,0.24149205698631704,0.240439162007533,0.25688657199498266,0.24461482459446415,0.24125559799722396,0.2430007339862641,0.0069223065458633,0.0010528949787840247,5.0,"[0.24149205698631704, 0.24125559799722396, 0.240439162007533, 0.2430007339862641, 0.25688657199498266]",0.24149363598553464,5.0,1.0,2.0,0.0,0.0,0.0,0.0,beam_partial,1600.0,1600.0,0.0,0.23856026900466532,0.013721786817768589,7.795117562636733e-05,1.0959920473396778e-06,0.2526279779849574,1770.0,66.0,66.0,,66.0,66.0,66.0,64.0,3.0,1.0,1.0,2.0,2.0,,,,,,,,,True,beam_fit,1600.0,1600.0,6.493006367236376e-06,0.0,0.0,0.0,0.0,6.493006367236376e-06,0.0,,,,,,,,,1.0,1.0,,,,2.521992428228259e-06,0.2648464200028684,0.2648489419952966,2.0,2.0,0.0,isolated,1,True,900.0,2.217801707010949,1.9824901859974489,0.23531152101350017,201093120.0,191.77734375,resource.ru_maxrss_kib_converted_to_bytes,0.0,"{""BLIS_NUM_THREADS"": ""1"", ""MKL_DYNAMIC"": ""FALSE"", ""MKL_NUM_THREADS"": ""1"", ""NUMBA_NUM_THREADS"": ""1"", ""NUMEXPR_NUM_THREADS"": ""1"", ""OMP_DYNAMIC"": ""FALSE"", ""OMP_NUM_THREADS"": ""1"", ""OPENBLAS_NUM_THREADS"": ""1"", ""PYTHONHASHSEED"": ""0"", ""VECLIB_MAXIMUM_THREADS"": ""1""}",tree_tree,7,1,0,0.07409293699311092,722,14,14,14,20,20,medium,medium,1000,uniform,"{""kind"": ""categorical"", ""probs"": [0.8, 0.2], ""values"": [1, 2]}",inverse_sqrt,14,tail,sparse_chain,Generic score with an exact token blocking rule and very few positive node pairs. Large preset: more instances and a larger structural workload.,21,21,178,166,25,21,,,,,,,99962.0,0.0,[2.0],0.0,"{""beam_width"": 200, ""expansion_width"": 64, ""label_pair_preprocessing_score_evaluations"": 99962, ""lookahead_enabled"": false, ""maximum_matching_length"": 22, ""positive_label_pair_types"": 637, ""state_pool_size"": 67}",,,,,,,,,,,,,4.4166669845581055,True,exact_agreement,3,3.178914393942023e-07,1e-05,0.45283015608660454,2.4166669845581055,0.45283015608660454,45.283015608660456,True,0.06119191737325129,0.07333293454611649,0.10781461313074156,0.1262246052146083
generic_sparse_jaccard,2,beam_local,generic,False,"{""beam_local_child_cap"": null, ""beam_width"": 200, ""method"": ""beam_local""}",jaccard,1600,1600,2560000,3851,4.416666666666666,4.416666666666666,ok,,4.416666666666666,9.929935913532972e-07,6.705027772113681e-06,0.03092101900256239,0.030777822976233438,0.031008580001071095,0.0309136587951798,0.030878020013915375,0.0309828519821167,9.161522463256253e-05,6.183297955431044e-05,5.0,"[0.030777822976233438, 0.031008580001071095, 0.03092101900256239, 0.0309828519821167, 0.030878020013915375]",0.030922011996153742,5.0,1.0,14.0,1.0,1.0,1.0,1.0,beam_local,1600.0,1600.0,0.0,0.0004077309858985245,0.029181379068177193,0.0043568309338297695,2.562999725341797e-06,0.03406255098525435,16379.0,16379.0,59.0,,38760.0,17938.0,7438.0,200.0,45.0,1.0,1.0,4.416666666666666,14.0,,,,,,,,,True,beam_local_fit,1600.0,1600.0,5.883979611098766e-06,0.0,0.0,0.0,0.0,5.883979611098766e-06,0.0,,,,,,,,,1.0,1.0,,,,2.4510081857442856e-06,0.03186915899277665,0.03187161000096239,4.416666666666666,4.416666666666666,0.0,isolated,1,True,900.0,0.484252733993344,0.251847147999797,0.232405585993547,201093120.0,191.77734375,resource.ru_maxrss_kib_converted_to_bytes,0.0,"{""BLIS_NUM_THREADS"": ""1"", ""MKL_DYNAMIC"": ""FALSE"", ""MKL_NUM_THREADS"": ""1"", ""NUMBA_NUM_THREADS"": ""1"", ""NUMEXPR_NUM_THREADS"": ""1"", ""OMP_DYNAMIC"": ""FALSE"", ""OMP_NUM_THREADS"": ""1"", ""OPENBLAS_NUM_THREADS"": ""1"", ""PYTHONHASHSEED"": ""0"", ""VECLIB_MAXIMUM_THREADS"": ""1""}",tree_tree,5,2,0,0.07409293699311092,722,14,14,14,20,20,medium,medium,1000,uniform,"{""kind"": ""categorical"", ""probs"": [0.8, 0.2], ""values"": [1, 2]}",inverse_sqrt,14,tail,sparse_chain,Generic score with an exact token blocking rule and very few positive node pairs. Large preset: more instances and a larger structural workload.,21,21,178,166,25,21,,200.0,,44.0,7439.0,,,,,,,,,,,,,,,,,,,4.4166669845581055,True,exact_agreement,3,3.178914393942023e-07,1e-05,1.0,3.178914393942023e-07,1.0,100.0,True,0.47790669499535643,0.572712959403602,0.6467345964582129,0.7283121258449907
generic_sparse_jaccard,2,sparse_closure,generic_sparse,True,"{""method"": ""sparse""}",jaccard,1600,1600,2560000,3851,4.416666666666666,4.416666666666666,ok,,4.416666666666666,0.0030526730115525424,0.0030475569947157055,0.19087305100401863,0.18857835698872805,0.19157185099902563,0.19045073979650623,0.19013069398351945,0.19109974600723945,0.0011688341250204247,0.0006987999950069934,5.0,"[0.19013069398351945, 0.19109974600723945, 0.19157185099902563, 0.19087305100401863, 0.18857835698872805]",0.19392572401557118,5.0,1.0,14.0,1.0,1.0,1.0,1.0,sparse_closure,1600.0,1600.0,0.0,0.0004971680173184723,0.0006025969923939556,0.19681569800013676,8.246017387136817e-06,0.20023511297767982,3850.0,3850.0,3850.0,276964.0,,,,,,1.0,1.0,4.416666666666666,14.0,,,True,,,,,,True,sparse_fit,1600.0,1600.0,0.0030454079969786108,0.0,0.0,0.0,0.0,0.0030454079969786108,0.0,,,,,,,,,1.0,1.0,,,False,0.0032608929905109107,0.1940066149982158,0.19726750798872672,4.416666666666666,4.416666666666666,0.0,isolated,1,True,900.0,1.7834233249886893,1.5474809980078135,0.2359423269808758,201093120.0,191.77734375,resource.ru_maxrss_kib_converted_to_bytes,0.0,"{""BLIS_NUM_THREADS"": ""1"", ""MKL_DYNAMIC"": ""FALSE"", ""MKL_NUM_THREADS"": ""1"", ""NUMBA_NUM_THREADS"": ""1"", ""NUMEXPR_NUM_THREADS"": ""1"", ""OMP_DYNAMIC"": ""FALSE"", ""OMP_NUM_THREADS"": ""1"", ""OPENBLAS_NUM_THREADS"": ""1"", ""PYTHONHASHSEED"": ""0"", ""VECLIB_MAXIMUM_THREADS"": ""1""}",tree_tree,2,3,0,0.07409293699311092,722,14,14,14,20,20,medium,medium,1000,uniform,"{""kind"": ""categorical"", ""probs"": [0.8, 0.2], ""values"": [1, 2]}",inverse_sqrt,14,tail,sparse_chain,Generic score with an exact token blocking rule and very few positive node pairs. Large preset: more instances and a larger structural workload.,21,21,178,166,25,21,,,,,,280035.0,,,,,,,,,,,,,,,,,,4.4166669845581055,True,exact_agreement,3,3.178914393942023e-07,1e-05,1.0,3.178914393942023e-07,1.0,100.0,True,0.07741984486375755,0.09132072132735171,0.14371341911480662,0.16735817352809013
generic_sparse_jaccard,2,fast_sparse,fast_sparse,True,{},jaccard,1600,1600,2560000,3851,4.416666666666666,,skipped,incompatible_score_mode:jaccard,,,,,,,,,,,,,,,,,,,,,,,,,,,,,,,,,,,,,,,,,,,,,,,,,,,,,,,,,,,,,,,,,,,,,,,,,,,,,,,,,,isolated,1,False,900.0,,,,,,,,,tree_tree,4,4,0,0.07409293699311092,722,14,14,14,20,20,medium,medium,1000,uniform,"{""kind"": ""categorical"", ""probs"": [0.8, 0.2], ""values"": [1, 2]}",inverse_sqrt,14,tail,sparse_chain,Generic score with an exact token blocking rule and very few positive node pairs. Large preset: more instances and a larger structural workload.,21,21,178,166,25,21,True,,,,,,,,,,,,,,,,,,,,,,,4.4166669845581055,True,exact_agreement,3,3.178914393942023e-07,1e-05,,,,,,,,,
generic_sparse_jaccard,2,sparse_chain,generic_sparse,True,"{""method"": ""sparse_chain""}",jaccard,1600,1600,2560000,3851,4.416666666666666,4.416666666666666,ok,,4.416666666666666,0.0029320750036276877,0.002925214997958392,0.014777361997403204,0.014720968989422545,0.014952677011024207,0.014808531204471365,0.014768445020308718,0.014823203004198149,8.837256133584041e-05,4.5841006794944406e-05,5.0,"[0.014952677011024207, 0.014777361997403204, 0.014823203004198149, 0.014720968989422545, 0.014768445020308718]",0.017709437001030892,5.0,1.0,14.0,1.0,1.0,1.0,1.0,sparse_chain,1600.0,1600.0,0.0,0.0019118270138278604,0.005537522985832766,0.007986832992173731,1.2449745554476976e-06,0.015652381000109017,3850.0,3850.0,3850.0,,,,,,,1.0,1.0,4.416666666666666,14.0,3850.0,3850.0,True,2678.0,8244.0,212.0,3850.0,7712.0,True,sparse_chain_fit,1600.0,1600.0,0.002923553984146565,0.0,0.0,0.0,0.0,0.002923553984146565,0.0,,,,,,,,,1.0,1.0,,,False,0.0034390779910609126,0.01593005401082337,0.01936913200188428,4.416666666666666,4.416666666666666,0.0,isolated,1,True,900.0,0.3642180660099257,0.13057969900546595,0.23363836700445972,201093120.0,191.77734375,resource.ru_maxrss_kib_converted_to_bytes,0.0,"{""BLIS_NUM_THREADS"": ""1"", ""MKL_DYNAMIC"": ""FALSE"", ""MKL_NUM_THREADS"": ""1"", ""NUMBA_NUM_THREADS"": ""1"", ""NUMEXPR_NUM_THREADS"": ""1"", ""OMP_DYNAMIC"": ""FALSE"", ""OMP_NUM_THREADS"": ""1"", ""OPENBLAS_NUM_THREADS"": ""1"", ""PYTHONHASHSEED"": ""0"", ""VECLIB_MAXIMUM_THREADS"": ""1""}",tree_tree,3,5,0,0.07409293699311092,722,14,14,14,20,20,medium,medium,1000,uniform,"{""kind"": ""categorical"", ""probs"": [0.8, 0.2], ""values"": [1, 2]}",inverse_sqrt,14,tail,sparse_chain,Generic score with an exact token blocking rule and very few positive node pairs. Large preset: more instances and a larger structural workload.,21,21,178,166,25,21,,,,,,,,,,,,,,,,,,,,,,,,4.4166669845581055,True,exact_agreement,3,3.178914393942023e-07,1e-05,1.0,3.178914393942023e-07,1.0,100.0,True,1.0,1.0,1.0,1.0
generic_sparse_jaccard,2,beam_local_capped,generic,False,"{""beam_local_child_cap"": 16, ""beam_width"": 200, ""method"": ""beam_local""}",jaccard,1600,1600,2560000,3851,4.416666666666666,4.416666666666666,ok,,4.416666666666666,1.0989897418767214e-06,6.160000339150429e-06,0.029683590022614226,0.028628172003664076,0.029836498986696824,0.029339065402746202,0.028739576984662563,0.029807489016093314,0.0006021448857943772,0.00015290896408259869,5.0,"[0.029683590022614226, 0.028739576984662563, 0.029807489016093314, 0.028628172003664076, 0.029836498986696824]",0.029684689012356102,5.0,1.0,14.0,1.0,1.0,1.0,1.0,beam_local,1600.0,1600.0,0.0,0.00040566499228589237,0.028447442018659785,0.004083795967744663,2.415996277704835e-06,0.03303983999649063,14197.0,14197.0,56.0,,34858.0,15466.0,7392.0,200.0,45.0,1.0,1.0,4.416666666666666,14.0,,,,,,,,,True,beam_local_fit,1600.0,1600.0,5.29800308868289e-06,0.0,0.0,0.0,0.0,5.29800308868289e-06,0.0,,,,,,,,,1.0,1.0,,,,2.207991201430559e-06,0.02938464199542068,0.02938684998662211,4.416666666666666,4.416666666666666,0.0,isolated,1,True,900.0,0.47262769399094395,0.23832658701576293,0.23430110697518103,201093120.0,191.77734375,resource.ru_maxrss_kib_converted_to_bytes,0.0,"{""BLIS_NUM_THREADS"": ""1"", ""MKL_DYNAMIC"": ""FALSE"", ""MKL_NUM_THREADS"": ""1"", ""NUMBA_NUM_THREADS"": ""1"", ""NUMEXPR_NUM_THREADS"": ""1"", ""OMP_DYNAMIC"": ""FALSE"", ""OMP_NUM_THREADS"": ""1"", ""OPENBLAS_NUM_THREADS"": ""1"", ""PYTHONHASHSEED"": ""0"", ""VECLIB_MAXIMUM_THREADS"": ""1""}",tree_tree,6,6,0,0.07409293699311092,722,14,14,14,20,20,medium,medium,1000,uniform,"{""kind"": ""categorical"", ""probs"": [0.8, 0.2], ""values"": [1, 2]}",inverse_sqrt,14,tail,sparse_chain,Generic score with an exact token blocking rule and very few positive node pairs. Large preset: more instances and a larger structural workload.,21,21,178,166,25,21,,200.0,16.0,44.0,7393.0,,,,,,,,,,,,,,,,,,,4.4166669845581055,True,exact_agreement,3,3.178914393942023e-07,1e-05,1.0,3.178914393942023e-07,1.0,100.0,True,0.49782933890897896,0.5965848924224683,0.6647343939351577,0.7473262402192484
generic_sparse_jaccard,2,fast_dense,fast_dense,True,{},jaccard,1600,1600,2560000,3851,4.416666666666666,,skipped,incompatible_score_mode:jaccard,,,,,,,,,,,,,,,,,,,,,,,,,,,,,,,,,,,,,,,,,,,,,,,,,,,,,,,,,,,,,,,,,,,,,,,,,,,,,,,,,,isolated,1,False,900.0,,,,,,,,,tree_tree,1,7,0,0.07409293699311092,722,14,14,14,20,20,medium,medium,1000,uniform,"{""kind"": ""categorical"", ""probs"": [0.8, 0.2], ""values"": [1, 2]}",inverse_sqrt,14,tail,sparse_chain,Generic score with an exact token blocking rule and very few positive node pairs. Large preset: more instances and a larger structural workload.,21,21,178,166,25,21,True,,,,,,,,,,,,,,,,,,,,,,,4.4166669845581055,True,exact_agreement,3,3.178914393942023e-07,1e-05,,,,,,,,,
generic_sparse_jaccard,2,exact_dense,generic,True,"{""method"": ""exact""}",jaccard,1600,1600,2560000,3851,4.416666666666666,4.4166669845581055,ok,,4.416666666666666,1.9100261852145195e-06,9.782001143321395e-06,1.858234405022813,1.8121593149844557,1.8610498619964346,1.840547258395236,1.81249028298771,1.8588024269847665,0.02578522973815461,0.0028154569736216217,5.0,"[1.8121593149844557, 1.8588024269847665, 1.81249028298771, 1.858234405022813, 1.8610498619964346]",1.8582363150489982,5.0,1.0,14.0,1.0,1.0,1.0,1.0,exact_dense,1600.0,1600.0,0.0,0.00012123500346206129,0.0,1.8253181369800586,0.0023995730152819306,1.8280721359769814,2560000.0,,3850.0,2560000.0,,,,,,1.0,1.0,4.4166669845581055,14.0,,,,,,,,,True,exact_fit,1600.0,1600.0,8.800998330116272e-06,0.0,0.0,0.0,0.0,8.800998330116272e-06,0.0,,,,,,,,,1.0,1.0,,,,2.38200300373137e-06,1.8136743060022127,1.8136766880052164,4.4166669845581055,4.416666666666666,0.0,isolated,1,True,900.0,14.888213517027907,14.656819853989873,0.231393663038034,201093120.0,191.77734375,resource.ru_maxrss_kib_converted_to_bytes,0.0,"{""BLIS_NUM_THREADS"": ""1"", ""MKL_DYNAMIC"": ""FALSE"", ""MKL_NUM_THREADS"": ""1"", ""NUMBA_NUM_THREADS"": ""1"", ""NUMEXPR_NUM_THREADS"": ""1"", ""OMP_DYNAMIC"": ""FALSE"", ""OMP_NUM_THREADS"": ""1"", ""OPENBLAS_NUM_THREADS"": ""1"", ""PYTHONHASHSEED"": ""0"", ""VECLIB_MAXIMUM_THREADS"": ""1""}",tree_tree,0,8,0,0.07409293699311092,722,14,14,14,20,20,medium,medium,1000,uniform,"{""kind"": ""categorical"", ""probs"": [0.8, 0.2], ""values"": [1, 2]}",inverse_sqrt,14,tail,sparse_chain,Generic score with an exact token blocking rule and very few positive node pairs. Large preset: more instances and a larger structural workload.,21,21,178,166,25,21,,,,,,,,,,,,,,,,,,,,,,,,4.4166669845581055,True,exact_agreement,3,3.178914393942023e-07,1e-05,1.0,0.0,1.0,100.0,True,0.007952367019715034,0.009530239430588207,0.015779251639099507,0.018880542768017743
generic_sparse_jaccard,3,beam_partial_score,generic,False,"{""beam_balance_penalty"": 0.0, ""beam_candidate_future_weight"": 0.0, ""beam_expansion_width"": 64, ""beam_gap_penalty"": 0.0, ""beam_lookahead"": false, ""beam_n_restarts"": 1, ""beam_priority_future_weight"": 0.0, ""beam_priority_length_weight"": 0.0, ""beam_random_fraction"": 0.0, ""beam_rarity_weight"": 0.0, ""beam_symmetric"": false, ""beam_width"": 200, ""candidate_select_mode"": ""first"", ""method"": ""beam"", ""seed"": 0}",jaccard,1600,1600,2560000,3716,3.9,2.0,ok,,2.0,1.4840043149888515e-06,8.43399902805686e-06,0.2429546290077269,0.24177771399263293,0.2567394750076346,0.24649088620208204,0.24280726999859326,0.2481753430038225,0.006248181791076987,0.0011769150150939822,5.0,"[0.24177771399263293, 0.2481753430038225, 0.2429546290077269, 0.24280726999859326, 0.2567394750076346]",0.2429561130120419,5.0,1.0,2.0,0.0,0.0,0.0,0.0,beam_partial,1600.0,1600.0,0.0,0.23828801399213262,0.015035715012345463,8.267600787803531e-05,1.3500102795660496e-06,0.2536646430089604,1940.0,71.0,71.0,,71.0,71.0,71.0,64.0,3.0,1.0,1.0,2.0,2.0,,,,,,,,,True,beam_fit,1600.0,1600.0,7.424998329952359e-06,0.0,0.0,0.0,0.0,7.424998329952359e-06,0.0,,,,,,,,,1.0,1.0,,,,2.253014827147126e-06,0.2637199049931951,0.26372215800802223,2.0,2.0,0.0,isolated,1,True,900.0,2.233656330994563,1.9939908710075542,0.23966545998700894,201289728.0,191.96484375,resource.ru_maxrss_kib_converted_to_bytes,0.0,"{""BLIS_NUM_THREADS"": ""1"", ""MKL_DYNAMIC"": ""FALSE"", ""MKL_NUM_THREADS"": ""1"", ""NUMBA_NUM_THREADS"": ""1"", ""NUMEXPR_NUM_THREADS"": ""1"", ""OMP_DYNAMIC"": ""FALSE"", ""OMP_NUM_THREADS"": ""1"", ""OPENBLAS_NUM_THREADS"": ""1"", ""PYTHONHASHSEED"": ""0"", ""VECLIB_MAXIMUM_THREADS"": ""1""}",tree_tree,7,0,0,0.07447021699044853,717,13,13,14,14,22,medium,medium,1000,uniform,"{""kind"": ""categorical"", ""probs"": [0.8, 0.2], ""values"": [1, 2]}",inverse_sqrt,14,tail,sparse_chain,Generic score with an exact token blocking rule and very few positive node pairs. Large preset: more instances and a larger structural workload.,21,21,171,176,23,19,,,,,,,99950.0,0.0,[2.0],0.0,"{""beam_width"": 200, ""expansion_width"": 64, ""label_pair_preprocessing_score_evaluations"": 99950, ""lookahead_enabled"": false, ""maximum_matching_length"": 22, ""positive_label_pair_types"": 658, ""state_pool_size"": 72}",,,,,,,,,,,,,3.9000000000000004,True,exact_agreement,3,1.4305114781620887e-07,1e-05,0.5128205128205128,1.9000000000000004,0.5128205128205128,51.28205128205128,True,0.059762104793612644,0.07212062621273985,0.10704912194225019,0.126456951140348
generic_sparse_jaccard,3,beam_local,generic,False,"{""beam_local_child_cap"": null, ""beam_width"": 200, ""method"": ""beam_local""}",jaccard,1600,1600,2560000,3716,3.9,3.9000000000000004,ok,,3.9,1.1649972293525934e-06,6.739981472492218e-06,0.02681725099682808,0.02673150901682675,0.026846919005038217,0.026806558202952146,0.026796174002811313,0.026840937993256375,4.654436624854914e-05,2.368699642829597e-05,5.0,"[0.02673150901682675, 0.026796174002811313, 0.02681725099682808, 0.026846919005038217, 0.026840937993256375]",0.026818415994057432,5.0,1.0,13.0,1.0,1.0,1.0,0.9285714285714286,beam_local,1600.0,1600.0,0.0,0.00041099500958807766,0.024765153852058575,0.004191875137621537,2.7710048016160727e-06,0.029497831012122333,12273.0,12273.0,62.0,,31963.0,14668.0,8244.0,200.0,45.0,1.0,1.0,3.9000000000000004,13.0,,,,,,,,,True,beam_local_fit,1600.0,1600.0,5.807989509776235e-06,0.0,0.0,0.0,0.0,5.807989509776235e-06,0.0,,,,,,,,,1.0,1.0,,,,2.1099986042827368e-06,0.027510051004355773,0.027512161002960056,3.9000000000000004,3.9,0.0,isolated,1,True,900.0,0.4564075770031195,0.21848263198626228,0.23792494501685724,201289728.0,191.96484375,resource.ru_maxrss_kib_converted_to_bytes,0.0,"{""BLIS_NUM_THREADS"": ""1"", ""MKL_DYNAMIC"": ""FALSE"", ""MKL_NUM_THREADS"": ""1"", ""NUMBA_NUM_THREADS"": ""1"", ""NUMEXPR_NUM_THREADS"": ""1"", ""OMP_DYNAMIC"": ""FALSE"", ""OMP_NUM_THREADS"": ""1"", ""OPENBLAS_NUM_THREADS"": ""1"", ""PYTHONHASHSEED"": ""0"", ""VECLIB_MAXIMUM_THREADS"": ""1""}",tree_tree,5,1,0,0.07447021699044853,717,13,13,14,14,22,medium,medium,1000,uniform,"{""kind"": ""categorical"", ""probs"": [0.8, 0.2], ""values"": [1, 2]}",inverse_sqrt,14,tail,sparse_chain,Generic score with an exact token blocking rule and very few positive node pairs. Large preset: more instances and a larger structural workload.,21,21,171,176,23,19,,200.0,,44.0,8245.0,,,,,,,,,,,,,,,,,,,3.9000000000000004,True,exact_agreement,3,1.4305114781620887e-07,1e-05,1.0,0.0,1.0,100.0,True,0.5414231309752968,0.6533624885423622,0.702497737441795,0.7903439119613508
generic_sparse_jaccard,3,sparse_closure,generic_sparse,True,"{""method"": ""sparse""}",jaccard,1600,1600,2560000,3716,3.9,3.9000000000000004,ok,,3.9,0.0029384669905994087,0.0029455309850163758,0.17920409599901177,0.17818962899036705,0.18525194699759595,0.18024620719952508,0.17882011801702902,0.17976524599362165,0.0028564836183945595,0.0005611499946098775,5.0,"[0.17882011801702902, 0.18525194699759595, 0.17976524599362165, 0.17920409599901177, 0.17818962899036705]",0.18214256298961118,5.0,1.0,13.0,1.0,1.0,1.0,0.9285714285714286,sparse_closure,1600.0,1600.0,0.0,0.00043951201951131225,0.0005708480020985007,0.18563059801817872,8.853006875142455e-06,0.1890978390001692,3716.0,3716.0,3716.0,265734.0,,,,,,1.0,1.0,3.9000000000000004,13.0,,,True,,,,,,True,sparse_fit,1600.0,1600.0,0.0029437039920594543,0.0,0.0,0.0,0.0,0.0029437039920594543,0.0,,,,,,,,,1.0,1.0,,,False,0.003158651990815997,0.1825145050243009,0.18567315701511689,3.9000000000000004,3.9,0.0,isolated,1,True,900.0,1.6981895770004485,1.4616290949925315,0.23656048200791702,201289728.0,191.96484375,resource.ru_maxrss_kib_converted_to_bytes,0.0,"{""BLIS_NUM_THREADS"": ""1"", ""MKL_DYNAMIC"": ""FALSE"", ""MKL_NUM_THREADS"": ""1"", ""NUMBA_NUM_THREADS"": ""1"", ""NUMEXPR_NUM_THREADS"": ""1"", ""OMP_DYNAMIC"": ""FALSE"", ""OMP_NUM_THREADS"": ""1"", ""OPENBLAS_NUM_THREADS"": ""1"", ""PYTHONHASHSEED"": ""0"", ""VECLIB_MAXIMUM_THREADS"": ""1""}",tree_tree,2,2,0,0.07447021699044853,717,13,13,14,14,22,medium,medium,1000,uniform,"{""kind"": ""categorical"", ""probs"": [0.8, 0.2], ""values"": [1, 2]}",inverse_sqrt,14,tail,sparse_chain,Generic score with an exact token blocking rule and very few positive node pairs. Large preset: more instances and a larger structural workload.,21,21,171,176,23,19,,,,,,268824.0,,,,,,,,,,,,,,,,,,3.9000000000000004,True,exact_agreement,3,1.4305114781620887e-07,1e-05,1.0,0.0,1.0,100.0,True,0.08102203199045811,0.09620017817384649,0.1498989467241002,0.17551571344223973
generic_sparse_jaccard,3,fast_sparse,fast_sparse,True,{},jaccard,1600,1600,2560000,3716,3.9,,skipped,incompatible_score_mode:jaccard,,,,,,,,,,,,,,,,,,,,,,,,,,,,,,,,,,,,,,,,,,,,,,,,,,,,,,,,,,,,,,,,,,,,,,,,,,,,,,,,,,isolated,1,False,900.0,,,,,,,,,tree_tree,4,3,0,0.07447021699044853,717,13,13,14,14,22,medium,medium,1000,uniform,"{""kind"": ""categorical"", ""probs"": [0.8, 0.2], ""values"": [1, 2]}",inverse_sqrt,14,tail,sparse_chain,Generic score with an exact token blocking rule and very few positive node pairs. Large preset: more instances and a larger structural workload.,21,21,171,176,23,19,True,,,,,,,,,,,,,,,,,,,,,,,3.9000000000000004,True,exact_agreement,3,1.4305114781620887e-07,1e-05,,,,,,,,,
generic_sparse_jaccard,3,sparse_chain,generic_sparse,True,"{""method"": ""sparse_chain""}",jaccard,1600,1600,2560000,3716,3.9,3.9000000000000004,ok,,3.9,0.003002667013788596,0.00301209298777394,0.014519479998853058,0.014430475974222645,0.014680951979244128,0.014553684182465077,0.014509518980048597,0.014627993979956955,0.00010002473688998327,8.900402463041246e-05,5.0,"[0.014680951979244128, 0.014519479998853058, 0.014627993979956955, 0.014430475974222645, 0.014509518980048597]",0.017522147012641653,5.0,1.0,13.0,1.0,1.0,1.0,0.9285714285714286,sparse_chain,1600.0,1600.0,0.0,0.0019134400063194335,0.005322918004821986,0.007908897008746862,1.36898597702384e-06,0.01536344300257042,3716.0,3716.0,3716.0,,,,,,,1.0,1.0,3.9000000000000004,13.0,3716.0,3716.0,True,2564.0,7869.0,299.0,3716.0,7361.0,True,sparse_chain_fit,1600.0,1600.0,0.0030103980097919703,0.0,0.0,0.0,0.0,0.0030103980097919703,0.0,,,,,,,,,1.0,1.0,,,False,0.0032847269903868437,0.015853044023970142,0.019137771014356986,3.9000000000000004,3.9,0.0,isolated,1,True,900.0,0.3704040969896596,0.12882000900572166,0.24158408798393793,201289728.0,191.96484375,resource.ru_maxrss_kib_converted_to_bytes,0.0,"{""BLIS_NUM_THREADS"": ""1"", ""MKL_DYNAMIC"": ""FALSE"", ""MKL_NUM_THREADS"": ""1"", ""NUMBA_NUM_THREADS"": ""1"", ""NUMEXPR_NUM_THREADS"": ""1"", ""OMP_DYNAMIC"": ""FALSE"", ""OMP_NUM_THREADS"": ""1"", ""OPENBLAS_NUM_THREADS"": ""1"", ""PYTHONHASHSEED"": ""0"", ""VECLIB_MAXIMUM_THREADS"": ""1""}",tree_tree,3,4,0,0.07447021699044853,717,13,13,14,14,22,medium,medium,1000,uniform,"{""kind"": ""categorical"", ""probs"": [0.8, 0.2], ""values"": [1, 2]}",inverse_sqrt,14,tail,sparse_chain,Generic score with an exact token blocking rule and very few positive node pairs. Large preset: more instances and a larger structural workload.,21,21,171,176,23,19,,,,,,,,,,,,,,,,,,,,,,,,3.9000000000000004,True,exact_agreement,3,1.4305114781620887e-07,1e-05,1.0,0.0,1.0,100.0,True,1.0,1.0,1.0,1.0
generic_sparse_jaccard,3,beam_local_capped,generic,False,"{""beam_local_child_cap"": 16, ""beam_width"": 200, ""method"": ""beam_local""}",jaccard,1600,1600,2560000,3716,3.9,2.2,ok,,2.2,1.0440126061439514e-06,6.351998308673501e-06,0.01942037302069366,0.0193483559996821,0.019689999986439943,0.01945119700394571,0.01935519601101987,0.01944206000189297,0.0001395106895535883,6.517700967378914e-05,5.0,"[0.019689999986439943, 0.0193483559996821, 0.01942037302069366, 0.01935519601101987, 0.01944206000189297]",0.019421417033299804,5.0,1.0,3.0,0.07692307692307693,0.3333333333333333,0.07692307692307693,0.07142857142857142,beam_local,1600.0,1600.0,0.0,0.00038687800406478345,0.017435857123928145,0.0029629318742081523,1.961016096174717e-06,0.020872081018751487,9693.0,9693.0,18.0,,24495.0,10922.0,5801.0,200.0,45.0,1.0,1.0,2.2,3.0,,,,,,,,,True,beam_local_fit,1600.0,1600.0,5.629000952467322e-06,0.0,0.0,0.0,0.0,5.629000952467322e-06,0.0,,,,,,,,,1.0,1.0,,,,2.353015588596463e-06,0.019697478011948988,0.019699831027537584,2.2,2.2,0.0,isolated,1,True,900.0,0.38782500897650607,0.1576649110065773,0.23016009796992876,201289728.0,191.96484375,resource.ru_maxrss_kib_converted_to_bytes,0.0,"{""BLIS_NUM_THREADS"": ""1"", ""MKL_DYNAMIC"": ""FALSE"", ""MKL_NUM_THREADS"": ""1"", ""NUMBA_NUM_THREADS"": ""1"", ""NUMEXPR_NUM_THREADS"": ""1"", ""OMP_DYNAMIC"": ""FALSE"", ""OMP_NUM_THREADS"": ""1"", ""OPENBLAS_NUM_THREADS"": ""1"", ""PYTHONHASHSEED"": ""0"", ""VECLIB_MAXIMUM_THREADS"": ""1""}",tree_tree,6,5,0,0.07447021699044853,717,13,13,14,14,22,medium,medium,1000,uniform,"{""kind"": ""categorical"", ""probs"": [0.8, 0.2], ""values"": [1, 2]}",inverse_sqrt,14,tail,sparse_chain,Generic score with an exact token blocking rule and very few positive node pairs. Large preset: more instances and a larger structural workload.,21,21,171,176,23,19,,200.0,16.0,44.0,5802.0,,,,,,,,,,,,,,,,,,,3.9000000000000004,True,exact_agreement,3,1.4305114781620887e-07,1e-05,0.5641025641025641,1.7000000000000002,0.5641025641025641,56.41025641025641,True,0.7476416639053027,0.9022074435968458,0.6430317292562303,0.6941745328246183
generic_sparse_jaccard,3,fast_dense,fast_dense,True,{},jaccard,1600,1600,2560000,3716,3.9,,skipped,incompatible_score_mode:jaccard,,,,,,,,,,,,,,,,,,,,,,,,,,,,,,,,,,,,,,,,,,,,,,,,,,,,,,,,,,,,,,,,,,,,,,,,,,,,,,,,,,isolated,1,False,900.0,,,,,,,,,tree_tree,1,6,0,0.07447021699044853,717,13,13,14,14,22,medium,medium,1000,uniform,"{""kind"": ""categorical"", ""probs"": [0.8, 0.2], ""values"": [1, 2]}",inverse_sqrt,14,tail,sparse_chain,Generic score with an exact token blocking rule and very few positive node pairs. Large preset: more instances and a larger structural workload.,21,21,171,176,23,19,True,,,,,,,,,,,,,,,,,,,,,,,3.9000000000000004,True,exact_agreement,3,1.4305114781620887e-07,1e-05,,,,,,,,,
generic_sparse_jaccard,3,exact_dense,generic,True,"{""method"": ""exact""}",jaccard,1600,1600,2560000,3716,3.9,3.8999998569488525,ok,,3.9,1.9900035113096237e-06,9.960989700630307e-06,1.8328505649988074,1.8311170079978183,1.843182518001413,1.8344348853977863,1.8321725009882357,1.832851835002657,0.004941252106145974,0.0006780640105716884,5.0,"[1.8311170079978183, 1.8321725009882357, 1.832851835002657, 1.843182518001413, 1.8328505649988074]",1.8328525550023187,5.0,1.0,13.0,1.0,1.0,1.0,0.9285714285714286,exact_dense,1600.0,1600.0,0.0,0.00011725001968443394,0.0,1.855910521990154,0.0025200520176440477,1.858760514005553,2560000.0,,3716.0,2560000.0,,,,,,1.0,1.0,3.8999998569488525,13.0,,,,,,,,,True,exact_fit,1600.0,1600.0,8.906004950404167e-06,0.0,0.0,0.0,0.0,8.906004950404167e-06,0.0,,,,,,,,,1.0,1.0,,,,2.5939953047782183e-06,1.8472958699858282,1.847298463981133,3.8999998569488525,3.9,0.0,isolated,1,True,900.0,14.952062449010555,14.712563034991035,0.23949941401951946,201289728.0,191.96484375,resource.ru_maxrss_kib_converted_to_bytes,0.0,"{""BLIS_NUM_THREADS"": ""1"", ""MKL_DYNAMIC"": ""FALSE"", ""MKL_NUM_THREADS"": ""1"", ""NUMBA_NUM_THREADS"": ""1"", ""NUMEXPR_NUM_THREADS"": ""1"", ""OMP_DYNAMIC"": ""FALSE"", ""OMP_NUM_THREADS"": ""1"", ""OPENBLAS_NUM_THREADS"": ""1"", ""PYTHONHASHSEED"": ""0"", ""VECLIB_MAXIMUM_THREADS"": ""1""}",tree_tree,0,7,0,0.07447021699044853,717,13,13,14,14,22,medium,medium,1000,uniform,"{""kind"": ""categorical"", ""probs"": [0.8, 0.2], ""values"": [1, 2]}",inverse_sqrt,14,tail,sparse_chain,Generic score with an exact token blocking rule and very few positive node pairs. Large preset: more instances and a larger structural workload.,21,21,171,176,23,19,,,,,,,,,,,,,,,,,,,,,,,,3.9000000000000004,True,exact_agreement,3,1.4305114781620887e-07,1e-05,1.0,1.4305114781620887e-07,1.0,100.0,True,0.007921802396837794,0.009560041785586778,0.015719081337460406,0.018939025694159093
generic_sparse_jaccard,3,fast_beam_partial,fast_beam,False,"{""beam_width"": 200, ""expansion_width"": 64, ""max_nodes_per_token_side"": 8, ""max_token_types_per_expansion"": 2048, ""search"": ""partial""}",jaccard,1600,1600,2560000,3716,3.9,,skipped,incompatible_score_mode:jaccard,,,,,,,,,,,,,,,,,,,,,,,,,,,,,,,,,,,,,,,,,,,,,,,,,,,,,,,,,,,,,,,,,,,,,,,,,,,,,,,,,,isolated,1,False,900.0,,,,,,,,,tree_tree,8,8,0,0.07447021699044853,717,13,13,14,14,22,medium,medium,1000,uniform,"{""kind"": ""categorical"", ""probs"": [0.8, 0.2], ""values"": [1, 2]}",inverse_sqrt,14,tail,sparse_chain,Generic score with an exact token blocking rule and very few positive node pairs. Large preset: more instances and a larger structural workload.,21,21,171,176,23,19,True,,,,,,,,,,,,,,,,,,,,,,,3.9000000000000004,True,exact_agreement,3,1.4305114781620887e-07,1e-05,,,,,,,,,
generic_sparse_jaccard,4,beam_local,generic,False,"{""beam_local_child_cap"": null, ""beam_width"": 200, ""method"": ""beam_local""}",jaccard,1600,1600,2560000,3840,3.9166666666666665,2.25,ok,,2.25,9.989889804273844e-07,6.387010216712952e-06,0.031113893986912444,0.030892858980223536,0.03113991901045665,0.031037258001742885,0.030909938010154292,0.0311296800209675,0.0001245147021885934,2.6025023544207215e-05,5.0,"[0.030892858980223536, 0.030909938010154292, 0.0311296800209675, 0.031113893986912444, 0.03113991901045665]",0.03111489297589287,5.0,1.0,3.0,0.07142857142857142,0.3333333333333333,0.07142857142857142,0.07142857142857142,beam_local,1600.0,1600.0,0.0,0.0003979640023317188,0.029016529995715246,0.004038172017317265,1.8069986253976822e-06,0.033553482993738726,17013.0,17013.0,27.0,,38649.0,19033.0,6193.0,200.0,45.0,1.0,1.0,2.25,3.0,,,,,,,,,True,beam_local_fit,1600.0,1600.0,5.6569988373667e-06,0.0,0.0,0.0,0.0,5.6569988373667e-06,0.0,,,,,,,,,1.0,1.0,,,,2.2109888959676027e-06,0.03173830499872565,0.03174051598762162,2.25,2.25,0.0,isolated,1,True,900.0,0.483511644997634,0.2517032139876392,0.23180843100999482,201289728.0,191.96484375,resource.ru_maxrss_kib_converted_to_bytes,0.0,"{""BLIS_NUM_THREADS"": ""1"", ""MKL_DYNAMIC"": ""FALSE"", ""MKL_NUM_THREADS"": ""1"", ""NUMBA_NUM_THREADS"": ""1"", ""NUMEXPR_NUM_THREADS"": ""1"", ""OMP_DYNAMIC"": ""FALSE"", ""OMP_NUM_THREADS"": ""1"", ""OPENBLAS_NUM_THREADS"": ""1"", ""PYTHONHASHSEED"": ""0"", ""VECLIB_MAXIMUM_THREADS"": ""1""}",tree_tree,5,0,0,0.07521297200582922,727,14,14,14,22,22,medium,medium,1000,uniform,"{""kind"": ""categorical"", ""probs"": [0.8, 0.2], ""values"": [1, 2]}",inverse_sqrt,14,tail,sparse_chain,Generic score with an exact token blocking rule and very few positive node pairs. Large preset: more instances and a larger structural workload.,21,21,165,211,20,22,,200.0,,44.0,6194.0,,,,,,,,,,,,,,,,,,,3.9166667461395264,True,exact_agreement,3,7.947285984855057e-08,1e-05,0.5744680734498842,1.6666667461395264,0.5744680734498842,57.446807344988414,True,0.4676864295478644,0.5602319120540074,0.5156067001355116,0.5672606879604244
generic_sparse_jaccard,4,sparse_closure,generic_sparse,True,"{""method"": ""sparse""}",jaccard,1600,1600,2560000,3840,3.9166666666666665,3.9166666666666665,ok,,3.9166666666666665,0.003052603016840294,0.0030284509994089603,0.18508737499359995,0.18377168601728044,0.187610366003355,0.1851874170009978,0.18421113200020045,0.1852565259905532,0.0014868501054868105,0.0008762429933995008,5.0,"[0.18508737499359995, 0.18377168601728044, 0.18421113200020045, 0.187610366003355, 0.1852565259905532]",0.18813997801044025,5.0,1.0,14.0,1.0,1.0,1.0,1.0,sparse_closure,1600.0,1600.0,0.0,0.0005086609744466841,0.0005991029902361333,0.1926234190177638,7.901981007307768e-06,0.19598728098208085,3840.0,3840.0,3840.0,269374.0,,,,,,1.0,1.0,3.9166666666666665,14.0,,,True,,,,,,True,sparse_fit,1600.0,1600.0,0.0030264719971455634,0.0,0.0,0.0,0.0,0.0030264719971455634,0.0,,,,,,,,,1.0,1.0,,,False,0.00327354998444207,0.19129656901350245,0.19457011899794452,3.9166666666666665,3.9166666666666665,0.0,isolated,1,True,900.0,1.753178012004355,1.5100564129825216,0.2431215990218334,201289728.0,191.96484375,resource.ru_maxrss_kib_converted_to_bytes,0.0,"{""BLIS_NUM_THREADS"": ""1"", ""MKL_DYNAMIC"": ""FALSE"", ""MKL_NUM_THREADS"": ""1"", ""NUMBA_NUM_THREADS"": ""1"", ""NUMEXPR_NUM_THREADS"": ""1"", ""OMP_DYNAMIC"": ""FALSE"", ""OMP_NUM_THREADS"": ""1"", ""OPENBLAS_NUM_THREADS"": ""1"", ""PYTHONHASHSEED"": ""0"", ""VECLIB_MAXIMUM_THREADS"": ""1""}",tree_tree,2,1,0,0.07521297200582922,727,14,14,14,22,22,medium,medium,1000,uniform,"{""kind"": ""categorical"", ""probs"": [0.8, 0.2], ""values"": [1, 2]}",inverse_sqrt,14,tail,sparse_chain,Generic score with an exact token blocking rule and very few positive node pairs. Large preset: more instances and a larger structural workload.,21,21,165,211,20,22,,,,,,272445.0,,,,,,,,,,,,,,,,,,3.9166667461395264,True,exact_agreement,3,7.947285984855057e-08,1e-05,1.0,7.947285984855057e-08,1.0,100.0,True,0.07861987338992202,0.09265205709906565,0.14577864793614992,0.16959114568466022
generic_sparse_jaccard,4,fast_sparse,fast_sparse,True,{},jaccard,1600,1600,2560000,3840,3.9166666666666665,,skipped,incompatible_score_mode:jaccard,,,,,,,,,,,,,,,,,,,,,,,,,,,,,,,,,,,,,,,,,,,,,,,,,,,,,,,,,,,,,,,,,,,,,,,,,,,,,,,,,,isolated,1,False,900.0,,,,,,,,,tree_tree,4,2,0,0.07521297200582922,727,14,14,14,22,22,medium,medium,1000,uniform,"{""kind"": ""categorical"", ""probs"": [0.8, 0.2], ""values"": [1, 2]}",inverse_sqrt,14,tail,sparse_chain,Generic score with an exact token blocking rule and very few positive node pairs. Large preset: more instances and a larger structural workload.,21,21,165,211,20,22,True,,,,,,,,,,,,,,,,,,,,,,,3.9166667461395264,True,exact_agreement,3,7.947285984855057e-08,1e-05,,,,,,,,,
generic_sparse_jaccard,4,sparse_chain,generic_sparse,True,"{""method"": ""sparse_chain""}",jaccard,1600,1600,2560000,3840,3.9166666666666665,3.9166666666666665,ok,,3.9166666666666665,0.0028800099971704185,0.002846239978680387,0.014551545988069847,0.01443159900372848,0.014661488996353,0.014542084594722837,0.014463493978837505,0.014602295006625354,9.533595008810074e-05,8.805200923234224e-05,5.0,"[0.014661488996353, 0.01443159900372848, 0.014602295006625354, 0.014463493978837505, 0.014551545988069847]",0.017431555985240266,5.0,1.0,14.0,1.0,1.0,1.0,1.0,sparse_chain,1600.0,1600.0,0.0,0.0018675019964575768,0.005401627015089616,0.007845868007279932,1.3509998098015785e-06,0.015319815021939576,3840.0,3840.0,3840.0,,,,,,,1.0,1.0,3.9166666666666665,14.0,3840.0,3840.0,True,2647.0,8012.0,253.0,3840.0,7476.0,True,sparse_chain_fit,1600.0,1600.0,0.0028446909855119884,0.0,0.0,0.0,0.0,0.0028446909855119884,0.0,,,,,,,,,1.0,1.0,,,False,0.0031520859920419753,0.015645728999515995,0.01879781499155797,3.9166666666666665,3.9166666666666665,0.0,isolated,1,True,900.0,0.3680801820009947,0.1279740020108875,0.2401061799901072,201289728.0,191.96484375,resource.ru_maxrss_kib_converted_to_bytes,0.0,"{""BLIS_NUM_THREADS"": ""1"", ""MKL_DYNAMIC"": ""FALSE"", ""MKL_NUM_THREADS"": ""1"", ""NUMBA_NUM_THREADS"": ""1"", ""NUMEXPR_NUM_THREADS"": ""1"", ""OMP_DYNAMIC"": ""FALSE"", ""OMP_NUM_THREADS"": ""1"", ""OPENBLAS_NUM_THREADS"": ""1"", ""PYTHONHASHSEED"": ""0"", ""VECLIB_MAXIMUM_THREADS"": ""1""}",tree_tree,3,3,0,0.07521297200582922,727,14,14,14,22,22,medium,medium,1000,uniform,"{""kind"": ""categorical"", ""probs"": [0.8, 0.2], ""values"": [1, 2]}",inverse_sqrt,14,tail,sparse_chain,Generic score with an exact token blocking rule and very few positive node pairs. Large preset: more instances and a larger structural workload.,21,21,165,211,20,22,,,,,,,,,,,,,,,,,,,,,,,,3.9166667461395264,True,exact_agreement,3,7.947285984855057e-08,1e-05,1.0,7.947285984855057e-08,1.0,100.0,True,1.0,1.0,1.0,1.0
generic_sparse_jaccard,4,beam_local_capped,generic,False,"{""beam_local_child_cap"": 16, ""beam_width"": 200, ""method"": ""beam_local""}",jaccard,1600,1600,2560000,3840,3.9166666666666665,3.9166666666666665,ok,,3.9166666666666665,1.194013748317957e-06,6.257992936298251e-06,0.03478217599331401,0.03474061799352057,0.034873703989433125,0.03479973759385757,0.03477080099401064,0.034831388999009505,5.271077425652732e-05,4.1557999793440104e-05,5.0,"[0.03478217599331401, 0.03477080099401064, 0.034831388999009505, 0.034873703989433125, 0.03474061799352057]",0.03478337000706233,5.0,1.0,14.0,1.0,1.0,1.0,1.0,beam_local,1600.0,1600.0,0.0,0.0004077809862792492,0.032996647991240025,0.004938480007695034,2.6570050977170467e-06,0.03846782702021301,17785.0,17785.0,55.0,,42417.0,19434.0,8177.0,200.0,45.0,1.0,1.0,3.9166666666666665,14.0,,,,,,,,,True,beam_local_fit,1600.0,1600.0,5.416979547590017e-06,0.0,0.0,0.0,0.0,5.416979547590017e-06,0.0,,,,,,,,,1.0,1.0,,,,2.387998392805457e-06,0.03563974701683037,0.035642135015223175,3.9166666666666665,3.9166666666666665,0.0,isolated,1,True,900.0,0.5181670819874853,0.28333583497442305,0.23483124701306224,201289728.0,191.96484375,resource.ru_maxrss_kib_converted_to_bytes,0.0,"{""BLIS_NUM_THREADS"": ""1"", ""MKL_DYNAMIC"": ""FALSE"", ""MKL_NUM_THREADS"": ""1"", ""NUMBA_NUM_THREADS"": ""1"", ""NUMEXPR_NUM_THREADS"": ""1"", ""OMP_DYNAMIC"": ""FALSE"", ""OMP_NUM_THREADS"": ""1"", ""OPENBLAS_NUM_THREADS"": ""1"", ""PYTHONHASHSEED"": ""0"", ""VECLIB_MAXIMUM_THREADS"": ""1""}",tree_tree,6,4,0,0.07521297200582922,727,14,14,14,22,22,medium,medium,1000,uniform,"{""kind"": ""categorical"", ""probs"": [0.8, 0.2], ""values"": [1, 2]}",inverse_sqrt,14,tail,sparse_chain,Generic score with an exact token blocking rule and very few positive node pairs. Large preset: more instances and a larger structural workload.,21,21,165,211,20,22,,200.0,16.0,44.0,8178.0,,,,,,,,,,,,,,,,,,,3.9166667461395264,True,exact_agreement,3,7.947285984855057e-08,1e-05,1.0,7.947285984855057e-08,1.0,100.0,True,0.4183621516625933,0.5011462656350149,0.5899228926437333,0.6676847914257309
generic_sparse_jaccard,4,fast_dense,fast_dense,True,{},jaccard,1600,1600,2560000,3840,3.9166666666666665,,skipped,incompatible_score_mode:jaccard,,,,,,,,,,,,,,,,,,,,,,,,,,,,,,,,,,,,,,,,,,,,,,,,,,,,,,,,,,,,,,,,,,,,,,,,,,,,,,,,,,isolated,1,False,900.0,,,,,,,,,tree_tree,1,5,0,0.07521297200582922,727,14,14,14,22,22,medium,medium,1000,uniform,"{""kind"": ""categorical"", ""probs"": [0.8, 0.2], ""values"": [1, 2]}",inverse_sqrt,14,tail,sparse_chain,Generic score with an exact token blocking rule and very few positive node pairs. Large preset: more instances and a larger structural workload.,21,21,165,211,20,22,True,,,,,,,,,,,,,,,,,,,,,,,3.9166667461395264,True,exact_agreement,3,7.947285984855057e-08,1e-05,,,,,,,,,
generic_sparse_jaccard,4,exact_dense,generic,True,"{""method"": ""exact""}",jaccard,1600,1600,2560000,3840,3.9166666666666665,3.9166667461395264,ok,,3.9166666666666665,1.8390128389000893e-06,9.730021702125669e-06,1.9006251899991184,1.818670558015583,1.923082222987432,1.8860558748012408,1.8807238040026277,1.907177599001443,0.040615743671126005,0.019901385996490717,5.0,"[1.818670558015583, 1.907177599001443, 1.8807238040026277, 1.923082222987432, 1.9006251899991184]",1.9006270290119573,5.0,1.0,14.0,1.0,1.0,1.0,1.0,exact_dense,1600.0,1600.0,0.0,7.474000449292362e-05,0.0,1.842444934998639,0.0022517739853356034,1.844991054997081,2560000.0,,3840.0,2560000.0,,,,,,1.0,1.0,3.9166667461395264,14.0,,,,,,,,,True,exact_fit,1600.0,1600.0,8.602975867688656e-06,0.0,0.0,0.0,0.0,8.602975867688656e-06,0.0,,,,,,,,,1.0,1.0,,,,2.1269952412694693e-06,1.8242418410081882,1.8242439680034295,3.9166667461395264,3.9166666666666665,0.0,isolated,1,True,900.0,15.153378291986883,14.918488216993865,0.23489007499301806,201289728.0,191.96484375,resource.ru_maxrss_kib_converted_to_bytes,0.0,"{""BLIS_NUM_THREADS"": ""1"", ""MKL_DYNAMIC"": ""FALSE"", ""MKL_NUM_THREADS"": ""1"", ""NUMBA_NUM_THREADS"": ""1"", ""NUMEXPR_NUM_THREADS"": ""1"", ""OMP_DYNAMIC"": ""FALSE"", ""OMP_NUM_THREADS"": ""1"", ""OPENBLAS_NUM_THREADS"": ""1"", ""PYTHONHASHSEED"": ""0"", ""VECLIB_MAXIMUM_THREADS"": ""1""}",tree_tree,0,6,0,0.07521297200582922,727,14,14,14,22,22,medium,medium,1000,uniform,"{""kind"": ""categorical"", ""probs"": [0.8, 0.2], ""values"": [1, 2]}",inverse_sqrt,14,tail,sparse_chain,Generic score with an exact token blocking rule and very few positive node pairs. Large preset: more instances and a larger structural workload.,21,21,165,211,20,22,,,,,,,,,,,,,,,,,,,,,,,,3.9166667461395264,True,exact_agreement,3,7.947285984855057e-08,1e-05,1.0,0.0,1.0,100.0,True,0.007656189165879989,0.009171476422863499,0.015196034616167342,0.018176249799237217
generic_sparse_jaccard,4,fast_beam_partial,fast_beam,False,"{""beam_width"": 200, ""expansion_width"": 64, ""max_nodes_per_token_side"": 8, ""max_token_types_per_expansion"": 2048, ""search"": ""partial""}",jaccard,1600,1600,2560000,3840,3.9166666666666665,,skipped,incompatible_score_mode:jaccard,,,,,,,,,,,,,,,,,,,,,,,,,,,,,,,,,,,,,,,,,,,,,,,,,,,,,,,,,,,,,,,,,,,,,,,,,,,,,,,,,,isolated,1,False,900.0,,,,,,,,,tree_tree,8,7,0,0.07521297200582922,727,14,14,14,22,22,medium,medium,1000,uniform,"{""kind"": ""categorical"", ""probs"": [0.8, 0.2], ""values"": [1, 2]}",inverse_sqrt,14,tail,sparse_chain,Generic score with an exact token blocking rule and very few positive node pairs. Large preset: more instances and a larger structural workload.,21,21,165,211,20,22,True,,,,,,,,,,,,,,,,,,,,,,,3.9166667461395264,True,exact_agreement,3,7.947285984855057e-08,1e-05,,,,,,,,,
generic_sparse_jaccard,4,beam_partial_score,generic,False,"{""beam_balance_penalty"": 0.0, ""beam_candidate_future_weight"": 0.0, ""beam_expansion_width"": 64, ""beam_gap_penalty"": 0.0, ""beam_lookahead"": false, ""beam_n_restarts"": 1, ""beam_priority_future_weight"": 0.0, ""beam_priority_length_weight"": 0.0, ""beam_random_fraction"": 0.0, ""beam_rarity_weight"": 0.0, ""beam_symmetric"": false, ""beam_width"": 200, ""candidate_select_mode"": ""first"", ""method"": ""beam"", ""seed"": 0}",jaccard,1600,1600,2560000,3840,3.9166666666666665,2.0,ok,,2.0,1.2950040400028229e-06,7.287017069756985e-06,0.23080036201281473,0.22934936499223113,0.24822837000829168,0.2341362282051705,0.23024435801198706,0.23205868600052781,0.007938724054982499,0.0012583239877130836,5.0,"[0.23205868600052781, 0.23024435801198706, 0.22934936499223113, 0.23080036201281473, 0.24822837000829168]",0.23080165701685473,5.0,1.0,2.0,0.0,0.0,0.0,0.0,beam_partial,1600.0,1600.0,0.0,0.22709492000285536,0.014178543875459582,8.046213770285249e-05,1.1119991540908813e-06,0.24157914399984293,1757.0,69.0,69.0,,69.0,69.0,69.0,64.0,3.0,1.0,1.0,2.0,2.0,,,,,,,,,True,beam_fit,1600.0,1600.0,6.323010893538594e-06,0.0,0.0,0.0,0.0,6.323010893538594e-06,0.0,,,,,,,,,1.0,1.0,,,,1.9930012058466673e-06,0.2566690100065898,0.25667100300779566,2.0,2.0,0.0,isolated,1,True,900.0,2.133794447989203,1.9012150980124716,0.23257934997673146,201289728.0,191.96484375,resource.ru_maxrss_kib_converted_to_bytes,0.0,"{""BLIS_NUM_THREADS"": ""1"", ""MKL_DYNAMIC"": ""FALSE"", ""MKL_NUM_THREADS"": ""1"", ""NUMBA_NUM_THREADS"": ""1"", ""NUMEXPR_NUM_THREADS"": ""1"", ""OMP_DYNAMIC"": ""FALSE"", ""OMP_NUM_THREADS"": ""1"", ""OPENBLAS_NUM_THREADS"": ""1"", ""PYTHONHASHSEED"": ""0"", ""VECLIB_MAXIMUM_THREADS"": ""1""}",tree_tree,7,8,0,0.07521297200582922,727,14,14,14,22,22,medium,medium,1000,uniform,"{""kind"": ""categorical"", ""probs"": [0.8, 0.2], ""values"": [1, 2]}",inverse_sqrt,14,tail,sparse_chain,Generic score with an exact token blocking rule and very few positive node pairs. Large preset: more instances and a larger structural workload.,21,21,165,211,20,22,,,,,,,99964.0,0.0,[2.0],0.0,"{""beam_width"": 200, ""expansion_width"": 64, ""label_pair_preprocessing_score_evaluations"": 99964, ""lookahead_enabled"": false, ""maximum_matching_length"": 22, ""positive_label_pair_types"": 649, ""state_pool_size"": 70}",,,,,,,,,,,,,3.9166667461395264,True,exact_agreement,3,7.947285984855057e-08,1e-05,0.510638287511008,1.9166667461395264,0.510638287511008,51.0638287511008,True,0.06304819395067457,0.07552613014371597,0.11223838396054202,0.13158947420666528
large_sparse_overlap,0,fast_dense,fast_dense,True,{},overlap,10000,10000,100000000,300665,15.0,,skipped,dense_cell_limit:100000000>12000000,,,,,,,,,,,,,,,,,,,,,,,,,,,,,,,,,,,,,,,,,,,,,,,,,,,,,,,,,,,,,,,,,,,,,,,,,,,,,,,,,,isolated,1,False,900.0,,,,,,,,,tree_tree,1,0,0,0.487933433993021,3000,15,15,16,27,16,medium,medium,3000,uniform,3,uniform,16,background,fast_sparse,Sparse multi-token overlap favors integerized posting joins while the dense table exceeds the configured work budget. Large preset: more instances and a larger structural workload.,27,27,811,883,98,121,True,,,,,,,,,,,,,,,,,,,,,,,15.0,True,exact_agreement,3,0.0,1.4999999999999999e-05,,,,,,,,,
large_sparse_overlap,0,fast_sparse,fast_sparse,True,{},overlap,10000,10000,100000000,300665,15.0,15.0,ok,,15.0,0.08148739498574287,0.0703822509967722,0.8193745389871765,0.8186195690068416,0.8269332989875693,0.8208865907916334,0.8190339659922756,0.8204715809843037,0.0034493774882670978,0.0007549699803348631,5.0,"[0.8269332989875693, 0.8186195690068416, 0.8190339659922756, 0.8193745389871765, 0.8204715809843037]",0.9008619339729194,5.0,1.0,15.0,0.9333333333333333,0.9333333333333333,1.0,0.875,fast_sparse_overlap,10000.0,10000.0,0.0,0.10593388602137566,0.05581849900772795,0.6801428659819067,4.744011675938964e-06,0.8600925029895734,300456.0,300456.0,300456.0,,,,,,,1.0,1.0,15.0,15.0,300456.0,300456.0,,209179.0,632845.0,2082.0,300456.0,566220.0,,fast_sparse_fit,10000.0,10000.0,0.07038064900552854,0.0,0.0,0.0,0.0,0.07038064900552854,0.0,,,,,,,,,1.0,1.0,,,,0.07281957400846295,0.8195671290159225,0.8923867030243855,15.0,15.0,0.0,isolated,1,True,900.0,7.083979538001586,6.841466751007829,0.2425127869937569,229818368.0,219.171875,resource.ru_maxrss_kib_converted_to_bytes,0.0,"{""BLIS_NUM_THREADS"": ""1"", ""MKL_DYNAMIC"": ""FALSE"", ""MKL_NUM_THREADS"": ""1"", ""NUMBA_NUM_THREADS"": ""1"", ""NUMEXPR_NUM_THREADS"": ""1"", ""OMP_DYNAMIC"": ""FALSE"", ""OMP_NUM_THREADS"": ""1"", ""OPENBLAS_NUM_THREADS"": ""1"", ""PYTHONHASHSEED"": ""0"", ""VECLIB_MAXIMUM_THREADS"": ""1""}",tree_tree,4,1,0,0.487933433993021,3000,15,15,16,27,16,medium,medium,3000,uniform,3,uniform,16,background,fast_sparse,Sparse multi-token overlap favors integerized posting joins while the dense table exceeds the configured work budget. Large preset: more instances and a larger structural workload.,27,27,811,883,98,121,,,,,,,,,,,,,,,,,,,,,,300456.0,300665.0,15.0,True,exact_agreement,3,0.0,1.4999999999999999e-05,1.0,0.0,1.0,100.0,True,0.007115853272565572,0.04768892033681153,0.014131151345583555,0.09103641245243001
large_sparse_overlap,0,fast_beam_partial,fast_beam,False,"{""beam_width"": 200, ""expansion_width"": 64, ""max_nodes_per_token_side"": 8, ""max_token_types_per_expansion"": 2048, ""search"": ""partial""}",overlap,10000,10000,100000000,300665,15.0,2.0,ok,,2.0,0.08752235100837424,0.08879699697718024,0.005830548994708806,0.005798408994451165,0.005861671990714967,0.0058294491958804425,0.005823619983857498,0.005832996015669778,2.263609845251231e-05,6.929010851308703e-06,5.0,"[0.005861671990714967, 0.005823619983857498, 0.005830548994708806, 0.005798408994451165, 0.005832996015669778]",0.09335290000308305,5.0,1.0,2.0,0.0,0.0,0.0,0.0,fast_beam_partial_overlap,10000.0,10000.0,0.0,0.0027359090163372457,0.0027693449810612947,5.864701233804226e-05,1.1730007827281952e-06,0.005891724984394386,70.0,70.0,70.0,,70.0,70.0,70.0,64.0,3.0,1.0,1.0,2.0,2.0,,,,,,,,,,fast_beam_partial_fit,10000.0,10000.0,0.08879525499651209,0.0,0.0,0.0,0.0,0.08879525499651209,0.0,,,,,,,,,1.0,1.0,,,,0.08995631500147283,0.11897037000744604,0.20892668500891887,2.0,2.0,0.0,isolated,1,True,900.0,0.701690105983289,0.42691955200280063,0.27477055398048833,210612224.0,200.85546875,resource.ru_maxrss_kib_converted_to_bytes,0.0,"{""BLIS_NUM_THREADS"": ""1"", ""MKL_DYNAMIC"": ""FALSE"", ""MKL_NUM_THREADS"": ""1"", ""NUMBA_NUM_THREADS"": ""1"", ""NUMEXPR_NUM_THREADS"": ""1"", ""OMP_DYNAMIC"": ""FALSE"", ""OMP_NUM_THREADS"": ""1"", ""OPENBLAS_NUM_THREADS"": ""1"", ""PYTHONHASHSEED"": ""0"", ""VECLIB_MAXIMUM_THREADS"": ""1""}",tree_tree,8,2,0,0.487933433993021,3000,15,15,16,27,16,medium,medium,3000,uniform,3,uniform,16,background,fast_sparse,Sparse multi-token overlap favors integerized posting joins while the dense table exceeds the configured work budget. Large preset: more instances and a larger structural workload.,27,27,811,883,98,121,,200.0,,,71.0,,,,,,,descending_token_weight_first_descendants,0.0,64.0,8.0,2048.0,28.0,True,3000.0,70.0,206286.0,,,15.0,True,exact_agreement,3,0.0,1.4999999999999999e-05,0.13333333333333333,13.0,0.13333333333333333,13.333333333333334,True,1.0,0.46020137566461994,0.23529411764705882,0.2067619045414947
large_sparse_overlap,0,beam_partial_score,generic,False,"{""beam_balance_penalty"": 0.0, ""beam_candidate_future_weight"": 0.0, ""beam_expansion_width"": 64, ""beam_gap_penalty"": 0.0, ""beam_lookahead"": false, ""beam_n_restarts"": 1, ""beam_priority_future_weight"": 0.0, ""beam_priority_length_weight"": 0.0, ""beam_random_fraction"": 0.0, ""beam_rarity_weight"": 0.0, ""beam_symmetric"": false, ""beam_width"": 200, ""candidate_select_mode"": ""first"", ""method"": ""beam"", ""seed"": 0}",overlap,10000,10000,100000000,300665,15.0,1.0,ok,,1.0,1.5840050764381886e-06,8.868984878063202e-06,0.297748960001627,0.2855181290069595,0.30334541597403586,0.29669491639360784,0.29747348598903045,0.2993885909963865,0.006673132367258122,0.0016396309947595,5.0,"[0.30334541597403586, 0.2855181290069595, 0.297748960001627, 0.29747348598903045, 0.2993885909963865]",0.2977505440067034,5.0,1.0,1.0,0.0,0.0,0.0,0.0,beam_partial,10000.0,10000.0,0.0,0.30064209300326183,0.005716095096431673,7.449291297234595e-05,1.361011527478695e-06,0.30810753800324164,307.0,64.0,64.0,,64.0,64.0,64.0,64.0,2.0,1.0,1.0,1.0,1.0,,,,,,,,,True,beam_fit,10000.0,10000.0,7.914000889286399e-06,0.0,0.0,0.0,0.0,7.914000889286399e-06,0.0,,,,,,,,,1.0,1.0,,,,2.6579946279525757e-06,0.3022613339999225,0.30226399199455045,1.0,1.0,0.0,isolated,1,True,900.0,2.6407002650084905,2.3957996389945038,0.24490062601398677,205811712.0,196.27734375,resource.ru_maxrss_kib_converted_to_bytes,0.0,"{""BLIS_NUM_THREADS"": ""1"", ""MKL_DYNAMIC"": ""FALSE"", ""MKL_NUM_THREADS"": ""1"", ""NUMBA_NUM_THREADS"": ""1"", ""NUMEXPR_NUM_THREADS"": ""1"", ""OMP_DYNAMIC"": ""FALSE"", ""OMP_NUM_THREADS"": ""1"", ""OPENBLAS_NUM_THREADS"": ""1"", ""PYTHONHASHSEED"": ""0"", ""VECLIB_MAXIMUM_THREADS"": ""1""}",tree_tree,7,3,0,0.487933433993021,3000,15,15,16,27,16,medium,medium,3000,uniform,3,uniform,16,background,fast_sparse,Sparse multi-token overlap favors integerized posting joins while the dense table exceeds the configured work budget. Large preset: more instances and a larger structural workload.,27,27,811,883,98,121,,,,,,,100000.0,0.0,[1.0],0.0,"{""beam_width"": 200, ""expansion_width"": 64, ""label_pair_preprocessing_score_evaluations"": 100000, ""lookahead_enabled"": false, ""maximum_matching_length"": 28, ""positive_label_pair_types"": 307, ""state_pool_size"": 65}",,,,,,,,,,,,,15.0,True,exact_agreement,3,0.0,1.4999999999999999e-05,0.06666666666666667,14.0,0.06666666666666667,6.666666666666667,True,0.0195820969271461,0.14428565746880154,0.030272274617744375,0.09119637691288321
large_sparse_overlap,0,exact_dense,generic,True,"{""method"": ""exact""}",overlap,10000,10000,100000000,300665,15.0,,skipped,dense_cell_limit:100000000>12000000,,,,,,,,,,,,,,,,,,,,,,,,,,,,,,,,,,,,,,,,,,,,,,,,,,,,,,,,,,,,,,,,,,,,,,,,,,,,,,,,,,isolated,1,False,900.0,,,,,,,,,tree_tree,0,4,0,0.487933433993021,3000,15,15,16,27,16,medium,medium,3000,uniform,3,uniform,16,background,fast_sparse,Sparse multi-token overlap favors integerized posting joins while the dense table exceeds the configured work budget. Large preset: more instances and a larger structural workload.,27,27,811,883,98,121,True,,,,,,,,,,,,,,,,,,,,,,,15.0,True,exact_agreement,3,0.0,1.4999999999999999e-05,,,,,,,,,
large_sparse_overlap,0,beam_local_capped,generic,False,"{""beam_local_child_cap"": 16, ""beam_width"": 200, ""method"": ""beam_local""}",overlap,10000,10000,100000000,300665,15.0,4.0,ok,,4.0,9.649957064539194e-07,6.632006261497736e-06,0.04296016800799407,0.042867241019848734,0.043065585021395236,0.04296611901372671,0.042939044011291116,0.0429985570081044,7.329910991992439e-05,3.83890001103282e-05,5.0,"[0.043065585021395236, 0.04296016800799407, 0.042867241019848734, 0.042939044011291116, 0.0429985570081044]",0.042961133003700525,5.0,1.0,4.0,0.06666666666666667,0.25,0.06666666666666667,0.0625,beam_local,10000.0,10000.0,0.0,0.003278337011579424,0.03716424398589879,0.005590543005382642,2.4809851311147213e-06,0.04633575398474932,17886.0,17886.0,55.0,,44514.0,20983.0,10163.0,200.0,57.0,1.0,1.0,4.0,4.0,,,,,,,,,True,beam_local_fit,10000.0,10000.0,5.657988367602229e-06,0.0,0.0,0.0,0.0,5.657988367602229e-06,0.0,,,,,,,,,1.0,1.0,,,,2.687011146917939e-06,0.044485475984402,0.04448816299554892,4.0,4.0,0.0,isolated,1,True,900.0,0.5961206140054855,0.360109781002393,0.23601083300309256,205811712.0,196.27734375,resource.ru_maxrss_kib_converted_to_bytes,0.0,"{""BLIS_NUM_THREADS"": ""1"", ""MKL_DYNAMIC"": ""FALSE"", ""MKL_NUM_THREADS"": ""1"", ""NUMBA_NUM_THREADS"": ""1"", ""NUMEXPR_NUM_THREADS"": ""1"", ""OMP_DYNAMIC"": ""FALSE"", ""OMP_NUM_THREADS"": ""1"", ""OPENBLAS_NUM_THREADS"": ""1"", ""PYTHONHASHSEED"": ""0"", ""VECLIB_MAXIMUM_THREADS"": ""1""}",tree_tree,6,5,0,0.487933433993021,3000,15,15,16,27,16,medium,medium,3000,uniform,3,uniform,16,background,fast_sparse,Sparse multi-token overlap favors integerized posting joins while the dense table exceeds the configured work budget. Large preset: more instances and a larger structural workload.,27,27,811,883,98,121,,200.0,16.0,56.0,10164.0,,,,,,,,,,,,,,,,,,,15.0,True,exact_agreement,3,0.0,1.4999999999999999e-05,0.26666666666666666,11.0,0.26666666666666666,26.666666666666668,True,0.1357198834423518,1.0,0.17988657378411382,0.4210526315789474
large_sparse_overlap,0,beam_local,generic,False,"{""beam_local_child_cap"": null, ""beam_width"": 200, ""method"": ""beam_local""}",overlap,10000,10000,100000000,300665,15.0,6.0,ok,,6.0,1.2100208550691605e-06,6.943999323993921e-06,0.11046488501597196,0.11004667601082474,0.12571496900636703,0.11604536160593852,0.11019907300942577,0.12380120498710312,0.007983724882933434,0.0004182090051472187,5.0,"[0.11046488501597196, 0.12571496900636703, 0.11019907300942577, 0.12380120498710312, 0.11004667601082474]",0.11046609503682703,5.0,1.0,6.0,0.06666666666666667,0.16666666666666666,0.06666666666666667,0.0625,beam_local,10000.0,10000.0,0.0,0.0032025350083131343,0.10508914396632463,0.009230888041201979,4.019006155431271e-06,0.11794543600990437,59125.0,59125.0,181.0,,114511.0,66799.0,10311.0,200.0,57.0,1.0,1.0,6.0,6.0,,,,,,,,,True,beam_local_fit,10000.0,10000.0,6.02900399826467e-06,0.0,0.0,0.0,0.0,6.02900399826467e-06,0.0,,,,,,,,,1.0,1.0,,,,2.435990609228611e-06,0.12982407998060808,0.1298265159712173,6.0,6.0,0.0,isolated,1,True,900.0,1.1870055239996873,0.9537029080092907,0.2333026159903966,205811712.0,196.27734375,resource.ru_maxrss_kib_converted_to_bytes,0.0,"{""BLIS_NUM_THREADS"": ""1"", ""MKL_DYNAMIC"": ""FALSE"", ""MKL_NUM_THREADS"": ""1"", ""NUMBA_NUM_THREADS"": ""1"", ""NUMEXPR_NUM_THREADS"": ""1"", ""OMP_DYNAMIC"": ""FALSE"", ""OMP_NUM_THREADS"": ""1"", ""OPENBLAS_NUM_THREADS"": ""1"", ""PYTHONHASHSEED"": ""0"", ""VECLIB_MAXIMUM_THREADS"": ""1""}",tree_tree,5,6,0,0.487933433993021,3000,15,15,16,27,16,medium,medium,3000,uniform,3,uniform,16,background,fast_sparse,Sparse multi-token overlap favors integerized posting joins while the dense table exceeds the configured work budget. Large preset: more instances and a larger structural workload.,27,27,811,883,98,121,,200.0,,56.0,10312.0,,,,,,,,,,,,,,,,,,,15.0,True,exact_agreement,3,0.0,1.4999999999999999e-05,0.4,9.0,0.4,40.0,True,0.052781922453146765,0.38890786344333256,0.09325800317676519,0.3943759533549311
large_sparse_overlap,0,sparse_chain,generic_sparse,True,"{""method"": ""sparse_chain""}",overlap,10000,10000,100000000,300665,15.0,15.0,ok,,15.0,0.02326750199426897,0.03562534699449316,1.1223756200051866,1.1196602559939492,1.1272277960088104,1.1228719154023565,1.1201204679964576,1.1249754370073788,0.003222189748632417,0.0025998170021921396,5.0,"[1.1272277960088104, 1.1196602559939492, 1.1223756200051866, 1.1249754370073788, 1.1201204679964576]",1.1456431219994556,5.0,1.0,15.0,0.9333333333333333,0.9333333333333333,1.0,0.875,sparse_chain,10000.0,10000.0,0.0,0.12917127198306844,0.34414764898247086,0.6799371780070942,4.7679932322353125e-06,1.1712267310067546,300456.0,300456.0,300456.0,,,,,,,1.0,1.0,15.0,15.0,300456.0,300456.0,True,209179.0,632845.0,2082.0,300456.0,566220.0,True,sparse_chain_fit,10000.0,10000.0,0.03562168701319024,0.0,0.0,0.0,0.0,0.03562168701319024,0.0,,,,,,,,,1.0,1.0,,,False,0.024628662009490654,1.1185081229778007,1.1431367849872913,15.0,15.0,0.0,isolated,1,True,900.0,9.359640620998107,9.116157873009797,0.2434827479883097,232992768.0,222.19921875,resource.ru_maxrss_kib_converted_to_bytes,0.0,"{""BLIS_NUM_THREADS"": ""1"", ""MKL_DYNAMIC"": ""FALSE"", ""MKL_NUM_THREADS"": ""1"", ""NUMBA_NUM_THREADS"": ""1"", ""NUMEXPR_NUM_THREADS"": ""1"", ""OMP_DYNAMIC"": ""FALSE"", ""OMP_NUM_THREADS"": ""1"", ""OPENBLAS_NUM_THREADS"": ""1"", ""PYTHONHASHSEED"": ""0"", ""VECLIB_MAXIMUM_THREADS"": ""1""}",tree_tree,3,7,0,0.487933433993021,3000,15,15,16,27,16,medium,medium,3000,uniform,3,uniform,16,background,fast_sparse,Sparse multi-token overlap favors integerized posting joins while the dense table exceeds the configured work budget. Large preset: more instances and a larger structural workload.,27,27,811,883,98,121,,,,,,,,,,,,,,,,,,,,,,,,15.0,True,exact_agreement,3,0.0,1.4999999999999999e-05,1.0,0.0,1.0,100.0,True,0.005194828621350366,0.03749957746765134,0.010335963682732437,0.0722883715464849
large_sparse_overlap,0,sparse_closure,generic_sparse,True,"{""method"": ""sparse""}",overlap,10000,10000,100000000,300665,15.0,15.0,ok,,15.0,0.02366597900982015,0.037351532984757796,14.983258550026221,14.878646030003438,15.069898846995784,14.983195749204606,14.982764811982634,15.001410507014953,0.06852013938352679,0.0181519569887314,5.0,"[14.878646030003438, 14.983258550026221, 15.001410507014953, 14.982764811982634, 15.069898846995784]",15.006924529036041,5.0,1.0,15.0,1.0,1.0,1.0,0.9375,sparse_closure,10000.0,10000.0,0.0,0.030385020014364272,0.026675439003156498,15.182468989980407,2.2132007870823145e-05,15.63309359102277,300456.0,300456.0,300456.0,17759698.0,,,,,,1.0,1.0,15.0,15.0,,,True,,,,,,True,sparse_fit,10000.0,10000.0,0.03734777000499889,0.0,0.0,0.0,0.0,0.03734777000499889,0.0,,,,,,,,,1.0,1.0,,,False,0.02495905800606124,15.123401308024768,15.148360366030829,15.0,15.0,0.0,isolated,1,True,900.0,120.91808829599177,120.65489528200123,0.26319301399053074,1922928640.0,1833.84765625,resource.ru_maxrss_kib_converted_to_bytes,0.0,"{""BLIS_NUM_THREADS"": ""1"", ""MKL_DYNAMIC"": ""FALSE"", ""MKL_NUM_THREADS"": ""1"", ""NUMBA_NUM_THREADS"": ""1"", ""NUMEXPR_NUM_THREADS"": ""1"", ""OMP_DYNAMIC"": ""FALSE"", ""OMP_NUM_THREADS"": ""1"", ""OPENBLAS_NUM_THREADS"": ""1"", ""PYTHONHASHSEED"": ""0"", ""VECLIB_MAXIMUM_THREADS"": ""1""}",tree_tree,2,8,0,0.487933433993021,3000,15,15,16,27,16,medium,medium,3000,uniform,3,uniform,16,background,fast_sparse,Sparse multi-token overlap favors integerized posting joins while the dense table exceeds the configured work budget. Large preset: more instances and a larger structural workload.,27,27,811,883,98,121,,,,,,17779699.0,,,,,,,,,,,,,,,,,,15.0,True,exact_agreement,3,0.0,1.4999999999999999e-05,1.0,0.0,1.0,100.0,True,0.00038913758147079443,0.0028627539853737175,0.0007779724246338159,0.0057091640386426595
large_sparse_overlap,1,fast_sparse,fast_sparse,True,{},overlap,10000,10000,100000000,300034,15.0,15.0,ok,,15.0,0.08017218697932549,0.0679362939845305,0.7948604070115834,0.7929765139997471,0.7990688649879303,0.7954899828007911,0.7938555360015016,0.7966885920031928,0.0024305539058715442,0.0018281849916093051,5.0,"[0.7990688649879303, 0.7948604070115834, 0.7966885920031928, 0.7938555360015016, 0.7929765139997471]",0.8750325939909089,5.0,1.0,15.0,1.0,1.0,0.9375,1.0,fast_sparse_overlap,10000.0,10000.0,0.0,0.10334123900975101,0.055048525013262406,0.6582550139864907,3.956985892727971e-06,0.8334989919967484,299847.0,299847.0,299847.0,,,,,,,1.0,1.0,15.0,15.0,299847.0,299847.0,,209090.0,630670.0,2118.0,299847.0,565870.0,,fast_sparse_fit,10000.0,10000.0,0.06793460398330353,0.0,0.0,0.0,0.0,0.06793460398330353,0.0,,,,,,,,,1.0,1.0,,,,0.0702797069970984,0.7980753720039502,0.8683550790010486,15.0,15.0,0.0,isolated,1,True,900.0,6.878207017987734,6.633866015006788,0.24434100298094563,227332096.0,216.80078125,resource.ru_maxrss_kib_converted_to_bytes,0.0,"{""BLIS_NUM_THREADS"": ""1"", ""MKL_DYNAMIC"": ""FALSE"", ""MKL_NUM_THREADS"": ""1"", ""NUMBA_NUM_THREADS"": ""1"", ""NUMEXPR_NUM_THREADS"": ""1"", ""OMP_DYNAMIC"": ""FALSE"", ""OMP_NUM_THREADS"": ""1"", ""OPENBLAS_NUM_THREADS"": ""1"", ""PYTHONHASHSEED"": ""0"", ""VECLIB_MAXIMUM_THREADS"": ""1""}",tree_tree,4,0,0,0.49112465901998803,2998,15,16,15,28,22,medium,medium,3000,uniform,3,uniform,16,background,fast_sparse,Sparse multi-token overlap favors integerized posting joins while the dense table exceeds the configured work budget. Large preset: more instances and a larger structural workload.,27,27,848,850,127,110,,,,,,,,,,,,,,,,,,,,,,299847.0,300034.0,15.0,True,exact_agreement,3,0.0,1.4999999999999999e-05,1.0,0.0,1.0,100.0,True,0.007622172308599623,0.047625723093766954,0.015129028554693648,0.0909212556429454
large_sparse_overlap,1,fast_beam_partial,fast_beam,False,"{""beam_width"": 200, ""expansion_width"": 64, ""max_nodes_per_token_side"": 8, ""max_token_types_per_expansion"": 2048, ""search"": ""partial""}",overlap,10000,10000,100000000,300034,15.0,2.0,ok,,2.0,0.08724339099717326,0.0903055010130629,0.006058562983525917,0.006044421985279769,0.006103427993366495,0.0060712671955116095,0.006048206007108092,0.006101717008277774,2.90490479246262e-05,1.4140998246148229e-05,5.0,"[0.006044421985279769, 0.006048206007108092, 0.006101717008277774, 0.006058562983525917, 0.006103427993366495]",0.09330195398069918,5.0,1.0,2.0,0.0,0.0,0.0,0.0,fast_beam_partial_overlap,10000.0,10000.0,0.0,0.0027393219934310764,0.0030315369949676096,6.689300062134862e-05,1.374981366097927e-06,0.006174345006002113,83.0,83.0,83.0,,83.0,83.0,83.0,64.0,3.0,1.0,1.0,2.0,2.0,,,,,,,,,,fast_beam_partial_fit,10000.0,10000.0,0.09030403100769036,0.0,0.0,0.0,0.0,0.09030403100769036,0.0,,,,,,,,,1.0,1.0,,,,0.09004302500397898,0.1193267930066213,0.20936981801060028,2.0,2.0,0.0,isolated,1,True,900.0,0.7087310770002659,0.43021335202502087,0.2785177249752451,210460672.0,200.7109375,resource.ru_maxrss_kib_converted_to_bytes,0.0,"{""BLIS_NUM_THREADS"": ""1"", ""MKL_DYNAMIC"": ""FALSE"", ""MKL_NUM_THREADS"": ""1"", ""NUMBA_NUM_THREADS"": ""1"", ""NUMEXPR_NUM_THREADS"": ""1"", ""OMP_DYNAMIC"": ""FALSE"", ""OMP_NUM_THREADS"": ""1"", ""OPENBLAS_NUM_THREADS"": ""1"", ""PYTHONHASHSEED"": ""0"", ""VECLIB_MAXIMUM_THREADS"": ""1""}",tree_tree,8,1,0,0.49112465901998803,2998,15,16,15,28,22,medium,medium,3000,uniform,3,uniform,16,background,fast_sparse,Sparse multi-token overlap favors integerized posting joins while the dense table exceeds the configured work budget. Large preset: more instances and a larger structural workload.,27,27,848,850,127,110,,200.0,,,84.0,,,,,,,descending_token_weight_first_descendants,0.0,64.0,8.0,2048.0,28.0,True,2998.0,83.0,241908.0,,,15.0,True,exact_agreement,3,0.0,1.4999999999999999e-05,0.13333333333333333,13.0,0.13333333333333333,13.333333333333334,True,1.0,0.44665795560993826,0.23529411764705882,0.2053630639516383
large_sparse_overlap,1,beam_partial_score,generic,False,"{""beam_balance_penalty"": 0.0, ""beam_candidate_future_weight"": 0.0, ""beam_expansion_width"": 64, ""beam_gap_penalty"": 0.0, ""beam_lookahead"": false, ""beam_n_restarts"": 1, ""beam_priority_future_weight"": 0.0, ""beam_priority_length_weight"": 0.0, ""beam_random_fraction"": 0.0, ""beam_rarity_weight"": 0.0, ""beam_symmetric"": false, ""beam_width"": 200, ""candidate_select_mode"": ""first"", ""method"": ""beam"", ""seed"": 0}",overlap,10000,10000,100000000,300034,15.0,1.0,ok,,1.0,1.7040001694113016e-06,9.128008969128132e-06,0.2934223639895208,0.27705387500463985,0.2967896169866435,0.290869070996996,0.2919891390192788,0.2950903599848971,0.007929464725350895,0.001667995995376259,5.0,"[0.2967896169866435, 0.27705387500463985, 0.2919891390192788, 0.2934223639895208, 0.2950903599848971]",0.29342406798969023,5.0,1.0,1.0,0.0,0.0,0.0,0.0,beam_partial,10000.0,10000.0,0.0,0.3009368980128784,0.005347519007045776,7.155598723329604e-05,1.8139835447072983e-06,0.3079377500107512,289.0,64.0,64.0,,64.0,64.0,64.0,64.0,2.0,1.0,1.0,1.0,1.0,,,,,,,,,True,beam_fit,10000.0,10000.0,8.019997039809823e-06,0.0,0.0,0.0,0.0,8.019997039809823e-06,0.0,,,,,,,,,1.0,1.0,,,,2.8059876058250666e-06,0.29645396998967044,0.29645677597727627,1.0,1.0,0.0,isolated,1,True,900.0,2.598338584997691,2.3561146419961005,0.24222394300159067,207753216.0,198.12890625,resource.ru_maxrss_kib_converted_to_bytes,0.0,"{""BLIS_NUM_THREADS"": ""1"", ""MKL_DYNAMIC"": ""FALSE"", ""MKL_NUM_THREADS"": ""1"", ""NUMBA_NUM_THREADS"": ""1"", ""NUMEXPR_NUM_THREADS"": ""1"", ""OMP_DYNAMIC"": ""FALSE"", ""OMP_NUM_THREADS"": ""1"", ""OPENBLAS_NUM_THREADS"": ""1"", ""PYTHONHASHSEED"": ""0"", ""VECLIB_MAXIMUM_THREADS"": ""1""}",tree_tree,7,2,0,0.49112465901998803,2998,15,16,15,28,22,medium,medium,3000,uniform,3,uniform,16,background,fast_sparse,Sparse multi-token overlap favors integerized posting joins while the dense table exceeds the configured work budget. Large preset: more instances and a larger structural workload.,27,27,848,850,127,110,,,,,,,100000.0,0.0,[1.0],0.0,"{""beam_width"": 200, ""expansion_width"": 64, ""label_pair_preprocessing_score_evaluations"": 100000, ""lookahead_enabled"": false, ""maximum_matching_length"": 28, ""positive_label_pair_types"": 289, ""state_pool_size"": 65}",,,,,,,,,,,,,15.0,True,exact_agreement,3,0.0,1.4999999999999999e-05,0.06666666666666667,14.0,0.06666666666666667,6.666666666666667,True,0.020647925063211236,0.14202672706758296,0.031530316073765385,0.0907402798119171
large_sparse_overlap,1,exact_dense,generic,True,"{""method"": ""exact""}",overlap,10000,10000,100000000,300034,15.0,,skipped,dense_cell_limit:100000000>12000000,,,,,,,,,,,,,,,,,,,,,,,,,,,,,,,,,,,,,,,,,,,,,,,,,,,,,,,,,,,,,,,,,,,,,,,,,,,,,,,,,,isolated,1,False,900.0,,,,,,,,,tree_tree,0,3,0,0.49112465901998803,2998,15,16,15,28,22,medium,medium,3000,uniform,3,uniform,16,background,fast_sparse,Sparse multi-token overlap favors integerized posting joins while the dense table exceeds the configured work budget. Large preset: more instances and a larger structural workload.,27,27,848,850,127,110,True,,,,,,,,,,,,,,,,,,,,,,,15.0,True,exact_agreement,3,0.0,1.4999999999999999e-05,,,,,,,,,
large_sparse_overlap,1,beam_local_capped,generic,False,"{""beam_local_child_cap"": 16, ""beam_width"": 200, ""method"": ""beam_local""}",overlap,10000,10000,100000000,300034,15.0,4.0,ok,,4.0,1.0830117389559746e-06,6.276997737586498e-06,0.04167297700769268,0.04155880698817782,0.04182388001936488,0.04167283260612749,0.041562171012628824,0.041746328002773225,0.0001156122236726078,0.00011080599506385624,5.0,"[0.04182388001936488, 0.041562171012628824, 0.04167297700769268, 0.041746328002773225, 0.04155880698817782]",0.041674060019431636,5.0,1.0,4.0,0.06666666666666667,0.25,0.0625,0.06666666666666667,beam_local,10000.0,10000.0,0.0,0.003212668001651764,0.03604598907986656,0.005300507909851149,2.2919848561286926e-06,0.04486411702237092,17584.0,17584.0,62.0,,43638.0,20797.0,9564.0,200.0,57.0,1.0,1.0,4.0,4.0,,,,,,,,,True,beam_local_fit,10000.0,10000.0,5.408015567809343e-06,0.0,0.0,0.0,0.0,5.408015567809343e-06,0.0,,,,,,,,,1.0,1.0,,,,2.8819777071475983e-06,0.043109823018312454,0.0431127049960196,4.0,4.0,0.0,isolated,1,True,900.0,0.5920355629932601,0.35023829000419937,0.24179727298906073,207753216.0,198.12890625,resource.ru_maxrss_kib_converted_to_bytes,0.0,"{""BLIS_NUM_THREADS"": ""1"", ""MKL_DYNAMIC"": ""FALSE"", ""MKL_NUM_THREADS"": ""1"", ""NUMBA_NUM_THREADS"": ""1"", ""NUMEXPR_NUM_THREADS"": ""1"", ""OMP_DYNAMIC"": ""FALSE"", ""OMP_NUM_THREADS"": ""1"", ""OPENBLAS_NUM_THREADS"": ""1"", ""PYTHONHASHSEED"": ""0"", ""VECLIB_MAXIMUM_THREADS"": ""1""}",tree_tree,6,4,0,0.49112465901998803,2998,15,16,15,28,22,medium,medium,3000,uniform,3,uniform,16,background,fast_sparse,Sparse multi-token overlap favors integerized posting joins while the dense table exceeds the configured work budget. Large preset: more instances and a larger structural workload.,27,27,848,850,127,110,,200.0,16.0,56.0,9565.0,,,,,,,,,,,,,,,,,,,15.0,True,exact_agreement,3,0.0,1.4999999999999999e-05,0.26666666666666666,11.0,0.26666666666666666,26.666666666666668,True,0.14538349353845126,1.0,0.18817578709812685,0.4210526315789474
large_sparse_overlap,1,beam_local,generic,False,"{""beam_local_child_cap"": null, ""beam_width"": 200, ""method"": ""beam_local""}",overlap,10000,10000,100000000,300034,15.0,4.0,ok,,4.0,1.5629921108484268e-06,7.291004294529557e-06,0.11716329099726863,0.11692795300041325,0.13078840798698366,0.12240238299127668,0.11716260798857547,0.1299696549831424,0.007288033537123955,0.00023533799685537815,5.0,"[0.11716329099726863, 0.13078840798698366, 0.11692795300041325, 0.1299696549831424, 0.11716260798857547]",0.11716485398937948,5.0,1.0,4.0,0.06666666666666667,0.25,0.0625,0.06666666666666667,beam_local,10000.0,10000.0,0.0,0.0031598469940945506,0.11340000506606884,0.008398071950068697,3.36900120601058e-06,0.12541198599501513,63803.0,63803.0,186.0,,119296.0,69528.0,6464.0,200.0,44.0,1.0,1.0,4.0,4.0,,,,,,,,,True,beam_local_fit,10000.0,10000.0,6.314978236332536e-06,0.0,0.0,0.0,0.0,6.314978236332536e-06,0.0,,,,,,,,,1.0,1.0,,,,2.9130023904144764e-06,0.13594899300369434,0.13595190600608476,4.0,4.0,0.0,isolated,1,True,900.0,1.246760465000989,1.0056043789954856,0.2411560860055033,207753216.0,198.12890625,resource.ru_maxrss_kib_converted_to_bytes,0.0,"{""BLIS_NUM_THREADS"": ""1"", ""MKL_DYNAMIC"": ""FALSE"", ""MKL_NUM_THREADS"": ""1"", ""NUMBA_NUM_THREADS"": ""1"", ""NUMEXPR_NUM_THREADS"": ""1"", ""OMP_DYNAMIC"": ""FALSE"", ""OMP_NUM_THREADS"": ""1"", ""OPENBLAS_NUM_THREADS"": ""1"", ""PYTHONHASHSEED"": ""0"", ""VECLIB_MAXIMUM_THREADS"": ""1""}",tree_tree,5,5,0,0.49112465901998803,2998,15,16,15,28,22,medium,medium,3000,uniform,3,uniform,16,background,fast_sparse,Sparse multi-token overlap favors integerized posting joins while the dense table exceeds the configured work budget. Large preset: more instances and a larger structural workload.,27,27,848,850,127,110,,200.0,,56.0,6465.0,,,,,,,,,,,,,,,,,,,15.0,True,exact_agreement,3,0.0,1.4999999999999999e-05,0.26666666666666666,11.0,0.26666666666666666,26.666666666666668,True,0.051710419978448344,0.355687380647521,0.08662335265952659,0.30481032004854447
large_sparse_overlap,1,sparse_chain,generic_sparse,True,"{""method"": ""sparse_chain""}",overlap,10000,10000,100000000,300034,15.0,15.0,ok,,15.0,0.02318238199222833,0.0356962840014603,1.1224903339752927,1.1187416839820798,1.1272515789896715,1.122616635792656,1.1219626420061104,1.1226369400101248,0.0030389974603890584,0.0005276919691823423,5.0,"[1.1219626420061104, 1.1187416839820798, 1.1224903339752927, 1.1226369400101248, 1.1272515789896715]",1.145672715967521,5.0,1.0,15.0,1.0,1.0,0.9375,1.0,sparse_chain,10000.0,10000.0,0.0,0.12847906901151873,0.34232157497899607,0.6773570409859531,3.827997716143727e-06,1.1664510190021247,299847.0,299847.0,299847.0,,,,,,,1.0,1.0,15.0,15.0,299847.0,299847.0,True,209090.0,630670.0,2118.0,299847.0,565870.0,True,sparse_chain_fit,10000.0,10000.0,0.03569308502483182,0.0,0.0,0.0,0.0,0.03569308502483182,0.0,,,,,,,,,1.0,1.0,,,False,0.024737076979363337,1.1152746040024795,1.1400116809818428,15.0,15.0,0.0,isolated,1,True,900.0,9.345255564985564,9.103475102019729,0.24178046296583489,231223296.0,220.51171875,resource.ru_maxrss_kib_converted_to_bytes,0.0,"{""BLIS_NUM_THREADS"": ""1"", ""MKL_DYNAMIC"": ""FALSE"", ""MKL_NUM_THREADS"": ""1"", ""NUMBA_NUM_THREADS"": ""1"", ""NUMEXPR_NUM_THREADS"": ""1"", ""OMP_DYNAMIC"": ""FALSE"", ""OMP_NUM_THREADS"": ""1"", ""OPENBLAS_NUM_THREADS"": ""1"", ""PYTHONHASHSEED"": ""0"", ""VECLIB_MAXIMUM_THREADS"": ""1""}",tree_tree,3,6,0,0.49112465901998803,2998,15,16,15,28,22,medium,medium,3000,uniform,3,uniform,16,background,fast_sparse,Sparse multi-token overlap favors integerized posting joins while the dense table exceeds the configured work budget. Large preset: more instances and a larger structural workload.,27,27,848,850,127,110,,,,,,,,,,,,,,,,,,,,,,,,15.0,True,exact_agreement,3,0.0,1.4999999999999999e-05,1.0,0.0,1.0,100.0,True,0.005397429982376376,0.03637518764181957,0.010736908254223382,0.07019694812375452
large_sparse_overlap,1,sparse_closure,generic_sparse,True,"{""method"": ""sparse""}",overlap,10000,10000,100000000,300034,15.0,15.0,ok,,15.0,0.02334601999609731,0.03548842799500562,14.703782541997498,14.466565109993098,14.778462109010434,14.676214492600412,14.694390813005157,14.737871888995869,0.12175739114160729,0.034089346998371184,5.0,"[14.466565109993098, 14.694390813005157, 14.703782541997498, 14.737871888995869, 14.778462109010434]",14.727128561993595,5.0,1.0,15.0,0.9333333333333333,0.9333333333333333,0.9375,1.0,sparse_closure,10000.0,10000.0,0.0,0.028809823998017237,0.025639023981057107,15.02460952999536,2.5475019356235862e-05,15.461436831013998,299847.0,299847.0,299847.0,17529009.0,,,,,,1.0,1.0,15.0,15.0,,,True,,,,,,True,sparse_fit,10000.0,10000.0,0.035485822008922696,0.0,0.0,0.0,0.0,0.035485822008922696,0.0,,,,,,,,,1.0,1.0,,,False,0.024590226996224374,14.947063016996253,14.971653243992478,15.0,15.0,0.0,isolated,1,True,900.0,118.96319780201884,118.69252246801625,0.2706753340025898,1893744640.0,1806.015625,resource.ru_maxrss_kib_converted_to_bytes,0.0,"{""BLIS_NUM_THREADS"": ""1"", ""MKL_DYNAMIC"": ""FALSE"", ""MKL_NUM_THREADS"": ""1"", ""NUMBA_NUM_THREADS"": ""1"", ""NUMEXPR_NUM_THREADS"": ""1"", ""OMP_DYNAMIC"": ""FALSE"", ""OMP_NUM_THREADS"": ""1"", ""OPENBLAS_NUM_THREADS"": ""1"", ""PYTHONHASHSEED"": ""0"", ""VECLIB_MAXIMUM_THREADS"": ""1""}",tree_tree,2,7,0,0.49112465901998803,2998,15,16,15,28,22,medium,medium,3000,uniform,3,uniform,16,background,fast_sparse,Sparse multi-token overlap favors integerized posting joins while the dense table exceeds the configured work budget. Large preset: more instances and a larger structural workload.,27,27,848,850,127,110,,,,,,17549010.0,,,,,,,,,,,,,,,,,,15.0,True,exact_agreement,3,0.0,1.4999999999999999e-05,1.0,0.0,1.0,100.0,True,0.00041204111705414717,0.0028297478251789136,0.0008237428181973191,0.005643525895229461
large_sparse_overlap,1,fast_dense,fast_dense,True,{},overlap,10000,10000,100000000,300034,15.0,,skipped,dense_cell_limit:100000000>12000000,,,,,,,,,,,,,,,,,,,,,,,,,,,,,,,,,,,,,,,,,,,,,,,,,,,,,,,,,,,,,,,,,,,,,,,,,,,,,,,,,,isolated,1,False,900.0,,,,,,,,,tree_tree,1,8,0,0.49112465901998803,2998,15,16,15,28,22,medium,medium,3000,uniform,3,uniform,16,background,fast_sparse,Sparse multi-token overlap favors integerized posting joins while the dense table exceeds the configured work budget. Large preset: more instances and a larger structural workload.,27,27,848,850,127,110,True,,,,,,,,,,,,,,,,,,,,,,,15.0,True,exact_agreement,3,0.0,1.4999999999999999e-05,,,,,,,,,
large_sparse_overlap,2,fast_beam_partial,fast_beam,False,"{""beam_width"": 200, ""expansion_width"": 64, ""max_nodes_per_token_side"": 8, ""max_token_types_per_expansion"": 2048, ""search"": ""partial""}",overlap,10000,10000,100000000,300083,10.0,3.0,ok,,3.0,0.08642011700430885,0.08824112400179729,0.005577977019129321,0.005563926009926945,0.005618565017357469,0.00558309000916779,0.005571237008552998,0.005583744990872219,2.1170736670589346e-05,6.740010576322675e-06,5.0,"[0.005618565017357469, 0.005563926009926945, 0.005571237008552998, 0.005577977019129321, 0.005583744990872219]",0.09199809402343817,5.0,1.0,3.0,0.0,0.0,0.0,0.0,fast_beam_partial_overlap,10000.0,10000.0,0.0,0.0026738479791674763,0.002613705990370363,8.529101614840329e-05,1.4640099834650755e-06,0.005711044010240585,75.0,75.0,75.0,,75.0,75.0,75.0,64.0,4.0,1.0,1.0,3.0,3.0,,,,,,,,,,fast_beam_partial_fit,10000.0,10000.0,0.08823933199164458,0.0,0.0,0.0,0.0,0.08823933199164458,0.0,,,,,,,,,1.0,1.0,,,,0.08950552498572506,0.11818859400227666,0.20769411898800172,3.0,3.0,0.0,isolated,1,True,900.0,0.6968861699861009,0.4224103350134101,0.2744758349726908,210313216.0,200.5703125,resource.ru_maxrss_kib_converted_to_bytes,0.0,"{""BLIS_NUM_THREADS"": ""1"", ""MKL_DYNAMIC"": ""FALSE"", ""MKL_NUM_THREADS"": ""1"", ""NUMBA_NUM_THREADS"": ""1"", ""NUMEXPR_NUM_THREADS"": ""1"", ""OMP_DYNAMIC"": ""FALSE"", ""OMP_NUM_THREADS"": ""1"", ""OPENBLAS_NUM_THREADS"": ""1"", ""PYTHONHASHSEED"": ""0"", ""VECLIB_MAXIMUM_THREADS"": ""1""}",tree_tree,8,0,0,0.5019285779853817,3000,10,12,14,18,18,medium,medium,3000,uniform,3,uniform,16,background,fast_sparse,Sparse multi-token overlap favors integerized posting joins while the dense table exceeds the configured work budget. Large preset: more instances and a larger structural workload.,27,27,890,841,122,115,,200.0,,,76.0,,,,,,,descending_token_weight_first_descendants,0.0,64.0,8.0,2048.0,28.0,True,3000.0,75.0,217526.0,,,10.0,True,exact_agreement,3,0.0,1e-05,0.3,7.0,0.3,30.0,True,1.0,0.31249990926613797,0.4615384615384615,0.3061224054454708
large_sparse_overlap,2,beam_partial_score,generic,False,"{""beam_balance_penalty"": 0.0, ""beam_candidate_future_weight"": 0.0, ""beam_expansion_width"": 64, ""beam_gap_penalty"": 0.0, ""beam_lookahead"": false, ""beam_n_restarts"": 1, ""beam_priority_future_weight"": 0.0, ""beam_priority_length_weight"": 0.0, ""beam_random_fraction"": 0.0, ""beam_rarity_weight"": 0.0, ""beam_symmetric"": false, ""beam_width"": 200, ""candidate_select_mode"": ""first"", ""method"": ""beam"", ""seed"": 0}",overlap,10000,10000,100000000,300083,10.0,1.0,ok,,1.0,1.860025804489851e-06,1.042999792844057e-05,0.3032618489814922,0.28795999998692423,0.30692164102219976,0.300646893796511,0.3010704180051107,0.30402056098682806,0.007394740038834562,0.0021914309763815254,5.0,"[0.30692164102219976, 0.28795999998692423, 0.3032618489814922, 0.3010704180051107, 0.30402056098682806]",0.3032637090072967,5.0,1.0,1.0,0.0,0.0,0.0,0.0,beam_partial,10000.0,10000.0,0.0,0.30533039700821973,0.006184539903188124,7.564207771793008e-05,1.8080172594636679e-06,0.3133342660148628,330.0,64.0,64.0,,64.0,64.0,64.0,64.0,2.0,1.0,1.0,1.0,1.0,,,,,,,,,True,beam_fit,10000.0,10000.0,9.296025382354856e-06,0.0,0.0,0.0,0.0,9.296025382354856e-06,0.0,,,,,,,,,1.0,1.0,,,,2.7730129659175873e-06,0.30760492899571545,0.30760770200868137,1.0,1.0,0.0,isolated,1,True,900.0,2.678409295011079,2.4338251019944437,0.24458419301663525,208343040.0,198.69140625,resource.ru_maxrss_kib_converted_to_bytes,0.0,"{""BLIS_NUM_THREADS"": ""1"", ""MKL_DYNAMIC"": ""FALSE"", ""MKL_NUM_THREADS"": ""1"", ""NUMBA_NUM_THREADS"": ""1"", ""NUMEXPR_NUM_THREADS"": ""1"", ""OMP_DYNAMIC"": ""FALSE"", ""OMP_NUM_THREADS"": ""1"", ""OPENBLAS_NUM_THREADS"": ""1"", ""PYTHONHASHSEED"": ""0"", ""VECLIB_MAXIMUM_THREADS"": ""1""}",tree_tree,7,1,0,0.5019285779853817,3000,10,12,14,18,18,medium,medium,3000,uniform,3,uniform,16,background,fast_sparse,Sparse multi-token overlap favors integerized posting joins while the dense table exceeds the configured work budget. Large preset: more instances and a larger structural workload.,27,27,890,841,122,115,,,,,,,100000.0,0.0,[1.0],0.0,"{""beam_width"": 200, ""expansion_width"": 64, ""label_pair_preprocessing_score_evaluations"": 100000, ""lookahead_enabled"": false, ""maximum_matching_length"": 28, ""positive_label_pair_types"": 330, ""state_pool_size"": 65}",,,,,,,,,,,,,10.0,True,exact_agreement,3,0.0,1e-05,0.1,9.0,0.1,10.0,True,0.018393269835500277,0.09479998819868792,0.031071478743777456,0.09733058926266039
large_sparse_overlap,2,exact_dense,generic,True,"{""method"": ""exact""}",overlap,10000,10000,100000000,300083,10.0,,skipped,dense_cell_limit:100000000>12000000,,,,,,,,,,,,,,,,,,,,,,,,,,,,,,,,,,,,,,,,,,,,,,,,,,,,,,,,,,,,,,,,,,,,,,,,,,,,,,,,,,isolated,1,False,900.0,,,,,,,,,tree_tree,0,2,0,0.5019285779853817,3000,10,12,14,18,18,medium,medium,3000,uniform,3,uniform,16,background,fast_sparse,Sparse multi-token overlap favors integerized posting joins while the dense table exceeds the configured work budget. Large preset: more instances and a larger structural workload.,27,27,890,841,122,115,True,,,,,,,,,,,,,,,,,,,,,,,10.0,True,exact_agreement,3,0.0,1e-05,,,,,,,,,
large_sparse_overlap,2,beam_local_capped,generic,False,"{""beam_local_child_cap"": 16, ""beam_width"": 200, ""method"": ""beam_local""}",overlap,10000,10000,100000000,300083,10.0,4.0,ok,,4.0,1.3410171959549189e-06,7.601018296554685e-06,0.0287480550177861,0.02851675800047815,0.04121896598371677,0.031161962600890547,0.02857189200585708,0.028754141996614635,0.005623020540368469,0.00017616301192902029,5.0,"[0.04121896598371677, 0.028754141996614635, 0.02851675800047815, 0.02857189200585708, 0.0287480550177861]",0.028749396034982055,5.0,1.0,4.0,0.1,0.25,0.08333333333333333,0.07142857142857142,beam_local,10000.0,10000.0,0.0,0.0033337390050292015,0.023560555942822248,0.0036922140570823103,2.4250184651464224e-06,0.030847185000311583,11185.0,11185.0,29.0,,28185.0,13102.0,6274.0,200.0,37.0,1.0,1.0,4.0,4.0,,,,,,,,,True,beam_local_fit,10000.0,10000.0,6.6159991547465324e-06,0.0,0.0,0.0,0.0,6.6159991547465324e-06,0.0,,,,,,,,,1.0,1.0,,,,2.4439941626042128e-06,0.029994480981258675,0.02999692497542128,4.0,4.0,0.0,isolated,1,True,900.0,0.4914137560117524,0.24564693300635554,0.24576682300539687,208343040.0,198.69140625,resource.ru_maxrss_kib_converted_to_bytes,0.0,"{""BLIS_NUM_THREADS"": ""1"", ""MKL_DYNAMIC"": ""FALSE"", ""MKL_NUM_THREADS"": ""1"", ""NUMBA_NUM_THREADS"": ""1"", ""NUMEXPR_NUM_THREADS"": ""1"", ""OMP_DYNAMIC"": ""FALSE"", ""OMP_NUM_THREADS"": ""1"", ""OPENBLAS_NUM_THREADS"": ""1"", ""PYTHONHASHSEED"": ""0"", ""VECLIB_MAXIMUM_THREADS"": ""1""}",tree_tree,6,3,0,0.5019285779853817,3000,10,12,14,18,18,medium,medium,3000,uniform,3,uniform,16,background,fast_sparse,Sparse multi-token overlap favors integerized posting joins while the dense table exceeds the configured work budget. Large preset: more instances and a larger structural workload.,27,27,890,841,122,115,,200.0,16.0,56.0,6275.0,,,,,,,,,,,,,,,,,,,10.0,True,exact_agreement,3,0.0,1e-05,0.4,6.0,0.4,40.0,True,0.1940297183819319,1.0,0.26130641262924875,0.5714285714285715
large_sparse_overlap,2,beam_local,generic,False,"{""beam_local_child_cap"": null, ""beam_width"": 200, ""method"": ""beam_local""}",overlap,10000,10000,100000000,300083,10.0,5.0,ok,,5.0,1.7629936337471008e-06,7.431983249261975e-06,0.14623884001048282,0.13422680899384432,0.14966995600843802,0.1423942554043606,0.13442427600966766,0.14741139599937014,0.007468535703944625,0.003431115997955203,5.0,"[0.13442427600966766, 0.14741139599937014, 0.13422680899384432, 0.14623884001048282, 0.14966995600843802]",0.14624060300411656,5.0,1.0,5.0,0.1,0.2,0.08333333333333333,0.07142857142857142,beam_local,10000.0,10000.0,0.0,0.003096144995652139,0.1305564140493516,0.010970202973112464,4.251021891832352e-06,0.14512448600726202,71548.0,71548.0,194.0,,138217.0,77349.0,10563.0,200.0,57.0,1.0,1.0,5.0,5.0,,,,,,,,,True,beam_local_fit,10000.0,10000.0,6.466987542808056e-06,0.0,0.0,0.0,0.0,6.466987542808056e-06,0.0,,,,,,,,,1.0,1.0,,,,2.7189962565898895e-06,0.15238994400715455,0.15239266300341114,5.0,5.0,0.0,isolated,1,True,900.0,1.4024006779945921,1.1598316419986077,0.24256903599598445,208343040.0,198.69140625,resource.ru_maxrss_kib_converted_to_bytes,0.0,"{""BLIS_NUM_THREADS"": ""1"", ""MKL_DYNAMIC"": ""FALSE"", ""MKL_NUM_THREADS"": ""1"", ""NUMBA_NUM_THREADS"": ""1"", ""NUMEXPR_NUM_THREADS"": ""1"", ""OMP_DYNAMIC"": ""FALSE"", ""OMP_NUM_THREADS"": ""1"", ""OPENBLAS_NUM_THREADS"": ""1"", ""PYTHONHASHSEED"": ""0"", ""VECLIB_MAXIMUM_THREADS"": ""1""}",tree_tree,5,4,0,0.5019285779853817,3000,10,12,14,18,18,medium,medium,3000,uniform,3,uniform,16,background,fast_sparse,Sparse multi-token overlap favors integerized posting joins while the dense table exceeds the configured work budget. Large preset: more instances and a larger structural workload.,27,27,890,841,122,115,,200.0,,56.0,10564.0,,,,,,,,,,,,,,,,,,,10.0,True,exact_agreement,3,0.0,1e-05,0.5,5.0,0.5,50.0,True,0.038142924401817435,0.19658969837653625,0.07087879942715199,0.28221734951680433
large_sparse_overlap,2,sparse_chain,generic_sparse,True,"{""method"": ""sparse_chain""}",overlap,10000,10000,100000000,300083,10.0,10.0,ok,,10.0,0.023612064978806302,0.035382633010158315,1.103269443003228,1.097277341003064,1.1079717599786818,1.102804976393236,1.0977571119728964,1.107749226008309,0.005181521840144829,0.0047023169754538685,5.0,"[1.103269443003228, 1.1079717599786818, 1.097277341003064, 1.107749226008309, 1.0977571119728964]",1.1268815079820342,5.0,1.0,10.0,0.9,0.9,0.8333333333333334,0.7142857142857143,sparse_chain,10000.0,10000.0,0.0,0.12635843601310626,0.3343023349880241,0.6713943509967066,3.354012733325362e-06,1.1506913439952768,299876.0,299876.0,299876.0,,,,,,,1.0,1.0,10.0,10.0,299876.0,299876.0,True,209591.0,645280.0,1936.0,299876.0,575687.0,True,sparse_chain_fit,10000.0,10000.0,0.03537847098778002,0.0,0.0,0.0,0.0,0.03537847098778002,0.0,,,,,,,,,1.0,1.0,,,False,0.02377222600625828,1.1008848719939124,1.1246570980001707,10.0,10.0,0.0,isolated,1,True,900.0,9.195053938019555,8.954025722981896,0.2410282150376588,230510592.0,219.83203125,resource.ru_maxrss_kib_converted_to_bytes,0.0,"{""BLIS_NUM_THREADS"": ""1"", ""MKL_DYNAMIC"": ""FALSE"", ""MKL_NUM_THREADS"": ""1"", ""NUMBA_NUM_THREADS"": ""1"", ""NUMEXPR_NUM_THREADS"": ""1"", ""OMP_DYNAMIC"": ""FALSE"", ""OMP_NUM_THREADS"": ""1"", ""OPENBLAS_NUM_THREADS"": ""1"", ""PYTHONHASHSEED"": ""0"", ""VECLIB_MAXIMUM_THREADS"": ""1""}",tree_tree,3,5,0,0.5019285779853817,3000,10,12,14,18,18,medium,medium,3000,uniform,3,uniform,16,background,fast_sparse,Sparse multi-token overlap favors integerized posting joins while the dense table exceeds the configured work budget. Large preset: more instances and a larger structural workload.,27,27,890,841,122,115,,,,,,,,,,,,,,,,,,,,,,,,10.0,True,exact_agreement,3,0.0,1e-05,1.0,0.0,1.0,100.0,True,0.005055861063228052,0.025512350527843078,0.010060855837166224,0.049755325744661336
large_sparse_overlap,2,sparse_closure,generic_sparse,True,"{""method"": ""sparse""}",overlap,10000,10000,100000000,300083,10.0,10.0,ok,,10.0,0.022997863998170942,0.034436849993653595,15.127672350994544,14.956193660997087,15.376259893004317,15.152532440400682,14.994303303014021,15.308232993993443,0.1860779646402988,0.17147868999745697,5.0,"[15.127672350994544, 14.956193660997087, 14.994303303014021, 15.308232993993443, 15.376259893004317]",15.150670214992715,5.0,1.0,10.0,1.0,1.0,0.8333333333333334,0.7142857142857143,sparse_closure,10000.0,10000.0,0.0,0.029055741004412994,0.02505698101595044,15.443528669013176,2.1130021195858717e-05,15.897618513001362,299876.0,299876.0,299876.0,18174228.0,,,,,,1.0,1.0,10.0,10.0,,,True,,,,,,True,sparse_fit,10000.0,10000.0,0.03443362200050615,0.0,0.0,0.0,0.0,0.03443362200050615,0.0,,,,,,,,,1.0,1.0,,,False,0.02405943101621233,15.224426945991581,15.248486377007794,10.0,10.0,0.0,isolated,1,True,900.0,122.3395612250024,122.07241465800325,0.26714656699914485,1971417088.0,1880.08984375,resource.ru_maxrss_kib_converted_to_bytes,0.0,"{""BLIS_NUM_THREADS"": ""1"", ""MKL_DYNAMIC"": ""FALSE"", ""MKL_NUM_THREADS"": ""1"", ""NUMBA_NUM_THREADS"": ""1"", ""NUMEXPR_NUM_THREADS"": ""1"", ""OMP_DYNAMIC"": ""FALSE"", ""OMP_NUM_THREADS"": ""1"", ""OPENBLAS_NUM_THREADS"": ""1"", ""PYTHONHASHSEED"": ""0"", ""VECLIB_MAXIMUM_THREADS"": ""1""}",tree_tree,2,6,0,0.5019285779853817,3000,10,12,14,18,18,medium,medium,3000,uniform,3,uniform,16,background,fast_sparse,Sparse multi-token overlap favors integerized posting joins while the dense table exceeds the configured work budget. Large preset: more instances and a larger structural workload.,27,27,890,841,122,115,,,,,,18194229.0,,,,,,,,,,,,,,,,,,10.0,True,exact_agreement,3,0.0,1e-05,1.0,0.0,1.0,100.0,True,0.00036872672078745847,0.0018975659576123828,0.0007371816230124388,0.0037879440415621566
large_sparse_overlap,2,fast_dense,fast_dense,True,{},overlap,10000,10000,100000000,300083,10.0,,skipped,dense_cell_limit:100000000>12000000,,,,,,,,,,,,,,,,,,,,,,,,,,,,,,,,,,,,,,,,,,,,,,,,,,,,,,,,,,,,,,,,,,,,,,,,,,,,,,,,,,isolated,1,False,900.0,,,,,,,,,tree_tree,1,7,0,0.5019285779853817,3000,10,12,14,18,18,medium,medium,3000,uniform,3,uniform,16,background,fast_sparse,Sparse multi-token overlap favors integerized posting joins while the dense table exceeds the configured work budget. Large preset: more instances and a larger structural workload.,27,27,890,841,122,115,True,,,,,,,,,,,,,,,,,,,,,,,10.0,True,exact_agreement,3,0.0,1e-05,,,,,,,,,
large_sparse_overlap,2,fast_sparse,fast_sparse,True,{},overlap,10000,10000,100000000,300083,10.0,10.0,ok,,10.0,0.08130791000439785,0.070206191012403,0.8387227699859068,0.8351948939962313,0.871570524002891,0.8444870645995252,0.8368745920015499,0.840072543011047,0.015252237869220545,0.0018481779843568802,5.0,"[0.8387227699859068, 0.840072543011047, 0.871570524002891, 0.8368745920015499, 0.8351948939962313]",0.9200306799903046,5.0,1.0,10.0,0.9,0.9,0.8333333333333334,0.7142857142857143,fast_sparse_overlap,10000.0,10000.0,0.0,0.10858960999757983,0.056769251998048276,0.6953171670029406,4.408007953315973e-06,0.8794973500189371,299876.0,299876.0,299876.0,,,,,,,1.0,1.0,10.0,10.0,299876.0,299876.0,,209591.0,645280.0,1936.0,299876.0,575687.0,,fast_sparse_fit,10000.0,10000.0,0.07020422900677659,0.0,0.0,0.0,0.0,0.07020422900677659,0.0,,,,,,,,,1.0,1.0,,,,0.07192824402591214,0.8335996849928051,0.9055279290187173,10.0,10.0,0.0,isolated,1,True,900.0,7.2504168809973635,7.004646165994927,0.2457707150024362,226930688.0,216.41796875,resource.ru_maxrss_kib_converted_to_bytes,0.0,"{""BLIS_NUM_THREADS"": ""1"", ""MKL_DYNAMIC"": ""FALSE"", ""MKL_NUM_THREADS"": ""1"", ""NUMBA_NUM_THREADS"": ""1"", ""NUMEXPR_NUM_THREADS"": ""1"", ""OMP_DYNAMIC"": ""FALSE"", ""OMP_NUM_THREADS"": ""1"", ""OPENBLAS_NUM_THREADS"": ""1"", ""PYTHONHASHSEED"": ""0"", ""VECLIB_MAXIMUM_THREADS"": ""1""}",tree_tree,4,8,0,0.5019285779853817,3000,10,12,14,18,18,medium,medium,3000,uniform,3,uniform,16,background,fast_sparse,Sparse multi-token overlap favors integerized posting joins while the dense table exceeds the configured work budget. Large preset: more instances and a larger structural workload.,27,27,890,841,122,115,,,,,,,,,,,,,,,,,,,,,,299876.0,300083.0,10.0,True,exact_agreement,3,0.0,1e-05,1.0,0.0,1.0,100.0,True,0.0066505610897186545,0.03124830145369176,0.013213246675230168,0.0606028662731232
large_sparse_overlap,3,beam_partial_score,generic,False,"{""beam_balance_penalty"": 0.0, ""beam_candidate_future_weight"": 0.0, ""beam_expansion_width"": 64, ""beam_gap_penalty"": 0.0, ""beam_lookahead"": false, ""beam_n_restarts"": 1, ""beam_priority_future_weight"": 0.0, ""beam_priority_length_weight"": 0.0, ""beam_random_fraction"": 0.0, ""beam_rarity_weight"": 0.0, ""beam_symmetric"": false, ""beam_width"": 200, ""candidate_select_mode"": ""first"", ""method"": ""beam"", ""seed"": 0}",overlap,10000,10000,100000000,300624,12.0,1.0,ok,,1.0,1.966021955013275e-06,9.3039998319e-06,0.299195293977391,0.28594475900172256,0.3042377139790915,0.29754728719126433,0.2988393580017146,0.29951931099640206,0.006849356214761239,0.00035593597567640245,5.0,"[0.3042377139790915, 0.28594475900172256, 0.29951931099640206, 0.299195293977391, 0.2988393580017146]",0.299197259999346,5.0,1.0,1.0,0.0,0.0,0.0,0.0,beam_partial,10000.0,10000.0,0.0,0.3050014309992548,0.00562914993497543,7.475106394849718e-05,1.6929989214986563e-06,0.3124238529999275,300.0,64.0,64.0,,64.0,64.0,64.0,64.0,2.0,1.0,1.0,1.0,1.0,,,,,,,,,True,beam_fit,10000.0,10000.0,8.138013072311878e-06,0.0,0.0,0.0,0.0,8.138013072311878e-06,0.0,,,,,,,,,1.0,1.0,,,,2.8920185286551714e-06,0.30212647398002446,0.3021293659985531,1.0,1.0,0.0,isolated,1,True,900.0,2.6468357729900163,2.40695064101601,0.23988513197400607,208343040.0,198.69140625,resource.ru_maxrss_kib_converted_to_bytes,0.0,"{""BLIS_NUM_THREADS"": ""1"", ""MKL_DYNAMIC"": ""FALSE"", ""MKL_NUM_THREADS"": ""1"", ""NUMBA_NUM_THREADS"": ""1"", ""NUMEXPR_NUM_THREADS"": ""1"", ""OMP_DYNAMIC"": ""FALSE"", ""OMP_NUM_THREADS"": ""1"", ""OPENBLAS_NUM_THREADS"": ""1"", ""PYTHONHASHSEED"": ""0"", ""VECLIB_MAXIMUM_THREADS"": ""1""}",tree_tree,7,0,0,0.4919126530003268,3000,12,13,15,28,20,medium,medium,3000,uniform,3,uniform,16,background,fast_sparse,Sparse multi-token overlap favors integerized posting joins while the dense table exceeds the configured work budget. Large preset: more instances and a larger structural workload.,27,27,865,840,109,103,,,,,,,100000.0,0.0,[1.0],0.0,"{""beam_width"": 200, ""expansion_width"": 64, ""label_pair_preprocessing_score_evaluations"": 100000, ""lookahead_enabled"": false, ""maximum_matching_length"": 28, ""positive_label_pair_types"": 300, ""state_pool_size"": 65}",,,,,,,,,,,,,12.0,True,exact_agreement,3,0.0,1.2e-05,0.08333333333333333,11.0,0.08333333333333333,8.333333333333332,True,0.021397184775778493,0.14444073450214223,0.03405117750791954,0.10569006375100451
large_sparse_overlap,3,exact_dense,generic,True,"{""method"": ""exact""}",overlap,10000,10000,100000000,300624,12.0,,skipped,dense_cell_limit:100000000>12000000,,,,,,,,,,,,,,,,,,,,,,,,,,,,,,,,,,,,,,,,,,,,,,,,,,,,,,,,,,,,,,,,,,,,,,,,,,,,,,,,,,isolated,1,False,900.0,,,,,,,,,tree_tree,0,1,0,0.4919126530003268,3000,12,13,15,28,20,medium,medium,3000,uniform,3,uniform,16,background,fast_sparse,Sparse multi-token overlap favors integerized posting joins while the dense table exceeds the configured work budget. Large preset: more instances and a larger structural workload.,27,27,865,840,109,103,True,,,,,,,,,,,,,,,,,,,,,,,12.0,True,exact_agreement,3,0.0,1.2e-05,,,,,,,,,
large_sparse_overlap,3,beam_local_capped,generic,False,"{""beam_local_child_cap"": 16, ""beam_width"": 200, ""method"": ""beam_local""}",overlap,10000,10000,100000000,300624,12.0,4.0,ok,,4.0,1.4039978850632906e-06,8.103001164272428e-06,0.04321486799744889,0.04296162101672962,0.055156040005385876,0.045620330807287245,0.043158370011951774,0.043610755004920065,0.005335831351669901,0.0002532469807192683,5.0,"[0.055156040005385876, 0.04296162101672962, 0.043610755004920065, 0.043158370011951774, 0.04321486799744889]",0.043216271995333955,5.0,1.0,4.0,0.08333333333333333,0.25,0.07692307692307693,0.06666666666666667,beam_local,10000.0,10000.0,0.0,0.0033020520058926195,0.03689797094557434,0.005816513061290607,4.050991265103221e-06,0.046330451004905626,17616.0,17616.0,64.0,,43917.0,22686.0,9225.0,200.0,55.0,1.0,1.0,4.0,4.0,,,,,,,,,True,beam_local_fit,10000.0,10000.0,6.937974831089377e-06,0.0,0.0,0.0,0.0,6.937974831089377e-06,0.0,,,,,,,,,1.0,1.0,,,,2.5919871404767036e-06,0.04432944199652411,0.04433203398366459,4.0,4.0,0.0,isolated,1,True,900.0,0.60508532600943,0.36248024299857207,0.24260508301085792,208343040.0,198.69140625,resource.ru_maxrss_kib_converted_to_bytes,0.0,"{""BLIS_NUM_THREADS"": ""1"", ""MKL_DYNAMIC"": ""FALSE"", ""MKL_NUM_THREADS"": ""1"", ""NUMBA_NUM_THREADS"": ""1"", ""NUMEXPR_NUM_THREADS"": ""1"", ""OMP_DYNAMIC"": ""FALSE"", ""OMP_NUM_THREADS"": ""1"", ""OPENBLAS_NUM_THREADS"": ""1"", ""PYTHONHASHSEED"": ""0"", ""VECLIB_MAXIMUM_THREADS"": ""1""}",tree_tree,6,2,0,0.4919126530003268,3000,12,13,15,28,20,medium,medium,3000,uniform,3,uniform,16,background,fast_sparse,Sparse multi-token overlap favors integerized posting joins while the dense table exceeds the configured work budget. Large preset: more instances and a larger structural workload.,27,27,865,840,109,103,,200.0,16.0,56.0,9226.0,,,,,,,,,,,,,,,,,,,12.0,True,exact_agreement,3,0.0,1.2e-05,0.3333333333333333,8.0,0.3333333333333333,33.33333333333333,True,0.1481420003332077,1.0,0.20512231188123892,0.5
large_sparse_overlap,3,beam_local,generic,False,"{""beam_local_child_cap"": null, ""beam_width"": 200, ""method"": ""beam_local""}",overlap,10000,10000,100000000,300624,12.0,6.0,ok,,6.0,2.134009264409542e-06,7.839000318199396e-06,0.12110752501757815,0.12028542297775857,0.1362753419962246,0.12682102759717964,0.12055213199346326,0.1358847160008736,0.008458602127332425,0.0008221020398195833,5.0,"[0.12110752501757815, 0.1358847160008736, 0.12055213199346326, 0.1362753419962246, 0.12028542297775857]",0.12110965902684256,5.0,1.0,6.0,0.08333333333333333,0.16666666666666666,0.07692307692307693,0.06666666666666667,beam_local,10000.0,10000.0,0.0,0.0032895990007091314,0.11473074584500864,0.010431319155031815,3.7879799492657185e-06,0.12896932402509265,63398.0,63398.0,190.0,,121349.0,69319.0,10865.0,200.0,57.0,1.0,1.0,6.0,6.0,,,,,,,,,True,beam_local_fit,10000.0,10000.0,6.759975804015994e-06,0.0,0.0,0.0,0.0,6.759975804015994e-06,0.0,,,,,,,,,1.0,1.0,,,,2.910004695877433e-06,0.13913141400553286,0.13913432401022874,6.0,6.0,0.0,isolated,1,True,900.0,1.2791911759995855,1.0395929020014592,0.2395982739981264,208343040.0,198.69140625,resource.ru_maxrss_kib_converted_to_bytes,0.0,"{""BLIS_NUM_THREADS"": ""1"", ""MKL_DYNAMIC"": ""FALSE"", ""MKL_NUM_THREADS"": ""1"", ""NUMBA_NUM_THREADS"": ""1"", ""NUMEXPR_NUM_THREADS"": ""1"", ""OMP_DYNAMIC"": ""FALSE"", ""OMP_NUM_THREADS"": ""1"", ""OPENBLAS_NUM_THREADS"": ""1"", ""PYTHONHASHSEED"": ""0"", ""VECLIB_MAXIMUM_THREADS"": ""1""}",tree_tree,5,3,0,0.4919126530003268,3000,12,13,15,28,20,medium,medium,3000,uniform,3,uniform,16,background,fast_sparse,Sparse multi-token overlap favors integerized posting joins while the dense table exceeds the configured work budget. Large preset: more instances and a larger structural workload.,27,27,865,840,109,103,,200.0,,56.0,10866.0,,,,,,,,,,,,,,,,,,,12.0,True,exact_agreement,3,0.0,1.2e-05,0.5,6.0,0.5,50.0,True,0.052861595415713364,0.3568358819815979,0.09561451881273311,0.4164576781685966
large_sparse_overlap,3,sparse_chain,generic_sparse,True,"{""method"": ""sparse_chain""}",overlap,10000,10000,100000000,300624,12.0,12.0,ok,,12.0,0.023585314018419012,0.03592515698983334,1.1360631760035176,1.132873914000811,1.138786364987027,1.135501876397757,1.1333194200124126,1.1364665069850162,0.002434272835162463,0.002723188983509317,5.0,"[1.1360631760035176, 1.1364665069850162, 1.132873914000811, 1.138786364987027, 1.1333194200124126]",1.1596484900219366,5.0,1.0,12.0,0.9166666666666666,0.9166666666666666,0.9230769230769231,0.8,sparse_chain,10000.0,10000.0,0.0,0.13151918500079773,0.3455514060042333,0.6904743409832008,5.302979843690991e-06,1.1869315159856342,300433.0,300433.0,300433.0,,,,,,,1.0,1.0,12.0,12.0,300433.0,300433.0,True,210749.0,643417.0,1943.0,300433.0,574721.0,True,sparse_chain_fit,10000.0,10000.0,0.03592166199814528,0.0,0.0,0.0,0.0,0.03592166199814528,0.0,,,,,,,,,1.0,1.0,,,False,0.02459861701936461,1.1355673289799597,1.1601659459993243,12.0,12.0,0.0,isolated,1,True,900.0,9.473764433991164,9.2291472920042,0.24461714198696427,232833024.0,222.046875,resource.ru_maxrss_kib_converted_to_bytes,0.0,"{""BLIS_NUM_THREADS"": ""1"", ""MKL_DYNAMIC"": ""FALSE"", ""MKL_NUM_THREADS"": ""1"", ""NUMBA_NUM_THREADS"": ""1"", ""NUMEXPR_NUM_THREADS"": ""1"", ""OMP_DYNAMIC"": ""FALSE"", ""OMP_NUM_THREADS"": ""1"", ""OPENBLAS_NUM_THREADS"": ""1"", ""PYTHONHASHSEED"": ""0"", ""VECLIB_MAXIMUM_THREADS"": ""1""}",tree_tree,3,4,0,0.4919126530003268,3000,12,13,15,28,20,medium,medium,3000,uniform,3,uniform,16,background,fast_sparse,Sparse multi-token overlap favors integerized posting joins while the dense table exceeds the configured work budget. Large preset: more instances and a larger structural workload.,27,27,865,840,109,103,,,,,,,,,,,,,,,,,,,,,,,,12.0,True,exact_agreement,3,0.0,1.2e-05,1.0,0.0,1.0,100.0,True,0.005635194524831407,0.037266699665617166,0.011207234105393597,0.07185557904756953
large_sparse_overlap,3,sparse_closure,generic_sparse,True,"{""method"": ""sparse""}",overlap,10000,10000,100000000,300624,12.0,12.0,ok,,12.0,0.02375256401137449,0.03605873600463383,15.414773087977665,15.364485931000672,15.467310787993483,15.422156911186175,15.413226835982641,15.450987912976416,0.03978161729627892,0.03621482499875128,5.0,"[15.467310787993483, 15.413226835982641, 15.450987912976416, 15.364485931000672, 15.414773087977665]",15.438525651989039,5.0,1.0,12.0,0.9166666666666666,0.9166666666666666,0.9230769230769231,0.8,sparse_closure,10000.0,10000.0,0.0,0.029643051995662972,0.02581957000074908,15.912863139994442,2.22550006583333e-05,16.384851473994786,300433.0,300433.0,300433.0,18051176.0,,,,,,1.0,1.0,12.0,12.0,,,True,,,,,,True,sparse_fit,10000.0,10000.0,0.03605439199600369,0.0,0.0,0.0,0.0,0.03605439199600369,0.0,,,,,,,,,1.0,1.0,,,False,0.024509360984666273,15.62650468701031,15.651014047994977,12.0,12.0,0.0,isolated,1,True,900.0,125.028608927998,124.76507137701265,0.2635375509853475,1961746432.0,1870.8671875,resource.ru_maxrss_kib_converted_to_bytes,0.0,"{""BLIS_NUM_THREADS"": ""1"", ""MKL_DYNAMIC"": ""FALSE"", ""MKL_NUM_THREADS"": ""1"", ""NUMBA_NUM_THREADS"": ""1"", ""NUMEXPR_NUM_THREADS"": ""1"", ""OMP_DYNAMIC"": ""FALSE"", ""OMP_NUM_THREADS"": ""1"", ""OPENBLAS_NUM_THREADS"": ""1"", ""PYTHONHASHSEED"": ""0"", ""VECLIB_MAXIMUM_THREADS"": ""1""}",tree_tree,2,5,0,0.4919126530003268,3000,12,13,15,28,20,medium,medium,3000,uniform,3,uniform,16,background,fast_sparse,Sparse multi-token overlap favors integerized posting joins while the dense table exceeds the configured work budget. Large preset: more instances and a larger structural workload.,27,27,865,840,109,103,,,,,,18071177.0,,,,,,,,,,,,,,,,,,12.0,True,exact_agreement,3,0.0,1.2e-05,1.0,0.0,1.0,100.0,True,0.00041531178907009786,0.002799248643912195,0.0008302787535856171,0.005582869448092678
large_sparse_overlap,3,fast_dense,fast_dense,True,{},overlap,10000,10000,100000000,300624,12.0,,skipped,dense_cell_limit:100000000>12000000,,,,,,,,,,,,,,,,,,,,,,,,,,,,,,,,,,,,,,,,,,,,,,,,,,,,,,,,,,,,,,,,,,,,,,,,,,,,,,,,,,isolated,1,False,900.0,,,,,,,,,tree_tree,1,6,0,0.4919126530003268,3000,12,13,15,28,20,medium,medium,3000,uniform,3,uniform,16,background,fast_sparse,Sparse multi-token overlap favors integerized posting joins while the dense table exceeds the configured work budget. Large preset: more instances and a larger structural workload.,27,27,865,840,109,103,True,,,,,,,,,,,,,,,,,,,,,,,12.0,True,exact_agreement,3,0.0,1.2e-05,,,,,,,,,
large_sparse_overlap,3,fast_sparse,fast_sparse,True,{},overlap,10000,10000,100000000,300624,12.0,12.0,ok,,12.0,0.08210753800813109,0.06977138499496505,0.8310904800018761,0.828961649996927,0.8335732409905177,0.8311657261976506,0.8307951930037234,0.8314080669952091,0.0016474044188064126,0.00031758699333295226,5.0,"[0.8310904800018761, 0.8307951930037234, 0.8335732409905177, 0.8314080669952091, 0.828961649996927]",0.9131980180100072,5.0,1.0,12.0,0.9166666666666666,0.9166666666666666,0.9230769230769231,0.8,fast_sparse_overlap,10000.0,10000.0,0.0,0.10653038701275364,0.055958484997972846,0.6867735630075913,3.930996172130108e-06,0.86755647501559,300433.0,300433.0,300433.0,,,,,,,1.0,1.0,12.0,12.0,300433.0,300433.0,,210749.0,643417.0,1943.0,300433.0,574721.0,,fast_sparse_fit,10000.0,10000.0,0.06976939900778234,0.0,0.0,0.0,0.0,0.06976939900778234,0.0,,,,,,,,,1.0,1.0,,,,0.07215159400948323,0.8268274030124303,0.8989789970219135,12.0,12.0,0.0,isolated,1,True,900.0,7.150675748998765,6.910414548998233,0.24026120000053197,227905536.0,217.34765625,resource.ru_maxrss_kib_converted_to_bytes,0.0,"{""BLIS_NUM_THREADS"": ""1"", ""MKL_DYNAMIC"": ""FALSE"", ""MKL_NUM_THREADS"": ""1"", ""NUMBA_NUM_THREADS"": ""1"", ""NUMEXPR_NUM_THREADS"": ""1"", ""OMP_DYNAMIC"": ""FALSE"", ""OMP_NUM_THREADS"": ""1"", ""OPENBLAS_NUM_THREADS"": ""1"", ""PYTHONHASHSEED"": ""0"", ""VECLIB_MAXIMUM_THREADS"": ""1""}",tree_tree,4,7,0,0.4919126530003268,3000,12,13,15,28,20,medium,medium,3000,uniform,3,uniform,16,background,fast_sparse,Sparse multi-token overlap favors integerized posting joins while the dense table exceeds the configured work budget. Large preset: more instances and a larger structural workload.,27,27,865,840,109,103,,,,,,,,,,,,,,,,,,,,,,300433.0,300624.0,12.0,True,exact_agreement,3,0.0,1.2e-05,1.0,0.0,1.0,100.0,True,0.007703056578464416,0.047324097449870255,0.015288346161455987,0.09037144770200496
large_sparse_overlap,3,fast_beam_partial,fast_beam,False,"{""beam_width"": 200, ""expansion_width"": 64, ""max_nodes_per_token_side"": 8, ""max_token_types_per_expansion"": 2048, ""search"": ""partial""}",overlap,10000,10000,100000000,300624,12.0,3.0,ok,,3.0,0.08818019099999219,0.09161824299371801,0.006401936989277601,0.006343032990116626,0.006451786000980064,0.0063940787978935985,0.006368916016072035,0.006404721993021667,4.106090032813333e-05,3.3020973205566406e-05,5.0,"[0.006404721993021667, 0.006368916016072035, 0.006451786000980064, 0.006343032990116626, 0.006401936989277601]",0.09458212798926979,5.0,1.0,3.0,0.0,0.0,0.0,0.0,fast_beam_partial_overlap,10000.0,10000.0,0.0,0.0027691249852068722,0.0033912370272446424,9.603198850527406e-05,1.5400000847876072e-06,0.006604232999961823,91.0,91.0,91.0,,91.0,91.0,91.0,64.0,4.0,1.0,1.0,3.0,3.0,,,,,,,,,,fast_beam_partial_fit,10000.0,10000.0,0.09161533700535074,0.0,0.0,0.0,0.0,0.09161533700535074,0.0,,,,,,,,,1.0,1.0,,,,0.08951555099338293,0.12936880401684903,0.21888435501023196,3.0,3.0,0.0,isolated,1,True,900.0,0.7241125339933205,0.44449528798577376,0.2796172460075468,210128896.0,200.39453125,resource.ru_maxrss_kib_converted_to_bytes,0.0,"{""BLIS_NUM_THREADS"": ""1"", ""MKL_DYNAMIC"": ""FALSE"", ""MKL_NUM_THREADS"": ""1"", ""NUMBA_NUM_THREADS"": ""1"", ""NUMEXPR_NUM_THREADS"": ""1"", ""OMP_DYNAMIC"": ""FALSE"", ""OMP_NUM_THREADS"": ""1"", ""OPENBLAS_NUM_THREADS"": ""1"", ""PYTHONHASHSEED"": ""0"", ""VECLIB_MAXIMUM_THREADS"": ""1""}",tree_tree,8,8,0,0.4919126530003268,3000,12,13,15,28,20,medium,medium,3000,uniform,3,uniform,16,background,fast_sparse,Sparse multi-token overlap favors integerized posting joins while the dense table exceeds the configured work budget. Large preset: more instances and a larger structural workload.,27,27,865,840,109,103,,200.0,,,92.0,,,,,,,descending_token_weight_first_descendants,0.0,64.0,8.0,2048.0,28.0,True,3000.0,91.0,262400.0,,,12.0,True,exact_agreement,3,0.0,1.2e-05,0.25,9.0,0.25,25.0,True,1.0,0.45691794965996935,0.4,0.3231760842115757
narrow_tree_to_path,0,beam_local_capped,generic,False,"{""beam_local_child_cap"": 16, ""beam_width"": 200, ""method"": ""beam_local""}",jaccard,10000,180,1800000,158751,6.45,66.83333333333333,ok,,66.83333333333333,1.6390113160014153e-06,1.0555988410487771e-05,0.1974430030095391,0.19636703599826433,0.20855024200864136,0.19961949880234897,0.19715280798845924,0.19858440500684083,0.005055437794633575,0.00107596701127477,5.0,"[0.19636703599826433, 0.19715280798845924, 0.1974430030095391, 0.20855024200864136, 0.19858440500684083]",0.1974446420208551,5.0,1.0,87.0,0.047619047619047616,0.011494252873563218,0.041666666666666664,0.2857142857142857,beam_local,10000.0,180.0,0.0,0.0014927859883755445,0.1805643467232585,0.030198011256288737,3.8709986256435513e-05,0.21379231300670654,77608.0,77608.0,6888.0,,233456.0,82023.0,78243.0,200.0,432.0,1.0,1.0,66.83333333333333,87.0,,,,,,,,,True,beam_local_fit,10000.0,180.0,9.6180010586977e-06,0.0,0.0,0.0,0.0,9.6180010586977e-06,0.0,,,,,,,,,1.0,1.0,,,,2.4560140445828438e-06,0.19968532500206493,0.1996877810161095,66.83333333333333,66.83333333333333,0.0,isolated,1,True,900.0,1.8455474209913518,1.6101177519885823,0.23542966900276951,208343040.0,198.69140625,resource.ru_maxrss_kib_converted_to_bytes,0.0,"{""BLIS_NUM_THREADS"": ""1"", ""MKL_DYNAMIC"": ""FALSE"", ""MKL_NUM_THREADS"": ""1"", ""NUMBA_NUM_THREADS"": ""1"", ""NUMEXPR_NUM_THREADS"": ""1"", ""OMP_DYNAMIC"": ""FALSE"", ""OMP_NUM_THREADS"": ""1"", ""OPENBLAS_NUM_THREADS"": ""1"", ""PYTHONHASHSEED"": ""0"", ""VECLIB_MAXIMUM_THREADS"": ""1""}",tree_path,6,0,0,0.13280756800668314,20,21,24,21,108,180,narrow,path,20,uniform,"{""kind"": ""categorical"", ""probs"": [0.75, 0.25], ""values"": [1, 2]}",uniform,24,background,beam_local_capped,A narrow observed tree and short template path favor local transitions; the cap is expected to remove occasional high-degree bursts. Large preset: more instances and a larger structural workload.,250,179,54,1,43,1,,200.0,16.0,431.0,78244.0,,,,,,,,,,,,,,,,,,,66.83333587646484,True,exact_agreement,3,2.5431315151536182e-06,6.683333587646484e-05,1.0,2.5431315151536182e-06,1.0,100.0,True,1.0,1.0,1.0,1.0
narrow_tree_to_path,0,beam_partial_score,generic,False,"{""beam_balance_penalty"": 0.0, ""beam_candidate_future_weight"": 0.0, ""beam_expansion_width"": 64, ""beam_gap_penalty"": 0.0, ""beam_lookahead"": false, ""beam_n_restarts"": 1, ""beam_priority_future_weight"": 0.0, ""beam_priority_length_weight"": 0.0, ""beam_random_fraction"": 0.0, ""beam_rarity_weight"": 0.0, ""beam_symmetric"": false, ""beam_width"": 200, ""candidate_select_mode"": ""first"", ""method"": ""beam"", ""seed"": 0}",jaccard,10000,180,1800000,158751,6.45,25.0,ok,,25.0,1.7319980543106794e-06,1.0110990842804313e-05,3.9623970790125895,3.9587310639908537,3.9810250110167544,3.9687733447994105,3.9622724669752643,3.979441103001591,0.010579106435185818,0.0036660150217358023,5.0,"[3.9810250110167544, 3.9622724669752643, 3.9587310639908537, 3.979441103001591, 3.9623970790125895]",3.962398811010644,5.0,1.0,27.0,0.0,0.0,0.0,0.0,beam_partial,10000.0,180.0,0.0,0.027320248016621917,3.946470655151643,0.04116709783556871,1.5435012755915523e-05,4.018064825999318,651603.0,130508.0,130508.0,,130508.0,10412.0,4018.0,200.0,29.0,1.0,1.0,25.0,27.0,,,,,,,,,True,beam_fit,10000.0,180.0,9.009003406390548e-06,0.0,0.0,0.0,0.0,9.009003406390548e-06,0.0,,,,,,,,,1.0,1.0,,,,2.6930065359920263e-06,3.961465517000761,3.961468210007297,25.0,25.0,0.0,isolated,1,True,900.0,32.028583406005055,31.790920430998085,0.23766297500696965,208343040.0,198.69140625,resource.ru_maxrss_kib_converted_to_bytes,0.0,"{""BLIS_NUM_THREADS"": ""1"", ""MKL_DYNAMIC"": ""FALSE"", ""MKL_NUM_THREADS"": ""1"", ""NUMBA_NUM_THREADS"": ""1"", ""NUMEXPR_NUM_THREADS"": ""1"", ""OMP_DYNAMIC"": ""FALSE"", ""OMP_NUM_THREADS"": ""1"", ""OPENBLAS_NUM_THREADS"": ""1"", ""PYTHONHASHSEED"": ""0"", ""VECLIB_MAXIMUM_THREADS"": ""1""}",tree_path,7,1,0,0.13280756800668314,20,21,24,21,108,180,narrow,path,20,uniform,"{""kind"": ""categorical"", ""probs"": [0.75, 0.25], ""values"": [1, 2]}",uniform,24,background,beam_local_capped,A narrow observed tree and short template path favor local transitions; the cap is expected to remove occasional high-degree bursts. Large preset: more instances and a larger structural workload.,250,179,54,1,43,1,,,,,,,17280.0,0.0,[25.0],0.0,"{""beam_width"": 200, ""expansion_width"": 64, ""label_pair_preprocessing_score_evaluations"": 17280, ""lookahead_enabled"": false, ""maximum_matching_length"": 180, ""positive_label_pair_types"": 3033, ""state_pool_size"": 130509}",,,,,,,,,,,,,66.83333587646484,True,exact_agreement,3,2.5431315151536182e-06,6.683333587646484e-05,0.37406482367138094,41.833335876464844,0.37406482367138094,37.406482367138096,True,0.04982918144557611,0.04982957330599823,0.08794341861940638,0.08794402891493308
narrow_tree_to_path,0,fast_dense,fast_dense,True,{},jaccard,10000,180,1800000,158751,6.45,,skipped,incompatible_score_mode:jaccard,,,,,,,,,,,,,,,,,,,,,,,,,,,,,,,,,,,,,,,,,,,,,,,,,,,,,,,,,,,,,,,,,,,,,,,,,,,,,,,,,,isolated,1,False,900.0,,,,,,,,,tree_path,1,2,0,0.13280756800668314,20,21,24,21,108,180,narrow,path,20,uniform,"{""kind"": ""categorical"", ""probs"": [0.75, 0.25], ""values"": [1, 2]}",uniform,24,background,beam_local_capped,A narrow observed tree and short template path favor local transitions; the cap is expected to remove occasional high-degree bursts. Large preset: more instances and a larger structural workload.,250,179,54,1,43,1,True,,,,,,,,,,,,,,,,,,,,,,,66.83333587646484,True,exact_agreement,3,2.5431315151536182e-06,6.683333587646484e-05,,,,,,,,,
narrow_tree_to_path,0,sparse_chain,generic_sparse,True,"{""method"": ""sparse_chain""}",jaccard,10000,180,1800000,158751,6.45,66.83333333333333,ok,,66.83333333333333,0.009195007005473599,0.020971973979612812,0.5752889400173444,0.5745537600014359,0.5789717540028505,0.5761819200066384,0.5745980399951804,0.5774971060163807,0.001966588551347186,0.0007351800159085542,5.0,"[0.5745537600014359, 0.5752889400173444, 0.5789717540028505, 0.5774971060163807, 0.5745980399951804]",0.584483947022818,5.0,1.0,87.0,0.047619047619047616,0.011494252873563218,0.041666666666666664,0.2857142857142857,sparse_chain,10000.0,180.0,0.0,0.0689353060151916,0.19714557100087404,0.3332736869924702,1.947098644450307e-05,0.6108867069997359,157668.0,157668.0,157668.0,,,,,,,1.0,1.0,66.83333333333333,87.0,157668.0,157668.0,True,156443.0,904948.0,5694.0,157668.0,210557.0,True,sparse_chain_fit,10000.0,180.0,0.020968964003259316,0.0,0.0,0.0,0.0,0.020968964003259316,0.0,,,,,,,,,1.0,1.0,,,False,0.00991601898567751,0.5793855969968718,0.5893016159825493,66.83333333333333,66.83333333333333,0.0,isolated,1,True,900.0,4.937684609001735,4.692823495017365,0.2448611139843706,208343040.0,198.69140625,resource.ru_maxrss_kib_converted_to_bytes,0.0,"{""BLIS_NUM_THREADS"": ""1"", ""MKL_DYNAMIC"": ""FALSE"", ""MKL_NUM_THREADS"": ""1"", ""NUMBA_NUM_THREADS"": ""1"", ""NUMEXPR_NUM_THREADS"": ""1"", ""OMP_DYNAMIC"": ""FALSE"", ""OMP_NUM_THREADS"": ""1"", ""OPENBLAS_NUM_THREADS"": ""1"", ""PYTHONHASHSEED"": ""0"", ""VECLIB_MAXIMUM_THREADS"": ""1""}",tree_path,3,3,0,0.13280756800668314,20,21,24,21,108,180,narrow,path,20,uniform,"{""kind"": ""categorical"", ""probs"": [0.75, 0.25], ""values"": [1, 2]}",uniform,24,background,beam_local_capped,A narrow observed tree and short template path favor local transitions; the cap is expected to remove occasional high-degree bursts. Large preset: more instances and a larger structural workload.,250,179,54,1,43,1,,,,,,,,,,,,,,,,,,,,,,,,66.83333587646484,True,exact_agreement,3,2.5431315151536182e-06,6.683333587646484e-05,1.0,2.5431315151536182e-06,1.0,100.0,True,0.34320667281311956,0.33781020509900667,0.5110258603679076,0.50501962656804
narrow_tree_to_path,0,exact_dense,generic,True,"{""method"": ""exact""}",jaccard,10000,180,1800000,158751,6.45,66.83333587646484,ok,,66.83333333333333,2.1769956219941378e-06,1.0485993698239326e-05,1.4039411210105754,1.3946809570188634,1.4110529419849627,1.4026404824049679,1.3981561470136512,1.4053712449967861,0.006391038835239807,0.005784973996924236,5.0,"[1.4110529419849627, 1.4039411210105754, 1.3981561470136512, 1.4053712449967861, 1.3946809570188634]",1.4039432980061974,5.0,1.0,87.0,0.047619047619047616,0.011494252873563218,0.041666666666666664,0.23809523809523808,exact_dense,10000.0,180.0,0.0,0.00010544300312176347,0.0,1.4207185780105647,0.0017866230045910925,1.4228445980115794,1800000.0,,157668.0,1800000.0,,,,,,1.0,1.0,66.83333587646484,87.0,,,,,,,,,True,exact_fit,10000.0,180.0,9.380019037052989e-06,0.0,0.0,0.0,0.0,9.380019037052989e-06,0.0,,,,,,,,,1.0,1.0,,,,2.5379995349794626e-06,1.4031130969815422,1.4031156349810772,66.83333587646484,66.83333333333333,0.0,isolated,1,True,900.0,11.479763520997949,11.238789711002028,0.24097380999592133,208343040.0,198.69140625,resource.ru_maxrss_kib_converted_to_bytes,0.0,"{""BLIS_NUM_THREADS"": ""1"", ""MKL_DYNAMIC"": ""FALSE"", ""MKL_NUM_THREADS"": ""1"", ""NUMBA_NUM_THREADS"": ""1"", ""NUMEXPR_NUM_THREADS"": ""1"", ""OMP_DYNAMIC"": ""FALSE"", ""OMP_NUM_THREADS"": ""1"", ""OPENBLAS_NUM_THREADS"": ""1"", ""PYTHONHASHSEED"": ""0"", ""VECLIB_MAXIMUM_THREADS"": ""1""}",tree_path,0,4,0,0.13280756800668314,20,21,24,21,108,180,narrow,path,20,uniform,"{""kind"": ""categorical"", ""probs"": [0.75, 0.25], ""values"": [1, 2]}",uniform,24,background,beam_local_capped,A narrow observed tree and short template path favor local transitions; the cap is expected to remove occasional high-degree bursts. Large preset: more instances and a larger structural workload.,250,179,54,1,43,1,,,,,,,,,,,,,,,,,,,,,,,,66.83333587646484,True,exact_agreement,3,2.5431315151536182e-06,6.683333587646484e-05,1.0,0.0,1.0,100.0,True,0.14063481726884458,0.1406357666305007,0.24659043392272206,0.24659189330165635
narrow_tree_to_path,0,fast_beam_partial,fast_beam,False,"{""beam_width"": 200, ""expansion_width"": 64, ""max_nodes_per_token_side"": 8, ""max_token_types_per_expansion"": 2048, ""search"": ""partial""}",jaccard,10000,180,1800000,158751,6.45,,skipped,incompatible_score_mode:jaccard,,,,,,,,,,,,,,,,,,,,,,,,,,,,,,,,,,,,,,,,,,,,,,,,,,,,,,,,,,,,,,,,,,,,,,,,,,,,,,,,,,isolated,1,False,900.0,,,,,,,,,tree_path,8,5,0,0.13280756800668314,20,21,24,21,108,180,narrow,path,20,uniform,"{""kind"": ""categorical"", ""probs"": [0.75, 0.25], ""values"": [1, 2]}",uniform,24,background,beam_local_capped,A narrow observed tree and short template path favor local transitions; the cap is expected to remove occasional high-degree bursts. Large preset: more instances and a larger structural workload.,250,179,54,1,43,1,True,,,,,,,,,,,,,,,,,,,,,,,66.83333587646484,True,exact_agreement,3,2.5431315151536182e-06,6.683333587646484e-05,,,,,,,,,
narrow_tree_to_path,0,sparse_closure,generic_sparse,True,"{""method"": ""sparse""}",jaccard,10000,180,1800000,158751,6.45,66.83333333333333,ok,,66.83333333333333,0.009153117018286139,0.009028887026943266,1.284463304997189,1.2830856509972364,1.300052598991897,1.2883125571999698,1.2842090899939649,1.2897521410195623,0.0070511828251253825,0.0013776539999525994,5.0,"[1.2897521410195623, 1.2842090899939649, 1.2830856509972364, 1.284463304997189, 1.300052598991897]",1.293616422015475,5.0,1.0,87.0,0.047619047619047616,0.011494252873563218,0.041666666666666664,0.23809523809523808,sparse_closure,10000.0,180.0,0.0,0.02571828500367701,0.007836019998649135,1.3155209129909053,0.00018034200184047222,1.3742991900071502,157668.0,157668.0,157668.0,1787841.0,,,,,,1.0,1.0,66.83333333333333,87.0,,,True,,,,,,True,sparse_fit,10000.0,180.0,0.009026731015183032,0.0,0.0,0.0,0.0,0.009026731015183032,0.0,,,,,,,,,1.0,1.0,,,False,0.009923526988131925,1.2961172699870076,1.3060407969751395,66.83333333333333,66.83333333333333,0.0,isolated,1,True,900.0,10.669627373019466,10.424536859005457,0.2450905140140094,343609344.0,327.69140625,resource.ru_maxrss_kib_converted_to_bytes,0.0,"{""BLIS_NUM_THREADS"": ""1"", ""MKL_DYNAMIC"": ""FALSE"", ""MKL_NUM_THREADS"": ""1"", ""NUMBA_NUM_THREADS"": ""1"", ""NUMEXPR_NUM_THREADS"": ""1"", ""OMP_DYNAMIC"": ""FALSE"", ""OMP_NUM_THREADS"": ""1"", ""OPENBLAS_NUM_THREADS"": ""1"", ""PYTHONHASHSEED"": ""0"", ""VECLIB_MAXIMUM_THREADS"": ""1""}",tree_path,2,6,0,0.13280756800668314,20,21,24,21,108,180,narrow,path,20,uniform,"{""kind"": ""categorical"", ""probs"": [0.75, 0.25], ""values"": [1, 2]}",uniform,24,background,beam_local_capped,A narrow observed tree and short template path favor local transitions; the cap is expected to remove occasional high-degree bursts. Large preset: more instances and a larger structural workload.,250,179,54,1,43,1,,,,,,1798022.0,,,,,,,,,,,,,,,,,,66.83333587646484,True,exact_agreement,3,2.5431315151536182e-06,6.683333587646484e-05,1.0,2.5431315151536182e-06,1.0,100.0,True,0.15371634381565397,0.15262997489876728,0.2664716412134237,0.2648377679266452
narrow_tree_to_path,0,fast_sparse,fast_sparse,True,{},jaccard,10000,180,1800000,158751,6.45,,skipped,incompatible_score_mode:jaccard,,,,,,,,,,,,,,,,,,,,,,,,,,,,,,,,,,,,,,,,,,,,,,,,,,,,,,,,,,,,,,,,,,,,,,,,,,,,,,,,,,isolated,1,False,900.0,,,,,,,,,tree_path,4,7,0,0.13280756800668314,20,21,24,21,108,180,narrow,path,20,uniform,"{""kind"": ""categorical"", ""probs"": [0.75, 0.25], ""values"": [1, 2]}",uniform,24,background,beam_local_capped,A narrow observed tree and short template path favor local transitions; the cap is expected to remove occasional high-degree bursts. Large preset: more instances and a larger structural workload.,250,179,54,1,43,1,True,,,,,,,,,,,,,,,,,,,,,,,66.83333587646484,True,exact_agreement,3,2.5431315151536182e-06,6.683333587646484e-05,,,,,,,,,
narrow_tree_to_path,0,beam_local,generic,False,"{""beam_local_child_cap"": null, ""beam_width"": 200, ""method"": ""beam_local""}",jaccard,10000,180,1800000,158751,6.45,66.83333333333333,ok,,66.83333333333333,1.7580168787389994e-06,8.508999599143863e-06,0.19963171301060356,0.19864948600297794,0.21323356201173738,0.20248176440945825,0.19918950501596555,0.2017045560060069,0.006120729679901334,0.0009822270076256245,5.0,"[0.2017045560060069, 0.19963171301060356, 0.19864948600297794, 0.21323356201173738, 0.19918950501596555]",0.1996334710274823,5.0,1.0,87.0,0.047619047619047616,0.011494252873563218,0.041666666666666664,0.2857142857142857,beam_local,10000.0,180.0,0.0,0.0014547340106219053,0.18268405977869406,0.031182926206383854,3.64379957318306e-05,0.21674559501116164,77948.0,77948.0,6903.0,,234237.0,85568.0,78345.0,200.0,432.0,1.0,1.0,66.83333333333333,87.0,,,,,,,,,True,beam_local_fit,10000.0,180.0,7.408991223201156e-06,0.0,0.0,0.0,0.0,7.408991223201156e-06,0.0,,,,,,,,,1.0,1.0,,,,2.2649765014648438e-06,0.20127011998556554,0.201272384962067,66.83333333333333,66.83333333333333,0.0,isolated,1,True,900.0,1.8652474430273287,1.6308328440063633,0.2344145990209654,208343040.0,198.69140625,resource.ru_maxrss_kib_converted_to_bytes,0.0,"{""BLIS_NUM_THREADS"": ""1"", ""MKL_DYNAMIC"": ""FALSE"", ""MKL_NUM_THREADS"": ""1"", ""NUMBA_NUM_THREADS"": ""1"", ""NUMEXPR_NUM_THREADS"": ""1"", ""OMP_DYNAMIC"": ""FALSE"", ""OMP_NUM_THREADS"": ""1"", ""OPENBLAS_NUM_THREADS"": ""1"", ""PYTHONHASHSEED"": ""0"", ""VECLIB_MAXIMUM_THREADS"": ""1""}",tree_path,5,8,0,0.13280756800668314,20,21,24,21,108,180,narrow,path,20,uniform,"{""kind"": ""categorical"", ""probs"": [0.75, 0.25], ""values"": [1, 2]}",uniform,24,background,beam_local_capped,A narrow observed tree and short template path favor local transitions; the cap is expected to remove occasional high-degree bursts. Large preset: more instances and a larger structural workload.,250,179,54,1,43,1,,200.0,,431.0,78346.0,,,,,,,,,,,,,,,,,,,66.83333587646484,True,exact_agreement,3,2.5431315151536182e-06,6.683333587646484e-05,1.0,2.5431315151536182e-06,1.0,100.0,True,0.9890362609825013,0.9890357614113423,0.9944879139548299,0.9944876614079187
narrow_tree_to_path,1,beam_partial_score,generic,False,"{""beam_balance_penalty"": 0.0, ""beam_candidate_future_weight"": 0.0, ""beam_expansion_width"": 64, ""beam_gap_penalty"": 0.0, ""beam_lookahead"": false, ""beam_n_restarts"": 1, ""beam_priority_future_weight"": 0.0, ""beam_priority_length_weight"": 0.0, ""beam_random_fraction"": 0.0, ""beam_rarity_weight"": 0.0, ""beam_symmetric"": false, ""beam_width"": 200, ""candidate_select_mode"": ""first"", ""method"": ""beam"", ""seed"": 0}",jaccard,10000,180,1800000,160254,6.583333333333333,15.5,ok,,15.5,1.8080172594636679e-06,9.600975317880511e-06,2.310364404984284,2.298471604997758,2.3183599330077413,2.3104591073992196,2.3103030060010497,2.314796588005265,0.007499505539084761,0.004432183020981029,5.0,"[2.3103030060010497, 2.298471604997758, 2.310364404984284, 2.314796588005265, 2.3183599330077413]",2.3103662130015437,5.0,1.0,16.0,0.0,0.0,0.05,0.047619047619047616,beam_partial,10000.0,180.0,0.0,0.02754529399680905,2.266357172804419,0.019523685186868533,8.86499765329063e-06,2.315106141992146,260916.0,52403.0,52403.0,,52403.0,9926.0,2563.0,200.0,17.0,1.0,1.0,15.5,16.0,,,,,,,,,True,beam_fit,10000.0,180.0,8.486997103318572e-06,0.0,0.0,0.0,0.0,8.486997103318572e-06,0.0,,,,,,,,,1.0,1.0,,,,2.510001650080085e-06,2.285816627991153,2.285819137992803,15.5,15.5,0.0,isolated,1,True,900.0,18.686905631009722,18.451774477987783,0.2351311530219391,208343040.0,198.69140625,resource.ru_maxrss_kib_converted_to_bytes,0.0,"{""BLIS_NUM_THREADS"": ""1"", ""MKL_DYNAMIC"": ""FALSE"", ""MKL_NUM_THREADS"": ""1"", ""NUMBA_NUM_THREADS"": ""1"", ""NUMEXPR_NUM_THREADS"": ""1"", ""OMP_DYNAMIC"": ""FALSE"", ""OMP_NUM_THREADS"": ""1"", ""OPENBLAS_NUM_THREADS"": ""1"", ""PYTHONHASHSEED"": ""0"", ""VECLIB_MAXIMUM_THREADS"": ""1""}",tree_path,7,0,0,0.13373476298875175,20,17,20,21,55,180,narrow,path,20,uniform,"{""kind"": ""categorical"", ""probs"": [0.75, 0.25], ""values"": [1, 2]}",uniform,24,background,beam_local_capped,A narrow observed tree and short template path favor local transitions; the cap is expected to remove occasional high-degree bursts. Large preset: more instances and a larger structural workload.,250,179,60,1,34,1,,,,,,,17360.0,0.0,[15.5],0.0,"{""beam_width"": 200, ""expansion_width"": 64, ""label_pair_preprocessing_score_evaluations"": 17360, ""lookahead_enabled"": false, ""maximum_matching_length"": 180, ""positive_label_pair_types"": 3024, ""state_pool_size"": 52404}",,,,,,,,,,,,,66.91666666666667,True,exact_agreement,3,2.5431315151536182e-06,6.691666666666666e-05,0.2316313823163138,51.41666666666667,0.2316313823163138,23.16313823163138,True,0.08981516879386606,0.0898159996635928,0.12943994346086737,0.12944080631834187
narrow_tree_to_path,1,fast_dense,fast_dense,True,{},jaccard,10000,180,1800000,160254,6.583333333333333,,skipped,incompatible_score_mode:jaccard,,,,,,,,,,,,,,,,,,,,,,,,,,,,,,,,,,,,,,,,,,,,,,,,,,,,,,,,,,,,,,,,,,,,,,,,,,,,,,,,,,isolated,1,False,900.0,,,,,,,,,tree_path,1,1,0,0.13373476298875175,20,17,20,21,55,180,narrow,path,20,uniform,"{""kind"": ""categorical"", ""probs"": [0.75, 0.25], ""values"": [1, 2]}",uniform,24,background,beam_local_capped,A narrow observed tree and short template path favor local transitions; the cap is expected to remove occasional high-degree bursts. Large preset: more instances and a larger structural workload.,250,179,60,1,34,1,True,,,,,,,,,,,,,,,,,,,,,,,66.91666666666667,True,exact_agreement,3,2.5431315151536182e-06,6.691666666666666e-05,,,,,,,,,
narrow_tree_to_path,1,sparse_chain,generic_sparse,True,"{""method"": ""sparse_chain""}",jaccard,10000,180,1800000,160254,6.583333333333333,66.91666666666667,ok,,66.91666666666667,0.009271588001865894,0.0222736919822637,0.5788745530007873,0.5770488049893174,0.581580993020907,0.579336086998228,0.5782102449738886,0.5809658390062395,0.0018978861623610683,0.001825748011469841,5.0,"[0.5788745530007873, 0.5782102449738886, 0.581580993020907, 0.5809658390062395, 0.5770488049893174]",0.5881461410026532,5.0,1.0,88.0,0.058823529411764705,0.011363636363636364,0.05,0.5238095238095238,sparse_chain,10000.0,180.0,0.0,0.06857730497722514,0.2000680360069964,0.3344710410165135,1.754998811520636e-05,0.6145469799812417,159136.0,159136.0,159136.0,,,,,,,1.0,1.0,66.91666666666667,88.0,159136.0,159136.0,True,157871.0,920533.0,5859.0,159136.0,209737.0,True,sparse_chain_fit,10000.0,180.0,0.022270573012065142,0.0,0.0,0.0,0.0,0.022270573012065142,0.0,,,,,,,,,1.0,1.0,,,False,0.009940718009602278,0.5863082830037456,0.5962490010133479,66.91666666666667,66.91666666666667,0.0,isolated,1,True,900.0,4.973020209989045,4.725149264006177,0.24787094598286785,208343040.0,198.69140625,resource.ru_maxrss_kib_converted_to_bytes,0.0,"{""BLIS_NUM_THREADS"": ""1"", ""MKL_DYNAMIC"": ""FALSE"", ""MKL_NUM_THREADS"": ""1"", ""NUMBA_NUM_THREADS"": ""1"", ""NUMEXPR_NUM_THREADS"": ""1"", ""OMP_DYNAMIC"": ""FALSE"", ""OMP_NUM_THREADS"": ""1"", ""OPENBLAS_NUM_THREADS"": ""1"", ""PYTHONHASHSEED"": ""0"", ""VECLIB_MAXIMUM_THREADS"": ""1""}",tree_path,3,2,0,0.13373476298875175,20,17,20,21,55,180,narrow,path,20,uniform,"{""kind"": ""categorical"", ""probs"": [0.75, 0.25], ""values"": [1, 2]}",uniform,24,background,beam_local_capped,A narrow observed tree and short template path favor local transitions; the cap is expected to remove occasional high-degree bursts. Large preset: more instances and a larger structural workload.,250,179,60,1,34,1,,,,,,,,,,,,,,,,,,,,,,,,66.91666666666667,True,exact_agreement,3,2.5431315151536182e-06,6.691666666666666e-05,1.0,0.0,1.0,100.0,True,0.35846414034496554,0.35281681973798196,0.5277491391917609,0.5216032423463166
narrow_tree_to_path,1,exact_dense,generic,True,"{""method"": ""exact""}",jaccard,10000,180,1800000,160254,6.583333333333333,66.91666412353516,ok,,66.91666666666667,1.8099963199347258e-06,1.0036979801952839e-05,1.411823906993959,1.4083760649955366,1.4220263570023235,1.4139177269942593,1.4093867809860967,1.4179755249933805,0.005870246520376732,0.0034478419984225184,5.0,"[1.4093867809860967, 1.4179755249933805, 1.411823906993959, 1.4083760649955366, 1.4220263570023235]",1.411825716990279,5.0,1.0,87.0,0.058823529411764705,0.011494252873563218,0.05,0.42857142857142855,exact_dense,10000.0,180.0,0.0,0.00011202399036847055,0.0,1.4322542450099718,0.0019882560009136796,1.4345867289812304,1800000.0,,159136.0,1800000.0,,,,,,1.0,1.0,66.91666412353516,87.0,,,,,,,,,True,exact_fit,10000.0,180.0,8.906994480639696e-06,0.0,0.0,0.0,0.0,8.906994480639696e-06,0.0,,,,,,,,,1.0,1.0,,,,2.31401645578444e-06,1.41318680398399,1.4131891180004459,66.91666412353516,66.91666666666667,0.0,isolated,1,True,900.0,11.575042030017357,11.335867027984932,0.23917500203242525,208343040.0,198.69140625,resource.ru_maxrss_kib_converted_to_bytes,0.0,"{""BLIS_NUM_THREADS"": ""1"", ""MKL_DYNAMIC"": ""FALSE"", ""MKL_NUM_THREADS"": ""1"", ""NUMBA_NUM_THREADS"": ""1"", ""NUMEXPR_NUM_THREADS"": ""1"", ""OMP_DYNAMIC"": ""FALSE"", ""OMP_NUM_THREADS"": ""1"", ""OPENBLAS_NUM_THREADS"": ""1"", ""PYTHONHASHSEED"": ""0"", ""VECLIB_MAXIMUM_THREADS"": ""1""}",tree_path,0,3,0,0.13373476298875175,20,17,20,21,55,180,narrow,path,20,uniform,"{""kind"": ""categorical"", ""probs"": [0.75, 0.25], ""values"": [1, 2]}",uniform,24,background,beam_local_capped,A narrow observed tree and short template path favor local transitions; the cap is expected to remove occasional high-degree bursts. Large preset: more instances and a larger structural workload.,250,179,60,1,34,1,,,,,,,,,,,,,,,,,,,,,,,,66.91666666666667,True,exact_agreement,3,2.5431315151536182e-06,6.691666666666666e-05,1.0,2.5431315151536182e-06,1.0,100.0,True,0.14697708969302167,0.14697837595145008,0.25628600782664074,0.2562879632835754
narrow_tree_to_path,1,fast_beam_partial,fast_beam,False,"{""beam_width"": 200, ""expansion_width"": 64, ""max_nodes_per_token_side"": 8, ""max_token_types_per_expansion"": 2048, ""search"": ""partial""}",jaccard,10000,180,1800000,160254,6.583333333333333,,skipped,incompatible_score_mode:jaccard,,,,,,,,,,,,,,,,,,,,,,,,,,,,,,,,,,,,,,,,,,,,,,,,,,,,,,,,,,,,,,,,,,,,,,,,,,,,,,,,,,isolated,1,False,900.0,,,,,,,,,tree_path,8,4,0,0.13373476298875175,20,17,20,21,55,180,narrow,path,20,uniform,"{""kind"": ""categorical"", ""probs"": [0.75, 0.25], ""values"": [1, 2]}",uniform,24,background,beam_local_capped,A narrow observed tree and short template path favor local transitions; the cap is expected to remove occasional high-degree bursts. Large preset: more instances and a larger structural workload.,250,179,60,1,34,1,True,,,,,,,,,,,,,,,,,,,,,,,66.91666666666667,True,exact_agreement,3,2.5431315151536182e-06,6.691666666666666e-05,,,,,,,,,
narrow_tree_to_path,1,sparse_closure,generic_sparse,True,"{""method"": ""sparse""}",jaccard,10000,180,1800000,160254,6.583333333333333,66.91666666666667,ok,,66.91666666666667,0.00902924599358812,0.009006917010992765,1.258450423978502,1.2547819609753788,1.274299761018483,1.2613182485976722,1.2582227340026293,1.260836363013368,0.007571023097703071,0.002385939034866169,5.0,"[1.258450423978502, 1.260836363013368, 1.2547819609753788, 1.2582227340026293, 1.274299761018483]",1.26747966997209,5.0,1.0,87.0,0.058823529411764705,0.011494252873563218,0.05,0.42857142857142855,sparse_closure,10000.0,180.0,0.0,0.026158058986766264,0.007607168983668089,1.3071567399892956,0.0001809069945011288,1.3650581969995983,159136.0,159136.0,159136.0,1787868.0,,,,,,1.0,1.0,66.91666666666667,87.0,,,True,,,,,,True,sparse_fit,10000.0,180.0,0.00900462901336141,0.0,0.0,0.0,0.0,0.00900462901336141,0.0,,,,,,,,,1.0,1.0,,,False,0.009957535017747432,1.2659833109937608,1.2759408460115083,66.91666666666667,66.91666666666667,0.0,isolated,1,True,900.0,10.464362822007388,10.2243519279873,0.24001089402008802,343904256.0,327.97265625,resource.ru_maxrss_kib_converted_to_bytes,0.0,"{""BLIS_NUM_THREADS"": ""1"", ""MKL_DYNAMIC"": ""FALSE"", ""MKL_NUM_THREADS"": ""1"", ""NUMBA_NUM_THREADS"": ""1"", ""NUMEXPR_NUM_THREADS"": ""1"", ""OMP_DYNAMIC"": ""FALSE"", ""OMP_NUM_THREADS"": ""1"", ""OPENBLAS_NUM_THREADS"": ""1"", ""PYTHONHASHSEED"": ""0"", ""VECLIB_MAXIMUM_THREADS"": ""1""}",tree_path,2,5,0,0.13373476298875175,20,17,20,21,55,180,narrow,path,20,uniform,"{""kind"": ""categorical"", ""probs"": [0.75, 0.25], ""values"": [1, 2]}",uniform,24,background,beam_local_capped,A narrow observed tree and short template path favor local transitions; the cap is expected to remove occasional high-degree bursts. Large preset: more instances and a larger structural workload.,250,179,60,1,34,1,,,,,,1798049.0,,,,,,,,,,,,,,,,,,66.91666666666667,True,exact_agreement,3,2.5431315151536182e-06,6.691666666666666e-05,1.0,0.0,1.0,100.0,True,0.16488990353151028,0.1637169068078955,0.2830995496340483,0.28136895812053647
narrow_tree_to_path,1,fast_sparse,fast_sparse,True,{},jaccard,10000,180,1800000,160254,6.583333333333333,,skipped,incompatible_score_mode:jaccard,,,,,,,,,,,,,,,,,,,,,,,,,,,,,,,,,,,,,,,,,,,,,,,,,,,,,,,,,,,,,,,,,,,,,,,,,,,,,,,,,,isolated,1,False,900.0,,,,,,,,,tree_path,4,6,0,0.13373476298875175,20,17,20,21,55,180,narrow,path,20,uniform,"{""kind"": ""categorical"", ""probs"": [0.75, 0.25], ""values"": [1, 2]}",uniform,24,background,beam_local_capped,A narrow observed tree and short template path favor local transitions; the cap is expected to remove occasional high-degree bursts. Large preset: more instances and a larger structural workload.,250,179,60,1,34,1,True,,,,,,,,,,,,,,,,,,,,,,,66.91666666666667,True,exact_agreement,3,2.5431315151536182e-06,6.691666666666666e-05,,,,,,,,,
narrow_tree_to_path,1,beam_local,generic,False,"{""beam_local_child_cap"": null, ""beam_width"": 200, ""method"": ""beam_local""}",jaccard,10000,180,1800000,160254,6.583333333333333,66.66666666666667,ok,,66.66666666666667,1.646025339141488e-06,7.969007128849626e-06,0.21011475700652227,0.20965675200568512,0.22254007798619568,0.21266850280226207,0.21009345600032248,0.21093747101258487,0.0055377701774055,0.00045800500083714724,5.0,"[0.21093747101258487, 0.21009345600032248, 0.21011475700652227, 0.20965675200568512, 0.22254007798619568]",0.2101164030318614,5.0,1.0,88.0,0.058823529411764705,0.011363636363636364,0.05,0.6190476190476191,beam_local,10000.0,180.0,0.0,0.0014530080079566687,0.19291852531023324,0.03397198169841431,4.0009996155276895e-05,0.22988853900460526,81030.0,81030.0,7030.0,,243530.0,86898.0,81475.0,200.0,432.0,1.0,1.0,66.66666666666667,88.0,,,,,,,,,True,beam_local_fit,10000.0,180.0,6.994989234954119e-06,0.0,0.0,0.0,0.0,6.994989234954119e-06,0.0,,,,,,,,,1.0,1.0,,,,2.4230103008449078e-06,0.2137730139947962,0.21377543700509705,66.66666666666667,66.66666666666667,0.0,isolated,1,True,900.0,1.9624603769916575,1.7185557750053704,0.24390460198628716,208343040.0,198.69140625,resource.ru_maxrss_kib_converted_to_bytes,0.0,"{""BLIS_NUM_THREADS"": ""1"", ""MKL_DYNAMIC"": ""FALSE"", ""MKL_NUM_THREADS"": ""1"", ""NUMBA_NUM_THREADS"": ""1"", ""NUMEXPR_NUM_THREADS"": ""1"", ""OMP_DYNAMIC"": ""FALSE"", ""OMP_NUM_THREADS"": ""1"", ""OPENBLAS_NUM_THREADS"": ""1"", ""PYTHONHASHSEED"": ""0"", ""VECLIB_MAXIMUM_THREADS"": ""1""}",tree_path,5,7,0,0.13373476298875175,20,17,20,21,55,180,narrow,path,20,uniform,"{""kind"": ""categorical"", ""probs"": [0.75, 0.25], ""values"": [1, 2]}",uniform,24,background,beam_local_capped,A narrow observed tree and short template path favor local transitions; the cap is expected to remove occasional high-degree bursts. Large preset: more instances and a larger structural workload.,250,179,60,1,34,1,,200.0,,431.0,81476.0,,,,,,,,,,,,,,,,,,,66.91666666666667,True,exact_agreement,3,2.5431315151536182e-06,6.691666666666666e-05,0.9962640099626401,0.25,0.9962640099626401,99.62640099626401,True,0.9875830330306696,0.9875852052267282,0.9919045282580482,0.9919056238808345
narrow_tree_to_path,1,beam_local_capped,generic,False,"{""beam_local_child_cap"": 16, ""beam_width"": 200, ""method"": ""beam_local""}",jaccard,10000,180,1800000,160254,6.583333333333333,66.66666666666667,ok,,66.66666666666667,2.082000719383359e-06,8.309987606480718e-06,0.20750576900900342,0.2060331929824315,0.22027819699724205,0.20971668459824286,0.2070334700110834,0.20773279399145395,0.005940060286755487,0.0004722989979200065,5.0,"[0.2060331929824315, 0.20773279399145395, 0.2070334700110834, 0.20750576900900342, 0.22027819699724205]",0.2075078510097228,5.0,1.0,88.0,0.058823529411764705,0.011363636363636364,0.05,0.6190476190476191,beam_local,10000.0,180.0,0.0,0.0014654590049758554,0.19121960204211064,0.03234561296994798,3.783201100304723e-05,0.22640838698134758,79950.0,79950.0,6939.0,,240606.0,85278.0,80712.0,200.0,432.0,1.0,1.0,66.66666666666667,88.0,,,,,,,,,True,beam_local_fit,10000.0,180.0,7.273978553712368e-06,0.0,0.0,0.0,0.0,7.273978553712368e-06,0.0,,,,,,,,,1.0,1.0,,,,2.440996468067169e-06,0.2091396820032969,0.20914212299976498,66.66666666666667,66.66666666666667,0.0,isolated,1,True,900.0,1.9322700900083873,1.692898879002314,0.23937121100607328,208343040.0,198.69140625,resource.ru_maxrss_kib_converted_to_bytes,0.0,"{""BLIS_NUM_THREADS"": ""1"", ""MKL_DYNAMIC"": ""FALSE"", ""MKL_NUM_THREADS"": ""1"", ""NUMBA_NUM_THREADS"": ""1"", ""NUMEXPR_NUM_THREADS"": ""1"", ""OMP_DYNAMIC"": ""FALSE"", ""OMP_NUM_THREADS"": ""1"", ""OPENBLAS_NUM_THREADS"": ""1"", ""PYTHONHASHSEED"": ""0"", ""VECLIB_MAXIMUM_THREADS"": ""1""}",tree_path,6,8,0,0.13373476298875175,20,17,20,21,55,180,narrow,path,20,uniform,"{""kind"": ""categorical"", ""probs"": [0.75, 0.25], ""values"": [1, 2]}",uniform,24,background,beam_local_capped,A narrow observed tree and short template path favor local transitions; the cap is expected to remove occasional high-degree bursts. Large preset: more instances and a larger structural workload.,250,179,60,1,34,1,,200.0,16.0,431.0,80713.0,,,,,,,,,,,,,,,,,,,66.91666666666667,True,exact_agreement,3,2.5431315151536182e-06,6.691666666666666e-05,0.9962640099626401,0.25,0.9962640099626401,99.62640099626401,True,1.0,1.0,0.9981285090455396,0.9981285090455396
narrow_tree_to_path,2,fast_dense,fast_dense,True,{},jaccard,10000,180,1800000,154376,5.166666666666666,,skipped,incompatible_score_mode:jaccard,,,,,,,,,,,,,,,,,,,,,,,,,,,,,,,,,,,,,,,,,,,,,,,,,,,,,,,,,,,,,,,,,,,,,,,,,,,,,,,,,,isolated,1,False,900.0,,,,,,,,,tree_path,1,0,0,0.1264895620115567,20,16,22,18,48,180,narrow,path,20,uniform,"{""kind"": ""categorical"", ""probs"": [0.75, 0.25], ""values"": [1, 2]}",uniform,24,background,beam_local_capped,A narrow observed tree and short template path favor local transitions; the cap is expected to remove occasional high-degree bursts. Large preset: more instances and a larger structural workload.,250,179,62,1,45,1,True,,,,,,,,,,,,,,,,,,,,,,,68.33333333333336,True,exact_agreement,3,1.2715657575768091e-05,6.833333333333336e-05,,,,,,,,,
narrow_tree_to_path,2,sparse_chain,generic_sparse,True,"{""method"": ""sparse_chain""}",jaccard,10000,180,1800000,154376,5.166666666666666,68.33333333333336,ok,,68.33333333333333,0.009332136978628114,0.009127509983954951,0.5404351460165344,0.5399359640141483,0.5448660200054292,0.541607948607998,0.5402389299997594,0.5425636830041185,0.0020960479370117397,0.0004991820023860782,5.0,"[0.5448660200054292, 0.5404351460165344, 0.5402389299997594, 0.5399359640141483, 0.5425636830041185]",0.5497672829951625,5.0,1.0,90.0,0.0,0.0,0.045454545454545456,0.5555555555555556,sparse_chain,10000.0,180.0,0.0,0.048519303993089125,0.20451949001289904,0.31788766401587054,2.5502988137304783e-05,0.5824795450025704,153488.0,153488.0,153488.0,,,,,,,1.0,1.0,68.33333333333336,90.0,153488.0,153488.0,True,151652.0,875197.0,5476.0,153488.0,205375.0,True,sparse_chain_fit,10000.0,180.0,0.009125067997956648,0.0,0.0,0.0,0.0,0.009125067997956648,0.0,,,,,,,,,1.0,1.0,,,False,0.010315724008250982,0.5639137490070425,0.5742294730152935,68.33333333333336,68.33333333333333,0.0,isolated,1,True,900.0,4.68881635798607,4.4443347599881236,0.24448159799794666,208343040.0,198.69140625,resource.ru_maxrss_kib_converted_to_bytes,0.0,"{""BLIS_NUM_THREADS"": ""1"", ""MKL_DYNAMIC"": ""FALSE"", ""MKL_NUM_THREADS"": ""1"", ""NUMBA_NUM_THREADS"": ""1"", ""NUMEXPR_NUM_THREADS"": ""1"", ""OMP_DYNAMIC"": ""FALSE"", ""OMP_NUM_THREADS"": ""1"", ""OPENBLAS_NUM_THREADS"": ""1"", ""PYTHONHASHSEED"": ""0"", ""VECLIB_MAXIMUM_THREADS"": ""1""}",tree_path,3,1,0,0.1264895620115567,20,16,22,18,48,180,narrow,path,20,uniform,"{""kind"": ""categorical"", ""probs"": [0.75, 0.25], ""values"": [1, 2]}",uniform,24,background,beam_local_capped,A narrow observed tree and short template path favor local transitions; the cap is expected to remove occasional high-degree bursts. Large preset: more instances and a larger structural workload.,250,179,62,1,45,1,,,,,,,,,,,,,,,,,,,,,,,,68.33333333333336,True,exact_agreement,3,1.2715657575768091e-05,6.833333333333336e-05,1.0,0.0,1.0,100.0,True,0.3489855839061113,0.3430641669974553,0.517404467578655,0.5108678727754418
narrow_tree_to_path,2,exact_dense,generic,True,"{""method"": ""exact""}",jaccard,10000,180,1800000,154376,5.166666666666666,68.33332061767578,ok,,68.33333333333333,1.7929996829479933e-06,8.902017725631595e-06,1.3999732100055553,1.3949179810006171,1.4047455599938985,1.3998653493996245,1.3978484910039697,1.4018415049940813,0.0037509149601096946,0.0021247190015856177,5.0,"[1.3999732100055553, 1.4018415049940813, 1.3949179810006171, 1.4047455599938985, 1.3978484910039697]",1.3999750030052382,5.0,1.0,90.0,0.0,0.0,0.045454545454545456,0.6111111111111112,exact_dense,10000.0,180.0,0.0,0.00010283198207616806,0.0,1.4153035569761414,0.0019740579882636666,1.4175967309856787,1800000.0,,153488.0,1800000.0,,,,,,1.0,1.0,68.33332061767578,90.0,,,,,,,,,True,exact_fit,10000.0,180.0,7.93600338511169e-06,0.0,0.0,0.0,0.0,7.93600338511169e-06,0.0,,,,,,,,,1.0,1.0,,,,2.4519977159798145e-06,1.4094156409846619,1.4094180929823779,68.33332061767578,68.33333333333333,0.0,isolated,1,True,900.0,11.47157540198532,11.22445961800986,0.24711578397545964,208343040.0,198.69140625,resource.ru_maxrss_kib_converted_to_bytes,0.0,"{""BLIS_NUM_THREADS"": ""1"", ""MKL_DYNAMIC"": ""FALSE"", ""MKL_NUM_THREADS"": ""1"", ""NUMBA_NUM_THREADS"": ""1"", ""NUMEXPR_NUM_THREADS"": ""1"", ""OMP_DYNAMIC"": ""FALSE"", ""OMP_NUM_THREADS"": ""1"", ""OPENBLAS_NUM_THREADS"": ""1"", ""PYTHONHASHSEED"": ""0"", ""VECLIB_MAXIMUM_THREADS"": ""1""}",tree_path,0,2,0,0.1264895620115567,20,16,22,18,48,180,narrow,path,20,uniform,"{""kind"": ""categorical"", ""probs"": [0.75, 0.25], ""values"": [1, 2]}",uniform,24,background,beam_local_capped,A narrow observed tree and short template path favor local transitions; the cap is expected to remove occasional high-degree bursts. Large preset: more instances and a larger structural workload.,250,179,62,1,45,1,,,,,,,,,,,,,,,,,,,,,,,,68.33333333333336,True,exact_agreement,3,1.2715657575768091e-05,6.833333333333336e-05,1.0,1.2715657575768091e-05,1.0,100.0,True,0.1347197743842658,0.1347205875664367,0.23745029817140348,0.23745156127882266
narrow_tree_to_path,2,fast_beam_partial,fast_beam,False,"{""beam_width"": 200, ""expansion_width"": 64, ""max_nodes_per_token_side"": 8, ""max_token_types_per_expansion"": 2048, ""search"": ""partial""}",jaccard,10000,180,1800000,154376,5.166666666666666,,skipped,incompatible_score_mode:jaccard,,,,,,,,,,,,,,,,,,,,,,,,,,,,,,,,,,,,,,,,,,,,,,,,,,,,,,,,,,,,,,,,,,,,,,,,,,,,,,,,,,isolated,1,False,900.0,,,,,,,,,tree_path,8,3,0,0.1264895620115567,20,16,22,18,48,180,narrow,path,20,uniform,"{""kind"": ""categorical"", ""probs"": [0.75, 0.25], ""values"": [1, 2]}",uniform,24,background,beam_local_capped,A narrow observed tree and short template path favor local transitions; the cap is expected to remove occasional high-degree bursts. Large preset: more instances and a larger structural workload.,250,179,62,1,45,1,True,,,,,,,,,,,,,,,,,,,,,,,68.33333333333336,True,exact_agreement,3,1.2715657575768091e-05,6.833333333333336e-05,,,,,,,,,
narrow_tree_to_path,2,sparse_closure,generic_sparse,True,"{""method"": ""sparse""}",jaccard,10000,180,1800000,154376,5.166666666666666,68.33333333333336,ok,,68.33333333333333,0.009095662011532113,0.008925820991862565,1.274461841006996,1.2701311400160193,1.2873171609826386,1.2768648230005055,1.2733908859954681,1.2790230870014057,0.0066538432522486686,0.004330700990976766,5.0,"[1.2733908859954681, 1.274461841006996, 1.2701311400160193, 1.2790230870014057, 1.2873171609826386]",1.2835575030185282,5.0,1.0,89.0,0.0,0.0,0.045454545454545456,0.6111111111111112,sparse_closure,10000.0,180.0,0.0,0.025112634990364313,0.007753951009362936,1.3085574499855284,0.0001700060092844069,1.3651794499892276,153488.0,153488.0,153488.0,1786736.0,,,,,,1.0,1.0,68.33333333333336,89.0,,,True,,,,,,True,sparse_fit,10000.0,180.0,0.008923772984417155,0.0,0.0,0.0,0.0,0.008923772984417155,0.0,,,,,,,,,1.0,1.0,,,False,0.009920479002175853,1.2800233210145961,1.289943800016772,68.33333333333336,68.33333333333333,0.0,isolated,1,True,900.0,10.570723715994973,10.332126643013908,0.23859707298106514,343384064.0,327.4765625,resource.ru_maxrss_kib_converted_to_bytes,0.0,"{""BLIS_NUM_THREADS"": ""1"", ""MKL_DYNAMIC"": ""FALSE"", ""MKL_NUM_THREADS"": ""1"", ""NUMBA_NUM_THREADS"": ""1"", ""NUMEXPR_NUM_THREADS"": ""1"", ""OMP_DYNAMIC"": ""FALSE"", ""OMP_NUM_THREADS"": ""1"", ""OPENBLAS_NUM_THREADS"": ""1"", ""PYTHONHASHSEED"": ""0"", ""VECLIB_MAXIMUM_THREADS"": ""1""}",tree_path,2,4,0,0.1264895620115567,20,16,22,18,48,180,narrow,path,20,uniform,"{""kind"": ""categorical"", ""probs"": [0.75, 0.25], ""values"": [1, 2]}",uniform,24,background,beam_local_capped,A narrow observed tree and short template path favor local transitions; the cap is expected to remove occasional high-degree bursts. Large preset: more instances and a larger structural workload.,250,179,62,1,45,1,,,,,,1796917.0,,,,,,,,,,,,,,,,,,68.33333333333336,True,exact_agreement,3,1.2715657575768091e-05,6.833333333333336e-05,1.0,0.0,1.0,100.0,True,0.1479872279635632,0.14693962252540171,0.2578203386915386,0.2562290457833536
narrow_tree_to_path,2,fast_sparse,fast_sparse,True,{},jaccard,10000,180,1800000,154376,5.166666666666666,,skipped,incompatible_score_mode:jaccard,,,,,,,,,,,,,,,,,,,,,,,,,,,,,,,,,,,,,,,,,,,,,,,,,,,,,,,,,,,,,,,,,,,,,,,,,,,,,,,,,,isolated,1,False,900.0,,,,,,,,,tree_path,4,5,0,0.1264895620115567,20,16,22,18,48,180,narrow,path,20,uniform,"{""kind"": ""categorical"", ""probs"": [0.75, 0.25], ""values"": [1, 2]}",uniform,24,background,beam_local_capped,A narrow observed tree and short template path favor local transitions; the cap is expected to remove occasional high-degree bursts. Large preset: more instances and a larger structural workload.,250,179,62,1,45,1,True,,,,,,,,,,,,,,,,,,,,,,,68.33333333333336,True,exact_agreement,3,1.2715657575768091e-05,6.833333333333336e-05,,,,,,,,,
narrow_tree_to_path,2,beam_local,generic,False,"{""beam_local_child_cap"": null, ""beam_width"": 200, ""method"": ""beam_local""}",jaccard,10000,180,1800000,154376,5.166666666666666,68.33333333333336,ok,,68.33333333333333,1.3799872249364853e-06,9.349023457616568e-06,0.18860407499596477,0.18827726400922984,0.20165186902158894,0.1911278770014178,0.188325558003271,0.18878061897703446,0.005886692429433352,0.00027851699269376695,5.0,"[0.188325558003271, 0.18827726400922984, 0.18860407499596477, 0.20165186902158894, 0.18878061897703446]",0.1886054549831897,5.0,1.0,89.0,0.0,0.0,0.045454545454545456,0.5555555555555556,beam_local,10000.0,180.0,0.0,0.001457131002098322,0.17417832274804823,0.028277266246732324,2.8681999538093805e-05,0.20517216000007465,73923.0,73923.0,6374.0,,222080.0,80053.0,74236.0,200.0,432.0,1.0,1.0,68.33333333333336,89.0,,,,,,,,,True,beam_local_fit,10000.0,180.0,8.392991730943322e-06,0.0,0.0,0.0,0.0,8.392991730943322e-06,0.0,,,,,,,,,1.0,1.0,,,,2.4040054995566607e-06,0.19835943597718142,0.19836183998268098,68.33333333333336,68.33333333333333,0.0,isolated,1,True,900.0,1.7838360160239972,1.5478330919868313,0.23600292403716594,208343040.0,198.69140625,resource.ru_maxrss_kib_converted_to_bytes,0.0,"{""BLIS_NUM_THREADS"": ""1"", ""MKL_DYNAMIC"": ""FALSE"", ""MKL_NUM_THREADS"": ""1"", ""NUMBA_NUM_THREADS"": ""1"", ""NUMEXPR_NUM_THREADS"": ""1"", ""OMP_DYNAMIC"": ""FALSE"", ""OMP_NUM_THREADS"": ""1"", ""OPENBLAS_NUM_THREADS"": ""1"", ""PYTHONHASHSEED"": ""0"", ""VECLIB_MAXIMUM_THREADS"": ""1""}",tree_path,5,6,0,0.1264895620115567,20,16,22,18,48,180,narrow,path,20,uniform,"{""kind"": ""categorical"", ""probs"": [0.75, 0.25], ""values"": [1, 2]}",uniform,24,background,beam_local_capped,A narrow observed tree and short template path favor local transitions; the cap is expected to remove occasional high-degree bursts. Large preset: more instances and a larger structural workload.,250,179,62,1,45,1,,200.0,,431.0,74237.0,,,,,,,,,,,,,,,,,,,68.33333333333336,True,exact_agreement,3,1.2715657575768091e-05,6.833333333333336e-05,1.0,0.0,1.0,100.0,True,1.0,1.0,1.0,1.0
narrow_tree_to_path,2,beam_local_capped,generic,False,"{""beam_local_child_cap"": 16, ""beam_width"": 200, ""method"": ""beam_local""}",jaccard,10000,180,1800000,154376,5.166666666666666,62.0,ok,,62.0,1.3429962564259768e-06,7.807015208527446e-06,0.20896344000357203,0.20796611899277195,0.22257088098558597,0.21196759819868022,0.20828371599782258,0.2120538350136485,0.006145014910756835,0.0009973210108000785,5.0,"[0.20796611899277195, 0.20896344000357203, 0.20828371599782258, 0.22257088098558597, 0.2120538350136485]",0.20896478299982846,5.0,1.0,83.0,0.0,0.0,0.045454545454545456,0.5,beam_local,10000.0,180.0,0.0,0.0014777230098843575,0.1919159188400954,0.03194328417885117,2.785399556159973e-05,0.22660255801747553,81139.0,81139.0,6902.0,,244107.0,87292.0,81835.0,200.0,432.0,1.0,1.0,62.0,83.0,,,,,,,,,True,beam_local_fit,10000.0,180.0,6.846006726846099e-06,0.0,0.0,0.0,0.0,6.846006726846099e-06,0.0,,,,,,,,,1.0,1.0,,,,2.6719935704022646e-06,0.2122806030092761,0.2122832750028465,62.0,62.0,0.0,isolated,1,True,900.0,1.94395003200043,1.708449430996552,0.23550060100387782,208343040.0,198.69140625,resource.ru_maxrss_kib_converted_to_bytes,0.0,"{""BLIS_NUM_THREADS"": ""1"", ""MKL_DYNAMIC"": ""FALSE"", ""MKL_NUM_THREADS"": ""1"", ""NUMBA_NUM_THREADS"": ""1"", ""NUMEXPR_NUM_THREADS"": ""1"", ""OMP_DYNAMIC"": ""FALSE"", ""OMP_NUM_THREADS"": ""1"", ""OPENBLAS_NUM_THREADS"": ""1"", ""PYTHONHASHSEED"": ""0"", ""VECLIB_MAXIMUM_THREADS"": ""1""}",tree_path,6,7,0,0.1264895620115567,20,16,22,18,48,180,narrow,path,20,uniform,"{""kind"": ""categorical"", ""probs"": [0.75, 0.25], ""values"": [1, 2]}",uniform,24,background,beam_local_capped,A narrow observed tree and short template path favor local transitions; the cap is expected to remove occasional high-degree bursts. Large preset: more instances and a larger structural workload.,250,179,62,1,45,1,,200.0,16.0,431.0,81836.0,,,,,,,,,,,,,,,,,,,68.33333333333336,True,exact_agreement,3,1.2715657575768091e-05,6.833333333333336e-05,0.9073170731707314,6.333333333333357,0.9073170731707314,90.73170731707314,True,0.9025697269950225,0.902570530189982,0.9049371739211882,0.9049375776280381
narrow_tree_to_path,2,beam_partial_score,generic,False,"{""beam_balance_penalty"": 0.0, ""beam_candidate_future_weight"": 0.0, ""beam_expansion_width"": 64, ""beam_gap_penalty"": 0.0, ""beam_lookahead"": false, ""beam_n_restarts"": 1, ""beam_priority_future_weight"": 0.0, ""beam_priority_length_weight"": 0.0, ""beam_random_fraction"": 0.0, ""beam_rarity_weight"": 0.0, ""beam_symmetric"": false, ""beam_width"": 200, ""candidate_select_mode"": ""first"", ""method"": ""beam"", ""seed"": 0}",jaccard,10000,180,1800000,154376,5.166666666666666,13.833333333333334,ok,,13.833333333333334,1.648993929848075e-06,1.0217016097158194e-05,1.713726919988403,1.706224603985902,1.7225231020129286,1.7133313668018673,1.7094590479973704,1.7147231600247324,0.006166086229021293,0.0042678719910327345,5.0,"[1.7225231020129286, 1.706224603985902, 1.713726919988403, 1.7147231600247324, 1.7094590479973704]",1.713728568982333,5.0,1.0,15.0,0.0,0.0,0.0,0.05555555555555555,beam_partial,10000.0,180.0,0.0,0.025269086007028818,1.686646050104173,0.013304502906976268,3.943016054108739e-06,1.7264884309843183,184597.0,36268.0,36268.0,,36268.0,7310.0,2114.0,200.0,16.0,1.0,1.0,13.833333333333334,15.0,,,,,,,,,True,beam_fit,10000.0,180.0,9.193987352773547e-06,0.0,0.0,0.0,0.0,9.193987352773547e-06,0.0,,,,,,,,,1.0,1.0,,,,2.5700137484818697e-06,1.7167339709994849,1.7167365410132334,13.833333333333334,13.833333333333334,0.0,isolated,1,True,900.0,13.952818024001317,13.715158268983942,0.23765975501737557,208343040.0,198.69140625,resource.ru_maxrss_kib_converted_to_bytes,0.0,"{""BLIS_NUM_THREADS"": ""1"", ""MKL_DYNAMIC"": ""FALSE"", ""MKL_NUM_THREADS"": ""1"", ""NUMBA_NUM_THREADS"": ""1"", ""NUMEXPR_NUM_THREADS"": ""1"", ""OMP_DYNAMIC"": ""FALSE"", ""OMP_NUM_THREADS"": ""1"", ""OPENBLAS_NUM_THREADS"": ""1"", ""PYTHONHASHSEED"": ""0"", ""VECLIB_MAXIMUM_THREADS"": ""1""}",tree_path,7,8,0,0.1264895620115567,20,16,22,18,48,180,narrow,path,20,uniform,"{""kind"": ""categorical"", ""probs"": [0.75, 0.25], ""values"": [1, 2]}",uniform,24,background,beam_local_capped,A narrow observed tree and short template path favor local transitions; the cap is expected to remove occasional high-degree bursts. Large preset: more instances and a larger structural workload.,250,179,62,1,45,1,,,,,,,15408.0,0.0,[13.833333333333334],0.0,"{""beam_width"": 200, ""expansion_width"": 64, ""label_pair_preprocessing_score_evaluations"": 15408, ""lookahead_enabled"": false, ""maximum_matching_length"": 180, ""positive_label_pair_types"": 2591, ""state_pool_size"": 36269}",,,,,,,,,,,,,68.33333333333336,True,exact_agreement,3,1.2715657575768091e-05,6.833333333333336e-05,0.20243902439024383,54.50000000000002,0.20243902439024383,20.24390243902438,True,0.11005491761618652,0.11005561697275647,0.14259098917899027,0.1425915761720265
narrow_tree_to_path,3,sparse_chain,generic_sparse,True,"{""method"": ""sparse_chain""}",jaccard,10000,180,1800000,157101,7.483333333333333,68.0,ok,,68.0,0.009048895008163527,0.020443440997041762,0.5653008259832859,0.5626476100005675,0.5750102050078567,0.5667404799954966,0.5637769440072589,0.5669668149785139,0.004900161051650173,0.0016659889952279627,5.0,"[0.5750102050078567, 0.5669668149785139, 0.5653008259832859, 0.5626476100005675, 0.5637769440072589]",0.5743497209914494,5.0,1.0,90.0,0.05263157894736842,0.011111111111111112,0.045454545454545456,0.38095238095238093,sparse_chain,10000.0,180.0,0.0,0.06611579898162745,0.19646500400267541,0.3258527170110028,1.2576987501233816e-05,0.5979909610177856,156094.0,156094.0,156094.0,,,,,,,1.0,1.0,68.0,90.0,156094.0,156094.0,True,154879.0,887818.0,5960.0,156094.0,212277.0,True,sparse_chain_fit,10000.0,180.0,0.020440672000404447,0.0,0.0,0.0,0.0,0.020440672000404447,0.0,,,,,,,,,1.0,1.0,,,False,0.00982337599270977,0.5711739550170023,0.5809973310097121,68.0,68.0,0.0,isolated,1,True,900.0,4.854564570006914,4.617189939977834,0.23737463002908044,208343040.0,198.69140625,resource.ru_maxrss_kib_converted_to_bytes,0.0,"{""BLIS_NUM_THREADS"": ""1"", ""MKL_DYNAMIC"": ""FALSE"", ""MKL_NUM_THREADS"": ""1"", ""NUMBA_NUM_THREADS"": ""1"", ""NUMEXPR_NUM_THREADS"": ""1"", ""OMP_DYNAMIC"": ""FALSE"", ""OMP_NUM_THREADS"": ""1"", ""OPENBLAS_NUM_THREADS"": ""1"", ""PYTHONHASHSEED"": ""0"", ""VECLIB_MAXIMUM_THREADS"": ""1""}",tree_path,3,0,0,0.13195567499496974,20,19,22,21,102,180,narrow,path,20,uniform,"{""kind"": ""categorical"", ""probs"": [0.75, 0.25], ""values"": [1, 2]}",uniform,24,background,beam_local_capped,A narrow observed tree and short template path favor local transitions; the cap is expected to remove occasional high-degree bursts. Large preset: more instances and a larger structural workload.,250,179,58,1,40,1,,,,,,,,,,,,,,,,,,,,,,,,68.0,True,exact_agreement,3,0.0,6.8e-05,1.0,0.0,1.0,100.0,True,0.36663597235560874,0.36086308472453543,0.5365524979174299,0.5303444391653566
narrow_tree_to_path,3,exact_dense,generic,True,"{""method"": ""exact""}",jaccard,10000,180,1800000,157101,7.483333333333333,68.0,ok,,68.0,1.8199789337813854e-06,9.37600270844996e-06,1.4134158749948256,1.4125081980018876,1.4160317089990713,1.4138292352028656,1.4131099859951064,1.4140804080234375,0.0013552955378428949,0.0006645330286119133,5.0,"[1.4131099859951064, 1.4125081980018876, 1.4134158749948256, 1.4140804080234375, 1.4160317089990713]",1.4134176949737594,5.0,1.0,90.0,0.05263157894736842,0.011111111111111112,0.045454545454545456,0.2857142857142857,exact_dense,10000.0,180.0,0.0,9.568099630996585e-05,0.0,1.4365305030078162,0.0019372560200281441,1.4387717149802484,1800000.0,,156094.0,1800000.0,,,,,,1.0,1.0,68.0,90.0,,,,,,,,,True,exact_fit,10000.0,180.0,8.311006240546703e-06,0.0,0.0,0.0,0.0,8.311006240546703e-06,0.0,,,,,,,,,1.0,1.0,,,,2.5450135581195354e-06,1.4325222240004223,1.4325247690139804,68.0,68.0,0.0,isolated,1,True,900.0,11.594785057997797,11.357467808004003,0.23731724999379367,208343040.0,198.69140625,resource.ru_maxrss_kib_converted_to_bytes,0.0,"{""BLIS_NUM_THREADS"": ""1"", ""MKL_DYNAMIC"": ""FALSE"", ""MKL_NUM_THREADS"": ""1"", ""NUMBA_NUM_THREADS"": ""1"", ""NUMEXPR_NUM_THREADS"": ""1"", ""OMP_DYNAMIC"": ""FALSE"", ""OMP_NUM_THREADS"": ""1"", ""OPENBLAS_NUM_THREADS"": ""1"", ""PYTHONHASHSEED"": ""0"", ""VECLIB_MAXIMUM_THREADS"": ""1""}",tree_path,0,1,0,0.13195567499496974,20,19,22,21,102,180,narrow,path,20,uniform,"{""kind"": ""categorical"", ""probs"": [0.75, 0.25], ""values"": [1, 2]}",uniform,24,background,beam_local_capped,A narrow observed tree and short template path favor local transitions; the cap is expected to remove occasional high-degree bursts. Large preset: more instances and a larger structural workload.,250,179,58,1,40,1,,,,,,,,,,,,,,,,,,,,,,,,68.0,True,exact_agreement,3,0.0,6.8e-05,1.0,0.0,1.0,100.0,True,0.14663739220317556,0.14663861416529003,0.2557694231851677,0.2557712819954829
narrow_tree_to_path,3,fast_beam_partial,fast_beam,False,"{""beam_width"": 200, ""expansion_width"": 64, ""max_nodes_per_token_side"": 8, ""max_token_types_per_expansion"": 2048, ""search"": ""partial""}",jaccard,10000,180,1800000,157101,7.483333333333333,,skipped,incompatible_score_mode:jaccard,,,,,,,,,,,,,,,,,,,,,,,,,,,,,,,,,,,,,,,,,,,,,,,,,,,,,,,,,,,,,,,,,,,,,,,,,,,,,,,,,,isolated,1,False,900.0,,,,,,,,,tree_path,8,2,0,0.13195567499496974,20,19,22,21,102,180,narrow,path,20,uniform,"{""kind"": ""categorical"", ""probs"": [0.75, 0.25], ""values"": [1, 2]}",uniform,24,background,beam_local_capped,A narrow observed tree and short template path favor local transitions; the cap is expected to remove occasional high-degree bursts. Large preset: more instances and a larger structural workload.,250,179,58,1,40,1,True,,,,,,,,,,,,,,,,,,,,,,,68.0,True,exact_agreement,3,0.0,6.8e-05,,,,,,,,,
narrow_tree_to_path,3,sparse_closure,generic_sparse,True,"{""method"": ""sparse""}",jaccard,10000,180,1800000,157101,7.483333333333333,68.0,ok,,68.0,0.009121616021730006,0.008990647009341046,1.2785103530040942,1.269271895987913,1.2912712760153227,1.279702931002248,1.2779110980045516,1.281550031999359,0.007916403660732789,0.003039678995264694,5.0,"[1.2779110980045516, 1.281550031999359, 1.269271895987913, 1.2785103530040942, 1.2912712760153227]",1.2876319690258242,5.0,1.0,90.0,0.05263157894736842,0.011111111111111112,0.045454545454545456,0.2857142857142857,sparse_closure,10000.0,180.0,0.0,0.024999038985697553,0.008065851987339556,1.3237502679985482,0.00016777601558715105,1.3801708479877561,156094.0,156094.0,156094.0,1786091.0,,,,,,1.0,1.0,68.0,90.0,,,True,,,,,,True,sparse_fit,10000.0,180.0,0.008988586021587253,0.0,0.0,0.0,0.0,0.008988586021587253,0.0,,,,,,,,,1.0,1.0,,,False,0.009881595993647352,1.2835764399787877,1.293458035972435,68.0,68.0,0.0,isolated,1,True,900.0,10.611709507997148,10.372652313002618,0.2390571949945297,344113152.0,328.171875,resource.ru_maxrss_kib_converted_to_bytes,0.0,"{""BLIS_NUM_THREADS"": ""1"", ""MKL_DYNAMIC"": ""FALSE"", ""MKL_NUM_THREADS"": ""1"", ""NUMBA_NUM_THREADS"": ""1"", ""NUMEXPR_NUM_THREADS"": ""1"", ""OMP_DYNAMIC"": ""FALSE"", ""OMP_NUM_THREADS"": ""1"", ""OPENBLAS_NUM_THREADS"": ""1"", ""PYTHONHASHSEED"": ""0"", ""VECLIB_MAXIMUM_THREADS"": ""1""}",tree_path,2,3,0,0.13195567499496974,20,19,22,21,102,180,narrow,path,20,uniform,"{""kind"": ""categorical"", ""probs"": [0.75, 0.25], ""values"": [1, 2]}",uniform,24,background,beam_local_capped,A narrow observed tree and short template path favor local transitions; the cap is expected to remove occasional high-degree bursts. Large preset: more instances and a larger structural workload.,250,179,58,1,40,1,,,,,,1796272.0,,,,,,,,,,,,,,,,,,68.0,True,exact_agreement,3,0.0,6.8e-05,1.0,0.0,1.0,100.0,True,0.1621102383104027,0.16096339405463608,0.2789928751442643,0.2772927981690713
narrow_tree_to_path,3,fast_sparse,fast_sparse,True,{},jaccard,10000,180,1800000,157101,7.483333333333333,,skipped,incompatible_score_mode:jaccard,,,,,,,,,,,,,,,,,,,,,,,,,,,,,,,,,,,,,,,,,,,,,,,,,,,,,,,,,,,,,,,,,,,,,,,,,,,,,,,,,,isolated,1,False,900.0,,,,,,,,,tree_path,4,4,0,0.13195567499496974,20,19,22,21,102,180,narrow,path,20,uniform,"{""kind"": ""categorical"", ""probs"": [0.75, 0.25], ""values"": [1, 2]}",uniform,24,background,beam_local_capped,A narrow observed tree and short template path favor local transitions; the cap is expected to remove occasional high-degree bursts. Large preset: more instances and a larger structural workload.,250,179,58,1,40,1,True,,,,,,,,,,,,,,,,,,,,,,,68.0,True,exact_agreement,3,0.0,6.8e-05,,,,,,,,,
narrow_tree_to_path,3,beam_local,generic,False,"{""beam_local_child_cap"": null, ""beam_width"": 200, ""method"": ""beam_local""}",jaccard,10000,180,1800000,157101,7.483333333333333,67.83333333333334,ok,,67.83333333333333,1.994019839912653e-06,7.538998033851385e-06,0.2072596180078108,0.20543784002074972,0.2242399620008655,0.2104663964069914,0.20594830400659703,0.20944625799893402,0.007853896445553486,0.0018217779870610684,5.0,"[0.20543784002074972, 0.20594830400659703, 0.2072596180078108, 0.2242399620008655, 0.20944625799893402]",0.2072616120276507,5.0,1.0,90.0,0.05263157894736842,0.011111111111111112,0.045454545454545456,0.42857142857142855,beam_local,10000.0,180.0,0.0,0.0014308950048871338,0.18880445210379548,0.03314049288746901,3.2387004466727376e-05,0.22483910401933827,81145.0,81145.0,7159.0,,243973.0,88190.0,81689.0,200.0,432.0,1.0,1.0,67.83333333333334,90.0,,,,,,,,,True,beam_local_fit,10000.0,180.0,6.3820043578743935e-06,0.0,0.0,0.0,0.0,6.3820043578743935e-06,0.0,,,,,,,,,1.0,1.0,,,,2.5259796530008316e-06,0.21104371498222463,0.21104624096187763,67.83333333333334,67.83333333333333,0.0,isolated,1,True,900.0,1.9330231089843437,1.6973494949925225,0.23567361399182118,208343040.0,198.69140625,resource.ru_maxrss_kib_converted_to_bytes,0.0,"{""BLIS_NUM_THREADS"": ""1"", ""MKL_DYNAMIC"": ""FALSE"", ""MKL_NUM_THREADS"": ""1"", ""NUMBA_NUM_THREADS"": ""1"", ""NUMEXPR_NUM_THREADS"": ""1"", ""OMP_DYNAMIC"": ""FALSE"", ""OMP_NUM_THREADS"": ""1"", ""OPENBLAS_NUM_THREADS"": ""1"", ""PYTHONHASHSEED"": ""0"", ""VECLIB_MAXIMUM_THREADS"": ""1""}",tree_path,5,5,0,0.13195567499496974,20,19,22,21,102,180,narrow,path,20,uniform,"{""kind"": ""categorical"", ""probs"": [0.75, 0.25], ""values"": [1, 2]}",uniform,24,background,beam_local_capped,A narrow observed tree and short template path favor local transitions; the cap is expected to remove occasional high-degree bursts. Large preset: more instances and a larger structural workload.,250,179,58,1,40,1,,200.0,,431.0,81690.0,,,,,,,,,,,,,,,,,,,68.0,True,exact_agreement,3,0.0,6.8e-05,0.9975490196078433,0.1666666666666572,0.9975490196078433,99.75490196078432,True,1.0,1.0,0.9987730061349694,0.9987730061349694
narrow_tree_to_path,3,beam_local_capped,generic,False,"{""beam_local_child_cap"": 16, ""beam_width"": 200, ""method"": ""beam_local""}",jaccard,10000,180,1800000,157101,7.483333333333333,66.66666666666667,ok,,66.66666666666667,1.567997969686985e-06,8.166010957211256e-06,0.20833360898541287,0.20725335797760636,0.22173012298299,0.21075805538566783,0.20725418199435808,0.20921900498797186,0.006188556303754651,0.0010794269910547882,5.0,"[0.20833360898541287, 0.20725418199435808, 0.20725335797760636, 0.22173012298299, 0.20921900498797186]",0.20833517698338255,5.0,1.0,86.0,0.05263157894736842,0.011627906976744186,0.045454545454545456,0.6190476190476191,beam_local,10000.0,180.0,0.0,0.001448986993636936,0.19081449741497636,0.03298062059911899,3.475401899777353e-05,0.22668038701522164,80311.0,80311.0,6961.0,,241408.0,85869.0,80791.0,200.0,432.0,1.0,1.0,66.66666666666667,86.0,,,,,,,,,True,beam_local_fit,10000.0,180.0,6.910995580255985e-06,0.0,0.0,0.0,0.0,6.910995580255985e-06,0.0,,,,,,,,,1.0,1.0,,,,2.4129985831677914e-06,0.2116047979798168,0.21160721097839996,66.66666666666667,66.66666666666667,0.0,isolated,1,True,900.0,1.9387746099964716,1.7002677370037418,0.23850687299272977,208343040.0,198.69140625,resource.ru_maxrss_kib_converted_to_bytes,0.0,"{""BLIS_NUM_THREADS"": ""1"", ""MKL_DYNAMIC"": ""FALSE"", ""MKL_NUM_THREADS"": ""1"", ""NUMBA_NUM_THREADS"": ""1"", ""NUMEXPR_NUM_THREADS"": ""1"", ""OMP_DYNAMIC"": ""FALSE"", ""OMP_NUM_THREADS"": ""1"", ""OPENBLAS_NUM_THREADS"": ""1"", ""PYTHONHASHSEED"": ""0"", ""VECLIB_MAXIMUM_THREADS"": ""1""}",tree_path,6,6,0,0.13195567499496974,20,19,22,21,102,180,narrow,path,20,uniform,"{""kind"": ""categorical"", ""probs"": [0.75, 0.25], ""values"": [1, 2]}",uniform,24,background,beam_local_capped,A narrow observed tree and short template path favor local transitions; the cap is expected to remove occasional high-degree bursts. Large preset: more instances and a larger structural workload.,250,179,58,1,40,1,,200.0,16.0,431.0,80792.0,,,,,,,,,,,,,,,,,,,68.0,True,exact_agreement,3,0.0,6.8e-05,0.9803921568627452,1.3333333333333286,0.9803921568627452,98.03921568627452,True,0.9948448501284434,0.9948469338146506,0.9875656287413513,0.98756665539294
narrow_tree_to_path,3,beam_partial_score,generic,False,"{""beam_balance_penalty"": 0.0, ""beam_candidate_future_weight"": 0.0, ""beam_expansion_width"": 64, ""beam_gap_penalty"": 0.0, ""beam_lookahead"": false, ""beam_n_restarts"": 1, ""beam_priority_future_weight"": 0.0, ""beam_priority_length_weight"": 0.0, ""beam_random_fraction"": 0.0, ""beam_rarity_weight"": 0.0, ""beam_symmetric"": false, ""beam_width"": 200, ""candidate_select_mode"": ""first"", ""method"": ""beam"", ""seed"": 0}",jaccard,10000,180,1800000,157101,7.483333333333333,24.999999999999996,ok,,25.0,1.9049912225455046e-06,1.0674993973225355e-05,4.132161266985349,4.115476925013354,4.152729624998756,4.132039700803579,4.120389444025932,4.139441242994508,0.014940921936122146,0.011771822959417477,5.0,"[4.152729624998756, 4.132161266985349, 4.115476925013354, 4.120389444025932, 4.139441242994508]",4.132163171976572,5.0,1.0,29.0,0.0,0.0,0.0,0.047619047619047616,beam_partial,10000.0,180.0,0.0,0.02785642899107188,4.111969222838525,0.044396759156370535,7.1369868237525225e-06,4.187429281009827,702177.0,146946.0,146946.0,,146946.0,9529.0,3933.0,200.0,30.0,1.0,1.0,24.999999999999996,29.0,,,,,,,,,True,beam_fit,10000.0,180.0,9.679992217570543e-06,0.0,0.0,0.0,0.0,9.679992217570543e-06,0.0,,,,,,,,,1.0,1.0,,,,2.3920147214084864e-06,4.12439074498252,4.1243931369972415,24.999999999999996,25.0,0.0,isolated,1,True,900.0,33.34335291699972,33.10476142499829,0.23859149200143293,208343040.0,198.69140625,resource.ru_maxrss_kib_converted_to_bytes,0.0,"{""BLIS_NUM_THREADS"": ""1"", ""MKL_DYNAMIC"": ""FALSE"", ""MKL_NUM_THREADS"": ""1"", ""NUMBA_NUM_THREADS"": ""1"", ""NUMEXPR_NUM_THREADS"": ""1"", ""OMP_DYNAMIC"": ""FALSE"", ""OMP_NUM_THREADS"": ""1"", ""OPENBLAS_NUM_THREADS"": ""1"", ""PYTHONHASHSEED"": ""0"", ""VECLIB_MAXIMUM_THREADS"": ""1""}",tree_path,7,7,0,0.13195567499496974,20,19,22,21,102,180,narrow,path,20,uniform,"{""kind"": ""categorical"", ""probs"": [0.75, 0.25], ""values"": [1, 2]}",uniform,24,background,beam_local_capped,A narrow observed tree and short template path favor local transitions; the cap is expected to remove occasional high-degree bursts. Large preset: more instances and a larger structural workload.,250,179,58,1,40,1,,,,,,,17496.0,0.0,[24.999999999999996],0.0,"{""beam_width"": 200, ""expansion_width"": 64, ""label_pair_preprocessing_score_evaluations"": 17496, ""lookahead_enabled"": false, ""maximum_matching_length"": 180, ""positive_label_pair_types"": 2973, ""state_pool_size"": 146947}",,,,,,,,,,,,,68.0,True,exact_agreement,3,0.0,6.8e-05,0.3676470588235294,43.0,0.3676470588235294,36.764705882352935,True,0.05015767890371294,0.050158138341015596,0.08827244624690468,0.08827315774090588
narrow_tree_to_path,3,fast_dense,fast_dense,True,{},jaccard,10000,180,1800000,157101,7.483333333333333,,skipped,incompatible_score_mode:jaccard,,,,,,,,,,,,,,,,,,,,,,,,,,,,,,,,,,,,,,,,,,,,,,,,,,,,,,,,,,,,,,,,,,,,,,,,,,,,,,,,,,isolated,1,False,900.0,,,,,,,,,tree_path,1,8,0,0.13195567499496974,20,19,22,21,102,180,narrow,path,20,uniform,"{""kind"": ""categorical"", ""probs"": [0.75, 0.25], ""values"": [1, 2]}",uniform,24,background,beam_local_capped,A narrow observed tree and short template path favor local transitions; the cap is expected to remove occasional high-degree bursts. Large preset: more instances and a larger structural workload.,250,179,58,1,40,1,True,,,,,,,,,,,,,,,,,,,,,,,68.0,True,exact_agreement,3,0.0,6.8e-05,,,,,,,,,
narrow_tree_to_path,4,exact_dense,generic,True,"{""method"": ""exact""}",jaccard,10000,180,1800000,151688,6.333333333333333,71.83332824707031,ok,,71.83333333333333,1.6189878806471825e-06,1.0073010344058275e-05,1.4039397630258463,1.4008438810124062,1.4212158109876327,1.4067901882051956,1.4014297699905,1.4065217160095926,0.008372398795320068,0.002581952983746305,5.0,"[1.4065217160095926, 1.4014297699905, 1.4212158109876327, 1.4008438810124062, 1.4039397630258463]",1.403941382013727,5.0,1.0,90.0,0.05263157894736842,0.011111111111111112,0.045454545454545456,0.5238095238095238,exact_dense,10000.0,180.0,0.0,0.00010311900405213237,0.0,1.4140575659985188,0.0017924639978446066,1.4161795929830987,1800000.0,,150750.0,1800000.0,,,,,,1.0,1.0,71.83332824707031,90.0,,,,,,,,,True,exact_fit,10000.0,180.0,9.08400397747755e-06,0.0,0.0,0.0,0.0,9.08400397747755e-06,0.0,,,,,,,,,1.0,1.0,,,,2.6799971237778664e-06,1.4042342780157924,1.4042369580129161,71.83332824707031,71.83333333333333,0.0,isolated,1,True,900.0,11.498321237013442,11.260682658001315,0.2376385790121276,208343040.0,198.69140625,resource.ru_maxrss_kib_converted_to_bytes,0.0,"{""BLIS_NUM_THREADS"": ""1"", ""MKL_DYNAMIC"": ""FALSE"", ""MKL_NUM_THREADS"": ""1"", ""NUMBA_NUM_THREADS"": ""1"", ""NUMEXPR_NUM_THREADS"": ""1"", ""OMP_DYNAMIC"": ""FALSE"", ""OMP_NUM_THREADS"": ""1"", ""OPENBLAS_NUM_THREADS"": ""1"", ""PYTHONHASHSEED"": ""0"", ""VECLIB_MAXIMUM_THREADS"": ""1""}",tree_path,0,0,0,0.13160833099391311,20,19,22,21,227,180,narrow,path,20,uniform,"{""kind"": ""categorical"", ""probs"": [0.75, 0.25], ""values"": [1, 2]}",uniform,24,background,beam_local_capped,A narrow observed tree and short template path favor local transitions; the cap is expected to remove occasional high-degree bursts. Large preset: more instances and a larger structural workload.,250,179,56,1,45,1,,,,,,,,,,,,,,,,,,,,,,,,71.83333333333334,True,exact_agreement,3,5.0862630303072365e-06,7.183333333333334e-05,1.0,5.0862630303072365e-06,1.0,100.0,True,0.14543440635444302,0.14543515818866032,0.2539375551277789,0.25393870119832
narrow_tree_to_path,4,fast_beam_partial,fast_beam,False,"{""beam_width"": 200, ""expansion_width"": 64, ""max_nodes_per_token_side"": 8, ""max_token_types_per_expansion"": 2048, ""search"": ""partial""}",jaccard,10000,180,1800000,151688,6.333333333333333,,skipped,incompatible_score_mode:jaccard,,,,,,,,,,,,,,,,,,,,,,,,,,,,,,,,,,,,,,,,,,,,,,,,,,,,,,,,,,,,,,,,,,,,,,,,,,,,,,,,,,isolated,1,False,900.0,,,,,,,,,tree_path,8,1,0,0.13160833099391311,20,19,22,21,227,180,narrow,path,20,uniform,"{""kind"": ""categorical"", ""probs"": [0.75, 0.25], ""values"": [1, 2]}",uniform,24,background,beam_local_capped,A narrow observed tree and short template path favor local transitions; the cap is expected to remove occasional high-degree bursts. Large preset: more instances and a larger structural workload.,250,179,56,1,45,1,True,,,,,,,,,,,,,,,,,,,,,,,71.83333333333334,True,exact_agreement,3,5.0862630303072365e-06,7.183333333333334e-05,,,,,,,,,
narrow_tree_to_path,4,sparse_closure,generic_sparse,True,"{""method"": ""sparse""}",jaccard,10000,180,1800000,151688,6.333333333333333,71.83333333333334,ok,,71.83333333333333,0.009096105000935495,0.008960728999227285,1.2825785989989527,1.2757120199967176,1.2986697370070033,1.2847822268027813,1.2808865240076557,1.286064254003577,0.008614053353190796,0.0034856550046242774,5.0,"[1.2808865240076557, 1.2757120199967176, 1.286064254003577, 1.2825785989989527, 1.2986697370070033]",1.2916747039998882,5.0,1.0,89.0,0.05263157894736842,0.011235955056179775,0.045454545454545456,0.5238095238095238,sparse_closure,10000.0,180.0,0.0,0.024261855985969305,0.0076258940098341554,1.3122787580068689,0.00017213998944498599,1.368190893001156,150750.0,150750.0,150750.0,1785179.0,,,,,,1.0,1.0,71.83333333333334,89.0,,,True,,,,,,True,sparse_fit,10000.0,180.0,0.0089584429806564,0.0,0.0,0.0,0.0,0.0089584429806564,0.0,,,,,,,,,1.0,1.0,,,False,0.009951634012395516,1.2754312900069635,1.285382924019359,71.83333333333334,71.83333333333333,0.0,isolated,1,True,900.0,10.613368650985649,10.374363211973105,0.23900543901254423,342761472.0,326.8828125,resource.ru_maxrss_kib_converted_to_bytes,0.0,"{""BLIS_NUM_THREADS"": ""1"", ""MKL_DYNAMIC"": ""FALSE"", ""MKL_NUM_THREADS"": ""1"", ""NUMBA_NUM_THREADS"": ""1"", ""NUMEXPR_NUM_THREADS"": ""1"", ""OMP_DYNAMIC"": ""FALSE"", ""OMP_NUM_THREADS"": ""1"", ""OPENBLAS_NUM_THREADS"": ""1"", ""PYTHONHASHSEED"": ""0"", ""VECLIB_MAXIMUM_THREADS"": ""1""}",tree_path,2,2,0,0.13160833099391311,20,19,22,21,227,180,narrow,path,20,uniform,"{""kind"": ""categorical"", ""probs"": [0.75, 0.25], ""values"": [1, 2]}",uniform,24,background,beam_local_capped,A narrow observed tree and short template path favor local transitions; the cap is expected to remove occasional high-degree bursts. Large preset: more instances and a larger structural workload.,250,179,56,1,45,1,,,,,,1795360.0,,,,,,,,,,,,,,,,,,71.83333333333334,True,exact_agreement,3,5.0862630303072365e-06,7.183333333333334e-05,1.0,0.0,1.0,100.0,True,0.15919581548641457,0.15807574178582848,0.27466595955509693,0.27299724203196823
narrow_tree_to_path,4,fast_sparse,fast_sparse,True,{},jaccard,10000,180,1800000,151688,6.333333333333333,,skipped,incompatible_score_mode:jaccard,,,,,,,,,,,,,,,,,,,,,,,,,,,,,,,,,,,,,,,,,,,,,,,,,,,,,,,,,,,,,,,,,,,,,,,,,,,,,,,,,,isolated,1,False,900.0,,,,,,,,,tree_path,4,3,0,0.13160833099391311,20,19,22,21,227,180,narrow,path,20,uniform,"{""kind"": ""categorical"", ""probs"": [0.75, 0.25], ""values"": [1, 2]}",uniform,24,background,beam_local_capped,A narrow observed tree and short template path favor local transitions; the cap is expected to remove occasional high-degree bursts. Large preset: more instances and a larger structural workload.,250,179,56,1,45,1,True,,,,,,,,,,,,,,,,,,,,,,,71.83333333333334,True,exact_agreement,3,5.0862630303072365e-06,7.183333333333334e-05,,,,,,,,,
narrow_tree_to_path,4,beam_local,generic,False,"{""beam_local_child_cap"": null, ""beam_width"": 200, ""method"": ""beam_local""}",jaccard,10000,180,1800000,151688,6.333333333333333,67.0,ok,,67.0,1.1399970389902592e-06,7.227994501590729e-06,0.2117680469818879,0.20814120600698516,0.22408730202005245,0.21363780699903145,0.2101210090040695,0.21407147098216228,0.006234109875704969,0.00230342400027439,5.0,"[0.2101210090040695, 0.21407147098216228, 0.20814120600698516, 0.22408730202005245, 0.2117680469818879]",0.21176918697892688,5.0,1.0,89.0,0.0,0.0,0.0,0.5238095238095238,beam_local,10000.0,180.0,0.0,0.0015125340141821653,0.194966839189874,0.03236375481355935,2.504501026123762e-05,0.23003744697780348,80471.0,80471.0,6915.0,,241882.0,86889.0,80944.0,200.0,432.0,1.0,1.0,67.0,89.0,,,,,,,,,True,beam_local_fit,10000.0,180.0,6.360001862049103e-06,0.0,0.0,0.0,0.0,6.360001862049103e-06,0.0,,,,,,,,,1.0,1.0,,,,2.4469918571412563e-06,0.2093852580001112,0.20938770499196835,67.0,67.0,0.0,isolated,1,True,900.0,1.952548085973831,1.7156450120091904,0.2369030739646405,208343040.0,198.69140625,resource.ru_maxrss_kib_converted_to_bytes,0.0,"{""BLIS_NUM_THREADS"": ""1"", ""MKL_DYNAMIC"": ""FALSE"", ""MKL_NUM_THREADS"": ""1"", ""NUMBA_NUM_THREADS"": ""1"", ""NUMEXPR_NUM_THREADS"": ""1"", ""OMP_DYNAMIC"": ""FALSE"", ""OMP_NUM_THREADS"": ""1"", ""OPENBLAS_NUM_THREADS"": ""1"", ""PYTHONHASHSEED"": ""0"", ""VECLIB_MAXIMUM_THREADS"": ""1""}",tree_path,5,4,0,0.13160833099391311,20,19,22,21,227,180,narrow,path,20,uniform,"{""kind"": ""categorical"", ""probs"": [0.75, 0.25], ""values"": [1, 2]}",uniform,24,background,beam_local_capped,A narrow observed tree and short template path favor local transitions; the cap is expected to remove occasional high-degree bursts. Large preset: more instances and a larger structural workload.,250,179,56,1,45,1,,200.0,,431.0,80945.0,,,,,,,,,,,,,,,,,,,71.83333333333334,True,exact_agreement,3,5.0862630303072365e-06,7.183333333333334e-05,0.9327146171693734,4.833333333333343,0.9327146171693734,93.27146171693734,True,0.9641735328017856,0.9641744386594397,0.9481832100071194,0.9481836480371293
narrow_tree_to_path,4,beam_local_capped,generic,False,"{""beam_local_child_cap"": 16, ""beam_width"": 200, ""method"": ""beam_local""}",jaccard,10000,180,1800000,151688,6.333333333333333,66.91666666666669,ok,,66.91666666666667,1.2909877113997936e-06,7.124996045604348e-06,0.20418114599306136,0.2034276880149264,0.21737086298526265,0.20687378739821724,0.20392072599497624,0.2054685140028596,0.005916288522871282,0.0007534579781349748,5.0,"[0.2054685140028596, 0.20418114599306136, 0.2034276880149264, 0.21737086298526265, 0.20392072599497624]",0.20418243698077276,5.0,1.0,93.0,0.10526315789473684,0.021505376344086023,0.5454545454545454,0.47619047619047616,beam_local,10000.0,180.0,0.0,0.0014403820096049458,0.18667755139176734,0.03226142661878839,2.893697819672525e-05,0.22161473499727435,80575.0,80575.0,6855.0,,242187.0,86584.0,81041.0,200.0,432.0,1.0,1.0,66.91666666666669,93.0,,,,,,,,,True,beam_local_fit,10000.0,180.0,6.156013114377856e-06,0.0,0.0,0.0,0.0,6.156013114377856e-06,0.0,,,,,,,,,1.0,1.0,,,,2.4459732230752707e-06,0.2069065919786226,0.20690903795184568,66.91666666666669,66.91666666666667,0.0,isolated,1,True,900.0,1.900780477997614,1.6678412960027345,0.23293918199487962,208343040.0,198.69140625,resource.ru_maxrss_kib_converted_to_bytes,0.0,"{""BLIS_NUM_THREADS"": ""1"", ""MKL_DYNAMIC"": ""FALSE"", ""MKL_NUM_THREADS"": ""1"", ""NUMBA_NUM_THREADS"": ""1"", ""NUMEXPR_NUM_THREADS"": ""1"", ""OMP_DYNAMIC"": ""FALSE"", ""OMP_NUM_THREADS"": ""1"", ""OPENBLAS_NUM_THREADS"": ""1"", ""PYTHONHASHSEED"": ""0"", ""VECLIB_MAXIMUM_THREADS"": ""1""}",tree_path,6,5,0,0.13160833099391311,20,19,22,21,227,180,narrow,path,20,uniform,"{""kind"": ""categorical"", ""probs"": [0.75, 0.25], ""values"": [1, 2]}",uniform,24,background,beam_local_capped,A narrow observed tree and short template path favor local transitions; the cap is expected to remove occasional high-degree bursts. Large preset: more instances and a larger structural workload.,250,179,56,1,45,1,,200.0,16.0,431.0,81042.0,,,,,,,,,,,,,,,,,,,71.83333333333334,True,exact_agreement,3,5.0862630303072365e-06,7.183333333333334e-05,0.9315545243619491,4.916666666666657,0.9315545243619491,93.1554524361949,True,1.0,1.0,0.9645645645645645,0.9645645645645645
narrow_tree_to_path,4,beam_partial_score,generic,False,"{""beam_balance_penalty"": 0.0, ""beam_candidate_future_weight"": 0.0, ""beam_expansion_width"": 64, ""beam_gap_penalty"": 0.0, ""beam_lookahead"": false, ""beam_n_restarts"": 1, ""beam_priority_future_weight"": 0.0, ""beam_priority_length_weight"": 0.0, ""beam_random_fraction"": 0.0, ""beam_rarity_weight"": 0.0, ""beam_symmetric"": false, ""beam_width"": 200, ""candidate_select_mode"": ""first"", ""method"": ""beam"", ""seed"": 0}",jaccard,10000,180,1800000,151688,6.333333333333333,13.5,ok,,13.5,1.581996912136674e-06,9.890005458146334e-06,2.308324381010607,2.3038561690191273,2.3245452479750384,2.312105486402288,2.3069396339997184,2.3168620000069495,0.008461768668169488,0.00446821199147962,5.0,"[2.3245452479750384, 2.308324381010607, 2.3038561690191273, 2.3069396339997184, 2.3168620000069495]",2.308325963007519,5.0,1.0,16.0,0.0,0.0,0.0,0.09523809523809523,beam_partial,10000.0,180.0,0.0,0.02476472398848273,2.2990634749876335,0.019129602005705237,3.1040108297020197e-06,2.3441289970069192,316377.0,55638.0,55638.0,,55638.0,10065.0,2509.0,200.0,17.0,1.0,1.0,13.5,16.0,,,,,,,,,True,beam_fit,10000.0,180.0,8.637987775728106e-06,0.0,0.0,0.0,0.0,8.637987775728106e-06,0.0,,,,,,,,,1.0,1.0,,,,2.555985702201724e-06,2.3233749479986727,2.323377503984375,13.5,13.5,0.0,isolated,1,True,900.0,18.796553387015592,18.560412763996283,0.23614062301930971,208343040.0,198.69140625,resource.ru_maxrss_kib_converted_to_bytes,0.0,"{""BLIS_NUM_THREADS"": ""1"", ""MKL_DYNAMIC"": ""FALSE"", ""MKL_NUM_THREADS"": ""1"", ""NUMBA_NUM_THREADS"": ""1"", ""NUMEXPR_NUM_THREADS"": ""1"", ""OMP_DYNAMIC"": ""FALSE"", ""OMP_NUM_THREADS"": ""1"", ""OPENBLAS_NUM_THREADS"": ""1"", ""PYTHONHASHSEED"": ""0"", ""VECLIB_MAXIMUM_THREADS"": ""1""}",tree_path,7,6,0,0.13160833099391311,20,19,22,21,227,180,narrow,path,20,uniform,"{""kind"": ""categorical"", ""probs"": [0.75, 0.25], ""values"": [1, 2]}",uniform,24,background,beam_local_capped,A narrow observed tree and short template path favor local transitions; the cap is expected to remove occasional high-degree bursts. Large preset: more instances and a larger structural workload.,250,179,56,1,45,1,,,,,,,15120.0,0.0,[13.5],0.0,"{""beam_width"": 200, ""expansion_width"": 64, ""label_pair_preprocessing_score_evaluations"": 15120, ""lookahead_enabled"": false, ""maximum_matching_length"": 180, ""positive_label_pair_types"": 2541, ""state_pool_size"": 55639}",,,,,,,,,,,,,71.83333333333334,True,exact_agreement,3,5.0862630303072365e-06,7.183333333333334e-05,0.1879350348027842,58.33333333333334,0.1879350348027842,18.79350348027842,True,0.08845426911085559,0.08845476776371018,0.12029160252162063,0.12029206362738866
narrow_tree_to_path,4,fast_dense,fast_dense,True,{},jaccard,10000,180,1800000,151688,6.333333333333333,,skipped,incompatible_score_mode:jaccard,,,,,,,,,,,,,,,,,,,,,,,,,,,,,,,,,,,,,,,,,,,,,,,,,,,,,,,,,,,,,,,,,,,,,,,,,,,,,,,,,,isolated,1,False,900.0,,,,,,,,,tree_path,1,7,0,0.13160833099391311,20,19,22,21,227,180,narrow,path,20,uniform,"{""kind"": ""categorical"", ""probs"": [0.75, 0.25], ""values"": [1, 2]}",uniform,24,background,beam_local_capped,A narrow observed tree and short template path favor local transitions; the cap is expected to remove occasional high-degree bursts. Large preset: more instances and a larger structural workload.,250,179,56,1,45,1,True,,,,,,,,,,,,,,,,,,,,,,,71.83333333333334,True,exact_agreement,3,5.0862630303072365e-06,7.183333333333334e-05,,,,,,,,,
narrow_tree_to_path,4,sparse_chain,generic_sparse,True,"{""method"": ""sparse_chain""}",jaccard,10000,180,1800000,151688,6.333333333333333,71.83333333333334,ok,,71.83333333333333,0.009083829005248845,0.0089649909932632,0.5454752680088859,0.5431389670120552,0.5470444429956842,0.5453911960008554,0.5449187060003169,0.5463785959873348,0.001500919275006587,0.0009033279784489423,5.0,"[0.5449187060003169, 0.5470444429956842, 0.5454752680088859, 0.5431389670120552, 0.5463785959873348]",0.5545590970141347,5.0,1.0,90.0,0.05263157894736842,0.011111111111111112,0.045454545454545456,0.5238095238095238,sparse_chain,10000.0,180.0,0.0,0.04814067599363625,0.20024559501325712,0.31594462899374776,2.4339009542018175e-05,0.5752594090008643,150750.0,150750.0,150750.0,,,,,,,1.0,1.0,71.83333333333334,90.0,150750.0,150750.0,True,149521.0,852967.0,5652.0,150750.0,207030.0,True,sparse_chain_fit,10000.0,180.0,0.008962855994468555,0.0,0.0,0.0,0.0,0.008962855994468555,0.0,,,,,,,,,1.0,1.0,,,False,0.009849458991084248,0.5497672669880558,0.55961672597914,71.83333333333334,71.83333333333333,0.0,isolated,1,True,900.0,4.666268186992966,4.4241692350187805,0.24209895197418518,208343040.0,198.69140625,resource.ru_maxrss_kib_converted_to_bytes,0.0,"{""BLIS_NUM_THREADS"": ""1"", ""MKL_DYNAMIC"": ""FALSE"", ""MKL_NUM_THREADS"": ""1"", ""NUMBA_NUM_THREADS"": ""1"", ""NUMEXPR_NUM_THREADS"": ""1"", ""OMP_DYNAMIC"": ""FALSE"", ""OMP_NUM_THREADS"": ""1"", ""OPENBLAS_NUM_THREADS"": ""1"", ""PYTHONHASHSEED"": ""0"", ""VECLIB_MAXIMUM_THREADS"": ""1""}",tree_path,3,8,0,0.13160833099391311,20,19,22,21,227,180,narrow,path,20,uniform,"{""kind"": ""categorical"", ""probs"": [0.75, 0.25], ""values"": [1, 2]}",uniform,24,background,beam_local_capped,A narrow observed tree and short template path favor local transitions; the cap is expected to remove occasional high-degree bursts. Large preset: more instances and a larger structural workload.,250,179,56,1,45,1,,,,,,,,,,,,,,,,,,,,,,,,71.83333333333334,True,exact_agreement,3,5.0862630303072365e-06,7.183333333333334e-05,1.0,0.0,1.0,100.0,True,0.37431788014582396,0.36818877930257543,0.5447326059762919,0.5382134174353588
wide_shallow_tree_pair,0,beam_partial_score,generic,False,"{""beam_balance_penalty"": 0.0, ""beam_candidate_future_weight"": 0.0, ""beam_expansion_width"": 64, ""beam_gap_penalty"": 0.0, ""beam_lookahead"": false, ""beam_n_restarts"": 1, ""beam_priority_future_weight"": 0.0, ""beam_priority_length_weight"": 0.0, ""beam_random_fraction"": 0.0, ""beam_rarity_weight"": 0.0, ""beam_symmetric"": false, ""beam_width"": 200, ""candidate_select_mode"": ""first"", ""method"": ""beam"", ""seed"": 0}",jaccard,800,800,640000,624622,3.463586271099399,2.0,ok,,2.0,1.2469827197492123e-06,6.930000381544232e-06,0.20856489200377837,0.20793953799875453,0.22238729198579676,0.2112509701983072,0.20836952800164,0.20899360100156628,0.006236920054341754,0.0004287089977879077,5.0,"[0.20856489200377837, 0.20836952800164, 0.22238729198579676, 0.20899360100156628, 0.20793953799875453]",0.20856613898649812,5.0,1.0,2.0,0.0,0.0,0.0,0.0,beam_partial,800.0,800.0,0.0,0.029909991018939763,0.18139628687640652,9.851012146100402e-05,1.0110088624060154e-06,0.21174058198812418,22956.0,76.0,76.0,,76.0,76.0,76.0,64.0,3.0,1.0,1.0,2.0,2.0,,,,,,,,,True,beam_fit,800.0,800.0,6.122019840404391e-06,0.0,0.0,0.0,0.0,6.122019840404391e-06,0.0,,,,,,,,,1.0,1.0,,,,2.3840111680328846e-06,0.2111145920061972,0.21111697601736523,2.0,2.0,0.0,isolated,1,True,900.0,1.9274403169983998,1.6878694590122905,0.23957085798610933,208539648.0,198.87890625,resource.ru_maxrss_kib_converted_to_bytes,0.0,"{""BLIS_NUM_THREADS"": ""1"", ""MKL_DYNAMIC"": ""FALSE"", ""MKL_NUM_THREADS"": ""1"", ""NUMBA_NUM_THREADS"": ""1"", ""NUMEXPR_NUM_THREADS"": ""1"", ""OMP_DYNAMIC"": ""FALSE"", ""OMP_NUM_THREADS"": ""1"", ""OPENBLAS_NUM_THREADS"": ""1"", ""PYTHONHASHSEED"": ""0"", ""VECLIB_MAXIMUM_THREADS"": ""1""}",tree_tree,7,0,0,0.04600890597794205,18,6,6,7,7,7,wide,wide,12,zipf,"{""kind"": ""categorical"", ""probs"": [0.7, 0.3], ""values"": [2, 3]}",inverse_sqrt,7,reserved,beam_local_capped,Shallow but very wide trees test whether a child cap controls the local cross product. Large preset: more instances and a larger structural workload.,6,6,440,445,440,445,,,,,,,13910.0,0.0,[2.0],0.0,"{""beam_width"": 200, ""expansion_width"": 64, ""label_pair_preprocessing_score_evaluations"": 13910, ""lookahead_enabled"": false, ""maximum_matching_length"": 7, ""positive_label_pair_types"": 7923, ""state_pool_size"": 77}",,,,,,,,,,,,,4.500486373901367,True,exact_agreement,3,1.3643925100836896e-08,1e-05,0.4443964127073329,2.500486373901367,0.4443964127073329,44.43964127073329,True,0.012591812501794718,0.012596114664136064,0.02448971766272613,0.02449785427778867
wide_shallow_tree_pair,0,exact_dense,generic,True,"{""method"": ""exact""}",jaccard,800,800,640000,624622,3.463586271099399,4.500486373901367,ok,,4.500486360257442,1.8620048649609089e-06,9.322015102952719e-06,0.7944526220089756,0.791532194998581,0.7967381690104958,0.7939930792024825,0.7915972849878017,0.7956451250065584,0.0023596468998524295,0.0022855470015201718,5.0,"[0.7967381690104958, 0.791532194998581, 0.7956451250065584, 0.7915972849878017, 0.7944526220089756]",0.7944544840138406,5.0,1.0,6.0,0.16666666666666666,0.16666666666666666,0.16666666666666666,0.14285714285714285,exact_dense,800.0,800.0,0.0,0.00012352698831818998,0.0,0.8162424789916258,0.000963541999226436,0.8174606050015427,640000.0,,503696.0,640000.0,,,,,,1.0,1.0,4.500486373901367,6.0,,,,,,,,,True,exact_fit,800.0,800.0,8.295988664031029e-06,0.0,0.0,0.0,0.0,8.295988664031029e-06,0.0,,,,,,,,,1.0,1.0,,,,2.2439926397055387e-06,0.8079911929962691,0.8079934369889088,4.500486373901367,4.500486360257442,0.0,isolated,1,True,900.0,6.617955194989918,6.385314347018721,0.23264084797119722,208539648.0,198.87890625,resource.ru_maxrss_kib_converted_to_bytes,0.0,"{""BLIS_NUM_THREADS"": ""1"", ""MKL_DYNAMIC"": ""FALSE"", ""MKL_NUM_THREADS"": ""1"", ""NUMBA_NUM_THREADS"": ""1"", ""NUMEXPR_NUM_THREADS"": ""1"", ""OMP_DYNAMIC"": ""FALSE"", ""OMP_NUM_THREADS"": ""1"", ""OPENBLAS_NUM_THREADS"": ""1"", ""PYTHONHASHSEED"": ""0"", ""VECLIB_MAXIMUM_THREADS"": ""1""}",tree_tree,0,1,0,0.04600890597794205,18,6,6,7,7,7,wide,wide,12,zipf,"{""kind"": ""categorical"", ""probs"": [0.7, 0.3], ""values"": [2, 3]}",inverse_sqrt,7,reserved,beam_local_capped,Shallow but very wide trees test whether a child cap controls the local cross product. Large preset: more instances and a larger structural workload.,6,6,440,445,440,445,,,,,,,,,,,,,,,,,,,,,,,,4.500486373901367,True,exact_agreement,3,1.3643925100836896e-08,1e-05,1.0,0.0,1.0,100.0,True,0.0033056848725951733,0.0033068263249733275,0.0065895866482904375,0.0065918545318503375
wide_shallow_tree_pair,0,sparse_closure,generic_sparse,True,"{""method"": ""sparse""}",jaccard,800,800,640000,624622,3.463586271099399,4.500486360257442,ok,,4.500486360257442,0.0017413980094715953,0.0016485549858771265,1.1113777569844387,1.1039149569987785,1.1285884040116798,1.1128438971936703,1.105039414978819,1.1152989529946353,0.009958693145779855,0.006338342005619779,5.0,"[1.1152989529946353, 1.1113777569844387, 1.105039414978819, 1.1285884040116798, 1.1039149569987785]",1.1131191549939103,5.0,1.0,6.0,0.16666666666666666,0.16666666666666666,0.16666666666666666,0.14285714285714285,sparse_closure,800.0,800.0,0.0,0.02038886700756848,0.013277037010993809,1.1285977229999844,5.373003659769893e-06,1.1758433560025878,503696.0,503696.0,503696.0,578411.0,,,,,,1.0,1.0,4.500486360257442,6.0,,,True,,,,,,True,sparse_fit,800.0,800.0,0.0016461490013170987,0.0,0.0,0.0,0.0,0.0016461490013170987,0.0,,,,,,,,,1.0,1.0,,,False,0.0017976559756789356,1.1291740000015125,1.1309716559771914,4.500486360257442,4.500486360257442,0.0,isolated,1,True,900.0,9.24305779201677,8.99906552201719,0.24399226999958046,257036288.0,245.12890625,resource.ru_maxrss_kib_converted_to_bytes,0.0,"{""BLIS_NUM_THREADS"": ""1"", ""MKL_DYNAMIC"": ""FALSE"", ""MKL_NUM_THREADS"": ""1"", ""NUMBA_NUM_THREADS"": ""1"", ""NUMEXPR_NUM_THREADS"": ""1"", ""OMP_DYNAMIC"": ""FALSE"", ""OMP_NUM_THREADS"": ""1"", ""OPENBLAS_NUM_THREADS"": ""1"", ""PYTHONHASHSEED"": ""0"", ""VECLIB_MAXIMUM_THREADS"": ""1""}",tree_tree,2,2,0,0.04600890597794205,18,6,6,7,7,7,wide,wide,12,zipf,"{""kind"": ""categorical"", ""probs"": [0.7, 0.3], ""values"": [2, 3]}",inverse_sqrt,7,reserved,beam_local_capped,Shallow but very wide trees test whether a child cap controls the local cross product. Large preset: more instances and a larger structural workload.,6,6,440,445,440,445,,,,,,580012.0,,,,,,,,,,,,,,,,,,4.500486373901367,True,exact_agreement,3,1.3643925100836896e-08,1e-05,1.0,1.3643925100836896e-08,1.0,100.0,True,0.0023630219320696856,0.00236014535366112,0.004714902446251311,0.004709176366601037
wide_shallow_tree_pair,0,fast_beam_partial,fast_beam,False,"{""beam_width"": 200, ""expansion_width"": 64, ""max_nodes_per_token_side"": 8, ""max_token_types_per_expansion"": 2048, ""search"": ""partial""}",jaccard,800,800,640000,624622,3.463586271099399,,skipped,incompatible_score_mode:jaccard,,,,,,,,,,,,,,,,,,,,,,,,,,,,,,,,,,,,,,,,,,,,,,,,,,,,,,,,,,,,,,,,,,,,,,,,,,,,,,,,,,isolated,1,False,900.0,,,,,,,,,tree_tree,8,3,0,0.04600890597794205,18,6,6,7,7,7,wide,wide,12,zipf,"{""kind"": ""categorical"", ""probs"": [0.7, 0.3], ""values"": [2, 3]}",inverse_sqrt,7,reserved,beam_local_capped,Shallow but very wide trees test whether a child cap controls the local cross product. Large preset: more instances and a larger structural workload.,6,6,440,445,440,445,True,,,,,,,,,,,,,,,,,,,,,,,4.500486373901367,True,exact_agreement,3,1.3643925100836896e-08,1e-05,,,,,,,,,
wide_shallow_tree_pair,0,beam_local_capped,generic,False,"{""beam_local_child_cap"": 16, ""beam_width"": 200, ""method"": ""beam_local""}",jaccard,800,800,640000,624622,3.463586271099399,2.6184781642227666,ok,,2.6184781642227666,9.129871614277363e-07,6.133021088317037e-06,0.0026262100145686418,0.002593877987237647,0.0026443550013937056,0.002617576392367482,0.0025944509834516793,0.002628987975185737,2.24625048655001e-05,1.8144986825063825e-05,5.0,"[0.002628987975185737, 0.0026443550013937056, 0.0026262100145686418, 0.0025944509834516793, 0.002593877987237647]",0.0026271230017300695,5.0,1.0,4.0,0.16666666666666666,0.25,0.16666666666666666,0.14285714285714285,beam_local,800.0,800.0,0.0,0.00019450701074674726,0.0022865279752295464,0.00034284303546883166,1.2710224837064743e-06,0.002861949004000053,744.0,744.0,624.0,,2156.0,1016.0,870.0,200.0,12.0,1.0,1.0,2.6184781642227666,4.0,,,,,,,,,True,beam_local_fit,800.0,800.0,5.326000973582268e-06,0.0,0.0,0.0,0.0,5.326000973582268e-06,0.0,,,,,,,,,1.0,1.0,,,,2.6439956855028868e-06,0.0029342809866648167,0.0029369249823503196,2.6184781642227666,2.6184781642227666,0.0,isolated,1,True,900.0,0.26151513899094425,0.021993418980855495,0.23952172001008876,208539648.0,198.87890625,resource.ru_maxrss_kib_converted_to_bytes,0.0,"{""BLIS_NUM_THREADS"": ""1"", ""MKL_DYNAMIC"": ""FALSE"", ""MKL_NUM_THREADS"": ""1"", ""NUMBA_NUM_THREADS"": ""1"", ""NUMEXPR_NUM_THREADS"": ""1"", ""OMP_DYNAMIC"": ""FALSE"", ""OMP_NUM_THREADS"": ""1"", ""OPENBLAS_NUM_THREADS"": ""1"", ""PYTHONHASHSEED"": ""0"", ""VECLIB_MAXIMUM_THREADS"": ""1""}",tree_tree,6,4,0,0.04600890597794205,18,6,6,7,7,7,wide,wide,12,zipf,"{""kind"": ""categorical"", ""probs"": [0.7, 0.3], ""values"": [2, 3]}",inverse_sqrt,7,reserved,beam_local_capped,Shallow but very wide trees test whether a child cap controls the local cross product. Large preset: more instances and a larger structural workload.,6,6,440,445,440,445,,200.0,16.0,14.0,871.0,,,,,,,,,,,,,,,,,,,4.500486373901367,True,exact_agreement,3,1.3643925100836896e-08,1e-05,0.58182115146654,1.8820082096786006,0.58182115146654,58.182115146654,True,1.0,1.0,0.7356345575820898,0.7356345575820898
wide_shallow_tree_pair,0,sparse_chain,generic_sparse,True,"{""method"": ""sparse_chain""}",jaccard,800,800,640000,624622,3.463586271099399,4.500486360257442,ok,,4.500486360257442,0.0018022260046564043,0.0018034130043815821,1.5440636230050586,1.541093105013715,1.5687858920136932,1.5479597158089746,1.5411721139971633,1.5446838450152427,0.011756512727773689,0.0028915090078953654,5.0,"[1.5440636230050586, 1.541093105013715, 1.5411721139971633, 1.5446838450152427, 1.5687858920136932]",1.545865849009715,5.0,1.0,6.0,0.16666666666666666,0.16666666666666666,0.16666666666666666,0.14285714285714285,sparse_chain,800.0,800.0,0.0,0.1591536579944659,0.6879614909994416,0.6968375930155162,2.6119814720004797e-06,1.5731550689961296,503696.0,503696.0,503696.0,,,,,,,1.0,1.0,4.500486360257442,6.0,503696.0,503696.0,True,212681.0,297069.0,1556.0,503696.0,200568.0,True,sparse_chain_fit,800.0,800.0,0.0018012580112554133,0.0,0.0,0.0,0.0,0.0018012580112554133,0.0,,,,,,,,,1.0,1.0,,,False,0.001806160988053307,1.556466793990694,1.5582729549787473,4.500486360257442,4.500486360257442,0.0,isolated,1,True,900.0,12.672406458004843,12.426093082001898,0.246313376002945,283738112.0,270.59375,resource.ru_maxrss_kib_converted_to_bytes,0.0,"{""BLIS_NUM_THREADS"": ""1"", ""MKL_DYNAMIC"": ""FALSE"", ""MKL_NUM_THREADS"": ""1"", ""NUMBA_NUM_THREADS"": ""1"", ""NUMEXPR_NUM_THREADS"": ""1"", ""OMP_DYNAMIC"": ""FALSE"", ""OMP_NUM_THREADS"": ""1"", ""OPENBLAS_NUM_THREADS"": ""1"", ""PYTHONHASHSEED"": ""0"", ""VECLIB_MAXIMUM_THREADS"": ""1""}",tree_tree,3,5,0,0.04600890597794205,18,6,6,7,7,7,wide,wide,12,zipf,"{""kind"": ""categorical"", ""probs"": [0.7, 0.3], ""values"": [2, 3]}",inverse_sqrt,7,reserved,beam_local_capped,Shallow but very wide trees test whether a child cap controls the local cross product. Large preset: more instances and a larger structural workload.,6,6,440,445,440,445,,,,,,,,,,,,,,,,,,,,,,,,4.500486373901367,True,exact_agreement,3,1.3643925100836896e-08,1e-05,1.0,1.3643925100836896e-08,1.0,100.0,True,0.001700843135891971,0.001699450831010343,0.0033959103609564043,0.003393135195592805
wide_shallow_tree_pair,0,beam_local,generic,False,"{""beam_local_child_cap"": null, ""beam_width"": 200, ""method"": ""beam_local""}",jaccard,800,800,640000,624622,3.463586271099399,3.5235107933165635,ok,,3.5235107933165635,1.7629936337471008e-06,9.648996638134122e-06,0.5360461180098355,0.5146153410023544,0.542230221995851,0.531815629999619,0.5246133609907702,0.5415731079992838,0.011929917776662951,0.006184103986015543,5.0,"[0.5360461180098355, 0.5415731079992838, 0.542230221995851, 0.5146153410023544, 0.5246133609907702]",0.5360478810034692,5.0,1.0,4.0,0.16666666666666666,0.25,0.16666666666666666,0.14285714285714285,beam_local,800.0,800.0,0.0,0.0002071100170724094,0.5671277239744086,0.021278532018186525,2.502987626940012e-06,0.5888066749903373,234364.0,234364.0,185835.0,,325333.0,235793.0,1279.0,200.0,12.0,1.0,1.0,3.5235107933165635,4.0,,,,,,,,,True,beam_local_fit,800.0,800.0,8.386006811633706e-06,0.0,0.0,0.0,0.0,8.386006811633706e-06,0.0,,,,,,,,,1.0,1.0,,,,2.3799948394298553e-06,0.5532102079887409,0.5532125879835803,3.5235107933165635,3.5235107933165635,0.0,isolated,1,True,900.0,4.559189303981839,4.3200678970024455,0.23912140697939321,211099648.0,201.3203125,resource.ru_maxrss_kib_converted_to_bytes,0.0,"{""BLIS_NUM_THREADS"": ""1"", ""MKL_DYNAMIC"": ""FALSE"", ""MKL_NUM_THREADS"": ""1"", ""NUMBA_NUM_THREADS"": ""1"", ""NUMEXPR_NUM_THREADS"": ""1"", ""OMP_DYNAMIC"": ""FALSE"", ""OMP_NUM_THREADS"": ""1"", ""OPENBLAS_NUM_THREADS"": ""1"", ""PYTHONHASHSEED"": ""0"", ""VECLIB_MAXIMUM_THREADS"": ""1""}",tree_tree,5,6,0,0.04600890597794205,18,6,6,7,7,7,wide,wide,12,zipf,"{""kind"": ""categorical"", ""probs"": [0.7, 0.3], ""values"": [2, 3]}",inverse_sqrt,7,reserved,beam_local_capped,Shallow but very wide trees test whether a child cap controls the local cross product. Large preset: more instances and a larger structural workload.,6,6,440,445,440,445,,200.0,,14.0,1280.0,,,,,,,,,,,,,,,,,,,4.500486373901367,True,exact_agreement,3,1.3643925100836896e-08,1e-05,0.7829177783427247,0.9769755805848037,0.7829177783427247,78.29177783427247,True,0.004899224015125608,0.0049009110843086555,0.009737514092855736,0.009740846388837909
wide_shallow_tree_pair,0,fast_sparse,fast_sparse,True,{},jaccard,800,800,640000,624622,3.463586271099399,,skipped,incompatible_score_mode:jaccard,,,,,,,,,,,,,,,,,,,,,,,,,,,,,,,,,,,,,,,,,,,,,,,,,,,,,,,,,,,,,,,,,,,,,,,,,,,,,,,,,,isolated,1,False,900.0,,,,,,,,,tree_tree,4,7,0,0.04600890597794205,18,6,6,7,7,7,wide,wide,12,zipf,"{""kind"": ""categorical"", ""probs"": [0.7, 0.3], ""values"": [2, 3]}",inverse_sqrt,7,reserved,beam_local_capped,Shallow but very wide trees test whether a child cap controls the local cross product. Large preset: more instances and a larger structural workload.,6,6,440,445,440,445,True,,,,,,,,,,,,,,,,,,,,,,,4.500486373901367,True,exact_agreement,3,1.3643925100836896e-08,1e-05,,,,,,,,,
wide_shallow_tree_pair,0,fast_dense,fast_dense,True,{},jaccard,800,800,640000,624622,3.463586271099399,,skipped,incompatible_score_mode:jaccard,,,,,,,,,,,,,,,,,,,,,,,,,,,,,,,,,,,,,,,,,,,,,,,,,,,,,,,,,,,,,,,,,,,,,,,,,,,,,,,,,,isolated,1,False,900.0,,,,,,,,,tree_tree,1,8,0,0.04600890597794205,18,6,6,7,7,7,wide,wide,12,zipf,"{""kind"": ""categorical"", ""probs"": [0.7, 0.3], ""values"": [2, 3]}",inverse_sqrt,7,reserved,beam_local_capped,Shallow but very wide trees test whether a child cap controls the local cross product. Large preset: more instances and a larger structural workload.,6,6,440,445,440,445,True,,,,,,,,,,,,,,,,,,,,,,,4.500486373901367,True,exact_agreement,3,1.3643925100836896e-08,1e-05,,,,,,,,,
wide_shallow_tree_pair,1,exact_dense,generic,True,"{""method"": ""exact""}",jaccard,800,800,640000,612323,3.875182177938002,4.0162482261657715,ok,,4.016248444382512,1.4890101738274097e-06,8.713017450645566e-06,0.8057236620225012,0.8038420509838033,0.8065587749879342,0.805330813198816,0.8042578570020851,0.8062717209977563,0.0012160567187496413,0.000835112965432927,5.0,"[0.8057236620225012, 0.8038420509838033, 0.8062717209977563, 0.8042578570020851, 0.8065587749879342]",0.8057251510326751,5.0,1.0,7.0,1.0,0.8571428571428571,1.0,1.0,exact_dense,800.0,800.0,0.0,0.00011717301094904542,0.0,0.8362799610185903,0.0009379970142617822,0.8374560759984888,640000.0,,495595.0,640000.0,,,,,,1.0,1.0,4.0162482261657715,7.0,,,,,,,,,True,exact_fit,800.0,800.0,7.680995622649789e-06,0.0,0.0,0.0,0.0,7.680995622649789e-06,0.0,,,,,,,,,1.0,1.0,,,,2.1799933165311813e-06,0.8141629989841022,0.8141651789774187,4.0162482261657715,4.016248444382512,0.0,isolated,1,True,900.0,6.7266994480160065,6.484035485977074,0.24266396203893237,208539648.0,198.87890625,resource.ru_maxrss_kib_converted_to_bytes,0.0,"{""BLIS_NUM_THREADS"": ""1"", ""MKL_DYNAMIC"": ""FALSE"", ""MKL_NUM_THREADS"": ""1"", ""NUMBA_NUM_THREADS"": ""1"", ""NUMEXPR_NUM_THREADS"": ""1"", ""OMP_DYNAMIC"": ""FALSE"", ""OMP_NUM_THREADS"": ""1"", ""OPENBLAS_NUM_THREADS"": ""1"", ""PYTHONHASHSEED"": ""0"", ""VECLIB_MAXIMUM_THREADS"": ""1""}",tree_tree,0,0,0,0.04288825302501209,18,6,7,6,7,7,wide,wide,12,zipf,"{""kind"": ""categorical"", ""probs"": [0.7, 0.3], ""values"": [2, 3]}",inverse_sqrt,7,reserved,beam_local_capped,Shallow but very wide trees test whether a child cap controls the local cross product. Large preset: more instances and a larger structural workload.,6,6,441,415,441,415,,,,,,,,,,,,,,,,,,,,,,,,4.016248444382512,True,exact_agreement,3,2.1821674067723507e-07,1e-05,1.0,2.1821674067723507e-07,1.0,100.0,True,0.0034531181372224836,0.0034542995320537744,0.006882470291452658,0.006884816844503306
wide_shallow_tree_pair,1,sparse_closure,generic_sparse,True,"{""method"": ""sparse""}",jaccard,800,800,640000,612323,3.875182177938002,4.016248444382512,ok,,4.016248444382512,0.0016834460257086903,0.0016330639773514122,1.0765495779924095,1.0757039850286674,1.0794207730214112,1.0769373838149476,1.0758306110219564,1.077181972010294,0.0015102696177653134,0.0007189669704530388,5.0,"[1.0757039850286674, 1.0794207730214112, 1.077181972010294, 1.0758306110219564, 1.0765495779924095]",1.0782330240181182,5.0,1.0,7.0,1.0,0.8571428571428571,1.0,1.0,sparse_closure,800.0,800.0,0.0,0.019315896002808586,0.012886451004305854,1.0943008880130947,4.104978870600462e-06,1.1403889289940707,495595.0,495595.0,495595.0,576458.0,,,,,,1.0,1.0,4.016248444382512,7.0,,,True,,,,,,True,sparse_fit,800.0,800.0,0.0016311109939124435,0.0,0.0,0.0,0.0,0.0016311109939124435,0.0,,,,,,,,,1.0,1.0,,,False,0.0017395250033587217,1.0865645550074987,1.0883040800108574,4.016248444382512,4.016248444382512,0.0,isolated,1,True,900.0,8.928913006006042,8.690428971021902,0.23848403498413973,254902272.0,243.09375,resource.ru_maxrss_kib_converted_to_bytes,0.0,"{""BLIS_NUM_THREADS"": ""1"", ""MKL_DYNAMIC"": ""FALSE"", ""MKL_NUM_THREADS"": ""1"", ""NUMBA_NUM_THREADS"": ""1"", ""NUMEXPR_NUM_THREADS"": ""1"", ""OMP_DYNAMIC"": ""FALSE"", ""OMP_NUM_THREADS"": ""1"", ""OPENBLAS_NUM_THREADS"": ""1"", ""PYTHONHASHSEED"": ""0"", ""VECLIB_MAXIMUM_THREADS"": ""1""}",tree_tree,2,1,0,0.04288825302501209,18,6,7,6,7,7,wide,wide,12,zipf,"{""kind"": ""categorical"", ""probs"": [0.7, 0.3], ""values"": [2, 3]}",inverse_sqrt,7,reserved,beam_local_capped,Shallow but very wide trees test whether a child cap controls the local cross product. Large preset: more instances and a larger structural workload.,6,6,441,415,441,415,,,,,,578059.0,,,,,,,,,,,,,,,,,,4.016248444382512,True,exact_agreement,3,2.1821674067723507e-07,1e-05,1.0,0.0,1.0,100.0,True,0.00258442253640346,0.0025812750585251583,0.00515552102807506,0.00514925846460573
wide_shallow_tree_pair,1,fast_beam_partial,fast_beam,False,"{""beam_width"": 200, ""expansion_width"": 64, ""max_nodes_per_token_side"": 8, ""max_token_types_per_expansion"": 2048, ""search"": ""partial""}",jaccard,800,800,640000,612323,3.875182177938002,,skipped,incompatible_score_mode:jaccard,,,,,,,,,,,,,,,,,,,,,,,,,,,,,,,,,,,,,,,,,,,,,,,,,,,,,,,,,,,,,,,,,,,,,,,,,,,,,,,,,,isolated,1,False,900.0,,,,,,,,,tree_tree,8,2,0,0.04288825302501209,18,6,7,6,7,7,wide,wide,12,zipf,"{""kind"": ""categorical"", ""probs"": [0.7, 0.3], ""values"": [2, 3]}",inverse_sqrt,7,reserved,beam_local_capped,Shallow but very wide trees test whether a child cap controls the local cross product. Large preset: more instances and a larger structural workload.,6,6,441,415,441,415,True,,,,,,,,,,,,,,,,,,,,,,,4.016248444382512,True,exact_agreement,3,2.1821674067723507e-07,1e-05,,,,,,,,,
wide_shallow_tree_pair,1,beam_local_capped,generic,False,"{""beam_local_child_cap"": 16, ""beam_width"": 200, ""method"": ""beam_local""}",jaccard,800,800,640000,612323,3.875182177938002,2.582160966475471,ok,,2.582160966475471,9.570212569087744e-07,6.317015504464507e-06,0.0027822589909192175,0.0027731540030799806,0.002796918008243665,0.0027826754027046262,0.0027746080013457686,0.0027864380099345,9.65559992930379e-06,7.650989573448896e-06,5.0,"[0.0027864380099345, 0.002796918008243665, 0.0027822589909192175, 0.0027731540030799806, 0.0027746080013457686]",0.0027832160121761262,5.0,1.0,4.0,0.16666666666666666,0.25,0.14285714285714285,0.16666666666666666,beam_local,800.0,800.0,0.0,0.00019561799126677215,0.002459823968820274,0.00035372903221286833,1.1789961718022823e-06,0.0030469569901470095,815.0,815.0,664.0,,2229.0,1059.0,843.0,200.0,12.0,1.0,1.0,2.582160966475471,4.0,,,,,,,,,True,beam_local_fit,800.0,800.0,5.451001925393939e-06,0.0,0.0,0.0,0.0,5.451001925393939e-06,0.0,,,,,,,,,1.0,1.0,,,,2.6780180633068085e-06,0.0031203839753288776,0.0031230619933921844,2.582160966475471,2.582160966475471,0.0,isolated,1,True,900.0,0.2594851430039853,0.02332937001483515,0.23615577298915014,208539648.0,198.87890625,resource.ru_maxrss_kib_converted_to_bytes,0.0,"{""BLIS_NUM_THREADS"": ""1"", ""MKL_DYNAMIC"": ""FALSE"", ""MKL_NUM_THREADS"": ""1"", ""NUMBA_NUM_THREADS"": ""1"", ""NUMEXPR_NUM_THREADS"": ""1"", ""OMP_DYNAMIC"": ""FALSE"", ""OMP_NUM_THREADS"": ""1"", ""OPENBLAS_NUM_THREADS"": ""1"", ""PYTHONHASHSEED"": ""0"", ""VECLIB_MAXIMUM_THREADS"": ""1""}",tree_tree,6,3,0,0.04288825302501209,18,6,7,6,7,7,wide,wide,12,zipf,"{""kind"": ""categorical"", ""probs"": [0.7, 0.3], ""values"": [2, 3]}",inverse_sqrt,7,reserved,beam_local_capped,Shallow but very wide trees test whether a child cap controls the local cross product. Large preset: more instances and a larger structural workload.,6,6,441,415,441,415,,200.0,16.0,14.0,844.0,,,,,,,,,,,,,,,,,,,4.016248444382512,True,exact_agreement,3,2.1821674067723507e-07,1e-05,0.6429285942424988,1.434087477907041,0.6429285942424988,64.29285942424988,True,1.0,1.0,0.7826616403118024,0.7826616403118024
wide_shallow_tree_pair,1,sparse_chain,generic_sparse,True,"{""method"": ""sparse_chain""}",jaccard,800,800,640000,612323,3.875182177938002,4.016248444382512,ok,,4.016248444382512,0.0017729660030454397,0.0017661500023677945,1.5183893009962048,1.5176932280010078,1.5418238870042842,1.5230660302040633,1.5178317190147936,1.519592016004026,0.010512644524839626,0.0006960729951970279,5.0,"[1.5183893009962048, 1.5176932280010078, 1.519592016004026, 1.5178317190147936, 1.5418238870042842]",1.5201622669992503,5.0,1.0,7.0,1.0,0.8571428571428571,1.0,1.0,sparse_chain,800.0,800.0,0.0,0.15774282198981382,0.6673709180031437,0.6996475810010452,3.1050003599375486e-06,1.5528506609844044,495595.0,495595.0,495595.0,,,,,,,1.0,1.0,4.016248444382512,7.0,495595.0,495595.0,True,234271.0,330632.0,1815.0,495595.0,224170.0,True,sparse_chain_fit,800.0,800.0,0.001764017011737451,0.0,0.0,0.0,0.0,0.001764017011737451,0.0,,,,,,,,,1.0,1.0,,,False,0.0017990409978665411,1.5312316239869688,1.5330306649848353,4.016248444382512,4.016248444382512,0.0,isolated,1,True,900.0,12.474797738017514,12.230984898022143,0.24381283999537118,282177536.0,269.10546875,resource.ru_maxrss_kib_converted_to_bytes,0.0,"{""BLIS_NUM_THREADS"": ""1"", ""MKL_DYNAMIC"": ""FALSE"", ""MKL_NUM_THREADS"": ""1"", ""NUMBA_NUM_THREADS"": ""1"", ""NUMEXPR_NUM_THREADS"": ""1"", ""OMP_DYNAMIC"": ""FALSE"", ""OMP_NUM_THREADS"": ""1"", ""OPENBLAS_NUM_THREADS"": ""1"", ""PYTHONHASHSEED"": ""0"", ""VECLIB_MAXIMUM_THREADS"": ""1""}",tree_tree,3,4,0,0.04288825302501209,18,6,7,6,7,7,wide,wide,12,zipf,"{""kind"": ""categorical"", ""probs"": [0.7, 0.3], ""values"": [2, 3]}",inverse_sqrt,7,reserved,beam_local_capped,Shallow but very wide trees test whether a child cap controls the local cross product. Large preset: more instances and a larger structural workload.,6,6,441,415,441,415,,,,,,,,,,,,,,,,,,,,,,,,4.016248444382512,True,exact_agreement,3,2.1821674067723507e-07,1e-05,1.0,0.0,1.0,100.0,True,0.0018323752604775313,0.0018308677123463288,0.0036580476050219707,0.003655043523518227
wide_shallow_tree_pair,1,beam_local,generic,False,"{""beam_local_child_cap"": null, ""beam_width"": 200, ""method"": ""beam_local""}",jaccard,800,800,640000,612323,3.875182177938002,2.8631891756506773,ok,,2.8631891756506778,1.935986801981926e-06,9.738985681906343e-06,0.5352663820085581,0.5034832019882742,0.5547105639998335,0.5306329967977945,0.5208088879880961,0.5388959480042104,0.019384906084525443,0.014457494020462036,5.0,"[0.5208088879880961, 0.5352663820085581, 0.5034832019882742, 0.5388959480042104, 0.5547105639998335]",0.5352683179953601,5.0,1.0,4.0,0.16666666666666666,0.25,0.14285714285714285,0.16666666666666666,beam_local,800.0,800.0,0.0,0.00020096800290048122,0.5568053370225243,0.02075535198673606,2.6279885787516832e-06,0.5780202760070097,228733.0,228733.0,180396.0,,319935.0,230164.0,1284.0,200.0,12.0,1.0,1.0,2.8631891756506773,4.0,,,,,,,,,True,beam_local_fit,800.0,800.0,8.592003723606467e-06,0.0,0.0,0.0,0.0,8.592003723606467e-06,0.0,,,,,,,,,1.0,1.0,,,,2.089975168928504e-06,0.5405551299918443,0.5405572199670132,2.8631891756506773,2.8631891756506778,0.0,isolated,1,True,900.0,4.526122440001927,4.282826845999807,0.2432955940021202,210124800.0,200.390625,resource.ru_maxrss_kib_converted_to_bytes,0.0,"{""BLIS_NUM_THREADS"": ""1"", ""MKL_DYNAMIC"": ""FALSE"", ""MKL_NUM_THREADS"": ""1"", ""NUMBA_NUM_THREADS"": ""1"", ""NUMEXPR_NUM_THREADS"": ""1"", ""OMP_DYNAMIC"": ""FALSE"", ""OMP_NUM_THREADS"": ""1"", ""OPENBLAS_NUM_THREADS"": ""1"", ""PYTHONHASHSEED"": ""0"", ""VECLIB_MAXIMUM_THREADS"": ""1""}",tree_tree,5,5,0,0.04288825302501209,18,6,7,6,7,7,wide,wide,12,zipf,"{""kind"": ""categorical"", ""probs"": [0.7, 0.3], ""values"": [2, 3]}",inverse_sqrt,7,reserved,beam_local_capped,Shallow but very wide trees test whether a child cap controls the local cross product. Large preset: more instances and a larger structural workload.,6,6,441,415,441,415,,200.0,,14.0,1285.0,,,,,,,,,,,,,,,,,,,4.016248444382512,True,exact_agreement,3,2.1821674067723507e-07,1e-05,0.7129014091883166,1.1530592687318348,0.7129014091883166,71.29014091883165,True,0.005197896009233647,0.005199665137289616,0.010320543030681755,0.010324030240902674
wide_shallow_tree_pair,1,fast_sparse,fast_sparse,True,{},jaccard,800,800,640000,612323,3.875182177938002,,skipped,incompatible_score_mode:jaccard,,,,,,,,,,,,,,,,,,,,,,,,,,,,,,,,,,,,,,,,,,,,,,,,,,,,,,,,,,,,,,,,,,,,,,,,,,,,,,,,,,isolated,1,False,900.0,,,,,,,,,tree_tree,4,6,0,0.04288825302501209,18,6,7,6,7,7,wide,wide,12,zipf,"{""kind"": ""categorical"", ""probs"": [0.7, 0.3], ""values"": [2, 3]}",inverse_sqrt,7,reserved,beam_local_capped,Shallow but very wide trees test whether a child cap controls the local cross product. Large preset: more instances and a larger structural workload.,6,6,441,415,441,415,True,,,,,,,,,,,,,,,,,,,,,,,4.016248444382512,True,exact_agreement,3,2.1821674067723507e-07,1e-05,,,,,,,,,
wide_shallow_tree_pair,1,fast_dense,fast_dense,True,{},jaccard,800,800,640000,612323,3.875182177938002,,skipped,incompatible_score_mode:jaccard,,,,,,,,,,,,,,,,,,,,,,,,,,,,,,,,,,,,,,,,,,,,,,,,,,,,,,,,,,,,,,,,,,,,,,,,,,,,,,,,,,isolated,1,False,900.0,,,,,,,,,tree_tree,1,7,0,0.04288825302501209,18,6,7,6,7,7,wide,wide,12,zipf,"{""kind"": ""categorical"", ""probs"": [0.7, 0.3], ""values"": [2, 3]}",inverse_sqrt,7,reserved,beam_local_capped,Shallow but very wide trees test whether a child cap controls the local cross product. Large preset: more instances and a larger structural workload.,6,6,441,415,441,415,True,,,,,,,,,,,,,,,,,,,,,,,4.016248444382512,True,exact_agreement,3,2.1821674067723507e-07,1e-05,,,,,,,,,
wide_shallow_tree_pair,1,beam_partial_score,generic,False,"{""beam_balance_penalty"": 0.0, ""beam_candidate_future_weight"": 0.0, ""beam_expansion_width"": 64, ""beam_gap_penalty"": 0.0, ""beam_lookahead"": false, ""beam_n_restarts"": 1, ""beam_priority_future_weight"": 0.0, ""beam_priority_length_weight"": 0.0, ""beam_random_fraction"": 0.0, ""beam_rarity_weight"": 0.0, ""beam_symmetric"": false, ""beam_width"": 200, ""candidate_select_mode"": ""first"", ""method"": ""beam"", ""seed"": 0}",jaccard,800,800,640000,612323,3.875182177938002,2.0,ok,,2.0,2.067012246698141e-06,1.0507996194064617e-05,0.21436481300042942,0.2109313170076348,0.2265005620138254,0.21629163080360742,0.2142027599911671,0.2154587020049803,0.005952415873986554,0.0010938890045508742,5.0,"[0.2142027599911671, 0.21436481300042942, 0.2265005620138254, 0.2154587020049803, 0.2109313170076348]",0.21436688001267612,5.0,1.0,2.0,0.0,0.0,0.0,0.0,beam_partial,800.0,800.0,0.0,0.02842710301047191,0.19221095004468225,0.0001357759756501764,2.020009560510516e-06,0.221282593003707,27147.0,81.0,81.0,,81.0,81.0,81.0,64.0,3.0,1.0,1.0,2.0,2.0,,,,,,,,,True,beam_fit,800.0,800.0,9.467999916523695e-06,0.0,0.0,0.0,0.0,9.467999916523695e-06,0.0,,,,,,,,,1.0,1.0,,,,2.3560132831335068e-06,0.21504161600023508,0.21504397201351821,2.0,2.0,0.0,isolated,1,True,900.0,1.9780592329916544,1.7321402689849492,0.2459189640067052,208539648.0,198.87890625,resource.ru_maxrss_kib_converted_to_bytes,0.0,"{""BLIS_NUM_THREADS"": ""1"", ""MKL_DYNAMIC"": ""FALSE"", ""MKL_NUM_THREADS"": ""1"", ""NUMBA_NUM_THREADS"": ""1"", ""NUMEXPR_NUM_THREADS"": ""1"", ""OMP_DYNAMIC"": ""FALSE"", ""OMP_NUM_THREADS"": ""1"", ""OPENBLAS_NUM_THREADS"": ""1"", ""PYTHONHASHSEED"": ""0"", ""VECLIB_MAXIMUM_THREADS"": ""1""}",tree_tree,7,8,0,0.04288825302501209,18,6,7,6,7,7,wide,wide,12,zipf,"{""kind"": ""categorical"", ""probs"": [0.7, 0.3], ""values"": [2, 3]}",inverse_sqrt,7,reserved,beam_local_capped,Shallow but very wide trees test whether a child cap controls the local cross product. Large preset: more instances and a larger structural workload.,6,6,441,415,441,415,,,,,,,12760.0,0.0,[2.0],0.0,"{""beam_width"": 200, ""expansion_width"": 64, ""label_pair_preprocessing_score_evaluations"": 12760, ""lookahead_enabled"": false, ""maximum_matching_length"": 7, ""positive_label_pair_types"": 7088, ""state_pool_size"": 82}",,,,,,,,,,,,,4.016248444382512,True,exact_agreement,3,2.1821674067723507e-07,1e-05,0.4979771614471163,2.016248444382512,0.4979771614471163,49.79771614471163,True,0.01297908435613285,0.012983423614746583,0.025298790802289122,0.025307033953525702
wide_shallow_tree_pair,2,sparse_closure,generic_sparse,True,"{""method"": ""sparse""}",jaccard,800,800,640000,620892,3.85095621658709,4.129901753307257,ok,,4.129901753307257,0.0016586580022703856,0.0016153600008692592,1.0978121280204505,1.089419765979983,1.1157298939942848,1.0986755422025454,1.091580143023748,1.0988357799942605,0.010339682758972513,0.006231984996702522,5.0,"[1.0988357799942605, 1.089419765979983, 1.0978121280204505, 1.1157298939942848, 1.091580143023748]",1.0994707860227209,5.0,1.0,5.0,0.0,0.0,0.0,0.0,sparse_closure,800.0,800.0,0.0,0.019212881015846506,0.012995865021366626,1.0911673619993962,3.3040123526006937e-06,1.1362801319919527,499206.0,499206.0,499206.0,583642.0,,,,,,1.0,1.0,4.129901753307257,5.0,,,True,,,,,,True,sparse_fit,800.0,800.0,0.001613354979781434,0.0,0.0,0.0,0.0,0.001613354979781434,0.0,,,,,,,,,1.0,1.0,,,False,0.0017399589996784925,1.0951265870244242,1.0968665460241027,4.129901753307257,4.129901753307257,0.0,isolated,1,True,900.0,9.055401487014024,8.82169273099862,0.2337087560154032,253386752.0,241.6484375,resource.ru_maxrss_kib_converted_to_bytes,0.0,"{""BLIS_NUM_THREADS"": ""1"", ""MKL_DYNAMIC"": ""FALSE"", ""MKL_NUM_THREADS"": ""1"", ""NUMBA_NUM_THREADS"": ""1"", ""NUMEXPR_NUM_THREADS"": ""1"", ""OMP_DYNAMIC"": ""FALSE"", ""OMP_NUM_THREADS"": ""1"", ""OPENBLAS_NUM_THREADS"": ""1"", ""PYTHONHASHSEED"": ""0"", ""VECLIB_MAXIMUM_THREADS"": ""1""}",tree_tree,2,0,0,0.043334636982763186,18,6,7,6,7,7,wide,wide,12,zipf,"{""kind"": ""categorical"", ""probs"": [0.7, 0.3], ""values"": [2, 3]}",inverse_sqrt,7,reserved,beam_local_capped,Shallow but very wide trees test whether a child cap controls the local cross product. Large preset: more instances and a larger structural workload.,6,6,417,444,417,444,,,,,,585243.0,,,,,,,,,,,,,,,,,,4.129901885986328,True,exact_agreement,3,1.3267907128522438e-07,1e-05,1.0,1.3267907128522438e-07,1.0,100.0,True,0.002530242577007843,0.0025273077054553026,0.005047713215122258,0.005041873046310737
wide_shallow_tree_pair,2,fast_beam_partial,fast_beam,False,"{""beam_width"": 200, ""expansion_width"": 64, ""max_nodes_per_token_side"": 8, ""max_token_types_per_expansion"": 2048, ""search"": ""partial""}",jaccard,800,800,640000,620892,3.85095621658709,,skipped,incompatible_score_mode:jaccard,,,,,,,,,,,,,,,,,,,,,,,,,,,,,,,,,,,,,,,,,,,,,,,,,,,,,,,,,,,,,,,,,,,,,,,,,,,,,,,,,,isolated,1,False,900.0,,,,,,,,,tree_tree,8,1,0,0.043334636982763186,18,6,7,6,7,7,wide,wide,12,zipf,"{""kind"": ""categorical"", ""probs"": [0.7, 0.3], ""values"": [2, 3]}",inverse_sqrt,7,reserved,beam_local_capped,Shallow but very wide trees test whether a child cap controls the local cross product. Large preset: more instances and a larger structural workload.,6,6,417,444,417,444,True,,,,,,,,,,,,,,,,,,,,,,,4.129901885986328,True,exact_agreement,3,1.3267907128522438e-07,1e-05,,,,,,,,,
wide_shallow_tree_pair,2,beam_local_capped,generic,False,"{""beam_local_child_cap"": 16, ""beam_width"": 200, ""method"": ""beam_local""}",jaccard,800,800,640000,620892,3.85095621658709,2.054718385684339,ok,,2.054718385684339,9.700015652924776e-07,5.436013452708721e-06,0.0027777309878729284,0.00277243199525401,0.0028175319894216955,0.0027894423925317823,0.0027746580017264932,0.002804858988383785,2.0443738082946016e-05,5.298992618918419e-06,5.0,"[0.0028175319894216955, 0.0027746580017264932, 0.002804858988383785, 0.00277243199525401, 0.0027777309878729284]",0.002778700989438221,5.0,1.0,3.0,0.0,0.0,0.14285714285714285,0.0,beam_local,800.0,800.0,0.0,0.00019623301341198385,0.0025050619442481548,0.00032983903656713665,1.0989897418767214e-06,0.003066881006816402,838.0,838.0,623.0,,2423.0,945.0,807.0,200.0,15.0,1.0,1.0,2.054718385684339,3.0,,,,,,,,,True,beam_local_fit,800.0,800.0,4.555011400952935e-06,0.0,0.0,0.0,0.0,4.555011400952935e-06,0.0,,,,,,,,,1.0,1.0,,,,2.1160230971872807e-06,0.0031049050157889724,0.0031070210388861597,2.054718385684339,2.054718385684339,0.0,isolated,1,True,900.0,0.2564741930109449,0.02336068099248223,0.23311351201846264,208539648.0,198.87890625,resource.ru_maxrss_kib_converted_to_bytes,0.0,"{""BLIS_NUM_THREADS"": ""1"", ""MKL_DYNAMIC"": ""FALSE"", ""MKL_NUM_THREADS"": ""1"", ""NUMBA_NUM_THREADS"": ""1"", ""NUMEXPR_NUM_THREADS"": ""1"", ""OMP_DYNAMIC"": ""FALSE"", ""OMP_NUM_THREADS"": ""1"", ""OPENBLAS_NUM_THREADS"": ""1"", ""PYTHONHASHSEED"": ""0"", ""VECLIB_MAXIMUM_THREADS"": ""1""}",tree_tree,6,2,0,0.043334636982763186,18,6,7,6,7,7,wide,wide,12,zipf,"{""kind"": ""categorical"", ""probs"": [0.7, 0.3], ""values"": [2, 3]}",inverse_sqrt,7,reserved,beam_local_capped,Shallow but very wide trees test whether a child cap controls the local cross product. Large preset: more instances and a larger structural workload.,6,6,417,444,417,444,,200.0,16.0,14.0,808.0,,,,,,,,,,,,,,,,,,,4.129901885986328,True,exact_agreement,3,1.3267907128522438e-07,1e-05,0.49752232435749955,2.075183500301989,0.49752232435749955,49.75223243574995,True,1.0,1.0,0.6644606444460955,0.6644606444460955
wide_shallow_tree_pair,2,sparse_chain,generic_sparse,True,"{""method"": ""sparse_chain""}",jaccard,800,800,640000,620892,3.85095621658709,4.129901753307257,ok,,4.129901753307257,0.0017240159795619547,0.0017453320033382624,1.5018493469979148,1.498679747019196,1.51891116600018,1.504858158202842,1.501396690000547,1.5034538409963716,0.008041557789151098,0.0016044939984567463,5.0,"[1.498679747019196, 1.501396690000547, 1.5018493469979148, 1.5034538409963716, 1.51891116600018]",1.5035733629774768,5.0,1.0,5.0,0.0,0.0,0.0,0.0,sparse_chain,800.0,800.0,0.0,0.15482264800812118,0.6624821950099431,0.6841270219883882,1.9250146578997374e-06,1.5300119220046327,499206.0,499206.0,499206.0,,,,,,,1.0,1.0,4.129901753307257,5.0,499206.0,499206.0,True,212943.0,309485.0,1863.0,499206.0,225424.0,True,sparse_chain_fit,800.0,800.0,0.0017431940068490803,0.0,0.0,0.0,0.0,0.0017431940068490803,0.0,,,,,,,,,1.0,1.0,,,False,0.0017486540018580854,1.5125410489854403,1.5142897029872984,4.129901753307257,4.129901753307257,0.0,isolated,1,True,900.0,12.310175980004715,12.076092488016002,0.23408349198871292,286842880.0,273.5546875,resource.ru_maxrss_kib_converted_to_bytes,0.0,"{""BLIS_NUM_THREADS"": ""1"", ""MKL_DYNAMIC"": ""FALSE"", ""MKL_NUM_THREADS"": ""1"", ""NUMBA_NUM_THREADS"": ""1"", ""NUMEXPR_NUM_THREADS"": ""1"", ""OMP_DYNAMIC"": ""FALSE"", ""OMP_NUM_THREADS"": ""1"", ""OPENBLAS_NUM_THREADS"": ""1"", ""PYTHONHASHSEED"": ""0"", ""VECLIB_MAXIMUM_THREADS"": ""1""}",tree_tree,3,3,0,0.043334636982763186,18,6,7,6,7,7,wide,wide,12,zipf,"{""kind"": ""categorical"", ""probs"": [0.7, 0.3], ""values"": [2, 3]}",inverse_sqrt,7,reserved,beam_local_capped,Shallow but very wide trees test whether a child cap controls the local cross product. Large preset: more instances and a larger structural workload.,6,6,417,444,417,444,,,,,,,,,,,,,,,,,,,,,,,,4.129901885986328,True,exact_agreement,3,1.3267907128522438e-07,1e-05,1.0,1.3267907128522438e-07,1.0,100.0,True,0.0018495403639688668,0.0018480647887613882,0.0036922517592750193,0.003689311490861742
wide_shallow_tree_pair,2,beam_local,generic,False,"{""beam_local_child_cap"": null, ""beam_width"": 200, ""method"": ""beam_local""}",jaccard,800,800,640000,620892,3.85095621658709,3.399096818830447,ok,,3.399096818830447,1.887994585558772e-06,9.230017894878983e-06,0.5586488189874217,0.54088986502029,0.5771627089998219,0.5610822907940018,0.5581925219739787,0.5705175389884971,0.013870926119578818,0.011868720001075417,5.0,"[0.5586488189874217, 0.5705175389884971, 0.5771627089998219, 0.54088986502029, 0.5581925219739787]",0.5586507069820073,5.0,1.0,5.0,0.0,0.0,0.0,0.0,beam_local,800.0,800.0,0.0,0.00019807700300589204,0.5884693150874227,0.022012727917172015,2.5850022211670876e-06,0.6111674229905475,232645.0,232645.0,178749.0,,323803.0,234278.0,1357.0,200.0,15.0,1.0,1.0,3.399096818830447,5.0,,,,,,,,,True,beam_local_fit,800.0,800.0,8.164002792909741e-06,0.0,0.0,0.0,0.0,8.164002792909741e-06,0.0,,,,,,,,,1.0,1.0,,,,2.3460015654563904e-06,0.5705741490237415,0.5705764950253069,3.399096818830447,3.399096818830447,0.0,isolated,1,True,900.0,4.764443481981289,4.5300393809739035,0.23440410100738518,208977920.0,199.296875,resource.ru_maxrss_kib_converted_to_bytes,0.0,"{""BLIS_NUM_THREADS"": ""1"", ""MKL_DYNAMIC"": ""FALSE"", ""MKL_NUM_THREADS"": ""1"", ""NUMBA_NUM_THREADS"": ""1"", ""NUMEXPR_NUM_THREADS"": ""1"", ""OMP_DYNAMIC"": ""FALSE"", ""OMP_NUM_THREADS"": ""1"", ""OPENBLAS_NUM_THREADS"": ""1"", ""PYTHONHASHSEED"": ""0"", ""VECLIB_MAXIMUM_THREADS"": ""1""}",tree_tree,5,4,0,0.043334636982763186,18,6,7,6,7,7,wide,wide,12,zipf,"{""kind"": ""categorical"", ""probs"": [0.7, 0.3], ""values"": [2, 3]}",inverse_sqrt,7,reserved,beam_local_capped,Shallow but very wide trees test whether a child cap controls the local cross product. Large preset: more instances and a larger structural workload.,6,6,417,444,417,444,,200.0,,14.0,1358.0,,,,,,,,,,,,,,,,,,,4.129901885986328,True,exact_agreement,3,1.3267907128522438e-07,1e-05,0.8230454167360091,0.730805067155881,0.8230454167360091,82.30454167360091,True,0.004972231021463004,0.004973950546754998,0.009884745727947076,0.009888143592613
wide_shallow_tree_pair,2,fast_sparse,fast_sparse,True,{},jaccard,800,800,640000,620892,3.85095621658709,,skipped,incompatible_score_mode:jaccard,,,,,,,,,,,,,,,,,,,,,,,,,,,,,,,,,,,,,,,,,,,,,,,,,,,,,,,,,,,,,,,,,,,,,,,,,,,,,,,,,,isolated,1,False,900.0,,,,,,,,,tree_tree,4,5,0,0.043334636982763186,18,6,7,6,7,7,wide,wide,12,zipf,"{""kind"": ""categorical"", ""probs"": [0.7, 0.3], ""values"": [2, 3]}",inverse_sqrt,7,reserved,beam_local_capped,Shallow but very wide trees test whether a child cap controls the local cross product. Large preset: more instances and a larger structural workload.,6,6,417,444,417,444,True,,,,,,,,,,,,,,,,,,,,,,,4.129901885986328,True,exact_agreement,3,1.3267907128522438e-07,1e-05,,,,,,,,,
wide_shallow_tree_pair,2,fast_dense,fast_dense,True,{},jaccard,800,800,640000,620892,3.85095621658709,,skipped,incompatible_score_mode:jaccard,,,,,,,,,,,,,,,,,,,,,,,,,,,,,,,,,,,,,,,,,,,,,,,,,,,,,,,,,,,,,,,,,,,,,,,,,,,,,,,,,,isolated,1,False,900.0,,,,,,,,,tree_tree,1,6,0,0.043334636982763186,18,6,7,6,7,7,wide,wide,12,zipf,"{""kind"": ""categorical"", ""probs"": [0.7, 0.3], ""values"": [2, 3]}",inverse_sqrt,7,reserved,beam_local_capped,Shallow but very wide trees test whether a child cap controls the local cross product. Large preset: more instances and a larger structural workload.,6,6,417,444,417,444,True,,,,,,,,,,,,,,,,,,,,,,,4.129901885986328,True,exact_agreement,3,1.3267907128522438e-07,1e-05,,,,,,,,,
wide_shallow_tree_pair,2,beam_partial_score,generic,False,"{""beam_balance_penalty"": 0.0, ""beam_candidate_future_weight"": 0.0, ""beam_expansion_width"": 64, ""beam_gap_penalty"": 0.0, ""beam_lookahead"": false, ""beam_n_restarts"": 1, ""beam_priority_future_weight"": 0.0, ""beam_priority_length_weight"": 0.0, ""beam_random_fraction"": 0.0, ""beam_rarity_weight"": 0.0, ""beam_symmetric"": false, ""beam_width"": 200, ""candidate_select_mode"": ""first"", ""method"": ""beam"", ""seed"": 0}",jaccard,800,800,640000,620892,3.85095621658709,2.368302830502017,ok,,2.368302830502017,1.0159856174141169e-06,7.032998837530613e-06,0.2312607380154077,0.23049446701770648,0.2446682850131765,0.23418246140936388,0.23092619399540126,0.23356262300512753,0.005980755470518799,0.0007662709977012128,5.0,"[0.23356262300512753, 0.2446682850131765, 0.23092619399540126, 0.2312607380154077, 0.23049446701770648]",0.2312617540010251,5.0,1.0,3.0,0.0,0.0,0.0,0.0,beam_partial,800.0,800.0,0.0,0.030326895997859538,0.20521962098428048,0.0001140850072260946,1.167005393654108e-06,0.23593932000221685,25382.0,88.0,88.0,,88.0,88.0,88.0,64.0,4.0,1.0,1.0,2.368302830502017,3.0,,,,,,,,,True,beam_fit,800.0,800.0,6.304995622485876e-06,0.0,0.0,0.0,0.0,6.304995622485876e-06,0.0,,,,,,,,,1.0,1.0,,,,2.2379972506314516e-06,0.23289497999940068,0.2328972179966513,2.368302830502017,2.368302830502017,0.0,isolated,1,True,900.0,2.107658484019339,1.871077471994795,0.23658101202454418,208539648.0,198.87890625,resource.ru_maxrss_kib_converted_to_bytes,0.0,"{""BLIS_NUM_THREADS"": ""1"", ""MKL_DYNAMIC"": ""FALSE"", ""MKL_NUM_THREADS"": ""1"", ""NUMBA_NUM_THREADS"": ""1"", ""NUMEXPR_NUM_THREADS"": ""1"", ""OMP_DYNAMIC"": ""FALSE"", ""OMP_NUM_THREADS"": ""1"", ""OPENBLAS_NUM_THREADS"": ""1"", ""PYTHONHASHSEED"": ""0"", ""VECLIB_MAXIMUM_THREADS"": ""1""}",tree_tree,7,7,0,0.043334636982763186,18,6,7,6,7,7,wide,wide,12,zipf,"{""kind"": ""categorical"", ""probs"": [0.7, 0.3], ""values"": [2, 3]}",inverse_sqrt,7,reserved,beam_local_capped,Shallow but very wide trees test whether a child cap controls the local cross product. Large preset: more instances and a larger structural workload.,6,6,417,444,417,444,,,,,,,14152.0,0.0,[2.368302830502017],0.0,"{""beam_width"": 200, ""expansion_width"": 64, ""label_pair_preprocessing_score_evaluations"": 14152, ""lookahead_enabled"": false, ""maximum_matching_length"": 7, ""positive_label_pair_types"": 8053, ""state_pool_size"": 89}",,,,,,,,,,,,,4.129901885986328,True,exact_agreement,3,1.3267907128522438e-07,1e-05,0.5734525651900334,1.7615990554843113,0.5734525651900334,57.34525651900334,True,0.0120112519388737,0.012015393558875731,0.023529663265165764,0.02353761006094659
wide_shallow_tree_pair,2,exact_dense,generic,True,"{""method"": ""exact""}",jaccard,800,800,640000,620892,3.85095621658709,4.129901885986328,ok,,4.129901753307257,1.2980017345398664e-06,8.863018592819571e-06,0.8099726920190733,0.8064552689902484,0.8133684289932717,0.8098691770050209,0.8085037800192367,0.8110457150032744,0.0026057052000783604,0.001468911999836564,5.0,"[0.8133684289932717, 0.8085037800192367, 0.8099726920190733, 0.8064552689902484, 0.8110457150032744]",0.8099739900208078,5.0,1.0,5.0,0.0,0.0,0.0,0.0,exact_dense,800.0,800.0,0.0,0.00011934398207813501,0.0,0.8328909780248068,0.0009115010034292936,0.8340409419906791,640000.0,,499206.0,640000.0,,,,,,1.0,1.0,4.129901885986328,5.0,,,,,,,,,True,exact_fit,800.0,800.0,7.605005521327257e-06,0.0,0.0,0.0,0.0,7.605005521327257e-06,0.0,,,,,,,,,1.0,1.0,,,,2.1339801605790854e-06,0.8203212160151452,0.8203233499953058,4.129901885986328,4.129901753307257,0.0,isolated,1,True,900.0,6.751161188003607,6.513458796020132,0.23770239198347554,208539648.0,198.87890625,resource.ru_maxrss_kib_converted_to_bytes,0.0,"{""BLIS_NUM_THREADS"": ""1"", ""MKL_DYNAMIC"": ""FALSE"", ""MKL_NUM_THREADS"": ""1"", ""NUMBA_NUM_THREADS"": ""1"", ""NUMEXPR_NUM_THREADS"": ""1"", ""OMP_DYNAMIC"": ""FALSE"", ""OMP_NUM_THREADS"": ""1"", ""OPENBLAS_NUM_THREADS"": ""1"", ""PYTHONHASHSEED"": ""0"", ""VECLIB_MAXIMUM_THREADS"": ""1""}",tree_tree,0,8,0,0.043334636982763186,18,6,7,6,7,7,wide,wide,12,zipf,"{""kind"": ""categorical"", ""probs"": [0.7, 0.3], ""values"": [2, 3]}",inverse_sqrt,7,reserved,beam_local_capped,Shallow but very wide trees test whether a child cap controls the local cross product. Large preset: more instances and a larger structural workload.,6,6,417,444,417,444,,,,,,,,,,,,,,,,,,,,,,,,4.129901885986328,True,exact_agreement,3,1.3267907128522438e-07,1e-05,1.0,0.0,1.0,100.0,True,0.0034294131336066306,0.003430605209146083,0.006835384908435018,0.00683775278795894
wide_shallow_tree_pair,3,fast_beam_partial,fast_beam,False,"{""beam_width"": 200, ""expansion_width"": 64, ""max_nodes_per_token_side"": 8, ""max_token_types_per_expansion"": 2048, ""search"": ""partial""}",jaccard,800,800,640000,623551,3.84851789350344,,skipped,incompatible_score_mode:jaccard,,,,,,,,,,,,,,,,,,,,,,,,,,,,,,,,,,,,,,,,,,,,,,,,,,,,,,,,,,,,,,,,,,,,,,,,,,,,,,,,,,isolated,1,False,900.0,,,,,,,,,tree_tree,8,0,0,0.04302206201828085,18,6,6,7,7,7,wide,wide,12,zipf,"{""kind"": ""categorical"", ""probs"": [0.7, 0.3], ""values"": [2, 3]}",inverse_sqrt,7,reserved,beam_local_capped,Shallow but very wide trees test whether a child cap controls the local cross product. Large preset: more instances and a larger structural workload.,6,6,425,442,425,442,True,,,,,,,,,,,,,,,,,,,,,,,4.892277240753174,True,exact_agreement,3,2.7097859955915737e-08,1e-05,,,,,,,,,
wide_shallow_tree_pair,3,beam_local_capped,generic,False,"{""beam_local_child_cap"": 16, ""beam_width"": 200, ""method"": ""beam_local""}",jaccard,800,800,640000,623551,3.84851789350344,2.27642044719442,ok,,2.27642044719442,8.759961929172277e-07,5.812005838379264e-06,0.0024839020043145865,0.0024570560199208558,0.0025134749885182828,0.002482676808722317,0.0024732040183153003,0.0024857470125425607,2.0649538199352897e-05,1.0697985999286175e-05,5.0,"[0.0024857470125425607, 0.0025134749885182828, 0.0024839020043145865, 0.0024732040183153003, 0.0024570560199208558]",0.0024847780005075037,5.0,1.0,3.0,0.16666666666666666,0.3333333333333333,0.16666666666666666,0.14285714285714285,beam_local,800.0,800.0,0.0,0.00018418699619360268,0.00219704897608608,0.00032018200727179646,1.1379888746887445e-06,0.002737304981565103,745.0,745.0,542.0,,2250.0,934.0,837.0,200.0,12.0,1.0,1.0,2.27642044719442,3.0,,,,,,,,,True,beam_local_fit,800.0,800.0,4.979985533282161e-06,0.0,0.0,0.0,0.0,4.979985533282161e-06,0.0,,,,,,,,,1.0,1.0,,,,2.2189924493432045e-06,0.00277982497937046,0.002782043971819803,2.27642044719442,2.27642044719442,0.0,isolated,1,True,900.0,0.25455308399978094,0.02086678598425351,0.23368629801552743,208539648.0,198.87890625,resource.ru_maxrss_kib_converted_to_bytes,0.0,"{""BLIS_NUM_THREADS"": ""1"", ""MKL_DYNAMIC"": ""FALSE"", ""MKL_NUM_THREADS"": ""1"", ""NUMBA_NUM_THREADS"": ""1"", ""NUMEXPR_NUM_THREADS"": ""1"", ""OMP_DYNAMIC"": ""FALSE"", ""OMP_NUM_THREADS"": ""1"", ""OPENBLAS_NUM_THREADS"": ""1"", ""PYTHONHASHSEED"": ""0"", ""VECLIB_MAXIMUM_THREADS"": ""1""}",tree_tree,6,1,0,0.04302206201828085,18,6,6,7,7,7,wide,wide,12,zipf,"{""kind"": ""categorical"", ""probs"": [0.7, 0.3], ""values"": [2, 3]}",inverse_sqrt,7,reserved,beam_local_capped,Shallow but very wide trees test whether a child cap controls the local cross product. Large preset: more instances and a larger structural workload.,6,6,425,442,425,442,,200.0,16.0,14.0,838.0,,,,,,,,,,,,,,,,,,,4.892277240753174,True,exact_agreement,3,2.7097859955915737e-08,1e-05,0.4653089625076034,2.615856793558754,0.4653089625076034,46.53089625076034,True,1.0,1.0,0.6351001384872631,0.6351001384872631
wide_shallow_tree_pair,3,sparse_chain,generic_sparse,True,"{""method"": ""sparse_chain""}",jaccard,800,800,640000,623551,3.84851789350344,4.892277213655314,ok,,4.892277213655314,0.001782733015716076,0.0018011229985859245,1.5322686540021095,1.5297451530059334,1.5598414659907576,1.537723810801981,1.5302013310138136,1.536562449997291,0.012654493747966445,0.0025235009961761534,5.0,"[1.5322686540021095, 1.5297451530059334, 1.5302013310138136, 1.536562449997291, 1.5598414659907576]",1.5340513870178256,5.0,1.0,6.0,0.16666666666666666,0.16666666666666666,0.16666666666666666,0.14285714285714285,sparse_chain,800.0,800.0,0.0,0.15663227200275287,0.6860525960219093,0.6965391800040379,2.3590109776705503e-06,1.5678889940027148,498937.0,498937.0,498937.0,,,,,,,1.0,1.0,4.892277213655314,6.0,498937.0,498937.0,True,222046.0,329862.0,1664.0,498937.0,215648.0,True,sparse_chain_fit,800.0,800.0,0.0017989430052693933,0.0,0.0,0.0,0.0,0.0017989430052693933,0.0,,,,,,,,,1.0,1.0,,,False,0.0017989760090131313,1.542348905990366,1.544147881999379,4.892277213655314,4.892277213655314,0.0,isolated,1,True,900.0,12.586073656013468,12.344507142988732,0.2415665130247362,281300992.0,268.26953125,resource.ru_maxrss_kib_converted_to_bytes,0.0,"{""BLIS_NUM_THREADS"": ""1"", ""MKL_DYNAMIC"": ""FALSE"", ""MKL_NUM_THREADS"": ""1"", ""NUMBA_NUM_THREADS"": ""1"", ""NUMEXPR_NUM_THREADS"": ""1"", ""OMP_DYNAMIC"": ""FALSE"", ""OMP_NUM_THREADS"": ""1"", ""OPENBLAS_NUM_THREADS"": ""1"", ""PYTHONHASHSEED"": ""0"", ""VECLIB_MAXIMUM_THREADS"": ""1""}",tree_tree,3,2,0,0.04302206201828085,18,6,6,7,7,7,wide,wide,12,zipf,"{""kind"": ""categorical"", ""probs"": [0.7, 0.3], ""values"": [2, 3]}",inverse_sqrt,7,reserved,beam_local_capped,Shallow but very wide trees test whether a child cap controls the local cross product. Large preset: more instances and a larger structural workload.,6,6,425,442,425,442,,,,,,,,,,,,,,,,,,,,,,,,4.892277240753174,True,exact_agreement,3,2.7097859955915737e-08,1e-05,1.0,2.7097859955915737e-08,1.0,100.0,True,0.0016210616838156417,0.001619748869910986,0.003236876191661725,0.003234259052376885
wide_shallow_tree_pair,3,beam_local,generic,False,"{""beam_local_child_cap"": null, ""beam_width"": 200, ""method"": ""beam_local""}",jaccard,800,800,640000,623551,3.84851789350344,2.7277185038042706,ok,,2.7277185038042706,2.121989382430911e-06,9.982002666220069e-06,0.4966892510128673,0.4779625569935888,0.5080685300054029,0.4936034354090225,0.478228278021561,0.5070685610116925,0.014841692705133367,0.011379278992535546,5.0,"[0.5080685300054029, 0.4779625569935888, 0.4966892510128673, 0.5070685610116925, 0.478228278021561]",0.49669137300224975,5.0,1.0,4.0,0.16666666666666666,0.25,0.16666666666666666,0.14285714285714285,beam_local,800.0,800.0,0.0,0.00020244502229616046,0.49120153798139654,0.019785690994467586,2.734013833105564e-06,0.5112460649979766,221596.0,221596.0,175810.0,,309181.0,222847.0,1116.0,200.0,12.0,1.0,1.0,2.7277185038042706,4.0,,,,,,,,,True,beam_local_fit,800.0,800.0,8.655013516545296e-06,0.0,0.0,0.0,0.0,8.655013516545296e-06,0.0,,,,,,,,,1.0,1.0,,,,2.087996108457446e-06,0.50950423697941,0.5095063249755185,2.7277185038042706,2.7277185038042706,0.0,isolated,1,True,900.0,4.222132076014532,3.986844552011462,0.23528752400306985,208539648.0,198.87890625,resource.ru_maxrss_kib_converted_to_bytes,0.0,"{""BLIS_NUM_THREADS"": ""1"", ""MKL_DYNAMIC"": ""FALSE"", ""MKL_NUM_THREADS"": ""1"", ""NUMBA_NUM_THREADS"": ""1"", ""NUMEXPR_NUM_THREADS"": ""1"", ""OMP_DYNAMIC"": ""FALSE"", ""OMP_NUM_THREADS"": ""1"", ""OPENBLAS_NUM_THREADS"": ""1"", ""PYTHONHASHSEED"": ""0"", ""VECLIB_MAXIMUM_THREADS"": ""1""}",tree_tree,5,3,0,0.04302206201828085,18,6,6,7,7,7,wide,wide,12,zipf,"{""kind"": ""categorical"", ""probs"": [0.7, 0.3], ""values"": [2, 3]}",inverse_sqrt,7,reserved,beam_local_capped,Shallow but very wide trees test whether a child cap controls the local cross product. Large preset: more instances and a larger structural workload.,6,6,425,442,425,442,,200.0,,14.0,1117.0,,,,,,,,,,,,,,,,,,,4.892277240753174,True,exact_agreement,3,2.7097859955915737e-08,1e-05,0.5575559947997416,2.164558736948903,0.5575559947997416,55.75559947997416,True,0.005000917574216315,0.005002659872041404,0.009912922627640491,0.00991634553459372
wide_shallow_tree_pair,3,fast_sparse,fast_sparse,True,{},jaccard,800,800,640000,623551,3.84851789350344,,skipped,incompatible_score_mode:jaccard,,,,,,,,,,,,,,,,,,,,,,,,,,,,,,,,,,,,,,,,,,,,,,,,,,,,,,,,,,,,,,,,,,,,,,,,,,,,,,,,,,isolated,1,False,900.0,,,,,,,,,tree_tree,4,4,0,0.04302206201828085,18,6,6,7,7,7,wide,wide,12,zipf,"{""kind"": ""categorical"", ""probs"": [0.7, 0.3], ""values"": [2, 3]}",inverse_sqrt,7,reserved,beam_local_capped,Shallow but very wide trees test whether a child cap controls the local cross product. Large preset: more instances and a larger structural workload.,6,6,425,442,425,442,True,,,,,,,,,,,,,,,,,,,,,,,4.892277240753174,True,exact_agreement,3,2.7097859955915737e-08,1e-05,,,,,,,,,
wide_shallow_tree_pair,3,fast_dense,fast_dense,True,{},jaccard,800,800,640000,623551,3.84851789350344,,skipped,incompatible_score_mode:jaccard,,,,,,,,,,,,,,,,,,,,,,,,,,,,,,,,,,,,,,,,,,,,,,,,,,,,,,,,,,,,,,,,,,,,,,,,,,,,,,,,,,isolated,1,False,900.0,,,,,,,,,tree_tree,1,5,0,0.04302206201828085,18,6,6,7,7,7,wide,wide,12,zipf,"{""kind"": ""categorical"", ""probs"": [0.7, 0.3], ""values"": [2, 3]}",inverse_sqrt,7,reserved,beam_local_capped,Shallow but very wide trees test whether a child cap controls the local cross product. Large preset: more instances and a larger structural workload.,6,6,425,442,425,442,True,,,,,,,,,,,,,,,,,,,,,,,4.892277240753174,True,exact_agreement,3,2.7097859955915737e-08,1e-05,,,,,,,,,
wide_shallow_tree_pair,3,beam_partial_score,generic,False,"{""beam_balance_penalty"": 0.0, ""beam_candidate_future_weight"": 0.0, ""beam_expansion_width"": 64, ""beam_gap_penalty"": 0.0, ""beam_lookahead"": false, ""beam_n_restarts"": 1, ""beam_priority_future_weight"": 0.0, ""beam_priority_length_weight"": 0.0, ""beam_random_fraction"": 0.0, ""beam_rarity_weight"": 0.0, ""beam_symmetric"": false, ""beam_width"": 200, ""candidate_select_mode"": ""first"", ""method"": ""beam"", ""seed"": 0}",jaccard,800,800,640000,623551,3.84851789350344,2.582935375003902,ok,,2.5829353750039017,1.1360098142176867e-06,7.227994501590729e-06,0.24965658801374957,0.24657901999307796,0.26200803500250913,0.25125082400045357,0.2481585229979828,0.24985195399494842,0.006156380681649767,0.0014980650157667696,5.0,"[0.2481585229979828, 0.26200803500250913, 0.24965658801374957, 0.24985195399494842, 0.24657901999307796]",0.2496577240235638,5.0,1.0,4.0,0.0,0.0,0.0,0.0,beam_partial,800.0,800.0,0.0,0.03046612598700449,0.2145474231801927,0.00013443382340483367,1.2519885785877705e-06,0.24548631100333296,23964.0,103.0,103.0,,103.0,99.0,99.0,64.0,5.0,1.0,1.0,2.582935375003902,4.0,,,,,,,,,True,beam_fit,800.0,800.0,6.197980837896466e-06,0.0,0.0,0.0,0.0,6.197980837896466e-06,0.0,,,,,,,,,1.0,1.0,,,,2.241984475404024e-06,0.24314893397968262,0.24315117596415803,2.582935375003902,2.5829353750039017,0.0,isolated,1,True,900.0,2.2322799409739673,1.9922128860198427,0.24006705495412461,208539648.0,198.87890625,resource.ru_maxrss_kib_converted_to_bytes,0.0,"{""BLIS_NUM_THREADS"": ""1"", ""MKL_DYNAMIC"": ""FALSE"", ""MKL_NUM_THREADS"": ""1"", ""NUMBA_NUM_THREADS"": ""1"", ""NUMEXPR_NUM_THREADS"": ""1"", ""OMP_DYNAMIC"": ""FALSE"", ""OMP_NUM_THREADS"": ""1"", ""OPENBLAS_NUM_THREADS"": ""1"", ""PYTHONHASHSEED"": ""0"", ""VECLIB_MAXIMUM_THREADS"": ""1""}",tree_tree,7,6,0,0.04302206201828085,18,6,6,7,7,7,wide,wide,12,zipf,"{""kind"": ""categorical"", ""probs"": [0.7, 0.3], ""values"": [2, 3]}",inverse_sqrt,7,reserved,beam_local_capped,Shallow but very wide trees test whether a child cap controls the local cross product. Large preset: more instances and a larger structural workload.,6,6,425,442,425,442,,,,,,,14351.0,0.0,[2.582935375003902],0.0,"{""beam_width"": 200, ""expansion_width"": 64, ""label_pair_preprocessing_score_evaluations"": 14351, ""lookahead_enabled"": false, ""maximum_matching_length"": 7, ""positive_label_pair_types"": 7994, ""state_pool_size"": 104}",,,,,,,,,,,,,4.892277240753174,True,exact_agreement,3,2.7097859955915737e-08,1e-05,0.5279617748331562,2.3093418657492717,0.5279617748331562,52.79617748331562,True,0.009949274818166577,0.00995273833495726,0.01953050339719541,0.019537176510914463
wide_shallow_tree_pair,3,exact_dense,generic,True,"{""method"": ""exact""}",jaccard,800,800,640000,623551,3.84851789350344,4.892277240753174,ok,,4.892277213655314,1.2780074030160904e-06,7.881986675783992e-06,0.8032700630137697,0.8013755209976807,0.8126908039848786,0.8048453688039444,0.8022084830154199,0.8046819730079733,0.004556647620710155,0.0014119099942035973,5.0,"[0.8046819730079733, 0.8022084830154199, 0.8126908039848786, 0.8013755209976807, 0.8032700630137697]",0.8032713410211727,5.0,1.0,6.0,0.16666666666666666,0.16666666666666666,0.16666666666666666,0.14285714285714285,exact_dense,800.0,800.0,0.0,0.0001189290196634829,0.0,0.8221529820002615,0.0009693739993963391,0.8233683580183424,640000.0,,498937.0,640000.0,,,,,,1.0,1.0,4.892277240753174,6.0,,,,,,,,,True,exact_fit,800.0,800.0,6.80598895996809e-06,0.0,0.0,0.0,0.0,6.80598895996809e-06,0.0,,,,,,,,,1.0,1.0,,,,2.2640160750597715e-06,0.8160616329987533,0.8160638970148284,4.892277240753174,4.892277213655314,0.0,isolated,1,True,900.0,6.704101481009275,6.473867833003169,0.2302336480061058,208539648.0,198.87890625,resource.ru_maxrss_kib_converted_to_bytes,0.0,"{""BLIS_NUM_THREADS"": ""1"", ""MKL_DYNAMIC"": ""FALSE"", ""MKL_NUM_THREADS"": ""1"", ""NUMBA_NUM_THREADS"": ""1"", ""NUMEXPR_NUM_THREADS"": ""1"", ""OMP_DYNAMIC"": ""FALSE"", ""OMP_NUM_THREADS"": ""1"", ""OPENBLAS_NUM_THREADS"": ""1"", ""PYTHONHASHSEED"": ""0"", ""VECLIB_MAXIMUM_THREADS"": ""1""}",tree_tree,0,7,0,0.04302206201828085,18,6,6,7,7,7,wide,wide,12,zipf,"{""kind"": ""categorical"", ""probs"": [0.7, 0.3], ""values"": [2, 3]}",inverse_sqrt,7,reserved,beam_local_capped,Shallow but very wide trees test whether a child cap controls the local cross product. Large preset: more instances and a larger structural workload.,6,6,425,442,425,442,,,,,,,,,,,,,,,,,,,,,,,,4.892277240753174,True,exact_agreement,3,2.7097859955915737e-08,1e-05,1.0,0.0,1.0,100.0,True,0.0030922377400637766,0.003093323356150969,0.006165410564895795,0.006167568428830378
wide_shallow_tree_pair,3,sparse_closure,generic_sparse,True,"{""method"": ""sparse""}",jaccard,800,800,640000,623551,3.84851789350344,4.892277213655314,ok,,4.892277213655314,0.001763417007168755,0.0016429160023108125,1.1097746219893452,1.1028375349997077,1.1207168640103191,1.1103071116027423,1.103295631997753,1.1149109050165862,0.0076615407238453505,0.006478989991592243,5.0,"[1.1028375349997077, 1.1207168640103191, 1.1149109050165862, 1.1097746219893452, 1.103295631997753]",1.111538038996514,5.0,1.0,6.0,0.16666666666666666,0.16666666666666666,0.16666666666666666,0.14285714285714285,sparse_closure,800.0,800.0,0.0,0.020007796003483236,0.013206010014982894,1.1179129390220623,7.629976607859135e-06,1.16683813999407,498937.0,498937.0,498937.0,576123.0,,,,,,1.0,1.0,4.892277213655314,6.0,,,True,,,,,,True,sparse_fit,800.0,800.0,0.0016406130162067711,0.0,0.0,0.0,0.0,0.0016406130162067711,0.0,,,,,,,,,1.0,1.0,,,False,0.0018078369903378189,1.1126647759811021,1.11447261297144,4.892277213655314,4.892277213655314,0.0,isolated,1,True,900.0,9.187049247993855,8.94689993999782,0.24014930799603462,256110592.0,244.24609375,resource.ru_maxrss_kib_converted_to_bytes,0.0,"{""BLIS_NUM_THREADS"": ""1"", ""MKL_DYNAMIC"": ""FALSE"", ""MKL_NUM_THREADS"": ""1"", ""NUMBA_NUM_THREADS"": ""1"", ""NUMEXPR_NUM_THREADS"": ""1"", ""OMP_DYNAMIC"": ""FALSE"", ""OMP_NUM_THREADS"": ""1"", ""OPENBLAS_NUM_THREADS"": ""1"", ""PYTHONHASHSEED"": ""0"", ""VECLIB_MAXIMUM_THREADS"": ""1""}",tree_tree,2,8,0,0.04302206201828085,18,6,6,7,7,7,wide,wide,12,zipf,"{""kind"": ""categorical"", ""probs"": [0.7, 0.3], ""values"": [2, 3]}",inverse_sqrt,7,reserved,beam_local_capped,Shallow but very wide trees test whether a child cap controls the local cross product. Large preset: more instances and a larger structural workload.,6,6,425,442,425,442,,,,,,577724.0,,,,,,,,,,,,,,,,,,4.892277240753174,True,exact_agreement,3,2.7097859955915737e-08,1e-05,1.0,2.7097859955915737e-08,1.0,100.0,True,0.0022382040056583975,0.0022354412654655865,0.004466411271717519,0.0044609104276795925
wide_shallow_tree_pair,4,beam_local_capped,generic,False,"{""beam_local_child_cap"": 16, ""beam_width"": 200, ""method"": ""beam_local""}",jaccard,800,800,640000,605662,2.9546673888112815,1.7819901581876705,ok,,1.7819901581876705,9.519862942397594e-07,5.539011908695102e-06,0.0022046490048523992,0.002185074001317844,0.0022307580220513046,0.002204664406599477,0.0021912470110692084,0.0022115939937066287,1.797711506298762e-05,1.3401993783190846e-05,5.0,"[0.0022046490048523992, 0.0021912470110692084, 0.0022115939937066287, 0.0022307580220513046, 0.002185074001317844]",0.002205600991146639,5.0,1.0,3.0,0.16666666666666666,0.3333333333333333,0.14285714285714285,0.16666666666666666,beam_local,800.0,800.0,0.0,0.0001950599835254252,0.0018833310168702155,0.0002959919802378863,1.1719821486622095e-06,0.002410649001831189,657.0,657.0,493.0,,1838.0,835.0,712.0,200.0,12.0,1.0,1.0,1.7819901581876705,3.0,,,,,,,,,True,beam_local_fit,800.0,800.0,4.832982085645199e-06,0.0,0.0,0.0,0.0,4.832982085645199e-06,0.0,,,,,,,,,1.0,1.0,,,,2.387998392805457e-06,0.002493877022061497,0.0024962650204543024,1.7819901581876705,1.7819901581876705,0.0,isolated,1,True,900.0,0.24927507698885165,0.01858263200847432,0.23069244498037733,208539648.0,198.87890625,resource.ru_maxrss_kib_converted_to_bytes,0.0,"{""BLIS_NUM_THREADS"": ""1"", ""MKL_DYNAMIC"": ""FALSE"", ""MKL_NUM_THREADS"": ""1"", ""NUMBA_NUM_THREADS"": ""1"", ""NUMEXPR_NUM_THREADS"": ""1"", ""OMP_DYNAMIC"": ""FALSE"", ""OMP_NUM_THREADS"": ""1"", ""OPENBLAS_NUM_THREADS"": ""1"", ""PYTHONHASHSEED"": ""0"", ""VECLIB_MAXIMUM_THREADS"": ""1""}",tree_tree,6,0,0,0.044006031996104866,18,6,7,6,7,7,wide,wide,12,zipf,"{""kind"": ""categorical"", ""probs"": [0.7, 0.3], ""values"": [2, 3]}",inverse_sqrt,7,reserved,beam_local_capped,Shallow but very wide trees test whether a child cap controls the local cross product. Large preset: more instances and a larger structural workload.,6,6,426,464,426,464,,200.0,16.0,14.0,713.0,,,,,,,,,,,,,,,,,,,4.062942981719971,True,exact_agreement,3,2.3575613994353262e-07,1e-05,0.4385959060231011,2.2809528235323002,0.4385959060231011,43.859590602310114,True,1.0,1.0,0.609755532025069,0.609755532025069
wide_shallow_tree_pair,4,sparse_chain,generic_sparse,True,"{""method"": ""sparse_chain""}",jaccard,800,800,640000,605662,2.9546673888112815,4.062942745963831,ok,,4.062942745963831,0.0017816640029195696,0.0018003770092036575,1.4947944759915117,1.4918575500196312,1.5218954010051675,1.5005690542049706,1.4932591549877543,1.5010386890207883,0.012426828939666158,0.002936925971880555,5.0,"[1.4932591549877543, 1.4918575500196312, 1.4947944759915117, 1.5010386890207883, 1.5218954010051675]",1.4965761399944313,5.0,1.0,6.0,0.16666666666666666,0.16666666666666666,0.14285714285714285,0.16666666666666666,sparse_chain,800.0,800.0,0.0,0.15425872200285085,0.6598748510004953,0.6861871019937098,2.6339839678257704e-06,1.5282372159999795,489643.0,489643.0,489643.0,,,,,,,1.0,1.0,4.062942745963831,6.0,489643.0,489643.0,True,201471.0,293871.0,1577.0,489643.0,194832.0,True,sparse_chain_fit,800.0,800.0,0.001798401994165033,0.0,0.0,0.0,0.0,0.001798401994165033,0.0,,,,,,,,,1.0,1.0,,,False,0.0017927050066646188,1.507543062994955,1.5093357680016197,4.062942745963831,4.062942745963831,0.0,isolated,1,True,900.0,12.279879039007938,12.040557658008765,0.2393213809991721,279052288.0,266.125,resource.ru_maxrss_kib_converted_to_bytes,0.0,"{""BLIS_NUM_THREADS"": ""1"", ""MKL_DYNAMIC"": ""FALSE"", ""MKL_NUM_THREADS"": ""1"", ""NUMBA_NUM_THREADS"": ""1"", ""NUMEXPR_NUM_THREADS"": ""1"", ""OMP_DYNAMIC"": ""FALSE"", ""OMP_NUM_THREADS"": ""1"", ""OPENBLAS_NUM_THREADS"": ""1"", ""PYTHONHASHSEED"": ""0"", ""VECLIB_MAXIMUM_THREADS"": ""1""}",tree_tree,3,1,0,0.044006031996104866,18,6,7,6,7,7,wide,wide,12,zipf,"{""kind"": ""categorical"", ""probs"": [0.7, 0.3], ""values"": [2, 3]}",inverse_sqrt,7,reserved,beam_local_capped,Shallow but very wide trees test whether a child cap controls the local cross product. Large preset: more instances and a larger structural workload.,6,6,426,464,426,464,,,,,,,,,,,,,,,,,,,,,,,,4.062942981719971,True,exact_agreement,3,2.3575613994353262e-07,1e-05,1.0,2.3575613994353262e-07,1.0,100.0,True,0.0014748843672238179,0.0014737646366290765,0.0029454245737889173,0.0029431917014097948
wide_shallow_tree_pair,4,beam_local,generic,False,"{""beam_local_child_cap"": null, ""beam_width"": 200, ""method"": ""beam_local""}",jaccard,800,800,640000,605662,2.9546673888112815,2.473355517656031,ok,,2.473355517656031,1.962005626410246e-06,1.0298972483724356e-05,0.5372533769987058,0.5185012619767804,0.5556044690019917,0.5385819073999301,0.5336161460145377,0.5479342830076348,0.014202910201587798,0.010680906008929014,5.0,"[0.5372533769987058, 0.5479342830076348, 0.5556044690019917, 0.5185012619767804, 0.5336161460145377]",0.5372553390043322,5.0,1.0,3.0,0.16666666666666666,0.3333333333333333,0.14285714285714285,0.16666666666666666,beam_local,800.0,800.0,0.0,0.0002050219918601215,0.5729400239652023,0.021418878051918,2.7669884730130434e-06,0.594620607997058,234079.0,234079.0,180200.0,,321890.0,235339.0,1071.0,200.0,12.0,1.0,1.0,2.473355517656031,3.0,,,,,,,,,True,beam_local_fit,800.0,800.0,9.376992238685489e-06,0.0,0.0,0.0,0.0,9.376992238685489e-06,0.0,,,,,,,,,1.0,1.0,,,,2.3259781301021576e-06,0.5508726770058274,0.5508750029839575,2.473355517656031,2.473355517656031,0.0,isolated,1,True,900.0,4.603529254003661,4.360745626006974,0.24278362799668685,211275776.0,201.48828125,resource.ru_maxrss_kib_converted_to_bytes,0.0,"{""BLIS_NUM_THREADS"": ""1"", ""MKL_DYNAMIC"": ""FALSE"", ""MKL_NUM_THREADS"": ""1"", ""NUMBA_NUM_THREADS"": ""1"", ""NUMEXPR_NUM_THREADS"": ""1"", ""OMP_DYNAMIC"": ""FALSE"", ""OMP_NUM_THREADS"": ""1"", ""OPENBLAS_NUM_THREADS"": ""1"", ""PYTHONHASHSEED"": ""0"", ""VECLIB_MAXIMUM_THREADS"": ""1""}",tree_tree,5,2,0,0.044006031996104866,18,6,7,6,7,7,wide,wide,12,zipf,"{""kind"": ""categorical"", ""probs"": [0.7, 0.3], ""values"": [2, 3]}",inverse_sqrt,7,reserved,beam_local_capped,Shallow but very wide trees test whether a child cap controls the local cross product. Large preset: more instances and a larger structural workload.,6,6,426,464,426,464,,200.0,,14.0,1072.0,,,,,,,,,,,,,,,,,,,4.062942981719971,True,exact_agreement,3,2.3575613994353262e-07,1e-05,0.6087595934238247,1.5895874640639396,0.6087595934238247,60.875959342382465,True,0.0041035554158233055,0.00410531237387825,0.00815215837747274,0.008155625384837583
wide_shallow_tree_pair,4,fast_sparse,fast_sparse,True,{},jaccard,800,800,640000,605662,2.9546673888112815,,skipped,incompatible_score_mode:jaccard,,,,,,,,,,,,,,,,,,,,,,,,,,,,,,,,,,,,,,,,,,,,,,,,,,,,,,,,,,,,,,,,,,,,,,,,,,,,,,,,,,isolated,1,False,900.0,,,,,,,,,tree_tree,4,3,0,0.044006031996104866,18,6,7,6,7,7,wide,wide,12,zipf,"{""kind"": ""categorical"", ""probs"": [0.7, 0.3], ""values"": [2, 3]}",inverse_sqrt,7,reserved,beam_local_capped,Shallow but very wide trees test whether a child cap controls the local cross product. Large preset: more instances and a larger structural workload.,6,6,426,464,426,464,True,,,,,,,,,,,,,,,,,,,,,,,4.062942981719971,True,exact_agreement,3,2.3575613994353262e-07,1e-05,,,,,,,,,
wide_shallow_tree_pair,4,fast_dense,fast_dense,True,{},jaccard,800,800,640000,605662,2.9546673888112815,,skipped,incompatible_score_mode:jaccard,,,,,,,,,,,,,,,,,,,,,,,,,,,,,,,,,,,,,,,,,,,,,,,,,,,,,,,,,,,,,,,,,,,,,,,,,,,,,,,,,,isolated,1,False,900.0,,,,,,,,,tree_tree,1,4,0,0.044006031996104866,18,6,7,6,7,7,wide,wide,12,zipf,"{""kind"": ""categorical"", ""probs"": [0.7, 0.3], ""values"": [2, 3]}",inverse_sqrt,7,reserved,beam_local_capped,Shallow but very wide trees test whether a child cap controls the local cross product. Large preset: more instances and a larger structural workload.,6,6,426,464,426,464,True,,,,,,,,,,,,,,,,,,,,,,,4.062942981719971,True,exact_agreement,3,2.3575613994353262e-07,1e-05,,,,,,,,,
wide_shallow_tree_pair,4,beam_partial_score,generic,False,"{""beam_balance_penalty"": 0.0, ""beam_candidate_future_weight"": 0.0, ""beam_expansion_width"": 64, ""beam_gap_penalty"": 0.0, ""beam_lookahead"": false, ""beam_n_restarts"": 1, ""beam_priority_future_weight"": 0.0, ""beam_priority_length_weight"": 0.0, ""beam_random_fraction"": 0.0, ""beam_rarity_weight"": 0.0, ""beam_symmetric"": false, ""beam_width"": 200, ""candidate_select_mode"": ""first"", ""method"": ""beam"", ""seed"": 0}",jaccard,800,800,640000,605662,2.9546673888112815,2.4019744675288472,ok,,2.4019744675288472,1.0780058801174164e-06,7.130001904442906e-06,0.20772404700983316,0.20617283499450423,0.2196761509985663,0.20986654739826918,0.20746173299266957,0.20829797099577263,0.0055386303877173965,0.0005739239859394729,5.0,"[0.20746173299266957, 0.20617283499450423, 0.2196761509985663, 0.20829797099577263, 0.20772404700983316]",0.20772512501571327,5.0,1.0,3.0,0.0,0.0,0.0,0.0,beam_partial,800.0,800.0,0.0,0.029198218981036916,0.180606151901884,0.00010147510329261422,1.354987034574151e-06,0.21017792099155486,23507.0,78.0,78.0,,78.0,77.0,77.0,64.0,4.0,1.0,1.0,2.4019744675288472,3.0,,,,,,,,,True,beam_fit,800.0,800.0,6.143003702163696e-06,0.0,0.0,0.0,0.0,6.143003702163696e-06,0.0,,,,,,,,,1.0,1.0,,,,2.3379980120807886e-06,0.20968431502114981,0.2096866530191619,2.4019744675288472,2.4019744675288472,0.0,isolated,1,True,900.0,1.9175557080016006,1.67563424500986,0.24192146299174055,208539648.0,198.87890625,resource.ru_maxrss_kib_converted_to_bytes,0.0,"{""BLIS_NUM_THREADS"": ""1"", ""MKL_DYNAMIC"": ""FALSE"", ""MKL_NUM_THREADS"": ""1"", ""NUMBA_NUM_THREADS"": ""1"", ""NUMEXPR_NUM_THREADS"": ""1"", ""OMP_DYNAMIC"": ""FALSE"", ""OMP_NUM_THREADS"": ""1"", ""OPENBLAS_NUM_THREADS"": ""1"", ""PYTHONHASHSEED"": ""0"", ""VECLIB_MAXIMUM_THREADS"": ""1""}",tree_tree,7,5,0,0.044006031996104866,18,6,7,6,7,7,wide,wide,12,zipf,"{""kind"": ""categorical"", ""probs"": [0.7, 0.3], ""values"": [2, 3]}",inverse_sqrt,7,reserved,beam_local_capped,Shallow but very wide trees test whether a child cap controls the local cross product. Large preset: more instances and a larger structural workload.,6,6,426,464,426,464,,,,,,,14280.0,0.0,[2.4019744675288472],0.0,"{""beam_width"": 200, ""expansion_width"": 64, ""label_pair_preprocessing_score_evaluations"": 14280, ""lookahead_enabled"": false, ""maximum_matching_length"": 7, ""positive_label_pair_types"": 7642, ""state_pool_size"": 79}",,,,,,,,,,,,,4.062942981719971,True,exact_agreement,3,2.3575613994353262e-07,1e-05,0.591190789124,1.6609685141911235,0.591190789124,59.1190789124,True,0.010613354768444485,0.010617882603174734,0.020852357513613452,0.020861096524187606
wide_shallow_tree_pair,4,exact_dense,generic,True,"{""method"": ""exact""}",jaccard,800,800,640000,605662,2.9546673888112815,4.062942981719971,ok,,4.062942745963831,1.4630204532295465e-06,1.0577001376077533e-05,0.8021013070247136,0.8004226419725455,0.8031861640047282,0.8019857381994371,0.8019771679828409,0.8022414100123569,0.0009953755078413176,0.0001401029876433313,5.0,"[0.8022414100123569, 0.8031861640047282, 0.8004226419725455, 0.8019771679828409, 0.8021013070247136]",0.8021027700451668,5.0,1.0,6.0,0.16666666666666666,0.16666666666666666,0.14285714285714285,0.16666666666666666,exact_dense,800.0,800.0,0.0,0.00013484101509675384,0.0,0.8214807310141623,0.001076115993782878,0.8228432979958598,640000.0,,489643.0,640000.0,,,,,,1.0,1.0,4.062942981719971,6.0,,,,,,,,,True,exact_fit,800.0,800.0,9.355979273095727e-06,0.0,0.0,0.0,0.0,9.355979273095727e-06,0.0,,,,,,,,,1.0,1.0,,,,2.373999450355768e-06,0.8208635820192285,0.8208659560186788,4.062942981719971,4.062942745963831,0.0,isolated,1,True,900.0,6.702074001979781,6.457789808016969,0.24428419396281242,208539648.0,198.87890625,resource.ru_maxrss_kib_converted_to_bytes,0.0,"{""BLIS_NUM_THREADS"": ""1"", ""MKL_DYNAMIC"": ""FALSE"", ""MKL_NUM_THREADS"": ""1"", ""NUMBA_NUM_THREADS"": ""1"", ""NUMEXPR_NUM_THREADS"": ""1"", ""OMP_DYNAMIC"": ""FALSE"", ""OMP_NUM_THREADS"": ""1"", ""OPENBLAS_NUM_THREADS"": ""1"", ""PYTHONHASHSEED"": ""0"", ""VECLIB_MAXIMUM_THREADS"": ""1""}",tree_tree,0,6,0,0.044006031996104866,18,6,7,6,7,7,wide,wide,12,zipf,"{""kind"": ""categorical"", ""probs"": [0.7, 0.3], ""values"": [2, 3]}",inverse_sqrt,7,reserved,beam_local_capped,Shallow but very wide trees test whether a child cap controls the local cross product. Large preset: more instances and a larger structural workload.,6,6,426,464,426,464,,,,,,,,,,,,,,,,,,,,,,,,4.062942981719971,True,exact_agreement,3,2.3575613994353262e-07,1e-05,1.0,0.0,1.0,100.0,True,0.0027485917122242907,0.0027497735620866143,0.005482115327693425,0.00548446608433237
wide_shallow_tree_pair,4,sparse_closure,generic_sparse,True,"{""method"": ""sparse""}",jaccard,800,800,640000,605662,2.9546673888112815,4.062942745963831,ok,,4.062942745963831,0.00173110599280335,0.0016847020015120506,1.0720924100023694,1.069894182990538,1.0787097470019944,1.0732854313973803,1.0720851150108501,1.0736457019811496,0.0033135185190981947,0.0015532919787801802,5.0,"[1.0787097470019944, 1.069894182990538, 1.0720851150108501, 1.0720924100023694, 1.0736457019811496]",1.0738235159951728,5.0,1.0,6.0,0.16666666666666666,0.16666666666666666,0.14285714285714285,0.16666666666666666,sparse_closure,800.0,800.0,0.0,0.019561496999813244,0.013013271003728732,1.0931383699935395,5.555019015446305e-06,1.1386620010016486,489643.0,489643.0,489643.0,571871.0,,,,,,1.0,1.0,4.062942745963831,6.0,,,True,,,,,,True,sparse_fit,800.0,800.0,0.0016826259961817414,0.0,0.0,0.0,0.0,0.0016826259961817414,0.0,,,,,,,,,1.0,1.0,,,False,0.0017762260104063898,1.0997937039937824,1.1015699300041888,4.062942745963831,4.062942745963831,0.0,isolated,1,True,900.0,8.939106617996003,8.693914447998395,0.2451921699976083,255049728.0,243.234375,resource.ru_maxrss_kib_converted_to_bytes,0.0,"{""BLIS_NUM_THREADS"": ""1"", ""MKL_DYNAMIC"": ""FALSE"", ""MKL_NUM_THREADS"": ""1"", ""NUMBA_NUM_THREADS"": ""1"", ""NUMEXPR_NUM_THREADS"": ""1"", ""OMP_DYNAMIC"": ""FALSE"", ""OMP_NUM_THREADS"": ""1"", ""OPENBLAS_NUM_THREADS"": ""1"", ""PYTHONHASHSEED"": ""0"", ""VECLIB_MAXIMUM_THREADS"": ""1""}",tree_tree,2,7,0,0.044006031996104866,18,6,7,6,7,7,wide,wide,12,zipf,"{""kind"": ""categorical"", ""probs"": [0.7, 0.3], ""values"": [2, 3]}",inverse_sqrt,7,reserved,beam_local_capped,Shallow but very wide trees test whether a child cap controls the local cross product. Large preset: more instances and a larger structural workload.,6,6,426,464,426,464,,,,,,573472.0,,,,,,,,,,,,,,,,,,4.062942981719971,True,exact_agreement,3,2.3575613994353262e-07,1e-05,1.0,2.3575613994353262e-07,1.0,100.0,True,0.002056398295784527,0.002053969724347659,0.004104356400062673,0.004099519160455359
wide_shallow_tree_pair,4,fast_beam_partial,fast_beam,False,"{""beam_width"": 200, ""expansion_width"": 64, ""max_nodes_per_token_side"": 8, ""max_token_types_per_expansion"": 2048, ""search"": ""partial""}",jaccard,800,800,640000,605662,2.9546673888112815,,skipped,incompatible_score_mode:jaccard,,,,,,,,,,,,,,,,,,,,,,,,,,,,,,,,,,,,,,,,,,,,,,,,,,,,,,,,,,,,,,,,,,,,,,,,,,,,,,,,,,isolated,1,False,900.0,,,,,,,,,tree_tree,8,8,0,0.044006031996104866,18,6,7,6,7,7,wide,wide,12,zipf,"{""kind"": ""categorical"", ""probs"": [0.7, 0.3], ""values"": [2, 3]}",inverse_sqrt,7,reserved,beam_local_capped,Shallow but very wide trees test whether a child cap controls the local cross product. Large preset: more instances and a larger structural workload.,6,6,426,464,426,464,True,,,,,,,,,,,,,,,,,,,,,,,4.062942981719971,True,exact_agreement,3,2.3575613994353262e-07,1e-05,,,,,,,,,
deep_rare_anchor_stress,0,fast_dense,fast_dense,True,{},equality,20000,20000,400000000,94823458,14000.0,,skipped,dense_cell_limit:400000000>12000000,,,,,,,,,,,,,,,,,,,,,,,,,,,,,,,,,,,,,,,,,,,,,,,,,,,,,,,,,,,,,,,,,,,,,,,,,,,,,,,,,,isolated,1,False,900.0,,,,,,,,,tree_tree,1,0,0,0.7651766540075187,44,14,14,14,226,25,medium,medium,30,zipf,1,inverse_sqrt,14,reserved,fast_beam_partial,Rare high-weight anchors are far apart in deep trees; dense and exhaustive sparse methods exceed the configured work limits. Large preset: more instances and a larger structural workload. Encoded token-posting partial beam is the accelerated implementation of the same score-only search geometry.,260,260,201,192,21,31,True,,,,,,,,,,,,,,,,,,,,,,,,False,no_exact_result,0,,,,,,,,,,,
deep_rare_anchor_stress,0,fast_beam_partial,fast_beam,False,"{""beam_width"": 200, ""expansion_width"": 64, ""max_nodes_per_token_side"": 8, ""max_token_types_per_expansion"": 2048, ""search"": ""partial""}",equality,20000,20000,400000000,94823458,14000.0,14001.681792855263,ok,,14001.681792830508,0.07746048099943437,0.07756653599790297,0.006365725013893098,0.006344403984257951,0.006434379989514127,0.006377035396872089,0.006361856998410076,0.006378810998285189,3.433173713146745e-05,1.3085984392091632e-05,5.0,"[0.006434379989514127, 0.006344403984257951, 0.006361856998410076, 0.006365725013893098, 0.006378810998285189]",0.08382620601332746,5.0,1.0,15.0,1.0,0.9333333333333333,1.0,1.0,fast_beam_partial_equality,20000.0,20000.0,0.0,4.956699558533728e-05,0.004247576929628849,0.002190470084315166,2.062006387859583e-06,0.006575368985068053,33775.0,33775.0,33775.0,,33775.0,25446.0,3209.0,200.0,21.0,1.0,1.0,14001.681792855263,15.0,,,,,,,,,,fast_beam_partial_fit,20000.0,20000.0,0.07756496098591015,0.0,0.0,0.0,0.0,0.07756496098591015,0.0,,,,,,,,,1.0,1.0,,,,0.07725339898024686,0.11852410499705002,0.19577750397729687,14001.681792855263,14001.681792830508,0.0,isolated,1,True,900.0,0.6710696030058898,0.396336092002457,0.2747335110034328,210432000.0,200.68359375,resource.ru_maxrss_kib_converted_to_bytes,0.0,"{""BLIS_NUM_THREADS"": ""1"", ""MKL_DYNAMIC"": ""FALSE"", ""MKL_NUM_THREADS"": ""1"", ""NUMBA_NUM_THREADS"": ""1"", ""NUMEXPR_NUM_THREADS"": ""1"", ""OMP_DYNAMIC"": ""FALSE"", ""OMP_NUM_THREADS"": ""1"", ""OPENBLAS_NUM_THREADS"": ""1"", ""PYTHONHASHSEED"": ""0"", ""VECLIB_MAXIMUM_THREADS"": ""1""}",tree_tree,8,1,0,0.7651766540075187,44,14,14,14,226,25,medium,medium,30,zipf,1,inverse_sqrt,14,reserved,fast_beam_partial,Rare high-weight anchors are far apart in deep trees; dense and exhaustive sparse methods exceed the configured work limits. Large preset: more instances and a larger structural workload. Encoded token-posting partial beam is the accelerated implementation of the same score-only search geometry.,260,260,201,192,21,31,,200.0,,,3210.0,,,,,,,descending_token_weight_first_descendants,0.0,64.0,8.0,2048.0,261.0,True,44.0,33775.0,139604.0,,,,False,no_exact_result,0,,,,,,,,1.0,1.0,,
deep_rare_anchor_stress,0,exact_dense,generic,True,"{""method"": ""exact""}",equality,20000,20000,400000000,94823458,14000.0,,skipped,dense_cell_limit:400000000>12000000,,,,,,,,,,,,,,,,,,,,,,,,,,,,,,,,,,,,,,,,,,,,,,,,,,,,,,,,,,,,,,,,,,,,,,,,,,,,,,,,,,isolated,1,False,900.0,,,,,,,,,tree_tree,0,2,0,0.7651766540075187,44,14,14,14,226,25,medium,medium,30,zipf,1,inverse_sqrt,14,reserved,fast_beam_partial,Rare high-weight anchors are far apart in deep trees; dense and exhaustive sparse methods exceed the configured work limits. Large preset: more instances and a larger structural workload. Encoded token-posting partial beam is the accelerated implementation of the same score-only search geometry.,260,260,201,192,21,31,True,,,,,,,,,,,,,,,,,,,,,,,,False,no_exact_result,0,,,,,,,,,,,
deep_rare_anchor_stress,0,beam_partial_score,generic,False,"{""beam_balance_penalty"": 0.0, ""beam_candidate_future_weight"": 0.0, ""beam_expansion_width"": 64, ""beam_gap_penalty"": 0.0, ""beam_lookahead"": false, ""beam_n_restarts"": 1, ""beam_priority_future_weight"": 0.0, ""beam_priority_length_weight"": 0.0, ""beam_random_fraction"": 0.0, ""beam_rarity_weight"": 0.0, ""beam_symmetric"": false, ""beam_width"": 200, ""candidate_select_mode"": ""first"", ""method"": ""beam"", ""seed"": 0}",equality,20000,20000,400000000,94823458,14000.0,14001.681792830508,ok,,14001.681792830508,1.8430000636726618e-06,6.996007869020104e-06,0.23817238298943266,0.2364014380145818,0.25099050599965267,0.2426772234030068,0.23747840299620293,0.2503433870151639,0.007324403304631657,0.0017709449748508632,5.0,"[0.2503433870151639, 0.23817238298943266, 0.23747840299620293, 0.25099050599965267, 0.2364014380145818]",0.23817422598949634,5.0,1.0,15.0,1.0,0.9333333333333333,1.0,1.0,beam_partial,20000.0,20000.0,0.0,0.04411235699080862,0.19060737965628505,0.02115469635464251,3.842986188828945e-06,0.25787188799586147,89639.0,33775.0,33775.0,,33775.0,25446.0,3209.0,200.0,21.0,1.0,1.0,14001.681792830508,15.0,,,,,,,,,True,beam_fit,20000.0,20000.0,6.0010061133652925e-06,0.0,0.0,0.0,0.0,6.0010061133652925e-06,0.0,,,,,,,,,1.0,1.0,,,,2.4650071281939745e-06,0.24321215602685697,0.24321462103398517,14001.681792830508,14001.681792830508,0.0,isolated,1,True,900.0,2.192336860985961,1.9514576969959307,0.24087916399003007,208539648.0,198.87890625,resource.ru_maxrss_kib_converted_to_bytes,0.0,"{""BLIS_NUM_THREADS"": ""1"", ""MKL_DYNAMIC"": ""FALSE"", ""MKL_NUM_THREADS"": ""1"", ""NUMBA_NUM_THREADS"": ""1"", ""NUMEXPR_NUM_THREADS"": ""1"", ""OMP_DYNAMIC"": ""FALSE"", ""OMP_NUM_THREADS"": ""1"", ""OPENBLAS_NUM_THREADS"": ""1"", ""PYTHONHASHSEED"": ""0"", ""VECLIB_MAXIMUM_THREADS"": ""1""}",tree_tree,7,3,0,0.7651766540075187,44,14,14,14,226,25,medium,medium,30,zipf,1,inverse_sqrt,14,reserved,fast_beam_partial,Rare high-weight anchors are far apart in deep trees; dense and exhaustive sparse methods exceed the configured work limits. Large preset: more instances and a larger structural workload. Encoded token-posting partial beam is the accelerated implementation of the same score-only search geometry.,260,260,201,192,21,31,,,,,,,1936.0,0.0,[14001.681792830508],0.0,"{""beam_width"": 200, ""expansion_width"": 64, ""label_pair_preprocessing_score_evaluations"": 1936, ""lookahead_enabled"": false, ""maximum_matching_length"": 261, ""positive_label_pair_types"": 44, ""state_pool_size"": 33776}",,,,,,,,,,,,,,False,no_exact_result,0,,,,,,,,0.026727385156890902,0.35195330504411615,,
deep_rare_anchor_stress,0,beam_local_capped,generic,False,"{""beam_local_child_cap"": 16, ""beam_width"": 200, ""method"": ""beam_local""}",equality,20000,20000,400000000,94823458,14000.0,1036.8033981739238,ok,,1036.8033981739236,1.661013811826706e-06,7.0490059442818165e-06,0.08922428198275156,0.08883148501627147,0.10103473099297844,0.09151569619425573,0.08891511699766852,0.08957286598160863,0.005329286857284222,0.00034858399885706604,5.0,"[0.08883148501627147, 0.08922428198275156, 0.10103473099297844, 0.08957286598160863, 0.08891511699766852]",0.08922594299656339,5.0,1.0,19.0,0.07142857142857142,0.05263157894736842,0.07142857142857142,0.07142857142857142,beam_local,20000.0,20000.0,0.0,0.01818183998693712,0.06943833277910016,0.01858135624206625,7.811002433300018e-06,0.10731838599895127,26000.0,26000.0,6174.0,,104322.0,57535.0,52389.0,200.0,284.0,1.0,1.0,1036.8033981739238,19.0,,,,,,,,,True,beam_local_fit,20000.0,20000.0,6.0150050558149815e-06,0.0,0.0,0.0,0.0,6.0150050558149815e-06,0.0,,,,,,,,,1.0,1.0,,,,2.187007339671254e-06,0.09145470798830502,0.09145689499564469,1036.8033981739238,1036.8033981739236,0.0,isolated,1,True,900.0,0.97788811600185,0.7461631810001563,0.23172493500169367,208539648.0,198.87890625,resource.ru_maxrss_kib_converted_to_bytes,0.0,"{""BLIS_NUM_THREADS"": ""1"", ""MKL_DYNAMIC"": ""FALSE"", ""MKL_NUM_THREADS"": ""1"", ""NUMBA_NUM_THREADS"": ""1"", ""NUMEXPR_NUM_THREADS"": ""1"", ""OMP_DYNAMIC"": ""FALSE"", ""OMP_NUM_THREADS"": ""1"", ""OPENBLAS_NUM_THREADS"": ""1"", ""PYTHONHASHSEED"": ""0"", ""VECLIB_MAXIMUM_THREADS"": ""1""}",tree_tree,6,4,0,0.7651766540075187,44,14,14,14,226,25,medium,medium,30,zipf,1,inverse_sqrt,14,reserved,fast_beam_partial,Rare high-weight anchors are far apart in deep trees; dense and exhaustive sparse methods exceed the configured work limits. Large preset: more instances and a larger structural workload. Encoded token-posting partial beam is the accelerated implementation of the same score-only search geometry.,260,260,201,192,21,31,,200.0,16.0,522.0,52390.0,,,,,,,,,,,,,,,,,,,,False,no_exact_result,0,,,,,,,,0.07134520864089094,0.9394824330022055,,
deep_rare_anchor_stress,0,beam_local,generic,False,"{""beam_local_child_cap"": null, ""beam_width"": 200, ""method"": ""beam_local""}",equality,20000,20000,400000000,94823458,14000.0,1040.9815366049932,ok,,1040.981536604993,1.6299891285598278e-06,6.87700230628252e-06,0.09122963200206868,0.09034751501167193,0.10279962597996928,0.09329256640048697,0.0907907249929849,0.09129533401574008,0.005328258521546669,0.00043890700908377767,5.0,"[0.09129533401574008, 0.0907907249929849, 0.10279962597996928, 0.09122963200206868, 0.09034751501167193]",0.09123126199119724,5.0,1.0,22.0,0.07142857142857142,0.045454545454545456,0.07142857142857142,0.07142857142857142,beam_local,20000.0,20000.0,0.0,0.018735118996119127,0.07326233814819716,0.018583221826702356,9.490002412348986e-06,0.1117337640025653,28463.0,28463.0,6874.0,,108331.0,58595.0,51853.0,200.0,284.0,1.0,1.0,1040.9815366049932,22.0,,,,,,,,,True,beam_local_fit,20000.0,20000.0,5.879002856090665e-06,0.0,0.0,0.0,0.0,5.879002856090665e-06,0.0,,,,,,,,,1.0,1.0,,,,2.3900065571069717e-06,0.09321619602269493,0.09321858602925204,1040.9815366049932,1040.981536604993,0.0,isolated,1,True,900.0,1.0026242730091326,0.7632939259929117,0.2393303470162209,208539648.0,198.87890625,resource.ru_maxrss_kib_converted_to_bytes,0.0,"{""BLIS_NUM_THREADS"": ""1"", ""MKL_DYNAMIC"": ""FALSE"", ""MKL_NUM_THREADS"": ""1"", ""NUMBA_NUM_THREADS"": ""1"", ""NUMEXPR_NUM_THREADS"": ""1"", ""OMP_DYNAMIC"": ""FALSE"", ""OMP_NUM_THREADS"": ""1"", ""OPENBLAS_NUM_THREADS"": ""1"", ""PYTHONHASHSEED"": ""0"", ""VECLIB_MAXIMUM_THREADS"": ""1""}",tree_tree,5,5,0,0.7651766540075187,44,14,14,14,226,25,medium,medium,30,zipf,1,inverse_sqrt,14,reserved,fast_beam_partial,Rare high-weight anchors are far apart in deep trees; dense and exhaustive sparse methods exceed the configured work limits. Large preset: more instances and a larger structural workload. Encoded token-posting partial beam is the accelerated implementation of the same score-only search geometry.,260,260,201,192,21,31,,200.0,,522.0,51854.0,,,,,,,,,,,,,,,,,,,,False,no_exact_result,0,,,,,,,,0.06977694499248611,0.9188320339295067,,
deep_rare_anchor_stress,0,fast_sparse,fast_sparse,True,{},equality,20000,20000,400000000,94823458,14000.0,,skipped,sparse_posting_limit:94823458>20000000,,,,,,,,,,,,,,,,,,,,,,,,,,,,,,,,,,,,,,,,,,,,,,,,,,,,,,,,,,,,,,,,,,,,,,,,,,,,,,,,,,isolated,1,False,900.0,,,,,,,,,tree_tree,4,6,0,0.7651766540075187,44,14,14,14,226,25,medium,medium,30,zipf,1,inverse_sqrt,14,reserved,fast_beam_partial,Rare high-weight anchors are far apart in deep trees; dense and exhaustive sparse methods exceed the configured work limits. Large preset: more instances and a larger structural workload. Encoded token-posting partial beam is the accelerated implementation of the same score-only search geometry.,260,260,201,192,21,31,True,,,,,,,,,,,,,,,,,,,,,,,,False,no_exact_result,0,,,,,,,,,,,
deep_rare_anchor_stress,0,sparse_closure,generic_sparse,True,"{""method"": ""sparse""}",equality,20000,20000,400000000,94823458,14000.0,,skipped,sparse_posting_limit:94823458>20000000,,,,,,,,,,,,,,,,,,,,,,,,,,,,,,,,,,,,,,,,,,,,,,,,,,,,,,,,,,,,,,,,,,,,,,,,,,,,,,,,,,isolated,1,False,900.0,,,,,,,,,tree_tree,2,7,0,0.7651766540075187,44,14,14,14,226,25,medium,medium,30,zipf,1,inverse_sqrt,14,reserved,fast_beam_partial,Rare high-weight anchors are far apart in deep trees; dense and exhaustive sparse methods exceed the configured work limits. Large preset: more instances and a larger structural workload. Encoded token-posting partial beam is the accelerated implementation of the same score-only search geometry.,260,260,201,192,21,31,True,,,,,,,,,,,,,,,,,,,,,,,,False,no_exact_result,0,,,,,,,,,,,
deep_rare_anchor_stress,0,sparse_chain,generic_sparse,True,"{""method"": ""sparse_chain""}",equality,20000,20000,400000000,94823458,14000.0,,skipped,sparse_posting_limit:94823458>20000000,,,,,,,,,,,,,,,,,,,,,,,,,,,,,,,,,,,,,,,,,,,,,,,,,,,,,,,,,,,,,,,,,,,,,,,,,,,,,,,,,,isolated,1,False,900.0,,,,,,,,,tree_tree,3,8,0,0.7651766540075187,44,14,14,14,226,25,medium,medium,30,zipf,1,inverse_sqrt,14,reserved,fast_beam_partial,Rare high-weight anchors are far apart in deep trees; dense and exhaustive sparse methods exceed the configured work limits. Large preset: more instances and a larger structural workload. Encoded token-posting partial beam is the accelerated implementation of the same score-only search geometry.,260,260,201,192,21,31,True,,,,,,,,,,,,,,,,,,,,,,,,False,no_exact_result,0,,,,,,,,,,,
deep_rare_anchor_stress,1,fast_beam_partial,fast_beam,False,"{""beam_width"": 200, ""expansion_width"": 64, ""max_nodes_per_token_side"": 8, ""max_token_types_per_expansion"": 2048, ""search"": ""partial""}",equality,20000,20000,400000000,93499629,14000.0,14000.0,ok,,14000.0,0.07692003299598582,0.0774435069761239,0.005223732994636521,0.005179917003260925,0.005239054997218773,0.005217838601674884,0.005218244012212381,0.005228244001045823,2.2535325759255932e-05,5.4889824241399765e-06,5.0,"[0.005228244001045823, 0.005239054997218773, 0.005179917003260925, 0.005218244012212381, 0.005223732994636521]",0.08214376599062234,5.0,1.0,14.0,1.0,1.0,1.0,1.0,fast_beam_partial_equality,20000.0,20000.0,0.0,5.0600996473804116e-05,0.0032609670015517622,0.001974318001884967,1.966021955013275e-06,0.005374594999011606,31142.0,31142.0,31142.0,,31142.0,20308.0,3522.0,200.0,22.0,1.0,1.0,14000.0,14.0,,,,,,,,,,fast_beam_partial_fit,20000.0,20000.0,0.07744182299938984,0.0,0.0,0.0,0.0,0.07744182299938984,0.0,,,,,,,,,1.0,1.0,,,,0.0774935869849287,0.11774342300486751,0.1952370099897962,14000.0,14000.0,0.0,isolated,1,True,900.0,0.6629936809767969,0.38686401897575706,0.27612966200103983,210690048.0,200.9296875,resource.ru_maxrss_kib_converted_to_bytes,0.0,"{""BLIS_NUM_THREADS"": ""1"", ""MKL_DYNAMIC"": ""FALSE"", ""MKL_NUM_THREADS"": ""1"", ""NUMBA_NUM_THREADS"": ""1"", ""NUMEXPR_NUM_THREADS"": ""1"", ""OMP_DYNAMIC"": ""FALSE"", ""OMP_NUM_THREADS"": ""1"", ""OPENBLAS_NUM_THREADS"": ""1"", ""PYTHONHASHSEED"": ""0"", ""VECLIB_MAXIMUM_THREADS"": ""1""}",tree_tree,8,0,0,0.7758520990028046,44,14,14,14,59,114,medium,medium,30,zipf,1,inverse_sqrt,14,reserved,fast_beam_partial,Rare high-weight anchors are far apart in deep trees; dense and exhaustive sparse methods exceed the configured work limits. Large preset: more instances and a larger structural workload. Encoded token-posting partial beam is the accelerated implementation of the same score-only search geometry.,260,260,192,189,22,26,,200.0,,,3523.0,,,,,,,descending_token_weight_first_descendants,0.0,64.0,8.0,2048.0,261.0,True,44.0,31142.0,153064.0,,,,False,no_exact_result,0,,,,,,,,1.0,0.5802566441781728,,
deep_rare_anchor_stress,1,exact_dense,generic,True,"{""method"": ""exact""}",equality,20000,20000,400000000,93499629,14000.0,,skipped,dense_cell_limit:400000000>12000000,,,,,,,,,,,,,,,,,,,,,,,,,,,,,,,,,,,,,,,,,,,,,,,,,,,,,,,,,,,,,,,,,,,,,,,,,,,,,,,,,,isolated,1,False,900.0,,,,,,,,,tree_tree,0,1,0,0.7758520990028046,44,14,14,14,59,114,medium,medium,30,zipf,1,inverse_sqrt,14,reserved,fast_beam_partial,Rare high-weight anchors are far apart in deep trees; dense and exhaustive sparse methods exceed the configured work limits. Large preset: more instances and a larger structural workload. Encoded token-posting partial beam is the accelerated implementation of the same score-only search geometry.,260,260,192,189,22,26,True,,,,,,,,,,,,,,,,,,,,,,,,False,no_exact_result,0,,,,,,,,,,,
deep_rare_anchor_stress,1,beam_partial_score,generic,False,"{""beam_balance_penalty"": 0.0, ""beam_candidate_future_weight"": 0.0, ""beam_expansion_width"": 64, ""beam_gap_penalty"": 0.0, ""beam_lookahead"": false, ""beam_n_restarts"": 1, ""beam_priority_future_weight"": 0.0, ""beam_priority_length_weight"": 0.0, ""beam_random_fraction"": 0.0, ""beam_rarity_weight"": 0.0, ""beam_symmetric"": false, ""beam_width"": 200, ""candidate_select_mode"": ""first"", ""method"": ""beam"", ""seed"": 0}",equality,20000,20000,400000000,93499629,14000.0,14000.0,ok,,14000.0,1.6639824025332928e-06,9.23601328395307e-06,0.28534624000894837,0.28410684200935066,0.2997224729915615,0.2899435190076474,0.28455189301166683,0.29599014701670967,0.0073563077483603315,0.0012393979995977134,5.0,"[0.29599014701670967, 0.28410684200935066, 0.28455189301166683, 0.2997224729915615, 0.28534624000894837]",0.2853479039913509,5.0,1.0,14.0,1.0,1.0,1.0,1.0,beam_partial,20000.0,20000.0,0.0,0.044148719985969365,0.24155185936251655,0.018500680656870827,2.7659989427775145e-06,0.30568735499400645,124049.0,31142.0,31142.0,,31142.0,20308.0,3522.0,200.0,22.0,1.0,1.0,14000.0,14.0,,,,,,,,,True,beam_fit,20000.0,20000.0,7.965019904077053e-06,0.0,0.0,0.0,0.0,7.965019904077053e-06,0.0,,,,,,,,,1.0,1.0,,,,2.329004928469658e-06,0.28514902098686434,0.2851513499917928,14000.0,14000.0,0.0,isolated,1,True,900.0,2.566535258985823,2.323391840996919,0.24314341798890382,208539648.0,198.87890625,resource.ru_maxrss_kib_converted_to_bytes,0.0,"{""BLIS_NUM_THREADS"": ""1"", ""MKL_DYNAMIC"": ""FALSE"", ""MKL_NUM_THREADS"": ""1"", ""NUMBA_NUM_THREADS"": ""1"", ""NUMEXPR_NUM_THREADS"": ""1"", ""OMP_DYNAMIC"": ""FALSE"", ""OMP_NUM_THREADS"": ""1"", ""OPENBLAS_NUM_THREADS"": ""1"", ""PYTHONHASHSEED"": ""0"", ""VECLIB_MAXIMUM_THREADS"": ""1""}",tree_tree,7,2,0,0.7758520990028046,44,14,14,14,59,114,medium,medium,30,zipf,1,inverse_sqrt,14,reserved,fast_beam_partial,Rare high-weight anchors are far apart in deep trees; dense and exhaustive sparse methods exceed the configured work limits. Large preset: more instances and a larger structural workload. Encoded token-posting partial beam is the accelerated implementation of the same score-only search geometry.,260,260,192,189,22,26,,,,,,,1936.0,0.0,[14000.0],0.0,"{""beam_width"": 200, ""expansion_width"": 64, ""label_pair_preprocessing_score_evaluations"": 1936, ""lookahead_enabled"": false, ""maximum_matching_length"": 261, ""positive_label_pair_types"": 44, ""state_pool_size"": 31143}",,,,,,,,,,,,,,False,no_exact_result,0,,,,,,,,0.018306647371532585,0.16703983217385182,,
deep_rare_anchor_stress,1,beam_local_capped,generic,False,"{""beam_local_child_cap"": 16, ""beam_width"": 200, ""method"": ""beam_local""}",equality,20000,20000,400000000,93499629,14000.0,1037.906056865264,ok,,1037.906056865264,1.6289995983242989e-06,6.538000889122486e-06,0.096661090006819,0.09585517799132504,0.10844633998931386,0.09884632980101742,0.09616869801538996,0.09710034300223924,0.005387500338818549,0.0004923919914290309,5.0,"[0.09585517799132504, 0.096661090006819, 0.10844633998931386, 0.09710034300223924, 0.09616869801538996]",0.09666271900641732,5.0,1.0,17.0,0.07142857142857142,0.058823529411764705,0.07142857142857142,0.07142857142857142,beam_local,20000.0,20000.0,0.0,0.017938709002919495,0.07923793463851325,0.01752949637011625,7.021008059382439e-06,0.1158060320012737,31875.0,31875.0,5768.0,,114513.0,55123.0,51131.0,200.0,288.0,1.0,1.0,1037.906056865264,17.0,,,,,,,,,True,beam_local_fit,20000.0,20000.0,5.542009603232145e-06,0.0,0.0,0.0,0.0,5.542009603232145e-06,0.0,,,,,,,,,1.0,1.0,,,,2.435001078993082e-06,0.09803887899033725,0.09804131399141625,1037.906056865264,1037.906056865264,0.0,isolated,1,True,900.0,1.04288489400642,0.8048899270070251,0.23799496699939482,208539648.0,198.87890625,resource.ru_maxrss_kib_converted_to_bytes,0.0,"{""BLIS_NUM_THREADS"": ""1"", ""MKL_DYNAMIC"": ""FALSE"", ""MKL_NUM_THREADS"": ""1"", ""NUMBA_NUM_THREADS"": ""1"", ""NUMEXPR_NUM_THREADS"": ""1"", ""OMP_DYNAMIC"": ""FALSE"", ""OMP_NUM_THREADS"": ""1"", ""OPENBLAS_NUM_THREADS"": ""1"", ""PYTHONHASHSEED"": ""0"", ""VECLIB_MAXIMUM_THREADS"": ""1""}",tree_tree,6,3,0,0.7758520990028046,44,14,14,14,59,114,medium,medium,30,zipf,1,inverse_sqrt,14,reserved,fast_beam_partial,Rare high-weight anchors are far apart in deep trees; dense and exhaustive sparse methods exceed the configured work limits. Large preset: more instances and a larger structural workload. Encoded token-posting partial beam is the accelerated implementation of the same score-only search geometry.,260,260,192,189,22,26,,200.0,16.0,522.0,51132.0,,,,,,,,,,,,,,,,,,,,False,no_exact_result,0,,,,,,,,0.05404173483113019,0.4931008198798055,,
deep_rare_anchor_stress,1,beam_local,generic,False,"{""beam_local_child_cap"": null, ""beam_width"": 200, ""method"": ""beam_local""}",equality,20000,20000,400000000,93499629,14000.0,1023.0750489584866,ok,,1023.0750489584866,1.6050180420279503e-06,7.171009201556444e-06,0.04766286097583361,0.04718603100627661,0.05908674097736366,0.0498248461924959,0.04743807500926778,0.04775052299373783,0.005182174111414112,0.0002247859665658325,5.0,"[0.04766286097583361, 0.04743807500926778, 0.05908674097736366, 0.04775052299373783, 0.04718603100627661]",0.04766446599387564,5.0,1.0,14.0,0.07142857142857142,0.07142857142857142,0.07142857142857142,0.07142857142857142,beam_local,20000.0,20000.0,0.0,0.018805681000230834,0.03363581286976114,0.008834712120005861,4.0529994294047356e-06,0.06211229201289825,10312.0,10312.0,2326.0,,46487.0,32088.0,26653.0,200.0,276.0,1.0,1.0,1023.0750489584866,14.0,,,,,,,,,True,beam_local_fit,20000.0,20000.0,5.995010724291205e-06,0.0,0.0,0.0,0.0,5.995010724291205e-06,0.0,,,,,,,,,1.0,1.0,,,,2.6389898266643286e-06,0.04939774697413668,0.049400385963963345,1023.0750489584866,1023.0750489584866,0.0,isolated,1,True,900.0,0.6498517360014375,0.4086703190114349,0.24118141699000262,208539648.0,198.87890625,resource.ru_maxrss_kib_converted_to_bytes,0.0,"{""BLIS_NUM_THREADS"": ""1"", ""MKL_DYNAMIC"": ""FALSE"", ""MKL_NUM_THREADS"": ""1"", ""NUMBA_NUM_THREADS"": ""1"", ""NUMEXPR_NUM_THREADS"": ""1"", ""OMP_DYNAMIC"": ""FALSE"", ""OMP_NUM_THREADS"": ""1"", ""OPENBLAS_NUM_THREADS"": ""1"", ""PYTHONHASHSEED"": ""0"", ""VECLIB_MAXIMUM_THREADS"": ""1""}",tree_tree,5,4,0,0.7758520990028046,44,14,14,14,59,114,medium,medium,30,zipf,1,inverse_sqrt,14,reserved,fast_beam_partial,Rare high-weight anchors are far apart in deep trees; dense and exhaustive sparse methods exceed the configured work limits. Large preset: more instances and a larger structural workload. Encoded token-posting partial beam is the accelerated implementation of the same score-only search geometry.,260,260,192,189,22,26,,200.0,,522.0,26654.0,,,,,,,,,,,,,,,,,,,,False,no_exact_result,0,,,,,,,,0.1095975543156148,1.0,,
deep_rare_anchor_stress,1,fast_sparse,fast_sparse,True,{},equality,20000,20000,400000000,93499629,14000.0,,skipped,sparse_posting_limit:93499629>20000000,,,,,,,,,,,,,,,,,,,,,,,,,,,,,,,,,,,,,,,,,,,,,,,,,,,,,,,,,,,,,,,,,,,,,,,,,,,,,,,,,,isolated,1,False,900.0,,,,,,,,,tree_tree,4,5,0,0.7758520990028046,44,14,14,14,59,114,medium,medium,30,zipf,1,inverse_sqrt,14,reserved,fast_beam_partial,Rare high-weight anchors are far apart in deep trees; dense and exhaustive sparse methods exceed the configured work limits. Large preset: more instances and a larger structural workload. Encoded token-posting partial beam is the accelerated implementation of the same score-only search geometry.,260,260,192,189,22,26,True,,,,,,,,,,,,,,,,,,,,,,,,False,no_exact_result,0,,,,,,,,,,,
deep_rare_anchor_stress,1,sparse_closure,generic_sparse,True,"{""method"": ""sparse""}",equality,20000,20000,400000000,93499629,14000.0,,skipped,sparse_posting_limit:93499629>20000000,,,,,,,,,,,,,,,,,,,,,,,,,,,,,,,,,,,,,,,,,,,,,,,,,,,,,,,,,,,,,,,,,,,,,,,,,,,,,,,,,,isolated,1,False,900.0,,,,,,,,,tree_tree,2,6,0,0.7758520990028046,44,14,14,14,59,114,medium,medium,30,zipf,1,inverse_sqrt,14,reserved,fast_beam_partial,Rare high-weight anchors are far apart in deep trees; dense and exhaustive sparse methods exceed the configured work limits. Large preset: more instances and a larger structural workload. Encoded token-posting partial beam is the accelerated implementation of the same score-only search geometry.,260,260,192,189,22,26,True,,,,,,,,,,,,,,,,,,,,,,,,False,no_exact_result,0,,,,,,,,,,,
deep_rare_anchor_stress,1,sparse_chain,generic_sparse,True,"{""method"": ""sparse_chain""}",equality,20000,20000,400000000,93499629,14000.0,,skipped,sparse_posting_limit:93499629>20000000,,,,,,,,,,,,,,,,,,,,,,,,,,,,,,,,,,,,,,,,,,,,,,,,,,,,,,,,,,,,,,,,,,,,,,,,,,,,,,,,,,isolated,1,False,900.0,,,,,,,,,tree_tree,3,7,0,0.7758520990028046,44,14,14,14,59,114,medium,medium,30,zipf,1,inverse_sqrt,14,reserved,fast_beam_partial,Rare high-weight anchors are far apart in deep trees; dense and exhaustive sparse methods exceed the configured work limits. Large preset: more instances and a larger structural workload. Encoded token-posting partial beam is the accelerated implementation of the same score-only search geometry.,260,260,192,189,22,26,True,,,,,,,,,,,,,,,,,,,,,,,,False,no_exact_result,0,,,,,,,,,,,
deep_rare_anchor_stress,1,fast_dense,fast_dense,True,{},equality,20000,20000,400000000,93499629,14000.0,,skipped,dense_cell_limit:400000000>12000000,,,,,,,,,,,,,,,,,,,,,,,,,,,,,,,,,,,,,,,,,,,,,,,,,,,,,,,,,,,,,,,,,,,,,,,,,,,,,,,,,,isolated,1,False,900.0,,,,,,,,,tree_tree,1,8,0,0.7758520990028046,44,14,14,14,59,114,medium,medium,30,zipf,1,inverse_sqrt,14,reserved,fast_beam_partial,Rare high-weight anchors are far apart in deep trees; dense and exhaustive sparse methods exceed the configured work limits. Large preset: more instances and a larger structural workload. Encoded token-posting partial beam is the accelerated implementation of the same score-only search geometry.,260,260,192,189,22,26,True,,,,,,,,,,,,,,,,,,,,,,,,False,no_exact_result,0,,,,,,,,,,,
deep_rare_anchor_stress,2,exact_dense,generic,True,"{""method"": ""exact""}",equality,20000,20000,400000000,94462816,14000.0,,skipped,dense_cell_limit:400000000>12000000,,,,,,,,,,,,,,,,,,,,,,,,,,,,,,,,,,,,,,,,,,,,,,,,,,,,,,,,,,,,,,,,,,,,,,,,,,,,,,,,,,isolated,1,False,900.0,,,,,,,,,tree_tree,0,0,0,0.7671003130089957,44,14,14,14,147,143,medium,medium,30,zipf,1,inverse_sqrt,14,reserved,fast_beam_partial,Rare high-weight anchors are far apart in deep trees; dense and exhaustive sparse methods exceed the configured work limits. Large preset: more instances and a larger structural workload. Encoded token-posting partial beam is the accelerated implementation of the same score-only search geometry.,260,260,195,217,27,27,True,,,,,,,,,,,,,,,,,,,,,,,,False,no_exact_result,0,,,,,,,,,,,
deep_rare_anchor_stress,2,beam_partial_score,generic,False,"{""beam_balance_penalty"": 0.0, ""beam_candidate_future_weight"": 0.0, ""beam_expansion_width"": 64, ""beam_gap_penalty"": 0.0, ""beam_lookahead"": false, ""beam_n_restarts"": 1, ""beam_priority_future_weight"": 0.0, ""beam_priority_length_weight"": 0.0, ""beam_random_fraction"": 0.0, ""beam_rarity_weight"": 0.0, ""beam_symmetric"": false, ""beam_width"": 200, ""candidate_select_mode"": ""first"", ""method"": ""beam"", ""seed"": 0}",equality,20000,20000,400000000,94462816,14000.0,14000.0,ok,,14000.0,1.895008608698845e-06,9.228999260812998e-06,0.36461815898655914,0.3634563910018187,0.3866246620018501,0.37105530219268984,0.3645511219801847,0.37602617699303664,0.010106918241080488,0.001161767984740436,5.0,"[0.3866246620018501, 0.3645511219801847, 0.36461815898655914, 0.37602617699303664, 0.3634563910018187]",0.36462005399516784,5.0,1.0,14.0,1.0,1.0,1.0,1.0,beam_partial,20000.0,20000.0,0.0,0.04359926198958419,0.31668367388192564,0.026539628132013604,4.008004907518625e-06,0.3890693160064984,168542.0,39112.0,39112.0,,39112.0,32953.0,3406.0,200.0,20.0,1.0,1.0,14000.0,14.0,,,,,,,,,True,beam_fit,20000.0,20000.0,8.125993190333247e-06,0.0,0.0,0.0,0.0,8.125993190333247e-06,0.0,,,,,,,,,1.0,1.0,,,,2.428976586088538e-06,0.3660422739922069,0.366044702968793,14000.0,14000.0,0.0,isolated,1,True,900.0,3.214531984005589,2.976050730998395,0.23848125300719403,208539648.0,198.87890625,resource.ru_maxrss_kib_converted_to_bytes,0.0,"{""BLIS_NUM_THREADS"": ""1"", ""MKL_DYNAMIC"": ""FALSE"", ""MKL_NUM_THREADS"": ""1"", ""NUMBA_NUM_THREADS"": ""1"", ""NUMEXPR_NUM_THREADS"": ""1"", ""OMP_DYNAMIC"": ""FALSE"", ""OMP_NUM_THREADS"": ""1"", ""OPENBLAS_NUM_THREADS"": ""1"", ""PYTHONHASHSEED"": ""0"", ""VECLIB_MAXIMUM_THREADS"": ""1""}",tree_tree,7,1,0,0.7671003130089957,44,14,14,14,147,143,medium,medium,30,zipf,1,inverse_sqrt,14,reserved,fast_beam_partial,Rare high-weight anchors are far apart in deep trees; dense and exhaustive sparse methods exceed the configured work limits. Large preset: more instances and a larger structural workload. Encoded token-posting partial beam is the accelerated implementation of the same score-only search geometry.,260,260,195,217,27,27,,,,,,,1936.0,0.0,[14000.0],0.0,"{""beam_width"": 200, ""expansion_width"": 64, ""label_pair_preprocessing_score_evaluations"": 1936, ""lookahead_enabled"": false, ""maximum_matching_length"": 261, ""positive_label_pair_types"": 44, ""state_pool_size"": 39113}",,,,,,,,,,,,,,False,no_exact_result,0,,,,,,,,0.0167264763073896,0.10076827532672017,,
deep_rare_anchor_stress,2,beam_local_capped,generic,False,"{""beam_local_child_cap"": 16, ""beam_width"": 200, ""method"": ""beam_local""}",equality,20000,20000,400000000,94462816,14000.0,1032.3158425739205,ok,,1032.3158425739205,1.3179960660636425e-06,6.7689979914575815e-06,0.03674081599456258,0.036072455026442185,0.04513557002064772,0.038255972001934424,0.03644518298096955,0.036885835987050086,0.00385838510862225,0.00029563301359303296,5.0,"[0.036072455026442185, 0.036885835987050086, 0.04513557002064772, 0.03674081599456258, 0.03644518298096955]",0.036742133990628645,5.0,1.0,13.0,0.07142857142857142,0.07692307692307693,0.07142857142857142,0.07142857142857142,beam_local,20000.0,20000.0,0.0,0.017126459977589548,0.026178405911196023,0.005882443074369803,3.402004949748516e-06,0.04985466998186894,14216.0,14216.0,3748.0,,43268.0,18411.0,15065.0,200.0,95.0,1.0,1.0,1032.3158425739205,13.0,,,,,,,,,True,beam_local_fit,20000.0,20000.0,5.779991624876857e-06,0.0,0.0,0.0,0.0,5.779991624876857e-06,0.0,,,,,,,,,1.0,1.0,,,,2.342014340683818e-06,0.03803143699769862,0.038033779012039304,1032.3158425739205,1032.3158425739205,0.0,isolated,1,True,900.0,0.5419761420052964,0.3161964660102967,0.2257796759949997,208539648.0,198.87890625,resource.ru_maxrss_kib_converted_to_bytes,0.0,"{""BLIS_NUM_THREADS"": ""1"", ""MKL_DYNAMIC"": ""FALSE"", ""MKL_NUM_THREADS"": ""1"", ""NUMBA_NUM_THREADS"": ""1"", ""NUMEXPR_NUM_THREADS"": ""1"", ""OMP_DYNAMIC"": ""FALSE"", ""OMP_NUM_THREADS"": ""1"", ""OPENBLAS_NUM_THREADS"": ""1"", ""PYTHONHASHSEED"": ""0"", ""VECLIB_MAXIMUM_THREADS"": ""1""}",tree_tree,6,2,0,0.7671003130089957,44,14,14,14,147,143,medium,medium,30,zipf,1,inverse_sqrt,14,reserved,fast_beam_partial,Rare high-weight anchors are far apart in deep trees; dense and exhaustive sparse methods exceed the configured work limits. Large preset: more instances and a larger structural workload. Encoded token-posting partial beam is the accelerated implementation of the same score-only search geometry.,260,260,195,217,27,27,,200.0,16.0,522.0,15066.0,,,,,,,,,,,,,,,,,,,,False,no_exact_result,0,,,,,,,,0.16599459844428271,1.0,,
deep_rare_anchor_stress,2,beam_local,generic,False,"{""beam_local_child_cap"": null, ""beam_width"": 200, ""method"": ""beam_local""}",equality,20000,20000,400000000,94462816,14000.0,1024.6430927179697,ok,,1024.6430927179697,1.6520207282155752e-06,8.659000741317868e-06,0.07873465601005591,0.0785101059882436,0.08987570300814696,0.08092822940088809,0.07854315600707196,0.078977525990922,0.005005251939210536,0.00022455002181231976,5.0,"[0.07854315600707196, 0.078977525990922, 0.08987570300814696, 0.0785101059882436, 0.07873465601005591]",0.07873630803078413,5.0,1.0,16.0,0.07142857142857142,0.0625,0.07142857142857142,0.07142857142857142,beam_local,20000.0,20000.0,0.0,0.017475783999543637,0.05896548193413764,0.016026733064791188,6.9160014390945435e-06,0.09366696199867874,16465.0,16465.0,4115.0,,82654.0,55300.0,50320.0,200.0,282.0,1.0,1.0,1024.6430927179697,16.0,,,,,,,,,True,beam_local_fit,20000.0,20000.0,7.614988135173917e-06,0.0,0.0,0.0,0.0,7.614988135173917e-06,0.0,,,,,,,,,1.0,1.0,,,,2.242013579234481e-06,0.08452703198418021,0.08452927399775945,1024.6430927179697,1024.6430927179697,0.0,isolated,1,True,900.0,0.8977074459835421,0.6623314580065198,0.2353759879770223,208539648.0,198.87890625,resource.ru_maxrss_kib_converted_to_bytes,0.0,"{""BLIS_NUM_THREADS"": ""1"", ""MKL_DYNAMIC"": ""FALSE"", ""MKL_NUM_THREADS"": ""1"", ""NUMBA_NUM_THREADS"": ""1"", ""NUMEXPR_NUM_THREADS"": ""1"", ""OMP_DYNAMIC"": ""FALSE"", ""OMP_NUM_THREADS"": ""1"", ""OPENBLAS_NUM_THREADS"": ""1"", ""PYTHONHASHSEED"": ""0"", ""VECLIB_MAXIMUM_THREADS"": ""1""}",tree_tree,5,3,0,0.7671003130089957,44,14,14,14,147,143,medium,medium,30,zipf,1,inverse_sqrt,14,reserved,fast_beam_partial,Rare high-weight anchors are far apart in deep trees; dense and exhaustive sparse methods exceed the configured work limits. Large preset: more instances and a larger structural workload. Encoded token-posting partial beam is the accelerated implementation of the same score-only search geometry.,260,260,195,217,27,27,,200.0,,522.0,50321.0,,,,,,,,,,,,,,,,,,,,False,no_exact_result,0,,,,,,,,0.07745987988762872,0.46664791516847975,,
deep_rare_anchor_stress,2,fast_sparse,fast_sparse,True,{},equality,20000,20000,400000000,94462816,14000.0,,skipped,sparse_posting_limit:94462816>20000000,,,,,,,,,,,,,,,,,,,,,,,,,,,,,,,,,,,,,,,,,,,,,,,,,,,,,,,,,,,,,,,,,,,,,,,,,,,,,,,,,,isolated,1,False,900.0,,,,,,,,,tree_tree,4,4,0,0.7671003130089957,44,14,14,14,147,143,medium,medium,30,zipf,1,inverse_sqrt,14,reserved,fast_beam_partial,Rare high-weight anchors are far apart in deep trees; dense and exhaustive sparse methods exceed the configured work limits. Large preset: more instances and a larger structural workload. Encoded token-posting partial beam is the accelerated implementation of the same score-only search geometry.,260,260,195,217,27,27,True,,,,,,,,,,,,,,,,,,,,,,,,False,no_exact_result,0,,,,,,,,,,,
deep_rare_anchor_stress,2,sparse_closure,generic_sparse,True,"{""method"": ""sparse""}",equality,20000,20000,400000000,94462816,14000.0,,skipped,sparse_posting_limit:94462816>20000000,,,,,,,,,,,,,,,,,,,,,,,,,,,,,,,,,,,,,,,,,,,,,,,,,,,,,,,,,,,,,,,,,,,,,,,,,,,,,,,,,,isolated,1,False,900.0,,,,,,,,,tree_tree,2,5,0,0.7671003130089957,44,14,14,14,147,143,medium,medium,30,zipf,1,inverse_sqrt,14,reserved,fast_beam_partial,Rare high-weight anchors are far apart in deep trees; dense and exhaustive sparse methods exceed the configured work limits. Large preset: more instances and a larger structural workload. Encoded token-posting partial beam is the accelerated implementation of the same score-only search geometry.,260,260,195,217,27,27,True,,,,,,,,,,,,,,,,,,,,,,,,False,no_exact_result,0,,,,,,,,,,,
deep_rare_anchor_stress,2,sparse_chain,generic_sparse,True,"{""method"": ""sparse_chain""}",equality,20000,20000,400000000,94462816,14000.0,,skipped,sparse_posting_limit:94462816>20000000,,,,,,,,,,,,,,,,,,,,,,,,,,,,,,,,,,,,,,,,,,,,,,,,,,,,,,,,,,,,,,,,,,,,,,,,,,,,,,,,,,isolated,1,False,900.0,,,,,,,,,tree_tree,3,6,0,0.7671003130089957,44,14,14,14,147,143,medium,medium,30,zipf,1,inverse_sqrt,14,reserved,fast_beam_partial,Rare high-weight anchors are far apart in deep trees; dense and exhaustive sparse methods exceed the configured work limits. Large preset: more instances and a larger structural workload. Encoded token-posting partial beam is the accelerated implementation of the same score-only search geometry.,260,260,195,217,27,27,True,,,,,,,,,,,,,,,,,,,,,,,,False,no_exact_result,0,,,,,,,,,,,
deep_rare_anchor_stress,2,fast_dense,fast_dense,True,{},equality,20000,20000,400000000,94462816,14000.0,,skipped,dense_cell_limit:400000000>12000000,,,,,,,,,,,,,,,,,,,,,,,,,,,,,,,,,,,,,,,,,,,,,,,,,,,,,,,,,,,,,,,,,,,,,,,,,,,,,,,,,,isolated,1,False,900.0,,,,,,,,,tree_tree,1,7,0,0.7671003130089957,44,14,14,14,147,143,medium,medium,30,zipf,1,inverse_sqrt,14,reserved,fast_beam_partial,Rare high-weight anchors are far apart in deep trees; dense and exhaustive sparse methods exceed the configured work limits. Large preset: more instances and a larger structural workload. Encoded token-posting partial beam is the accelerated implementation of the same score-only search geometry.,260,260,195,217,27,27,True,,,,,,,,,,,,,,,,,,,,,,,,False,no_exact_result,0,,,,,,,,,,,
deep_rare_anchor_stress,2,fast_beam_partial,fast_beam,False,"{""beam_width"": 200, ""expansion_width"": 64, ""max_nodes_per_token_side"": 8, ""max_token_types_per_expansion"": 2048, ""search"": ""partial""}",equality,20000,20000,400000000,94462816,14000.0,14000.0,ok,,14000.0,0.07590193499345332,0.07665023798472248,0.0060987769975326955,0.006052764976629987,0.006132118025561795,0.006096060603158549,0.00606726499972865,0.006129378016339615,3.578150563920052e-05,3.151199780404568e-05,5.0,"[0.006132118025561795, 0.006129378016339615, 0.0060987769975326955, 0.00606726499972865, 0.006052764976629987]",0.08200071199098602,5.0,1.0,14.0,1.0,1.0,1.0,1.0,fast_beam_partial_equality,20000.0,20000.0,0.0,4.949001595377922e-05,0.003863817808451131,0.002263190195662901,1.9709987100213766e-06,0.006262986018555239,39112.0,39112.0,39112.0,,39112.0,32953.0,3406.0,200.0,20.0,1.0,1.0,14000.0,14.0,,,,,,,,,,fast_beam_partial_fit,20000.0,20000.0,0.07664890398154967,0.0,0.0,0.0,0.0,0.07664890398154967,0.0,,,,,,,,,1.0,1.0,,,,0.07669214199995622,0.11487038701307029,0.1915625290130265,14000.0,14000.0,0.0,isolated,1,True,900.0,0.6513545070192777,0.3875032520154491,0.26385125500382856,210448384.0,200.69921875,resource.ru_maxrss_kib_converted_to_bytes,0.0,"{""BLIS_NUM_THREADS"": ""1"", ""MKL_DYNAMIC"": ""FALSE"", ""MKL_NUM_THREADS"": ""1"", ""NUMBA_NUM_THREADS"": ""1"", ""NUMEXPR_NUM_THREADS"": ""1"", ""OMP_DYNAMIC"": ""FALSE"", ""OMP_NUM_THREADS"": ""1"", ""OPENBLAS_NUM_THREADS"": ""1"", ""PYTHONHASHSEED"": ""0"", ""VECLIB_MAXIMUM_THREADS"": ""1""}",tree_tree,8,8,0,0.7671003130089957,44,14,14,14,147,143,medium,medium,30,zipf,1,inverse_sqrt,14,reserved,fast_beam_partial,Rare high-weight anchors are far apart in deep trees; dense and exhaustive sparse methods exceed the configured work limits. Large preset: more instances and a larger structural workload. Encoded token-posting partial beam is the accelerated implementation of the same score-only search geometry.,260,260,195,217,27,27,,200.0,,,3407.0,,,,,,,descending_token_weight_first_descendants,0.0,64.0,8.0,2048.0,261.0,True,44.0,39112.0,147205.0,,,,False,no_exact_result,0,,,,,,,,1.0,0.44807091424605616,,
rare_anchor_oracle,0,fast_beam_partial,fast_beam,False,"{""beam_width"": 200, ""expansion_width"": 64, ""max_nodes_per_token_side"": 8, ""max_token_types_per_expansion"": 2048, ""search"": ""partial""}",equality,2000,2000,4000000,928904,14000.0,14003.363585710526,ok,,14003.363585661014,0.00710030400659889,0.0072119270043913275,0.005205541005125269,0.005173882003873587,0.005275720992358401,0.0052092562022153285,0.005178010003874078,0.005213127005845308,4.0847316184861534e-05,2.75310012511909e-05,5.0,"[0.005275720992358401, 0.005178010003874078, 0.005205541005125269, 0.005213127005845308, 0.005173882003873587]",0.012305845011724159,5.0,1.0,16.0,1.0,0.875,1.0,1.0,fast_beam_partial_equality,2000.0,2000.0,0.0,4.689200432039797e-05,0.003322035976452753,0.0019104660314042121,2.1590094547718763e-06,0.005359821021556854,32272.0,32272.0,32272.0,,32272.0,22257.0,3463.0,200.0,22.0,1.0,1.0,14003.363585710526,16.0,,,,,,,,,,fast_beam_partial_fit,2000.0,2000.0,0.007210757001303136,0.0,0.0,0.0,0.0,0.007210757001303136,0.0,,,,,,,,,1.0,1.0,,,,0.007339408010011539,0.09783448901725933,0.10517389702727087,14003.363585710526,14003.363585661014,0.0,isolated,1,True,900.0,0.41643906899844296,0.15660225800820626,0.2598368109902367,208539648.0,198.87890625,resource.ru_maxrss_kib_converted_to_bytes,0.0,"{""BLIS_NUM_THREADS"": ""1"", ""MKL_DYNAMIC"": ""FALSE"", ""MKL_NUM_THREADS"": ""1"", ""NUMBA_NUM_THREADS"": ""1"", ""NUMEXPR_NUM_THREADS"": ""1"", ""OMP_DYNAMIC"": ""FALSE"", ""OMP_NUM_THREADS"": ""1"", ""OPENBLAS_NUM_THREADS"": ""1"", ""PYTHONHASHSEED"": ""0"", ""VECLIB_MAXIMUM_THREADS"": ""1""}",tree_tree,8,0,0,0.06814737399690785,44,14,14,14,153,174,medium,medium,30,zipf,1,inverse_sqrt,14,reserved,fast_dense,"Exact-oracle companion to the large rare-anchor stress regime. The score-only partial beam should preserve the delayed rare anchors and remain above the 99% quality floor, while local beams may prune the relevant branch; at this smaller scale the specialized dense exact method is still expected to be fastest. Large preset: more instances and a larger structural workload.",200,200,24,32,5,7,,200.0,,,3464.0,,,,,,,descending_token_weight_first_descendants,0.0,64.0,8.0,2048.0,201.0,True,44.0,32272.0,150231.0,,,14110.023987531662,True,exact_agreement,5,0.0025031566619873047,0.014110023987531662,0.9924408064851352,106.66040182113647,0.9924408064851352,99.24408064851352,True,1.0,1.0,0.9962060636932045,0.9962060636932045
rare_anchor_oracle,0,fast_dense,fast_dense,True,{},equality,2000,2000,4000000,928904,14000.0,14110.021484375,ok,,14110.023986915778,0.0019753210071939975,0.0020675550040323287,0.017451714986236766,0.017384189006406814,0.01749303098767996,0.017442485195351763,0.017429133993573487,0.017454357002861798,3.986761282623625e-05,2.2580992663279176e-05,5.0,"[0.017384189006406814, 0.017454357002861798, 0.017451714986236766, 0.01749303098767996, 0.017429133993573487]",0.019427035993430763,5.0,1.0,73.0,1.0,0.1917808219178082,1.0,1.0,fast_dense_equality,2000.0,2000.0,0.0,1.8580991309136152e-05,0.0,0.023570663994178176,6.76529889460653e-05,0.023672448005527258,4000000.0,,,4000000.0,,,,,,1.0,1.0,14110.021484375,73.0,,,,,,,,,,fast_dense_fit,2000.0,2000.0,0.0020666200143750757,0.0,0.0,0.0,0.0,0.0020666200143750757,0.0,,,,,,,,,1.0,1.0,,,,0.002044850989477709,0.12056961699272506,0.12261446798220277,14110.021484375,14110.023986915778,0.0,isolated,1,True,900.0,0.518534153001383,0.2555200709903147,0.26301408201106824,220516352.0,210.30078125,resource.ru_maxrss_kib_converted_to_bytes,0.0,"{""BLIS_NUM_THREADS"": ""1"", ""MKL_DYNAMIC"": ""FALSE"", ""MKL_NUM_THREADS"": ""1"", ""NUMBA_NUM_THREADS"": ""1"", ""NUMEXPR_NUM_THREADS"": ""1"", ""OMP_DYNAMIC"": ""FALSE"", ""OMP_NUM_THREADS"": ""1"", ""OPENBLAS_NUM_THREADS"": ""1"", ""PYTHONHASHSEED"": ""0"", ""VECLIB_MAXIMUM_THREADS"": ""1""}",tree_tree,1,1,0,0.06814737399690785,44,14,14,14,153,174,medium,medium,30,zipf,1,inverse_sqrt,14,reserved,fast_dense,"Exact-oracle companion to the large rare-anchor stress regime. The score-only partial beam should preserve the delayed rare anchors and remain above the 99% quality floor, while local beams may prune the relevant branch; at this smaller scale the specialized dense exact method is still expected to be fastest. Large preset: more instances and a larger structural workload.",200,200,24,32,5,7,,,,,,,,,,,,,,,,,,,,,,,,14110.023987531662,True,exact_agreement,5,0.0025031566619873047,0.014110023987531662,1.0,0.0025031566619873047,1.0,100.0,True,0.29828249024411646,0.6334391420227651,0.45950321672755573,0.7755895224089553
rare_anchor_oracle,0,beam_local,generic,False,"{""beam_local_child_cap"": null, ""beam_width"": 200, ""method"": ""beam_local""}",equality,2000,2000,4000000,928904,14000.0,4054.5551945257685,ok,,4054.5551945257685,1.2780074030160904e-06,2.1508021745830774e-05,0.08721459901425987,0.08682388300076127,0.08833326198509894,0.08736511740135029,0.08713913802057505,0.08731470498605631,0.0005715116990111496,0.0001001059717964381,5.0,"[0.08682388300076127, 0.08721459901425987, 0.08731470498605631, 0.08833326198509894, 0.08713913802057505]",0.08721587702166289,5.0,1.0,39.0,0.2857142857142857,0.10256410256410256,0.2857142857142857,0.2857142857142857,beam_local,2000.0,2000.0,0.0,0.0004947790002916008,0.07749805937055498,0.017149699619039893,1.0735995601862669e-05,0.09579022802063264,42394.0,42394.0,9981.0,,133253.0,51979.0,48448.0,200.0,269.0,1.0,1.0,4054.5551945257685,39.0,,,,,,,,,True,beam_local_fit,2000.0,2000.0,2.0584993762895465e-05,0.0,0.0,0.0,0.0,2.0584993762895465e-05,0.0,,,,,,,,,1.0,1.0,,,,2.0320003386586905e-06,0.08749266198719852,0.08749469398753718,4054.5551945257685,4054.5551945257685,0.0,isolated,1,True,900.0,0.9341893819801044,0.707362852001097,0.22682652997900732,208539648.0,198.87890625,resource.ru_maxrss_kib_converted_to_bytes,0.0,"{""BLIS_NUM_THREADS"": ""1"", ""MKL_DYNAMIC"": ""FALSE"", ""MKL_NUM_THREADS"": ""1"", ""NUMBA_NUM_THREADS"": ""1"", ""NUMEXPR_NUM_THREADS"": ""1"", ""OMP_DYNAMIC"": ""FALSE"", ""OMP_NUM_THREADS"": ""1"", ""OPENBLAS_NUM_THREADS"": ""1"", ""PYTHONHASHSEED"": ""0"", ""VECLIB_MAXIMUM_THREADS"": ""1""}",tree_tree,5,2,0,0.06814737399690785,44,14,14,14,153,174,medium,medium,30,zipf,1,inverse_sqrt,14,reserved,fast_dense,"Exact-oracle companion to the large rare-anchor stress regime. The score-only partial beam should preserve the delayed rare anchors and remain above the 99% quality floor, while local beams may prune the relevant branch; at this smaller scale the specialized dense exact method is still expected to be fastest. Large preset: more instances and a larger structural workload.",200,200,24,32,5,7,,200.0,,402.0,48449.0,,,,,,,,,,,,,,,,,,,14110.023987531662,True,exact_agreement,5,0.0025031566619873047,0.014110023987531662,0.28735282081083496,10055.468793005894,0.28735282081083496,28.735282081083497,True,0.05968657843939804,0.14109638556598592,0.09884241798575367,0.18926138172346343
rare_anchor_oracle,0,sparse_chain,generic_sparse,True,"{""method"": ""sparse_chain""}",equality,2000,2000,4000000,928904,14000.0,14110.023986915783,ok,,14110.023986915778,0.0030407060112338513,0.003020193980773911,2.2348487639974337,2.2291752949822694,2.275996631011367,2.2426960744021924,2.230065828014631,2.2433938540052623,0.019450763785624534,0.005673469015164301,5.0,"[2.275996631011367, 2.2348487639974337, 2.230065828014631, 2.2291752949822694, 2.2433938540052623]",2.2378894700086676,5.0,1.0,73.0,1.0,0.1917808219178082,1.0,1.0,sparse_chain,2000.0,2000.0,0.0,0.2895061239833012,0.265817387989955,1.7339308640221134,2.0895007764920592e-05,2.3248272289929446,928904.0,928904.0,928904.0,,,,,,,1.0,1.0,14110.023986915783,73.0,928904.0,928904.0,True,633026.0,2600188.0,77334.0,928904.0,649429.0,True,sparse_chain_fit,2000.0,2000.0,0.0030180499888956547,0.0,0.0,0.0,0.0,0.0030180499888956547,0.0,,,,,,,,,1.0,1.0,,,False,0.0031179109937511384,2.2352536719990894,2.2383715829928406,14110.023986915783,14110.023986915778,0.0,isolated,1,True,900.0,18.259019963996252,18.02122387700365,0.2377960869926028,382820352.0,365.0859375,resource.ru_maxrss_kib_converted_to_bytes,0.0,"{""BLIS_NUM_THREADS"": ""1"", ""MKL_DYNAMIC"": ""FALSE"", ""MKL_NUM_THREADS"": ""1"", ""NUMBA_NUM_THREADS"": ""1"", ""NUMEXPR_NUM_THREADS"": ""1"", ""OMP_DYNAMIC"": ""FALSE"", ""OMP_NUM_THREADS"": ""1"", ""OPENBLAS_NUM_THREADS"": ""1"", ""PYTHONHASHSEED"": ""0"", ""VECLIB_MAXIMUM_THREADS"": ""1""}",tree_tree,3,3,0,0.06814737399690785,44,14,14,14,153,174,medium,medium,30,zipf,1,inverse_sqrt,14,reserved,fast_dense,"Exact-oracle companion to the large rare-anchor stress regime. The score-only partial beam should preserve the delayed rare anchors and remain above the 99% quality floor, while local beams may prune the relevant branch; at this smaller scale the specialized dense exact method is still expected to be fastest. Large preset: more instances and a larger structural workload.",200,200,24,32,5,7,,,,,,,,,,,,,,,,,,,,,,,,14110.023987531662,True,exact_agreement,5,0.0025031566619873047,0.014110023987531662,1.0,6.158788892207667e-07,1.0,100.0,True,0.0023292587350806737,0.005498861841320741,0.004647691793453483,0.010937579444398266
rare_anchor_oracle,0,beam_partial_score,generic,False,"{""beam_balance_penalty"": 0.0, ""beam_candidate_future_weight"": 0.0, ""beam_expansion_width"": 64, ""beam_gap_penalty"": 0.0, ""beam_lookahead"": false, ""beam_n_restarts"": 1, ""beam_priority_future_weight"": 0.0, ""beam_priority_length_weight"": 0.0, ""beam_random_fraction"": 0.0, ""beam_rarity_weight"": 0.0, ""beam_symmetric"": false, ""beam_width"": 200, ""candidate_select_mode"": ""first"", ""method"": ""beam"", ""seed"": 0}",equality,2000,2000,4000000,928904,14000.0,14003.363585661016,ok,,14003.363585661014,1.1569936759769917e-06,6.724992999807e-06,0.2843636420147959,0.28241157898446545,0.2878130210156087,0.28446485540480354,0.28269511001417413,0.28504092499497347,0.002173721238244683,0.0016685320006217808,5.0,"[0.2878130210156087, 0.28504092499497347, 0.2843636420147959, 0.28269511001417413, 0.28241157898446545]",0.2843647990084719,5.0,1.0,16.0,1.0,0.875,1.0,1.0,beam_partial,2000.0,2000.0,0.0,0.003980820009019226,0.2644168624537997,0.01781594252679497,2.8439972084015608e-06,0.2867557909921743,146193.0,32272.0,32272.0,,32272.0,22257.0,3463.0,200.0,22.0,1.0,1.0,14003.363585661016,16.0,,,,,,,,,True,beam_fit,2000.0,2000.0,5.904003046452999e-06,0.0,0.0,0.0,0.0,5.904003046452999e-06,0.0,,,,,,,,,1.0,1.0,,,,2.549000782892108e-06,0.27665998399606906,0.27666253299685195,14003.363585661016,14003.363585661014,0.0,isolated,1,True,900.0,2.491633311001351,2.2629739189869724,0.22865939201437868,208539648.0,198.87890625,resource.ru_maxrss_kib_converted_to_bytes,0.0,"{""BLIS_NUM_THREADS"": ""1"", ""MKL_DYNAMIC"": ""FALSE"", ""MKL_NUM_THREADS"": ""1"", ""NUMBA_NUM_THREADS"": ""1"", ""NUMEXPR_NUM_THREADS"": ""1"", ""OMP_DYNAMIC"": ""FALSE"", ""OMP_NUM_THREADS"": ""1"", ""OPENBLAS_NUM_THREADS"": ""1"", ""PYTHONHASHSEED"": ""0"", ""VECLIB_MAXIMUM_THREADS"": ""1""}",tree_tree,7,4,0,0.06814737399690785,44,14,14,14,153,174,medium,medium,30,zipf,1,inverse_sqrt,14,reserved,fast_dense,"Exact-oracle companion to the large rare-anchor stress regime. The score-only partial beam should preserve the delayed rare anchors and remain above the 99% quality floor, while local beams may prune the relevant branch; at this smaller scale the specialized dense exact method is still expected to be fastest. Large preset: more instances and a larger structural workload.",200,200,24,32,5,7,,,,,,,1936.0,0.0,[14003.363585661016],0.0,"{""beam_width"": 200, ""expansion_width"": 64, ""label_pair_preprocessing_score_evaluations"": 1936, ""lookahead_enabled"": false, ""maximum_matching_length"": 201, ""positive_label_pair_types"": 44, ""state_pool_size"": 32273}",,,,,,,,,,,,,14110.023987531662,True,exact_agreement,5,0.0025031566619873047,0.014110023987531662,0.9924408064816264,106.66040187064573,0.9924408064816264,99.24408064816264,True,0.018305930280828293,0.043274853479166174,0.0359487724283821,0.082933438486126
rare_anchor_oracle,0,sparse_closure,generic_sparse,True,"{""method"": ""sparse""}",equality,2000,2000,4000000,928904,14000.0,14110.023986915783,ok,,14110.023986915778,0.002954291005153209,0.0028805690235458314,2.187123653013259,2.182020743988687,2.1901073059998453,2.186040750006214,2.1820507820229977,2.1889012650062796,0.0038069802838223616,0.002983652986586094,5.0,"[2.1901073059998453, 2.1820507820229977, 2.187123653013259, 2.182020743988687, 2.1889012650062796]",2.1900779440184124,5.0,1.0,73.0,1.0,0.1917808219178082,1.0,1.0,sparse_closure,2000.0,2000.0,0.0,0.031940098997438326,0.02263955000671558,2.247566548001487,0.00013570798910222948,2.3449582929897588,928904.0,928904.0,928904.0,3036519.0,,,,,,1.0,1.0,14110.023986915783,73.0,,,True,,,,,,True,sparse_fit,2000.0,2000.0,0.002878133993363008,0.0,0.0,0.0,0.0,0.002878133993363008,0.0,,,,,,,,,1.0,1.0,,,False,0.003036273003090173,2.2534696610237006,2.256505934026791,14110.023986915783,14110.023986915778,0.0,isolated,1,True,900.0,17.959061850007856,17.720642831991427,0.23841901801642962,551763968.0,526.203125,resource.ru_maxrss_kib_converted_to_bytes,0.0,"{""BLIS_NUM_THREADS"": ""1"", ""MKL_DYNAMIC"": ""FALSE"", ""MKL_NUM_THREADS"": ""1"", ""NUMBA_NUM_THREADS"": ""1"", ""NUMEXPR_NUM_THREADS"": ""1"", ""OMP_DYNAMIC"": ""FALSE"", ""OMP_NUM_THREADS"": ""1"", ""OPENBLAS_NUM_THREADS"": ""1"", ""PYTHONHASHSEED"": ""0"", ""VECLIB_MAXIMUM_THREADS"": ""1""}",tree_tree,2,5,0,0.06814737399690785,44,14,14,14,153,174,medium,medium,30,zipf,1,inverse_sqrt,14,reserved,fast_dense,"Exact-oracle companion to the large rare-anchor stress regime. The score-only partial beam should preserve the delayed rare anchors and remain above the 99% quality floor, while local beams may prune the relevant branch; at this smaller scale the specialized dense exact method is still expected to be fastest. Large preset: more instances and a larger structural workload.",200,200,24,32,5,7,,,,,,3040520.0,,,,,,,,,,,,,,,,,,14110.023987531662,True,exact_agreement,5,0.0025031566619873047,0.014110023987531662,1.0,6.158788892207667e-07,1.0,100.0,True,0.002380085368265967,0.005618907329455623,0.004748868025229259,0.0111750232389272
rare_anchor_oracle,0,exact_dense,generic,True,"{""method"": ""exact""}",equality,2000,2000,4000000,928904,14000.0,14110.021484375,ok,,14110.023986915778,1.920998329296708e-06,8.798000635579228e-06,1.1560294429946225,1.1467628450191114,1.1592942270217463,1.1551297940080985,1.1542683620064054,1.159294092998607,0.005153667557776637,0.0032646500039845705,5.0,"[1.1467628450191114, 1.1560294429946225, 1.159294092998607, 1.1542683620064054, 1.1592942270217463]",1.1560313639929518,5.0,1.0,73.0,1.0,0.1917808219178082,1.0,1.0,exact_dense,2000.0,2000.0,0.0,9.136801236309111e-05,0.0,1.2210308479843661,0.003414109000004828,1.2248450970218983,4000000.0,,928904.0,4000000.0,,,,,,1.0,1.0,14110.021484375,73.0,,,,,,,,,True,exact_fit,2000.0,2000.0,7.818016456440091e-06,0.0,0.0,0.0,0.0,7.818016456440091e-06,0.0,,,,,,,,,1.0,1.0,,,,2.2970198187977076e-06,1.1540763890079688,1.1540786860277876,14110.021484375,14110.023986915778,0.0,isolated,1,True,900.0,9.563072586024646,9.329334650014061,0.23373793601058424,208539648.0,198.87890625,resource.ru_maxrss_kib_converted_to_bytes,0.0,"{""BLIS_NUM_THREADS"": ""1"", ""MKL_DYNAMIC"": ""FALSE"", ""MKL_NUM_THREADS"": ""1"", ""NUMBA_NUM_THREADS"": ""1"", ""NUMEXPR_NUM_THREADS"": ""1"", ""OMP_DYNAMIC"": ""FALSE"", ""OMP_NUM_THREADS"": ""1"", ""OPENBLAS_NUM_THREADS"": ""1"", ""PYTHONHASHSEED"": ""0"", ""VECLIB_MAXIMUM_THREADS"": ""1""}",tree_tree,0,6,0,0.06814737399690785,44,14,14,14,153,174,medium,medium,30,zipf,1,inverse_sqrt,14,reserved,fast_dense,"Exact-oracle companion to the large rare-anchor stress regime. The score-only partial beam should preserve the delayed rare anchors and remain above the 99% quality floor, while local beams may prune the relevant branch; at this smaller scale the specialized dense exact method is still expected to be fastest. Large preset: more instances and a larger structural workload.",200,200,24,32,5,7,,,,,,,,,,,,,,,,,,,,,,,,14110.023987531662,True,exact_agreement,5,0.0025031566619873047,0.014110023987531662,1.0,0.0025031566619873047,1.0,100.0,True,0.004502948464392601,0.010644905834751372,0.008965525628921975,0.021065570653540505
rare_anchor_oracle,0,beam_local_capped,generic,False,"{""beam_local_child_cap"": 16, ""beam_width"": 200, ""method"": ""beam_local""}",equality,2000,2000,4000000,928904,14000.0,4054.5551945257685,ok,,4054.5551945257685,1.1649972293525934e-06,6.149988621473312e-06,0.08717033299035393,0.08706884999992326,0.0879308010044042,0.08729131700238213,0.08709262899355963,0.08719397202366963,0.000361255261872415,7.770399679429829e-05,5.0,"[0.0879308010044042, 0.08706884999992326, 0.08709262899355963, 0.08719397202366963, 0.08717033299035393]",0.08717149798758328,5.0,1.0,39.0,0.2857142857142857,0.10256410256410256,0.2857142857142857,0.2857142857142857,beam_local,2000.0,2000.0,0.0,0.0004959040088579059,0.07852968410588801,0.017128090898040682,1.0880990885198116e-05,0.09681397600797936,42394.0,42394.0,9981.0,,133253.0,51979.0,48448.0,200.0,269.0,1.0,1.0,4054.5551945257685,39.0,,,,,,,,,True,beam_local_fit,2000.0,2000.0,5.205016350373626e-06,0.0,0.0,0.0,0.0,5.205016350373626e-06,0.0,,,,,,,,,1.0,1.0,,,,1.8050195649266243e-06,0.08782326302025467,0.0878250680398196,4054.5551945257685,4054.5551945257685,0.0,isolated,1,True,900.0,0.9353890150086954,0.7098420000111219,0.22554701499757357,208539648.0,198.87890625,resource.ru_maxrss_kib_converted_to_bytes,0.0,"{""BLIS_NUM_THREADS"": ""1"", ""MKL_DYNAMIC"": ""FALSE"", ""MKL_NUM_THREADS"": ""1"", ""NUMBA_NUM_THREADS"": ""1"", ""NUMEXPR_NUM_THREADS"": ""1"", ""OMP_DYNAMIC"": ""FALSE"", ""OMP_NUM_THREADS"": ""1"", ""OPENBLAS_NUM_THREADS"": ""1"", ""PYTHONHASHSEED"": ""0"", ""VECLIB_MAXIMUM_THREADS"": ""1""}",tree_tree,6,7,0,0.06814737399690785,44,14,14,14,153,174,medium,medium,30,zipf,1,inverse_sqrt,14,reserved,fast_dense,"Exact-oracle companion to the large rare-anchor stress regime. The score-only partial beam should preserve the delayed rare anchors and remain above the 99% quality floor, while local beams may prune the relevant branch; at this smaller scale the specialized dense exact method is still expected to be fastest. Large preset: more instances and a larger structural workload.",200,200,24,32,5,7,,200.0,16.0,402.0,48449.0,,,,,,,,,,,,,,,,,,,14110.023987531662,True,exact_agreement,5,0.0025031566619873047,0.014110023987531662,0.28735282081083496,10055.468793005894,0.28735282081083496,28.735282081083497,True,0.05971688791989934,0.14116821777545918,0.09888397496043413,0.1893259930501526
rare_anchor_oracle,0,fast_sparse,fast_sparse,True,{},equality,2000,2000,4000000,928904,14000.0,14110.023987531662,ok,,14110.023986915778,0.004513824998866767,0.004415784002048895,2.015569023002172,2.0128477980033495,2.047888316999888,2.02516219720128,2.0132923909986857,2.0362134570023045,0.015993534493647706,0.0027212249988224357,5.0,"[2.0362134570023045, 2.0128477980033495, 2.0132923909986857, 2.015569023002172, 2.047888316999888]",2.0200828480010387,5.0,1.0,73.0,1.0,0.1917808219178082,1.0,1.0,fast_sparse_equality,2000.0,2000.0,0.0,0.28969924501143396,0.03240546098095365,1.730067611002596,2.1957006538286805e-05,2.0867926120117772,928904.0,928904.0,928904.0,,,,,,,1.0,1.0,14110.023987531662,73.0,928904.0,928904.0,,633026.0,2600188.0,77334.0,928904.0,649414.0,,fast_sparse_fit,2000.0,2000.0,0.004414277005707845,0.0,0.0,0.0,0.0,0.004414277005707845,0.0,,,,,,,,,1.0,1.0,,,,0.004509532009251416,2.0204942140262574,2.025003746035509,14110.023987531662,14110.023986915778,0.0,isolated,1,True,900.0,16.50407395401271,16.266181226004846,0.2378927280078642,367058944.0,350.0546875,resource.ru_maxrss_kib_converted_to_bytes,0.0,"{""BLIS_NUM_THREADS"": ""1"", ""MKL_DYNAMIC"": ""FALSE"", ""MKL_NUM_THREADS"": ""1"", ""NUMBA_NUM_THREADS"": ""1"", ""NUMEXPR_NUM_THREADS"": ""1"", ""OMP_DYNAMIC"": ""FALSE"", ""OMP_NUM_THREADS"": ""1"", ""OPENBLAS_NUM_THREADS"": ""1"", ""PYTHONHASHSEED"": ""0"", ""VECLIB_MAXIMUM_THREADS"": ""1""}",tree_tree,4,8,0,0.06814737399690785,44,14,14,14,153,174,medium,medium,30,zipf,1,inverse_sqrt,14,reserved,fast_dense,"Exact-oracle companion to the large rare-anchor stress regime. The score-only partial beam should preserve the delayed rare anchors and remain above the 99% quality floor, while local beams may prune the relevant branch; at this smaller scale the specialized dense exact method is still expected to be fastest. Large preset: more instances and a larger structural workload.",200,200,24,32,5,7,,,,,,,,,,,,,,,,,,,,,,928904.0,928904.0,14110.023987531662,True,exact_agreement,5,0.0025031566619873047,0.014110023987531662,1.0,0.0,1.0,100.0,True,0.002582665711627014,0.006091752634750271,0.0051520254637433885,0.012109735754810048
rare_anchor_oracle,1,fast_dense,fast_dense,True,{},equality,2000,2000,4000000,923715,14000.0,14115.630859375,ok,,14115.63249043761,0.0019409959786571562,0.002009160991292447,0.014390405995072797,0.01434745901497081,0.014421022991882637,0.014381991402478889,0.014359938009874895,0.014391131000593305,2.8968260674190195e-05,3.0467985197901726e-05,5.0,"[0.014390405995072797, 0.014359938009874895, 0.014391131000593305, 0.01434745901497081, 0.014421022991882637]",0.016331401973729953,5.0,1.0,86.0,1.0,0.16279069767441862,1.0,1.0,fast_dense_equality,2000.0,2000.0,0.0,1.6902980860322714e-05,0.0,0.02024700099718757,6.412999937310815e-05,0.020342610019724816,4000000.0,,,4000000.0,,,,,,1.0,1.0,14115.630859375,86.0,,,,,,,,,,fast_dense_fit,2000.0,2000.0,0.002008195995585993,0.0,0.0,0.0,0.0,0.002008195995585993,0.0,,,,,,,,,1.0,1.0,,,,0.0019675070070661604,0.11534626901266165,0.11731377601972781,14115.630859375,14115.63249043761,0.0,isolated,1,True,900.0,0.5039190329844132,0.22838260000571609,0.2755364329786971,220405760.0,210.1953125,resource.ru_maxrss_kib_converted_to_bytes,0.0,"{""BLIS_NUM_THREADS"": ""1"", ""MKL_DYNAMIC"": ""FALSE"", ""MKL_NUM_THREADS"": ""1"", ""NUMBA_NUM_THREADS"": ""1"", ""NUMEXPR_NUM_THREADS"": ""1"", ""OMP_DYNAMIC"": ""FALSE"", ""OMP_NUM_THREADS"": ""1"", ""OPENBLAS_NUM_THREADS"": ""1"", ""PYTHONHASHSEED"": ""0"", ""VECLIB_MAXIMUM_THREADS"": ""1""}",tree_tree,1,0,0,0.06886308500543237,44,14,14,14,200,139,medium,medium,30,zipf,1,inverse_sqrt,14,reserved,fast_dense,"Exact-oracle companion to the large rare-anchor stress regime. The score-only partial beam should preserve the delayed rare anchors and remain above the 99% quality floor, while local beams may prune the relevant branch; at this smaller scale the specialized dense exact method is still expected to be fastest. Large preset: more instances and a larger structural workload.",200,200,27,31,7,5,,,,,,,,,,,,,,,,,,,,,,,,14115.632491230965,True,exact_agreement,5,0.0016318559646606445,0.014115632491230963,1.0,0.0016318559646606445,1.0,100.0,True,0.3716540046160528,0.7658738085087338,0.5419063457188456,0.8674162387124458
rare_anchor_oracle,1,beam_local,generic,False,"{""beam_local_child_cap"": null, ""beam_width"": 200, ""method"": ""beam_local""}",equality,2000,2000,4000000,923715,14000.0,6084.702527444498,ok,,6084.7025274445,1.6959966160356998e-06,6.399990525096655e-06,0.09588945601717569,0.09573085099691525,0.09631338299368508,0.09598008000175469,0.09581995499320328,0.09614675500779413,0.00024230108535962927,0.00015860502026043832,5.0,"[0.09631338299368508, 0.09588945601717569, 0.09581995499320328, 0.09573085099691525, 0.09614675500779413]",0.09589115201379173,5.0,1.0,44.0,0.42857142857142855,0.13636363636363635,0.42857142857142855,0.42857142857142855,beam_local,2000.0,2000.0,0.0,0.0004912499862257391,0.08615246129920706,0.019697505718795583,1.82939984370023e-05,0.10709322598995641,45393.0,45393.0,9782.0,,144128.0,60278.0,53315.0,200.0,303.0,1.0,1.0,6084.702527444498,44.0,,,,,,,,,True,beam_local_fit,2000.0,2000.0,5.510984919965267e-06,0.0,0.0,0.0,0.0,5.510984919965267e-06,0.0,,,,,,,,,1.0,1.0,,,,2.348009729757905e-06,0.09799992601620033,0.09800227402593009,6084.702527444498,6084.7025274445,0.0,isolated,1,True,900.0,1.0099254879751243,0.7818830129981507,0.2280424749769736,208539648.0,198.87890625,resource.ru_maxrss_kib_converted_to_bytes,0.0,"{""BLIS_NUM_THREADS"": ""1"", ""MKL_DYNAMIC"": ""FALSE"", ""MKL_NUM_THREADS"": ""1"", ""NUMBA_NUM_THREADS"": ""1"", ""NUMEXPR_NUM_THREADS"": ""1"", ""OMP_DYNAMIC"": ""FALSE"", ""OMP_NUM_THREADS"": ""1"", ""OPENBLAS_NUM_THREADS"": ""1"", ""PYTHONHASHSEED"": ""0"", ""VECLIB_MAXIMUM_THREADS"": ""1""}",tree_tree,5,1,0,0.06886308500543237,44,14,14,14,200,139,medium,medium,30,zipf,1,inverse_sqrt,14,reserved,fast_dense,"Exact-oracle companion to the large rare-anchor stress regime. The score-only partial beam should preserve the delayed rare anchors and remain above the 99% quality floor, while local beams may prune the relevant branch; at this smaller scale the specialized dense exact method is still expected to be fastest. Large preset: more instances and a larger structural workload.",200,200,27,31,7,5,,200.0,,402.0,53316.0,,,,,,,,,,,,,,,,,,,14115.632491230965,True,exact_agreement,5,0.0016318559646606445,0.014115632491230963,0.43106127417418166,8030.929963786467,0.43106127417418166,43.106127417418165,True,0.055775183615200424,0.13043740496629608,0.09877042416107892,0.20027300534638792
rare_anchor_oracle,1,sparse_chain,generic_sparse,True,"{""method"": ""sparse_chain""}",equality,2000,2000,4000000,923715,14000.0,14115.632490437614,ok,,14115.63249043761,0.0031471410184167325,0.002972199989017099,2.2764813260000665,2.2639766869833693,2.295194951002486,2.276641252596164,2.267639928002609,2.27991337099229,0.012210519301676765,0.008841397997457534,5.0,"[2.295194951002486, 2.267639928002609, 2.2764813260000665, 2.2639766869833693, 2.27991337099229]",2.279628467018483,5.0,1.0,86.0,1.0,0.16279069767441862,1.0,1.0,sparse_chain,2000.0,2000.0,0.0,0.28875097798299976,0.2659260479849763,1.7710922200058121,2.9271002858877182e-05,2.360798114008503,923715.0,923715.0,923715.0,,,,,,,1.0,1.0,14115.632490437614,86.0,923715.0,923715.0,True,648424.0,2457057.0,98769.0,923715.0,893678.0,True,sparse_chain_fit,2000.0,2000.0,0.0029703309992328286,0.0,0.0,0.0,0.0,0.0029703309992328286,0.0,,,,,,,,,1.0,1.0,,,False,0.0030845639994367957,2.27531570699648,2.278400270995917,14115.632490437614,14115.63249043761,0.0,isolated,1,True,900.0,18.53556596400449,18.29602998800692,0.23953597599756904,381603840.0,363.92578125,resource.ru_maxrss_kib_converted_to_bytes,0.0,"{""BLIS_NUM_THREADS"": ""1"", ""MKL_DYNAMIC"": ""FALSE"", ""MKL_NUM_THREADS"": ""1"", ""NUMBA_NUM_THREADS"": ""1"", ""NUMEXPR_NUM_THREADS"": ""1"", ""OMP_DYNAMIC"": ""FALSE"", ""OMP_NUM_THREADS"": ""1"", ""OPENBLAS_NUM_THREADS"": ""1"", ""PYTHONHASHSEED"": ""0"", ""VECLIB_MAXIMUM_THREADS"": ""1""}",tree_tree,3,2,0,0.06886308500543237,44,14,14,14,200,139,medium,medium,30,zipf,1,inverse_sqrt,14,reserved,fast_dense,"Exact-oracle companion to the large rare-anchor stress regime. The score-only partial beam should preserve the delayed rare anchors and remain above the 99% quality floor, while local beams may prune the relevant branch; at this smaller scale the specialized dense exact method is still expected to be fastest. Large preset: more instances and a larger structural workload.",200,200,27,31,7,5,,,,,,,,,,,,,,,,,,,,,,,,14115.632491230965,True,exact_agreement,5,0.0016318559646606445,0.014115632491230963,1.0,7.933504093671218e-07,1.0,100.0,True,0.002349350269223119,0.005486768220729627,0.0046876875185125864,0.010913655741962272
rare_anchor_oracle,1,beam_partial_score,generic,False,"{""beam_balance_penalty"": 0.0, ""beam_candidate_future_weight"": 0.0, ""beam_expansion_width"": 64, ""beam_gap_penalty"": 0.0, ""beam_lookahead"": false, ""beam_n_restarts"": 1, ""beam_priority_future_weight"": 0.0, ""beam_priority_length_weight"": 0.0, ""beam_random_fraction"": 0.0, ""beam_rarity_weight"": 0.0, ""beam_symmetric"": false, ""beam_width"": 200, ""candidate_select_mode"": ""first"", ""method"": ""beam"", ""seed"": 0}",equality,2000,2000,4000000,923715,14000.0,14006.0,ok,,14006.0,1.0380172170698643e-06,6.243993993848562e-06,0.2713330650003627,0.2632501320040319,0.27413017698563635,0.2692228957952466,0.2643403149850201,0.2730607900011819,0.005068953475959374,0.0027971119852736592,5.0,"[0.2643403149850201, 0.2632501320040319, 0.27413017698563635, 0.2730607900011819, 0.2713330650003627]",0.27133410301757976,5.0,1.0,20.0,1.0,0.7,1.0,1.0,beam_partial,2000.0,2000.0,0.0,0.0038055079930927604,0.25085221845074557,0.017891299532493576,2.689979737624526e-06,0.2729199079913087,135299.0,35013.0,35013.0,,35013.0,20344.0,4042.0,200.0,24.0,1.0,1.0,14006.0,20.0,,,,,,,,,True,beam_fit,2000.0,2000.0,5.426991265267134e-06,0.0,0.0,0.0,0.0,5.426991265267134e-06,0.0,,,,,,,,,1.0,1.0,,,,2.114014932885766e-06,0.26482743900851347,0.26482955302344635,14006.0,14006.0,0.0,isolated,1,True,900.0,2.3767971720080823,2.14935350799351,0.22744366401457228,208539648.0,198.87890625,resource.ru_maxrss_kib_converted_to_bytes,0.0,"{""BLIS_NUM_THREADS"": ""1"", ""MKL_DYNAMIC"": ""FALSE"", ""MKL_NUM_THREADS"": ""1"", ""NUMBA_NUM_THREADS"": ""1"", ""NUMEXPR_NUM_THREADS"": ""1"", ""OMP_DYNAMIC"": ""FALSE"", ""OMP_NUM_THREADS"": ""1"", ""OPENBLAS_NUM_THREADS"": ""1"", ""PYTHONHASHSEED"": ""0"", ""VECLIB_MAXIMUM_THREADS"": ""1""}",tree_tree,7,3,0,0.06886308500543237,44,14,14,14,200,139,medium,medium,30,zipf,1,inverse_sqrt,14,reserved,fast_dense,"Exact-oracle companion to the large rare-anchor stress regime. The score-only partial beam should preserve the delayed rare anchors and remain above the 99% quality floor, while local beams may prune the relevant branch; at this smaller scale the specialized dense exact method is still expected to be fastest. Large preset: more instances and a larger structural workload.",200,200,27,31,7,5,,,,,,,1936.0,0.0,[14006.0],0.0,"{""beam_width"": 200, ""expansion_width"": 64, ""label_pair_preprocessing_score_evaluations"": 1936, ""lookahead_enabled"": false, ""maximum_matching_length"": 201, ""positive_label_pair_types"": 44, ""state_pool_size"": 35014}",,,,,,,,,,,,,14115.632491230965,True,exact_agreement,5,0.0016318559646606445,0.014115632491230963,0.9922332569015897,109.63249123096466,0.9922332569015897,99.22332569015897,True,0.01971102200947205,0.04609738653860709,0.03865416697916089,0.08810172418356059
rare_anchor_oracle,1,sparse_closure,generic_sparse,True,"{""method"": ""sparse""}",equality,2000,2000,4000000,923715,14000.0,14115.632490437614,ok,,14115.63249043761,0.002938238001661375,0.0028644370031543076,2.1963959360145964,2.1909474129788578,2.2009604350023437,2.196513844601577,2.193752241990296,2.2005131970217917,0.004312554301142009,0.004117261007195339,5.0,"[2.2005131970217917, 2.1909474129788578, 2.1963959360145964, 2.193752241990296, 2.2009604350023437]",2.1993341740162577,5.0,1.0,86.0,1.0,0.16279069767441862,1.0,1.0,sparse_closure,2000.0,2000.0,0.0,0.032138673996087164,0.022548345994437113,2.274024209007621,0.00011719501344487071,2.3728706410038285,923715.0,923715.0,923715.0,3049162.0,,,,,,1.0,1.0,14115.632490437614,86.0,,,True,,,,,,True,sparse_fit,2000.0,2000.0,0.0028621029923669994,0.0,0.0,0.0,0.0,0.0028621029923669994,0.0,,,,,,,,,1.0,1.0,,,False,0.0029993350035510957,2.265952418994857,2.268951753998408,14115.632490437614,14115.63249043761,0.0,isolated,1,True,900.0,18.06447163198027,17.827874999988126,0.23659663199214265,553783296.0,528.12890625,resource.ru_maxrss_kib_converted_to_bytes,0.0,"{""BLIS_NUM_THREADS"": ""1"", ""MKL_DYNAMIC"": ""FALSE"", ""MKL_NUM_THREADS"": ""1"", ""NUMBA_NUM_THREADS"": ""1"", ""NUMEXPR_NUM_THREADS"": ""1"", ""OMP_DYNAMIC"": ""FALSE"", ""OMP_NUM_THREADS"": ""1"", ""OPENBLAS_NUM_THREADS"": ""1"", ""PYTHONHASHSEED"": ""0"", ""VECLIB_MAXIMUM_THREADS"": ""1""}",tree_tree,2,4,0,0.06886308500543237,44,14,14,14,200,139,medium,medium,30,zipf,1,inverse_sqrt,14,reserved,fast_dense,"Exact-oracle companion to the large rare-anchor stress regime. The score-only partial beam should preserve the delayed rare anchors and remain above the 99% quality floor, while local beams may prune the relevant branch; at this smaller scale the specialized dense exact method is still expected to be fastest. Large preset: more instances and a larger structural workload.",200,200,27,31,7,5,,,,,,3053163.0,,,,,,,,,,,,,,,,,,14115.632491230965,True,exact_agreement,5,0.0016318559646606445,0.014115632491230963,1.0,7.933504093671218e-07,1.0,100.0,True,0.002435012708056712,0.005687081652110568,0.004858195647972385,0.011309843301890707
rare_anchor_oracle,1,exact_dense,generic,True,"{""method"": ""exact""}",equality,2000,2000,4000000,923715,14000.0,14115.630859375,ok,,14115.63249043761,1.8189894035458565e-06,8.714996511116624e-06,1.1716819209977984,1.1600225330039393,1.1771639049984515,1.170846111199353,1.1701570189907216,1.1752051780058537,0.006656561667912188,0.003523257008055225,5.0,"[1.1752051780058537, 1.1701570189907216, 1.1716819209977984, 1.1771639049984515, 1.1600225330039393]",1.171683739987202,5.0,1.0,86.0,1.0,0.16279069767441862,1.0,1.0,exact_dense,2000.0,2000.0,0.0,0.00010175598436035216,0.0,1.2207632189965807,0.0026154419756494462,1.223795563011663,4000000.0,,923715.0,4000000.0,,,,,,1.0,1.0,14115.630859375,86.0,,,,,,,,,True,exact_fit,2000.0,2000.0,7.730006473138928e-06,0.0,0.0,0.0,0.0,7.730006473138928e-06,0.0,,,,,,,,,1.0,1.0,,,,2.4460023269057274e-06,1.1486466889909934,1.1486491349933203,14115.630859375,14115.63249043761,0.0,isolated,1,True,900.0,9.657771798985777,9.424652646994218,0.2331191519915592,208539648.0,198.87890625,resource.ru_maxrss_kib_converted_to_bytes,0.0,"{""BLIS_NUM_THREADS"": ""1"", ""MKL_DYNAMIC"": ""FALSE"", ""MKL_NUM_THREADS"": ""1"", ""NUMBA_NUM_THREADS"": ""1"", ""NUMEXPR_NUM_THREADS"": ""1"", ""OMP_DYNAMIC"": ""FALSE"", ""OMP_NUM_THREADS"": ""1"", ""OPENBLAS_NUM_THREADS"": ""1"", ""PYTHONHASHSEED"": ""0"", ""VECLIB_MAXIMUM_THREADS"": ""1""}",tree_tree,0,5,0,0.06886308500543237,44,14,14,14,200,139,medium,medium,30,zipf,1,inverse_sqrt,14,reserved,fast_dense,"Exact-oracle companion to the large rare-anchor stress regime. The score-only partial beam should preserve the delayed rare anchors and remain above the 99% quality floor, while local beams may prune the relevant branch; at this smaller scale the specialized dense exact method is still expected to be fastest. Large preset: more instances and a larger structural workload.",200,200,27,31,7,5,,,,,,,,,,,,,,,,,,,,,,,,14115.632491230965,True,exact_agreement,5,0.0016318559646606445,0.014115632491230963,1.0,0.0016318559646606445,1.0,100.0,True,0.004564593786311147,0.010675058977983452,0.009087705886799585,0.021124611482504187
rare_anchor_oracle,1,beam_local_capped,generic,False,"{""beam_local_child_cap"": 16, ""beam_width"": 200, ""method"": ""beam_local""}",equality,2000,2000,4000000,923715,14000.0,6084.702527444498,ok,,6084.7025274445,1.380016328766942e-06,7.86801683716476e-06,0.098191235010745,0.0976117970130872,0.09849958898848854,0.09802558160154148,0.0976327289827168,0.0981925580126699,0.000389087407433776,0.00030835397774353623,5.0,"[0.0981925580126699, 0.0976117970130872, 0.09849958898848854, 0.098191235010745, 0.0976327289827168]",0.09819261502707377,5.0,1.0,44.0,0.42857142857142855,0.13636363636363635,0.42857142857142855,0.42857142857142855,beam_local,2000.0,2000.0,0.0,0.0004988349974155426,0.08699819669709541,0.01943654430215247,1.0957010090351105e-05,0.10759516598773189,45393.0,45393.0,9782.0,,144128.0,60278.0,53315.0,200.0,303.0,1.0,1.0,6084.702527444498,44.0,,,,,,,,,True,beam_local_fit,2000.0,2000.0,6.9020024966448545e-06,0.0,0.0,0.0,0.0,6.9020024966448545e-06,0.0,,,,,,,,,1.0,1.0,,,,2.2700114641338587e-06,0.09864641100284643,0.09864868101431057,6084.702527444498,6084.7025274445,0.0,isolated,1,True,900.0,1.0243489619751927,0.7949970220215619,0.2293519399536308,208539648.0,198.87890625,resource.ru_maxrss_kib_converted_to_bytes,0.0,"{""BLIS_NUM_THREADS"": ""1"", ""MKL_DYNAMIC"": ""FALSE"", ""MKL_NUM_THREADS"": ""1"", ""NUMBA_NUM_THREADS"": ""1"", ""NUMEXPR_NUM_THREADS"": ""1"", ""OMP_DYNAMIC"": ""FALSE"", ""OMP_NUM_THREADS"": ""1"", ""OPENBLAS_NUM_THREADS"": ""1"", ""PYTHONHASHSEED"": ""0"", ""VECLIB_MAXIMUM_THREADS"": ""1""}",tree_tree,6,6,0,0.06886308500543237,44,14,14,14,200,139,medium,medium,30,zipf,1,inverse_sqrt,14,reserved,fast_dense,"Exact-oracle companion to the large rare-anchor stress regime. The score-only partial beam should preserve the delayed rare anchors and remain above the 99% quality floor, while local beams may prune the relevant branch; at this smaller scale the specialized dense exact method is still expected to be fastest. Large preset: more instances and a larger structural workload.",200,200,27,31,7,5,,200.0,16.0,402.0,53316.0,,,,,,,,,,,,,,,,,,,14115.632491230965,True,exact_agreement,5,0.0016318559646606445,0.014115632491230963,0.43106127417418166,8030.929963786467,0.43106127417418166,43.106127417418165,True,0.05446771308594299,0.12738018052028605,0.09671480970342716,0.19664966652467872
rare_anchor_oracle,1,fast_sparse,fast_sparse,True,{},equality,2000,2000,4000000,923715,14000.0,14115.632491230965,ok,,14115.63249043761,0.004458141978830099,0.004404509993037209,2.0379327109840233,2.035983956011478,2.079315661016153,2.0507007714011705,2.0361456949904095,2.0641258340037894,0.01994055217963625,0.00194875497254543,5.0,"[2.0641258340037894, 2.0379327109840233, 2.035983956011478, 2.0361456949904095, 2.079315661016153]",2.0423908529628534,5.0,1.0,86.0,1.0,0.16279069767441862,1.0,1.0,fast_sparse_equality,2000.0,2000.0,0.0,0.28852843900676817,0.031892993982182816,1.7681595219764858,3.0049006454646587e-05,2.123063096019905,923715.0,923715.0,923715.0,,,,,,,1.0,1.0,14115.632491230965,86.0,923715.0,923715.0,,648424.0,2457057.0,98769.0,923715.0,893678.0,,fast_sparse_fit,2000.0,2000.0,0.00440302598872222,0.0,0.0,0.0,0.0,0.00440302598872222,0.0,,,,,,,,,1.0,1.0,,,,0.004479821014683694,2.0389137270103674,2.043393548025051,14115.632491230965,14115.63249043761,0.0,isolated,1,True,900.0,16.711046638025437,16.471527382003842,0.23951925602159463,367370240.0,350.3515625,resource.ru_maxrss_kib_converted_to_bytes,0.0,"{""BLIS_NUM_THREADS"": ""1"", ""MKL_DYNAMIC"": ""FALSE"", ""MKL_NUM_THREADS"": ""1"", ""NUMBA_NUM_THREADS"": ""1"", ""NUMEXPR_NUM_THREADS"": ""1"", ""OMP_DYNAMIC"": ""FALSE"", ""OMP_NUM_THREADS"": ""1"", ""OPENBLAS_NUM_THREADS"": ""1"", ""PYTHONHASHSEED"": ""0"", ""VECLIB_MAXIMUM_THREADS"": ""1""}",tree_tree,4,7,0,0.06886308500543237,44,14,14,14,200,139,medium,medium,30,zipf,1,inverse_sqrt,14,reserved,fast_dense,"Exact-oracle companion to the large rare-anchor stress regime. The score-only partial beam should preserve the delayed rare anchors and remain above the 99% quality floor, while local beams may prune the relevant branch; at this smaller scale the specialized dense exact method is still expected to be fastest. Large preset: more instances and a larger structural workload.",200,200,27,31,7,5,,,,,,,,,,,,,,,,,,,,,,923715.0,923715.0,14115.632491230965,True,exact_agreement,5,0.0016318559646606445,0.014115632491230963,1.0,0.0,1.0,100.0,True,0.002624351622256083,0.006124093735419358,0.005234964855999869,0.0121736349890649
rare_anchor_oracle,1,fast_beam_partial,fast_beam,False,"{""beam_width"": 200, ""expansion_width"": 64, ""max_nodes_per_token_side"": 8, ""max_token_types_per_expansion"": 2048, ""search"": ""partial""}",equality,2000,2000,4000000,923715,14000.0,14006.0,ok,,14006.0,0.007159541011787951,0.007340295996982604,0.005348252016119659,0.005330905027221888,0.005388585006585345,0.005355039605638013,0.0053312479867599905,0.005376207991503179,2.6305820936080975e-05,1.7346988897770643e-05,5.0,"[0.005376207991503179, 0.005348252016119659, 0.005388585006585345, 0.0053312479867599905, 0.005330905027221888]",0.01250779302790761,5.0,1.0,20.0,1.0,0.7,1.0,1.0,fast_beam_partial_equality,2000.0,2000.0,0.0,4.64959884993732e-05,0.003372426930582151,0.0020419780630618334,2.3320026230067015e-06,0.005544973973883316,35013.0,35013.0,35013.0,,35013.0,20344.0,4042.0,200.0,24.0,1.0,1.0,14006.0,20.0,,,,,,,,,,fast_beam_partial_fit,2000.0,2000.0,0.007339242001762614,0.0,0.0,0.0,0.0,0.007339242001762614,0.0,,,,,,,,,1.0,1.0,,,,0.00746758800232783,0.09799317200668156,0.10546076000900939,14006.0,14006.0,0.0,isolated,1,True,900.0,0.41514228700543754,0.15820862297550775,0.2569336640299298,208539648.0,198.87890625,resource.ru_maxrss_kib_converted_to_bytes,0.0,"{""BLIS_NUM_THREADS"": ""1"", ""MKL_DYNAMIC"": ""FALSE"", ""MKL_NUM_THREADS"": ""1"", ""NUMBA_NUM_THREADS"": ""1"", ""NUMEXPR_NUM_THREADS"": ""1"", ""OMP_DYNAMIC"": ""FALSE"", ""OMP_NUM_THREADS"": ""1"", ""OPENBLAS_NUM_THREADS"": ""1"", ""PYTHONHASHSEED"": ""0"", ""VECLIB_MAXIMUM_THREADS"": ""1""}",tree_tree,8,8,0,0.06886308500543237,44,14,14,14,200,139,medium,medium,30,zipf,1,inverse_sqrt,14,reserved,fast_dense,"Exact-oracle companion to the large rare-anchor stress regime. The score-only partial beam should preserve the delayed rare anchors and remain above the 99% quality floor, while local beams may prune the relevant branch; at this smaller scale the specialized dense exact method is still expected to be fastest. Large preset: more instances and a larger structural workload.",200,200,27,31,7,5,,200.0,,,4043.0,,,,,,,descending_token_weight_first_descendants,0.0,64.0,8.0,2048.0,201.0,True,44.0,35013.0,175935.0,,,14115.632491230965,True,exact_agreement,5,0.0016318559646606445,0.014115632491230963,0.9922332569015897,109.63249123096466,0.9922332569015897,99.22332569015897,True,1.0,1.0,0.996101489084421,0.996101489084421
rare_anchor_oracle,2,beam_local,generic,False,"{""beam_local_child_cap"": null, ""beam_width"": 200, ""method"": ""beam_local""}",equality,2000,2000,4000000,953671,14000.0,13092.659367246088,ok,,13092.65936724608,1.09401298686862e-06,6.6810171119868755e-06,0.12788076300057583,0.1274684979871381,0.12818303797394037,0.12786485959077254,0.1278747929900419,0.1279172060021665,0.0002556519812172379,3.6443001590669155e-05,5.0,"[0.12788076300057583, 0.1274684979871381, 0.1278747929900419, 0.1279172060021665, 0.12818303797394037]",0.1278818570135627,5.0,1.0,66.0,0.9285714285714286,0.19696969696969696,0.9285714285714286,0.9285714285714286,beam_local,2000.0,2000.0,0.0,0.0005055749788880348,0.11191546815098263,0.026810152834514156,1.9728002371266484e-05,0.14008812798419967,66354.0,66354.0,14341.0,,196567.0,78038.0,64031.0,200.0,343.0,1.0,1.0,13092.659367246088,66.0,,,,,,,,,True,beam_local_fit,2000.0,2000.0,5.798996426165104e-06,0.0,0.0,0.0,0.0,5.798996426165104e-06,0.0,,,,,,,,,1.0,1.0,,,,2.2269960027188063e-06,0.12812992700492032,0.12813215400092304,13092.659367246088,13092.65936724608,0.0,isolated,1,True,900.0,1.2627979080134537,1.037178797996603,0.22561911001685075,208539648.0,198.87890625,resource.ru_maxrss_kib_converted_to_bytes,0.0,"{""BLIS_NUM_THREADS"": ""1"", ""MKL_DYNAMIC"": ""FALSE"", ""MKL_NUM_THREADS"": ""1"", ""NUMBA_NUM_THREADS"": ""1"", ""NUMEXPR_NUM_THREADS"": ""1"", ""OMP_DYNAMIC"": ""FALSE"", ""OMP_NUM_THREADS"": ""1"", ""OPENBLAS_NUM_THREADS"": ""1"", ""PYTHONHASHSEED"": ""0"", ""VECLIB_MAXIMUM_THREADS"": ""1""}",tree_tree,5,0,0,0.06827252902439795,44,14,14,14,110,138,medium,medium,30,zipf,1,inverse_sqrt,14,reserved,fast_dense,"Exact-oracle companion to the large rare-anchor stress regime. The score-only partial beam should preserve the delayed rare anchors and remain above the 99% quality floor, while local beams may prune the relevant branch; at this smaller scale the specialized dense exact method is still expected to be fastest. Large preset: more instances and a larger structural workload.",200,200,30,29,6,6,,200.0,,402.0,64032.0,,,,,,,,,,,,,,,,,,,14063.11283493042,True,exact_agreement,5,0.000530242919921875,0.014063112834930419,0.9309929829138619,970.4534676843323,0.9309929829138619,93.09929829138619,True,0.04604398554953917,0.10365346063965013,0.08774822004826517,0.18653839697900904
rare_anchor_oracle,2,sparse_chain,generic_sparse,True,"{""method"": ""sparse_chain""}",equality,2000,2000,4000000,953671,14000.0,14063.112834919511,ok,,14063.112834919508,0.0030211679986678064,0.003027942992048338,2.309315764985513,2.2954463089990895,2.3196700859989505,2.30659468639642,2.295880682999268,2.312660588999279,0.01065647344608824,0.010354321013437584,5.0,"[2.3196700859989505, 2.2954463089990895, 2.295880682999268, 2.309315764985513, 2.312660588999279]",2.3123369329841807,5.0,1.0,55.0,1.0,0.2545454545454545,1.0,1.0,sparse_chain,2000.0,2000.0,0.0,0.2985778480069712,0.27572550301556475,1.7700790950038936,1.6058009350672364e-05,2.381644655019045,953671.0,953671.0,953671.0,,,,,,,1.0,1.0,14063.112834919511,55.0,953671.0,953671.0,True,664128.0,2628664.0,74526.0,953671.0,636479.0,True,sparse_chain_fit,2000.0,2000.0,0.0030257079924922436,0.0,0.0,0.0,0.0,0.0030257079924922436,0.0,,,,,,,,,1.0,1.0,,,False,0.0030824349960312247,2.2957276179804467,2.298810052976478,14063.112834919511,14063.112834919508,0.0,isolated,1,True,900.0,18.754855641018366,18.51757439400535,0.23728124701301567,388653056.0,370.6484375,resource.ru_maxrss_kib_converted_to_bytes,0.0,"{""BLIS_NUM_THREADS"": ""1"", ""MKL_DYNAMIC"": ""FALSE"", ""MKL_NUM_THREADS"": ""1"", ""NUMBA_NUM_THREADS"": ""1"", ""NUMEXPR_NUM_THREADS"": ""1"", ""OMP_DYNAMIC"": ""FALSE"", ""OMP_NUM_THREADS"": ""1"", ""OPENBLAS_NUM_THREADS"": ""1"", ""PYTHONHASHSEED"": ""0"", ""VECLIB_MAXIMUM_THREADS"": ""1""}",tree_tree,3,1,0,0.06827252902439795,44,14,14,14,110,138,medium,medium,30,zipf,1,inverse_sqrt,14,reserved,fast_dense,"Exact-oracle companion to the large rare-anchor stress regime. The score-only partial beam should preserve the delayed rare anchors and remain above the 99% quality floor, while local beams may prune the relevant branch; at this smaller scale the specialized dense exact method is still expected to be fastest. Large preset: more instances and a larger structural workload.",200,200,30,29,6,6,,,,,,,,,,,,,,,,,,,,,,,,14063.11283493042,True,exact_agreement,5,0.000530242919921875,0.014063112834930419,1.0,1.0908479453064501e-08,1.0,100.0,True,0.002549733602021937,0.00573246780925389,0.005086497989204183,0.011399587848129616
rare_anchor_oracle,2,beam_partial_score,generic,False,"{""beam_balance_penalty"": 0.0, ""beam_candidate_future_weight"": 0.0, ""beam_expansion_width"": 64, ""beam_gap_penalty"": 0.0, ""beam_lookahead"": false, ""beam_n_restarts"": 1, ""beam_priority_future_weight"": 0.0, ""beam_priority_length_weight"": 0.0, ""beam_random_fraction"": 0.0, ""beam_rarity_weight"": 0.0, ""beam_symmetric"": false, ""beam_width"": 200, ""candidate_select_mode"": ""first"", ""method"": ""beam"", ""seed"": 0}",equality,2000,2000,4000000,953671,14000.0,14000.0,ok,,14000.0,1.8139835447072983e-06,6.5699859987944365e-06,0.33319316600682214,0.3297742850263603,0.33401406899793074,0.33234178081038407,0.33082879200810567,0.33389859201270156,0.0019252425413037494,0.0008209029911085963,5.0,"[0.33401406899793074, 0.33389859201270156, 0.33082879200810567, 0.3297742850263603, 0.33319316600682214]",0.33319497999036685,5.0,1.0,14.0,1.0,1.0,1.0,1.0,beam_partial,2000.0,2000.0,0.0,0.003836265008430928,0.30638438201276585,0.02187259600032121,4.739995347335935e-06,0.332707905996358,175361.0,36263.0,36263.0,,36263.0,28107.0,3651.0,200.0,23.0,1.0,1.0,14000.0,14.0,,,,,,,,,True,beam_fit,2000.0,2000.0,5.648995283991098e-06,0.0,0.0,0.0,0.0,5.648995283991098e-06,0.0,,,,,,,,,1.0,1.0,,,,1.9720173440873623e-06,0.3223735860083252,0.3223755580256693,14000.0,14000.0,0.0,isolated,1,True,900.0,2.8705341430031694,2.641351674014004,0.2291824689891655,208539648.0,198.87890625,resource.ru_maxrss_kib_converted_to_bytes,0.0,"{""BLIS_NUM_THREADS"": ""1"", ""MKL_DYNAMIC"": ""FALSE"", ""MKL_NUM_THREADS"": ""1"", ""NUMBA_NUM_THREADS"": ""1"", ""NUMEXPR_NUM_THREADS"": ""1"", ""OMP_DYNAMIC"": ""FALSE"", ""OMP_NUM_THREADS"": ""1"", ""OPENBLAS_NUM_THREADS"": ""1"", ""PYTHONHASHSEED"": ""0"", ""VECLIB_MAXIMUM_THREADS"": ""1""}",tree_tree,7,2,0,0.06827252902439795,44,14,14,14,110,138,medium,medium,30,zipf,1,inverse_sqrt,14,reserved,fast_dense,"Exact-oracle companion to the large rare-anchor stress regime. The score-only partial beam should preserve the delayed rare anchors and remain above the 99% quality floor, while local beams may prune the relevant branch; at this smaller scale the specialized dense exact method is still expected to be fastest. Large preset: more instances and a larger structural workload.",200,200,30,29,6,6,,,,,,,1936.0,0.0,[14000.0],0.0,"{""beam_width"": 200, ""expansion_width"": 64, ""label_pair_preprocessing_score_evaluations"": 1936, ""lookahead_enabled"": false, ""maximum_matching_length"": 201, ""positive_label_pair_types"": 44, ""state_pool_size"": 36264}",,,,,,,,,,,,,14063.11283493042,True,exact_agreement,5,0.000530242919921875,0.014063112834930419,0.9955121717594658,63.11283493041992,0.9955121717594658,99.55121717594658,True,0.017671851059340143,0.03978270330742654,0.03472724091749659,0.07650799076056428
rare_anchor_oracle,2,sparse_closure,generic_sparse,True,"{""method"": ""sparse""}",equality,2000,2000,4000000,953671,14000.0,14063.112834919511,ok,,14063.112834919508,0.0029086860013194382,0.0028482000052463263,2.2714122860052157,2.200995060004061,2.2861135299899615,2.2531855545938013,2.2290635609824676,2.2783433359873015,0.03658926607484785,0.014701243984745815,5.0,"[2.200995060004061, 2.2290635609824676, 2.2714122860052157, 2.2861135299899615, 2.2783433359873015]",2.274320972006535,5.0,1.0,55.0,1.0,0.2545454545454545,1.0,1.0,sparse_closure,2000.0,2000.0,0.0,0.032681488984962925,0.022960287984460592,2.2476215869828593,9.65579820331186e-05,2.346603407000657,953671.0,953671.0,953671.0,3060040.0,,,,,,1.0,1.0,14063.112834919511,55.0,,,True,,,,,,True,sparse_fit,2000.0,2000.0,0.0028460049943532795,0.0,0.0,0.0,0.0,0.0028460049943532795,0.0,,,,,,,,,1.0,1.0,,,False,0.00298084897804074,2.2965613580017816,2.2995422069798224,14063.112834919511,14063.112834919508,0.0,isolated,1,True,900.0,18.377486344019417,18.136551297997357,0.2409350460220594,559063040.0,533.1640625,resource.ru_maxrss_kib_converted_to_bytes,0.0,"{""BLIS_NUM_THREADS"": ""1"", ""MKL_DYNAMIC"": ""FALSE"", ""MKL_NUM_THREADS"": ""1"", ""NUMBA_NUM_THREADS"": ""1"", ""NUMEXPR_NUM_THREADS"": ""1"", ""OMP_DYNAMIC"": ""FALSE"", ""OMP_NUM_THREADS"": ""1"", ""OPENBLAS_NUM_THREADS"": ""1"", ""PYTHONHASHSEED"": ""0"", ""VECLIB_MAXIMUM_THREADS"": ""1""}",tree_tree,2,3,0,0.06827252902439795,44,14,14,14,110,138,medium,medium,30,zipf,1,inverse_sqrt,14,reserved,fast_dense,"Exact-oracle companion to the large rare-anchor stress regime. The score-only partial beam should preserve the delayed rare anchors and remain above the 99% quality floor, while local beams may prune the relevant branch; at this smaller scale the specialized dense exact method is still expected to be fastest. Large preset: more instances and a larger structural workload.",200,200,30,29,6,6,,,,,,3064041.0,,,,,,,,,,,,,,,,,,14063.11283493042,True,exact_agreement,5,0.000530242919921875,0.014063112834930419,1.0,1.0908479453064501e-08,1.0,100.0,True,0.002592281480531287,0.005828287737586143,0.005171157864298051,0.011589031266352103
rare_anchor_oracle,2,exact_dense,generic,True,"{""method"": ""exact""}",equality,2000,2000,4000000,953671,14000.0,14063.1123046875,ok,,14063.112834919508,1.5950063243508339e-06,1.0209012543782592e-05,1.1655674689973239,1.1614207550010178,1.1718419649987482,1.1664178572013042,1.1639307840086985,1.169328313000733,0.00417646447134639,0.0037608440034091473,5.0,"[1.1655674689973239, 1.1718419649987482, 1.169328313000733, 1.1614207550010178, 1.1639307840086985]",1.1655690640036482,5.0,1.0,55.0,1.0,0.2545454545454545,1.0,1.0,exact_dense,2000.0,2000.0,0.0,9.445901378057897e-05,0.0,1.2095020209962968,0.0032390920096077025,1.2131221639865544,4000000.0,,953671.0,4000000.0,,,,,,1.0,1.0,14063.1123046875,55.0,,,,,,,,,True,exact_fit,2000.0,2000.0,9.09701338969171e-06,0.0,0.0,0.0,0.0,9.09701338969171e-06,0.0,,,,,,,,,1.0,1.0,,,,2.2849999368190765e-06,1.145893264998449,1.1458955499983858,14063.1123046875,14063.112834919508,0.0,isolated,1,True,900.0,9.574253889993997,9.346121681999648,0.2281322079943493,208539648.0,198.87890625,resource.ru_maxrss_kib_converted_to_bytes,0.0,"{""BLIS_NUM_THREADS"": ""1"", ""MKL_DYNAMIC"": ""FALSE"", ""MKL_NUM_THREADS"": ""1"", ""NUMBA_NUM_THREADS"": ""1"", ""NUMEXPR_NUM_THREADS"": ""1"", ""OMP_DYNAMIC"": ""FALSE"", ""OMP_NUM_THREADS"": ""1"", ""OPENBLAS_NUM_THREADS"": ""1"", ""PYTHONHASHSEED"": ""0"", ""VECLIB_MAXIMUM_THREADS"": ""1""}",tree_tree,0,4,0,0.06827252902439795,44,14,14,14,110,138,medium,medium,30,zipf,1,inverse_sqrt,14,reserved,fast_dense,"Exact-oracle companion to the large rare-anchor stress regime. The score-only partial beam should preserve the delayed rare anchors and remain above the 99% quality floor, while local beams may prune the relevant branch; at this smaller scale the specialized dense exact method is still expected to be fastest. Large preset: more instances and a larger structural workload.",200,200,30,29,6,6,,,,,,,,,,,,,,,,,,,,,,,,14063.11283493042,True,exact_agreement,5,0.000530242919921875,0.014063112834930419,1.0,0.000530242919921875,1.0,100.0,True,0.005051736737923728,0.01137246812895782,0.010052689932798979,0.022489178788892526
rare_anchor_oracle,2,beam_local_capped,generic,False,"{""beam_local_child_cap"": 16, ""beam_width"": 200, ""method"": ""beam_local""}",equality,2000,2000,4000000,953671,14000.0,13092.659367246088,ok,,13092.65936724608,1.113017788156867e-06,6.274000043049455e-06,0.12963921698974445,0.1294334739795886,0.1298323560040444,0.12966375799733215,0.1296350700140465,0.12977867299923673,0.00015498930269264397,0.0001394560094922781,5.0,"[0.1298323560040444, 0.12977867299923673, 0.12963921698974445, 0.1294334739795886, 0.1296350700140465]",0.1296403300075326,5.0,1.0,66.0,0.9285714285714286,0.19696969696969696,0.9285714285714286,0.9285714285714286,beam_local,2000.0,2000.0,0.0,0.0005103540024720132,0.11468695805524476,0.027252913947449997,1.8588994862511754e-05,0.1432834109873511,66354.0,66354.0,14341.0,,196567.0,78038.0,64031.0,200.0,343.0,1.0,1.0,13092.659367246088,66.0,,,,,,,,,True,beam_local_fit,2000.0,2000.0,5.47300442121923e-06,0.0,0.0,0.0,0.0,5.47300442121923e-06,0.0,,,,,,,,,1.0,1.0,,,,2.0519946701824665e-06,0.1314737549982965,0.13147580699296668,13092.659367246088,13092.65936724608,0.0,isolated,1,True,900.0,1.281540436000796,1.053102036996279,0.22843839900451712,208539648.0,198.87890625,resource.ru_maxrss_kib_converted_to_bytes,0.0,"{""BLIS_NUM_THREADS"": ""1"", ""MKL_DYNAMIC"": ""FALSE"", ""MKL_NUM_THREADS"": ""1"", ""NUMBA_NUM_THREADS"": ""1"", ""NUMEXPR_NUM_THREADS"": ""1"", ""OMP_DYNAMIC"": ""FALSE"", ""OMP_NUM_THREADS"": ""1"", ""OPENBLAS_NUM_THREADS"": ""1"", ""PYTHONHASHSEED"": ""0"", ""VECLIB_MAXIMUM_THREADS"": ""1""}",tree_tree,6,5,0,0.06827252902439795,44,14,14,14,110,138,medium,medium,30,zipf,1,inverse_sqrt,14,reserved,fast_dense,"Exact-oracle companion to the large rare-anchor stress regime. The score-only partial beam should preserve the delayed rare anchors and remain above the 99% quality floor, while local beams may prune the relevant branch; at this smaller scale the specialized dense exact method is still expected to be fastest. Large preset: more instances and a larger structural workload.",200,200,30,29,6,6,,200.0,16.0,402.0,64032.0,,,,,,,,,,,,,,,,,,,14063.11283493042,True,exact_agreement,5,0.000530242919921875,0.014063112834930419,0.9309929829138619,970.4534676843323,0.9309929829138619,93.09929829138619,True,0.045419435109117924,0.10224747986764995,0.08661335024828638,0.1842585336256573
rare_anchor_oracle,2,fast_sparse,fast_sparse,True,{},equality,2000,2000,4000000,953671,14000.0,14063.11283493042,ok,,14063.112834919508,0.004449485975783318,0.004336079000495374,2.0618958020058926,2.059395580989076,2.086896930995863,2.0681364835996647,2.0604554699966684,2.0720386340108234,0.011635383744304338,0.002500221016816795,5.0,"[2.086896930995863, 2.0604554699966684, 2.059395580989076, 2.0618958020058926, 2.0720386340108234]",2.066345287981676,5.0,1.0,55.0,1.0,0.2545454545454545,1.0,1.0,fast_sparse_equality,2000.0,2000.0,0.0,0.29885160402045585,0.034147097991080955,1.768431027972838,1.7337006283923984e-05,2.1370720099948812,953671.0,953671.0,953671.0,,,,,,,1.0,1.0,14063.11283493042,55.0,953671.0,953671.0,,664128.0,2628664.0,74526.0,953671.0,636479.0,,fast_sparse_fit,2000.0,2000.0,0.00433473099838011,0.0,0.0,0.0,0.0,0.00433473099838011,0.0,,,,,,,,,1.0,1.0,,,,0.0044534670014400035,2.05081432100269,2.05526778800413,14063.11283493042,14063.112834919508,0.0,isolated,1,True,900.0,16.83385184800136,16.599223252007505,0.2346285959938541,380350464.0,362.73046875,resource.ru_maxrss_kib_converted_to_bytes,0.0,"{""BLIS_NUM_THREADS"": ""1"", ""MKL_DYNAMIC"": ""FALSE"", ""MKL_NUM_THREADS"": ""1"", ""NUMBA_NUM_THREADS"": ""1"", ""NUMEXPR_NUM_THREADS"": ""1"", ""OMP_DYNAMIC"": ""FALSE"", ""OMP_NUM_THREADS"": ""1"", ""OPENBLAS_NUM_THREADS"": ""1"", ""PYTHONHASHSEED"": ""0"", ""VECLIB_MAXIMUM_THREADS"": ""1""}",tree_tree,4,6,0,0.06827252902439795,44,14,14,14,110,138,medium,medium,30,zipf,1,inverse_sqrt,14,reserved,fast_dense,"Exact-oracle companion to the large rare-anchor stress regime. The score-only partial beam should preserve the delayed rare anchors and remain above the 99% quality floor, while local beams may prune the relevant branch; at this smaller scale the specialized dense exact method is still expected to be fastest. Large preset: more instances and a larger structural workload.",200,200,30,29,6,6,,,,,,,,,,,,,,,,,,,,,,953671.0,953671.0,14063.11283493042,True,exact_agreement,5,0.000530242919921875,0.014063112834930419,1.0,0.0,1.0,100.0,True,0.002855692318658559,0.0064148993440626915,0.005695121123670423,0.012748021413919135
rare_anchor_oracle,2,fast_beam_partial,fast_beam,False,"{""beam_width"": 200, ""expansion_width"": 64, ""max_nodes_per_token_side"": 8, ""max_token_types_per_expansion"": 2048, ""search"": ""partial""}",equality,2000,2000,4000000,953671,14000.0,14000.0,ok,,14000.0,0.0073672570288181305,0.007451446988852695,0.005888140003662556,0.005872851004824042,0.005939196009421721,0.005898247408913449,0.0058869570202659816,0.005904093006392941,2.5424244093322468e-05,1.528899883851409e-05,5.0,"[0.005888140003662556, 0.005872851004824042, 0.005904093006392941, 0.005939196009421721, 0.0058869570202659816]",0.013255397032480687,5.0,1.0,14.0,1.0,1.0,1.0,1.0,fast_beam_partial_equality,2000.0,2000.0,0.0,4.99119923915714e-05,0.00375781804905273,0.0022166309354361147,1.9989965949207544e-06,0.006107769004302099,36263.0,36263.0,36263.0,,36263.0,28107.0,3651.0,200.0,23.0,1.0,1.0,14000.0,14.0,,,,,,,,,,fast_beam_partial_fit,2000.0,2000.0,0.007450223987689242,0.0,0.0,0.0,0.0,0.007450223987689242,0.0,,,,,,,,,1.0,1.0,,,,0.007645658974070102,0.10191022002254613,0.10955587899661623,14000.0,14000.0,0.0,isolated,1,True,900.0,0.4300288399972487,0.16648364497814327,0.26354519501910545,208539648.0,198.87890625,resource.ru_maxrss_kib_converted_to_bytes,0.0,"{""BLIS_NUM_THREADS"": ""1"", ""MKL_DYNAMIC"": ""FALSE"", ""MKL_NUM_THREADS"": ""1"", ""NUMBA_NUM_THREADS"": ""1"", ""NUMEXPR_NUM_THREADS"": ""1"", ""OMP_DYNAMIC"": ""FALSE"", ""OMP_NUM_THREADS"": ""1"", ""OPENBLAS_NUM_THREADS"": ""1"", ""PYTHONHASHSEED"": ""0"", ""VECLIB_MAXIMUM_THREADS"": ""1""}",tree_tree,8,7,0,0.06827252902439795,44,14,14,14,110,138,medium,medium,30,zipf,1,inverse_sqrt,14,reserved,fast_dense,"Exact-oracle companion to the large rare-anchor stress regime. The score-only partial beam should preserve the delayed rare anchors and remain above the 99% quality floor, while local beams may prune the relevant branch; at this smaller scale the specialized dense exact method is still expected to be fastest. Large preset: more instances and a larger structural workload.",200,200,30,29,6,6,,200.0,,,3652.0,,,,,,,descending_token_weight_first_descendants,0.0,64.0,8.0,2048.0,201.0,True,44.0,36263.0,158311.0,,,14063.11283493042,True,exact_agreement,5,0.000530242919921875,0.014063112834930419,0.9955121717594658,63.11283493041992,0.9955121717594658,99.55121717594658,True,1.0,1.0,0.9977510394052985,0.9977510394052985
rare_anchor_oracle,2,fast_dense,fast_dense,True,{},equality,2000,2000,4000000,953671,14000.0,14063.1123046875,ok,,14063.112834919508,0.0019207579898647964,0.0019652149931062013,0.01648776399088092,0.016468254005303606,0.01673119599581696,0.01654317040229216,0.016470556001877412,0.01655808201758191,0.00011127799445725385,1.9509985577315092e-05,5.0,"[0.016468254005303606, 0.01655808201758191, 0.01673119599581696, 0.016470556001877412, 0.01648776399088092]",0.018408521980745718,5.0,1.0,55.0,1.0,0.2545454545454545,1.0,1.0,fast_dense_equality,2000.0,2000.0,0.0,1.6789999790489674e-05,0.0,0.02240678100497462,5.224600317887962e-05,0.022490085975732654,4000000.0,,,4000000.0,,,,,,1.0,1.0,14063.1123046875,55.0,,,,,,,,,,fast_dense_fit,2000.0,2000.0,0.0019642919942270964,0.0,0.0,0.0,0.0,0.0019642919942270964,0.0,,,,,,,,,1.0,1.0,,,,0.0019391689857002348,0.11776384399854578,0.11970301298424602,14063.1123046875,14063.112834919508,0.0,isolated,1,True,900.0,0.5049049090011977,0.24587362600141205,0.2590312829997856,220622848.0,210.40234375,resource.ru_maxrss_kib_converted_to_bytes,0.0,"{""BLIS_NUM_THREADS"": ""1"", ""MKL_DYNAMIC"": ""FALSE"", ""MKL_NUM_THREADS"": ""1"", ""NUMBA_NUM_THREADS"": ""1"", ""NUMEXPR_NUM_THREADS"": ""1"", ""OMP_DYNAMIC"": ""FALSE"", ""OMP_NUM_THREADS"": ""1"", ""OPENBLAS_NUM_THREADS"": ""1"", ""PYTHONHASHSEED"": ""0"", ""VECLIB_MAXIMUM_THREADS"": ""1""}",tree_tree,1,8,0,0.06827252902439795,44,14,14,14,110,138,medium,medium,30,zipf,1,inverse_sqrt,14,reserved,fast_dense,"Exact-oracle companion to the large rare-anchor stress regime. The score-only partial beam should preserve the delayed rare anchors and remain above the 99% quality floor, while local beams may prune the relevant branch; at this smaller scale the specialized dense exact method is still expected to be fastest. Large preset: more instances and a larger structural workload.",200,200,30,29,6,6,,,,,,,,,,,,,,,,,,,,,,,,14063.11283493042,True,exact_agreement,5,0.000530242919921875,0.014063112834930419,1.0,0.000530242919921875,1.0,100.0,True,0.3571218029879114,0.7200685120915785,0.5262929269895349,0.8372556174707083
rare_anchor_oracle,3,sparse_chain,generic_sparse,True,"{""method"": ""sparse_chain""}",equality,2000,2000,4000000,921285,14000.0,14102.250893717706,ok,,14102.2508937177,0.0031410829978995025,0.0028772590158041567,2.1724343319947366,2.1618751229834743,2.182516385015333,2.1726600687950848,2.1641925720032305,2.1822819319786504,0.009718432689215562,0.009847599983913824,5.0,"[2.1822819319786504, 2.1724343319947366, 2.1641925720032305, 2.1618751229834743, 2.182516385015333]",2.175575414992636,5.0,1.0,86.0,1.0,0.16279069767441862,1.0,1.0,sparse_chain,2000.0,2000.0,0.0,0.27962178201414645,0.2542719539778773,1.6749695030157454,3.232600283809006e-05,2.25363427400589,921285.0,921285.0,921285.0,,,,,,,1.0,1.0,14102.250893717706,86.0,921285.0,921285.0,True,651100.0,2543400.0,89464.0,921285.0,761251.0,True,sparse_chain_fit,2000.0,2000.0,0.0028752700018230826,0.0,0.0,0.0,0.0,0.0028752700018230826,0.0,,,,,,,,,1.0,1.0,,,False,0.0029608870099764317,2.1598635610134806,2.162824448023457,14102.250893717706,14102.2508937177,0.0,isolated,1,True,900.0,17.69328868400771,17.456134531006683,0.23715415300102904,382636032.0,364.91015625,resource.ru_maxrss_kib_converted_to_bytes,0.0,"{""BLIS_NUM_THREADS"": ""1"", ""MKL_DYNAMIC"": ""FALSE"", ""MKL_NUM_THREADS"": ""1"", ""NUMBA_NUM_THREADS"": ""1"", ""NUMEXPR_NUM_THREADS"": ""1"", ""OMP_DYNAMIC"": ""FALSE"", ""OMP_NUM_THREADS"": ""1"", ""OPENBLAS_NUM_THREADS"": ""1"", ""PYTHONHASHSEED"": ""0"", ""VECLIB_MAXIMUM_THREADS"": ""1""}",tree_tree,3,0,0,0.06835271799354814,44,14,14,14,179,170,medium,medium,30,zipf,1,inverse_sqrt,14,reserved,fast_dense,"Exact-oracle companion to the large rare-anchor stress regime. The score-only partial beam should preserve the delayed rare anchors and remain above the 99% quality floor, while local beams may prune the relevant branch; at this smaller scale the specialized dense exact method is still expected to be fastest. Large preset: more instances and a larger structural workload.",200,200,32,33,6,5,,,,,,,,,,,,,,,,,,,,,,,,14102.250894784927,True,exact_agreement,5,0.002847909927368164,0.014102250894784927,1.0,1.067221091943793e-06,1.0,100.0,True,0.0026208990213245176,0.0060408965563795314,0.0052280957316625295,0.012009246496950917
rare_anchor_oracle,3,beam_partial_score,generic,False,"{""beam_balance_penalty"": 0.0, ""beam_candidate_future_weight"": 0.0, ""beam_expansion_width"": 64, ""beam_gap_penalty"": 0.0, ""beam_lookahead"": false, ""beam_n_restarts"": 1, ""beam_priority_future_weight"": 0.0, ""beam_priority_length_weight"": 0.0, ""beam_random_fraction"": 0.0, ""beam_rarity_weight"": 0.0, ""beam_symmetric"": false, ""beam_width"": 200, ""candidate_select_mode"": ""first"", ""method"": ""beam"", ""seed"": 0}",equality,2000,2000,4000000,921285,14000.0,14000.0,ok,,14000.0,1.1519878171384335e-06,7.854978321120143e-06,0.32161106399144046,0.32107277199975215,0.32328580200555734,0.3219563885999378,0.32156512700021267,0.3222471780027263,0.0008522047143427445,0.0005382919916883111,5.0,"[0.32328580200555734, 0.32156512700021267, 0.3222471780027263, 0.32161106399144046, 0.32107277199975215]",0.3216122159792576,5.0,1.0,14.0,1.0,1.0,1.0,1.0,beam_partial,2000.0,2000.0,0.0,0.003985652991104871,0.31081951974192634,0.01936523924814537,2.510001650080085e-06,0.3345789489976596,172297.0,33769.0,33769.0,,33769.0,23691.0,3378.0,200.0,22.0,1.0,1.0,14000.0,14.0,,,,,,,,,True,beam_fit,2000.0,2000.0,6.7020009737461805e-06,0.0,0.0,0.0,0.0,6.7020009737461805e-06,0.0,,,,,,,,,1.0,1.0,,,,2.22999369725585e-06,0.3254306059970986,0.32543283599079587,14000.0,14000.0,0.0,isolated,1,True,900.0,2.825403175986139,2.593587290000869,0.23181588598527014,208539648.0,198.87890625,resource.ru_maxrss_kib_converted_to_bytes,0.0,"{""BLIS_NUM_THREADS"": ""1"", ""MKL_DYNAMIC"": ""FALSE"", ""MKL_NUM_THREADS"": ""1"", ""NUMBA_NUM_THREADS"": ""1"", ""NUMEXPR_NUM_THREADS"": ""1"", ""OMP_DYNAMIC"": ""FALSE"", ""OMP_NUM_THREADS"": ""1"", ""OPENBLAS_NUM_THREADS"": ""1"", ""PYTHONHASHSEED"": ""0"", ""VECLIB_MAXIMUM_THREADS"": ""1""}",tree_tree,7,1,0,0.06835271799354814,44,14,14,14,179,170,medium,medium,30,zipf,1,inverse_sqrt,14,reserved,fast_dense,"Exact-oracle companion to the large rare-anchor stress regime. The score-only partial beam should preserve the delayed rare anchors and remain above the 99% quality floor, while local beams may prune the relevant branch; at this smaller scale the specialized dense exact method is still expected to be fastest. Large preset: more instances and a larger structural workload.",200,200,32,33,6,5,,,,,,,1936.0,0.0,[14000.0],0.0,"{""beam_width"": 200, ""expansion_width"": 64, ""label_pair_preprocessing_score_evaluations"": 1936, ""lookahead_enabled"": false, ""maximum_matching_length"": 201, ""positive_label_pair_types"": 44, ""state_pool_size"": 33770}",,,,,,,,,,,,,14102.250894784927,True,exact_agreement,5,0.002847909927368164,0.014102250894784927,0.9927493209738071,102.25089478492737,0.9927493209738071,99.27493209738071,True,0.01770377842090757,0.04086420036178168,0.0347871940153478,0.07849724548664251
rare_anchor_oracle,3,sparse_closure,generic_sparse,True,"{""method"": ""sparse""}",equality,2000,2000,4000000,921285,14000.0,14102.250893717706,ok,,14102.2508937177,0.0029229540086816996,0.0028517559985630214,2.1988689040008467,2.1909114129957743,2.204593592992751,2.1980069320008626,2.194600018003257,2.2010607320116833,0.005371364961431093,0.004268885997589678,5.0,"[2.204593592992751, 2.1909114129957743, 2.1988689040008467, 2.2010607320116833, 2.194600018003257]",2.2017918580095284,5.0,1.0,86.0,1.0,0.16279069767441862,1.0,1.0,sparse_closure,2000.0,2000.0,0.0,0.033336913009407,0.02247683599125594,2.2607771960028913,0.00015772500773891807,2.360770181985572,921285.0,921285.0,921285.0,3068332.0,,,,,,1.0,1.0,14102.250893717706,86.0,,,True,,,,,,True,sparse_fit,2000.0,2000.0,0.002849470009095967,0.0,0.0,0.0,0.0,0.002849470009095967,0.0,,,,,,,,,1.0,1.0,,,False,0.0029589009936898947,2.28366813500179,2.2866270359954797,14102.250893717706,14102.2508937177,0.0,isolated,1,True,900.0,18.08357933300431,17.846780296997167,0.2367990360071417,557703168.0,531.8671875,resource.ru_maxrss_kib_converted_to_bytes,0.0,"{""BLIS_NUM_THREADS"": ""1"", ""MKL_DYNAMIC"": ""FALSE"", ""MKL_NUM_THREADS"": ""1"", ""NUMBA_NUM_THREADS"": ""1"", ""NUMEXPR_NUM_THREADS"": ""1"", ""OMP_DYNAMIC"": ""FALSE"", ""OMP_NUM_THREADS"": ""1"", ""OPENBLAS_NUM_THREADS"": ""1"", ""PYTHONHASHSEED"": ""0"", ""VECLIB_MAXIMUM_THREADS"": ""1""}",tree_tree,2,2,0,0.06835271799354814,44,14,14,14,179,170,medium,medium,30,zipf,1,inverse_sqrt,14,reserved,fast_dense,"Exact-oracle companion to the large rare-anchor stress regime. The score-only partial beam should preserve the delayed rare anchors and remain above the 99% quality floor, while local beams may prune the relevant branch; at this smaller scale the specialized dense exact method is still expected to be fastest. Large preset: more instances and a larger structural workload.",200,200,32,33,6,5,,,,,,3072333.0,,,,,,,,,,,,,,,,,,14102.250894784927,True,exact_agreement,5,0.002847909927368164,0.014102250894784927,1.0,1.067221091943793e-06,1.0,100.0,True,0.002589390847383867,0.0059689684039680516,0.0051654064386125725,0.0118671024483751
rare_anchor_oracle,3,exact_dense,generic,True,"{""method"": ""exact""}",equality,2000,2000,4000000,921285,14000.0,14102.248046875,ok,,14102.2508937177,1.6530102584511042e-06,8.71601514518261e-06,1.1499398899904918,1.1351775729854126,1.1588731340016238,1.1487525241973344,1.1433748039999045,1.1563972200092394,0.00968861612050324,0.006565085990587249,5.0,"[1.1563972200092394, 1.1433748039999045, 1.1588731340016238, 1.1351775729854126, 1.1499398899904918]",1.1499415430007502,5.0,1.0,86.0,1.0,0.16279069767441862,1.0,1.0,exact_dense,2000.0,2000.0,0.0,9.91749984677881e-05,0.0,1.2296615189989097,0.0031582670053467155,1.2332120409992058,4000000.0,,921285.0,4000000.0,,,,,,1.0,1.0,14102.248046875,86.0,,,,,,,,,True,exact_fit,2000.0,2000.0,7.68899917602539e-06,0.0,0.0,0.0,0.0,7.68899917602539e-06,0.0,,,,,,,,,1.0,1.0,,,,2.2710009943693876e-06,1.1298898230015766,1.129892094002571,14102.248046875,14102.2508937177,0.0,isolated,1,True,900.0,9.478620320005575,9.245861608011182,0.2327587119943928,208539648.0,198.87890625,resource.ru_maxrss_kib_converted_to_bytes,0.0,"{""BLIS_NUM_THREADS"": ""1"", ""MKL_DYNAMIC"": ""FALSE"", ""MKL_NUM_THREADS"": ""1"", ""NUMBA_NUM_THREADS"": ""1"", ""NUMEXPR_NUM_THREADS"": ""1"", ""OMP_DYNAMIC"": ""FALSE"", ""OMP_NUM_THREADS"": ""1"", ""OPENBLAS_NUM_THREADS"": ""1"", ""PYTHONHASHSEED"": ""0"", ""VECLIB_MAXIMUM_THREADS"": ""1""}",tree_tree,0,3,0,0.06835271799354814,44,14,14,14,179,170,medium,medium,30,zipf,1,inverse_sqrt,14,reserved,fast_dense,"Exact-oracle companion to the large rare-anchor stress regime. The score-only partial beam should preserve the delayed rare anchors and remain above the 99% quality floor, while local beams may prune the relevant branch; at this smaller scale the specialized dense exact method is still expected to be fastest. Large preset: more instances and a larger structural workload.",200,200,32,33,6,5,,,,,,,,,,,,,,,,,,,,,,,,14102.250894784927,True,exact_agreement,5,0.002847909927368164,0.014102250894784927,1.0,0.002847909927368164,1.0,100.0,True,0.004951329251361013,0.011428777499661485,0.009853868754120676,0.022599272937268804
rare_anchor_oracle,3,beam_local_capped,generic,False,"{""beam_local_child_cap"": 16, ""beam_width"": 200, ""method"": ""beam_local""}",equality,2000,2000,4000000,921285,14000.0,1075.9890805063842,ok,,1075.989080506384,1.067004632204771e-06,6.996997399255633e-06,0.09769648499786854,0.09725342798628844,0.09779852800420485,0.09759834039141424,0.0975301869912073,0.09771307397750206,0.0002159170518028131,0.00010204300633631647,5.0,"[0.0975301869912073, 0.09779852800420485, 0.09769648499786854, 0.09771307397750206, 0.09725342798628844]",0.09769755200250074,5.0,1.0,43.0,0.07142857142857142,0.023255813953488372,0.07142857142857142,0.07142857142857142,beam_local,2000.0,2000.0,0.0,0.0005086610035505146,0.08647615215159021,0.02125146985054016,1.713700476102531e-05,0.10895030302344821,44528.0,44528.0,10085.0,,140701.0,57725.0,51563.0,200.0,304.0,1.0,1.0,1075.9890805063842,43.0,,,,,,,,,True,beam_local_fit,2000.0,2000.0,6.164016667753458e-06,0.0,0.0,0.0,0.0,6.164016667753458e-06,0.0,,,,,,,,,1.0,1.0,,,,2.4780165404081345e-06,0.09845138300443068,0.09845386102097109,1075.9890805063842,1075.989080506384,0.0,isolated,1,True,900.0,1.025561270012986,0.793788680981379,0.2317725890316069,208539648.0,198.87890625,resource.ru_maxrss_kib_converted_to_bytes,0.0,"{""BLIS_NUM_THREADS"": ""1"", ""MKL_DYNAMIC"": ""FALSE"", ""MKL_NUM_THREADS"": ""1"", ""NUMBA_NUM_THREADS"": ""1"", ""NUMEXPR_NUM_THREADS"": ""1"", ""OMP_DYNAMIC"": ""FALSE"", ""OMP_NUM_THREADS"": ""1"", ""OPENBLAS_NUM_THREADS"": ""1"", ""PYTHONHASHSEED"": ""0"", ""VECLIB_MAXIMUM_THREADS"": ""1""}",tree_tree,6,4,0,0.06835271799354814,44,14,14,14,179,170,medium,medium,30,zipf,1,inverse_sqrt,14,reserved,fast_dense,"Exact-oracle companion to the large rare-anchor stress regime. The score-only partial beam should preserve the delayed rare anchors and remain above the 99% quality floor, while local beams may prune the relevant branch; at this smaller scale the specialized dense exact method is still expected to be fastest. Large preset: more instances and a larger structural workload.",200,200,32,33,6,5,,200.0,16.0,402.0,51564.0,,,,,,,,,,,,,,,,,,,14102.250894784927,True,exact_agreement,5,0.002847909927368164,0.014102250894784927,0.07629910207485315,13026.261814278543,0.07629910207485315,7.629910207485315,True,0.05827979394285279,0.13452154903775462,0.06608310929169907,0.09737066408941746
rare_anchor_oracle,3,fast_sparse,fast_sparse,True,{},equality,2000,2000,4000000,921285,14000.0,14102.250894784927,ok,,14102.2508937177,0.004280110006220639,0.004165894002653658,1.9410695209808182,1.938633262005169,1.9732964829890989,1.9511346439947375,1.9409200389927719,1.9617539150058292,0.015539026937839664,0.0024362589756492525,5.0,"[1.9617539150058292, 1.9410695209808182, 1.938633262005169, 1.9409200389927719, 1.9732964829890989]",1.9453496309870388,5.0,1.0,86.0,1.0,0.16279069767441862,1.0,1.0,fast_sparse_equality,2000.0,2000.0,0.0,0.27713654199033044,0.03139988597831689,1.6703403849969618,3.219599602743983e-05,2.012403742992319,921285.0,921285.0,921285.0,,,,,,,1.0,1.0,14102.250894784927,86.0,921285.0,921285.0,,651100.0,2543400.0,89464.0,921285.0,761251.0,,fast_sparse_fit,2000.0,2000.0,0.004164367011981085,0.0,0.0,0.0,0.0,0.004164367011981085,0.0,,,,,,,,,1.0,1.0,,,,0.004311640019295737,1.9393479009740986,1.9436595409933943,14102.250894784927,14102.2508937177,0.0,isolated,1,True,900.0,15.89434570298181,15.664215344993863,0.2301303579879459,369926144.0,352.7890625,resource.ru_maxrss_kib_converted_to_bytes,0.0,"{""BLIS_NUM_THREADS"": ""1"", ""MKL_DYNAMIC"": ""FALSE"", ""MKL_NUM_THREADS"": ""1"", ""NUMBA_NUM_THREADS"": ""1"", ""NUMEXPR_NUM_THREADS"": ""1"", ""OMP_DYNAMIC"": ""FALSE"", ""OMP_NUM_THREADS"": ""1"", ""OPENBLAS_NUM_THREADS"": ""1"", ""PYTHONHASHSEED"": ""0"", ""VECLIB_MAXIMUM_THREADS"": ""1""}",tree_tree,4,5,0,0.06835271799354814,44,14,14,14,179,170,medium,medium,30,zipf,1,inverse_sqrt,14,reserved,fast_dense,"Exact-oracle companion to the large rare-anchor stress regime. The score-only partial beam should preserve the delayed rare anchors and remain above the 99% quality floor, while local beams may prune the relevant branch; at this smaller scale the specialized dense exact method is still expected to be fastest. Large preset: more instances and a larger structural workload.",200,200,32,33,6,5,,,,,,,,,,,,,,,,,,,,,,921285.0,921285.0,14102.250894784927,True,exact_agreement,5,0.002847909927368164,0.014102250894784927,1.0,0.0,1.0,100.0,True,0.0029332957697155316,0.00675581696124451,0.005849433421121655,0.013420964343937986
rare_anchor_oracle,3,fast_beam_partial,fast_beam,False,"{""beam_width"": 200, ""expansion_width"": 64, ""max_nodes_per_token_side"": 8, ""max_token_types_per_expansion"": 2048, ""search"": ""partial""}",equality,2000,2000,4000000,921285,14000.0,14000.0,ok,,14000.0,0.007448695017956197,0.007514341006753966,0.005693731014616787,0.005642035015625879,0.005869681015610695,0.005709061009110883,0.005642336996970698,0.005697521002730355,9.369037379206382e-05,5.1394017646089196e-05,5.0,"[0.005697521002730355, 0.005642336996970698, 0.005869681015610695, 0.005693731014616787, 0.005642035015625879]",0.013142426032572985,5.0,1.0,14.0,1.0,1.0,1.0,1.0,fast_beam_partial_equality,2000.0,2000.0,0.0,4.9941008910536766e-05,0.00360992897185497,0.0021220700291451067,1.8650025594979525e-06,0.005861067998921499,33769.0,33769.0,33769.0,,33769.0,23691.0,3378.0,200.0,22.0,1.0,1.0,14000.0,14.0,,,,,,,,,,fast_beam_partial_fit,2000.0,2000.0,0.007513024000218138,0.0,0.0,0.0,0.0,0.007513024000218138,0.0,,,,,,,,,1.0,1.0,,,,0.007722627982730046,0.10217488300986588,0.10989751099259593,14000.0,14000.0,0.0,isolated,1,True,900.0,0.4304023099830374,0.1654627549869474,0.26493955499609,208539648.0,198.87890625,resource.ru_maxrss_kib_converted_to_bytes,0.0,"{""BLIS_NUM_THREADS"": ""1"", ""MKL_DYNAMIC"": ""FALSE"", ""MKL_NUM_THREADS"": ""1"", ""NUMBA_NUM_THREADS"": ""1"", ""NUMEXPR_NUM_THREADS"": ""1"", ""OMP_DYNAMIC"": ""FALSE"", ""OMP_NUM_THREADS"": ""1"", ""OPENBLAS_NUM_THREADS"": ""1"", ""PYTHONHASHSEED"": ""0"", ""VECLIB_MAXIMUM_THREADS"": ""1""}",tree_tree,8,6,0,0.06835271799354814,44,14,14,14,179,170,medium,medium,30,zipf,1,inverse_sqrt,14,reserved,fast_dense,"Exact-oracle companion to the large rare-anchor stress regime. The score-only partial beam should preserve the delayed rare anchors and remain above the 99% quality floor, while local beams may prune the relevant branch; at this smaller scale the specialized dense exact method is still expected to be fastest. Large preset: more instances and a larger structural workload.",200,200,32,33,6,5,,200.0,,,3379.0,,,,,,,descending_token_weight_first_descendants,0.0,64.0,8.0,2048.0,201.0,True,44.0,33769.0,145940.0,,,14102.250894784927,True,exact_agreement,5,0.002847909927368164,0.014102250894784927,0.9927493209738071,102.25089478492737,0.9927493209738071,99.27493209738071,True,1.0,1.0,0.996361469578798,0.996361469578798
rare_anchor_oracle,3,fast_dense,fast_dense,True,{},equality,2000,2000,4000000,921285,14000.0,14102.248046875,ok,,14102.2508937177,0.0019793990068137646,0.0019409939995966852,0.016538568976102397,0.01650889398297295,0.016561398981139064,0.016534051788039506,0.01650918400264345,0.016552212997339666,2.4235435770454627e-05,2.283000503666699e-05,5.0,"[0.016561398981139064, 0.016538568976102397, 0.01650889398297295, 0.01650918400264345, 0.016552212997339666]",0.01851796798291616,5.0,1.0,86.0,1.0,0.16279069767441862,1.0,1.0,fast_dense_equality,2000.0,2000.0,0.0,1.844699727371335e-05,0.0,0.022464738984126598,6.63330138195306e-05,0.022564912011148408,4000000.0,,,4000000.0,,,,,,1.0,1.0,14102.248046875,86.0,,,,,,,,,,fast_dense_fit,2000.0,2000.0,0.001939637993928045,0.0,0.0,0.0,0.0,0.001939637993928045,0.0,,,,,,,,,1.0,1.0,,,,0.00195522399735637,0.11766379600157961,0.11961901999893598,14102.248046875,14102.2508937177,0.0,isolated,1,True,900.0,0.504627888003597,0.24592402399866842,0.2587038640049286,220680192.0,210.45703125,resource.ru_maxrss_kib_converted_to_bytes,0.0,"{""BLIS_NUM_THREADS"": ""1"", ""MKL_DYNAMIC"": ""FALSE"", ""MKL_NUM_THREADS"": ""1"", ""NUMBA_NUM_THREADS"": ""1"", ""NUMEXPR_NUM_THREADS"": ""1"", ""OMP_DYNAMIC"": ""FALSE"", ""OMP_NUM_THREADS"": ""1"", ""OPENBLAS_NUM_THREADS"": ""1"", ""PYTHONHASHSEED"": ""0"", ""VECLIB_MAXIMUM_THREADS"": ""1""}",tree_tree,1,7,0,0.06835271799354814,44,14,14,14,179,170,medium,medium,30,zipf,1,inverse_sqrt,14,reserved,fast_dense,"Exact-oracle companion to the large rare-anchor stress regime. The score-only partial beam should preserve the delayed rare anchors and remain above the 99% quality floor, while local beams may prune the relevant branch; at this smaller scale the specialized dense exact method is still expected to be fastest. Large preset: more instances and a larger structural workload.",200,200,32,33,6,5,,,,,,,,,,,,,,,,,,,,,,,,14102.250894784927,True,exact_agreement,5,0.002847909927368164,0.014102250894784927,1.0,0.002847909927368164,1.0,100.0,True,0.3442698714044735,0.7097121047351195,0.512203507238893,0.8302124115159998
rare_anchor_oracle,3,beam_local,generic,False,"{""beam_local_child_cap"": null, ""beam_width"": 200, ""method"": ""beam_local""}",equality,2000,2000,4000000,921285,14000.0,1075.9890805063842,ok,,1075.989080506384,1.0500079952180386e-06,5.877984222024679e-06,0.09590491201379336,0.09548710600938648,0.09670494697638787,0.09601390660391189,0.09579545201268047,0.09617711600731127,0.0004586107285180005,0.0002722039935179055,5.0,"[0.09548710600938648, 0.09590491201379336, 0.09617711600731127, 0.09579545201268047, 0.09670494697638787]",0.09590596202178858,5.0,1.0,43.0,0.07142857142857142,0.023255813953488372,0.07142857142857142,0.07142857142857142,beam_local,2000.0,2000.0,0.0,0.000510562997078523,0.08372529418556951,0.020103653834667057,1.476702163927257e-05,0.10508617400773801,44528.0,44528.0,10085.0,,140701.0,57725.0,51563.0,200.0,304.0,1.0,1.0,1075.9890805063842,43.0,,,,,,,,,True,beam_local_fit,2000.0,2000.0,5.004985723644495e-06,0.0,0.0,0.0,0.0,5.004985723644495e-06,0.0,,,,,,,,,1.0,1.0,,,,2.3850006982684135e-06,0.09749183099484071,0.09749421599553898,1075.9890805063842,1075.989080506384,0.0,isolated,1,True,900.0,1.0155142329749651,0.7795942969969474,0.23591993597801775,208539648.0,198.87890625,resource.ru_maxrss_kib_converted_to_bytes,0.0,"{""BLIS_NUM_THREADS"": ""1"", ""MKL_DYNAMIC"": ""FALSE"", ""MKL_NUM_THREADS"": ""1"", ""NUMBA_NUM_THREADS"": ""1"", ""NUMEXPR_NUM_THREADS"": ""1"", ""OMP_DYNAMIC"": ""FALSE"", ""OMP_NUM_THREADS"": ""1"", ""OPENBLAS_NUM_THREADS"": ""1"", ""PYTHONHASHSEED"": ""0"", ""VECLIB_MAXIMUM_THREADS"": ""1""}",tree_tree,5,8,0,0.06835271799354814,44,14,14,14,179,170,medium,medium,30,zipf,1,inverse_sqrt,14,reserved,fast_dense,"Exact-oracle companion to the large rare-anchor stress regime. The score-only partial beam should preserve the delayed rare anchors and remain above the 99% quality floor, while local beams may prune the relevant branch; at this smaller scale the specialized dense exact method is still expected to be fastest. Large preset: more instances and a larger structural workload.",200,200,32,33,6,5,,200.0,,402.0,51564.0,,,,,,,,,,,,,,,,,,,14102.250894784927,True,exact_agreement,5,0.002847909927368164,0.014102250894784927,0.07629910207485315,13026.261814278543,0.07629910207485315,7.629910207485315,True,0.059368502562182596,0.13703450500384112,0.06677737768190203,0.09802121501848693
rare_anchor_oracle,4,beam_partial_score,generic,False,"{""beam_balance_penalty"": 0.0, ""beam_candidate_future_weight"": 0.0, ""beam_expansion_width"": 64, ""beam_gap_penalty"": 0.0, ""beam_lookahead"": false, ""beam_n_restarts"": 1, ""beam_priority_future_weight"": 0.0, ""beam_priority_length_weight"": 0.0, ""beam_random_fraction"": 0.0, ""beam_rarity_weight"": 0.0, ""beam_symmetric"": false, ""beam_width"": 200, ""candidate_select_mode"": ""first"", ""method"": ""beam"", ""seed"": 0}",equality,2000,2000,4000000,957878,14000.0,14000.0,ok,,14000.0,1.4910183381289244e-06,7.315975381061435e-06,0.29780274198856205,0.2970974869967904,0.299777248990722,0.29811142779071814,0.29735677799908444,0.2985228829784319,0.0010766980551592926,0.0007052549917716533,5.0,"[0.2985228829784319, 0.299777248990722, 0.29780274198856205, 0.2970974869967904, 0.29735677799908444]",0.2978042330069002,5.0,1.0,14.0,1.0,1.0,1.0,1.0,beam_partial,2000.0,2000.0,0.0,0.00385558299603872,0.28212540413369425,0.020575625880155712,2.7609930839389563e-06,0.30695585400098935,158929.0,35761.0,35761.0,,35761.0,28403.0,3420.0,200.0,21.0,1.0,1.0,14000.0,14.0,,,,,,,,,True,beam_fit,2000.0,2000.0,6.337009835988283e-06,0.0,0.0,0.0,0.0,6.337009835988283e-06,0.0,,,,,,,,,1.0,1.0,,,,2.4499895516783e-06,0.2977949400083162,0.29779738999786787,14000.0,14000.0,0.0,isolated,1,True,900.0,2.6366270540165715,2.3934967639797833,0.2431302900367882,208539648.0,198.87890625,resource.ru_maxrss_kib_converted_to_bytes,0.0,"{""BLIS_NUM_THREADS"": ""1"", ""MKL_DYNAMIC"": ""FALSE"", ""MKL_NUM_THREADS"": ""1"", ""NUMBA_NUM_THREADS"": ""1"", ""NUMEXPR_NUM_THREADS"": ""1"", ""OMP_DYNAMIC"": ""FALSE"", ""OMP_NUM_THREADS"": ""1"", ""OPENBLAS_NUM_THREADS"": ""1"", ""PYTHONHASHSEED"": ""0"", ""VECLIB_MAXIMUM_THREADS"": ""1""}",tree_tree,7,0,0,0.0709700119914487,44,14,14,14,187,143,medium,medium,30,zipf,1,inverse_sqrt,14,reserved,fast_dense,"Exact-oracle companion to the large rare-anchor stress regime. The score-only partial beam should preserve the delayed rare anchors and remain above the 99% quality floor, while local beams may prune the relevant branch; at this smaller scale the specialized dense exact method is still expected to be fastest. Large preset: more instances and a larger structural workload.",200,200,29,29,5,6,,,,,,,1936.0,0.0,[14000.0],0.0,"{""beam_width"": 200, ""expansion_width"": 64, ""label_pair_preprocessing_score_evaluations"": 1936, ""lookahead_enabled"": false, ""maximum_matching_length"": 201, ""positive_label_pair_types"": 44, ""state_pool_size"": 35762}",,,,,,,,,,,,,14086.253760933876,True,exact_agreement,5,0.0018078088760375977,0.014086253760933875,0.9938767423618984,86.25376093387604,0.9938767423618984,99.38767423618984,True,0.018954059889795618,0.04291552495479894,0.03719870931239914,0.0822782798124355
rare_anchor_oracle,4,sparse_closure,generic_sparse,True,"{""method"": ""sparse""}",equality,2000,2000,4000000,957878,14000.0,14086.253760123189,ok,,14086.253760123187,0.002973026013933122,0.002932392992079258,2.244504025002243,2.2375264859874733,2.252779828006169,2.2454916509974283,2.2425767430104315,2.2500711729808245,0.0060622910896371935,0.005567147978581488,5.0,"[2.252779828006169, 2.2375264859874733, 2.244504025002243, 2.2425767430104315, 2.2500711729808245]",2.247477051016176,5.0,1.0,69.0,1.0,0.2028985507246377,1.0,1.0,sparse_closure,2000.0,2000.0,0.0,0.03457218600669876,0.022894411988090724,2.297311375994468,0.00013976497575640678,2.400065839989111,957878.0,957878.0,957878.0,3086357.0,,,,,,1.0,1.0,14086.253760123189,69.0,,,True,,,,,,True,sparse_fit,2000.0,2000.0,0.0029305240022949874,0.0,0.0,0.0,0.0,0.0029305240022949874,0.0,,,,,,,,,1.0,1.0,,,False,0.003009327978361398,2.2912715999991633,2.2942809279775247,14086.253760123189,14086.253760123187,0.0,isolated,1,True,900.0,18.40382778199273,18.17317963700043,0.23064814499230124,566534144.0,540.2890625,resource.ru_maxrss_kib_converted_to_bytes,0.0,"{""BLIS_NUM_THREADS"": ""1"", ""MKL_DYNAMIC"": ""FALSE"", ""MKL_NUM_THREADS"": ""1"", ""NUMBA_NUM_THREADS"": ""1"", ""NUMEXPR_NUM_THREADS"": ""1"", ""OMP_DYNAMIC"": ""FALSE"", ""OMP_NUM_THREADS"": ""1"", ""OPENBLAS_NUM_THREADS"": ""1"", ""PYTHONHASHSEED"": ""0"", ""VECLIB_MAXIMUM_THREADS"": ""1""}",tree_tree,2,1,0,0.0709700119914487,44,14,14,14,187,143,medium,medium,30,zipf,1,inverse_sqrt,14,reserved,fast_dense,"Exact-oracle companion to the large rare-anchor stress regime. The score-only partial beam should preserve the delayed rare anchors and remain above the 99% quality floor, while local beams may prune the relevant branch; at this smaller scale the specialized dense exact method is still expected to be fastest. Large preset: more instances and a larger structural workload.",200,200,29,29,5,6,,,,,,3090358.0,,,,,,,,,,,,,,,,,,14086.253760933876,True,exact_agreement,5,0.0018078088760375977,0.014086253760933875,1.0,8.106871973723173e-07,1.0,100.0,True,0.002514841115952517,0.005686565292167869,0.00501706511028428,0.01130882222835667
rare_anchor_oracle,4,exact_dense,generic,True,"{""method"": ""exact""}",equality,2000,2000,4000000,957878,14000.0,14086.251953125,ok,,14086.253760123187,1.8870050553232431e-06,1.1180003639310598e-05,1.1414341439958662,1.1346910870051943,1.1415815119980834,1.1389714879973325,1.1356460959941614,1.1415046009933576,0.0034883243086936823,0.00014736800221726298,5.0,"[1.1415815119980834, 1.1415046009933576, 1.1414341439958662, 1.1356460959941614, 1.1346910870051943]",1.1414360310009215,5.0,1.0,69.0,1.0,0.2028985507246377,1.0,1.0,exact_dense,2000.0,2000.0,0.0,9.777900413610041e-05,0.0,1.1995649150048848,0.0026994920044671744,1.2026715719839558,4000000.0,,957878.0,4000000.0,,,,,,1.0,1.0,14086.251953125,69.0,,,,,,,,,True,exact_fit,2000.0,2000.0,9.937997674569488e-06,0.0,0.0,0.0,0.0,9.937997674569488e-06,0.0,,,,,,,,,1.0,1.0,,,,2.187007339671254e-06,1.1342229419969954,1.134225129004335,14086.251953125,14086.253760123187,0.0,isolated,1,True,900.0,9.400026813993463,9.171773901995039,0.22825291199842468,208539648.0,198.87890625,resource.ru_maxrss_kib_converted_to_bytes,0.0,"{""BLIS_NUM_THREADS"": ""1"", ""MKL_DYNAMIC"": ""FALSE"", ""MKL_NUM_THREADS"": ""1"", ""NUMBA_NUM_THREADS"": ""1"", ""NUMEXPR_NUM_THREADS"": ""1"", ""OMP_DYNAMIC"": ""FALSE"", ""OMP_NUM_THREADS"": ""1"", ""OPENBLAS_NUM_THREADS"": ""1"", ""PYTHONHASHSEED"": ""0"", ""VECLIB_MAXIMUM_THREADS"": ""1""}",tree_tree,0,2,0,0.0709700119914487,44,14,14,14,187,143,medium,medium,30,zipf,1,inverse_sqrt,14,reserved,fast_dense,"Exact-oracle companion to the large rare-anchor stress regime. The score-only partial beam should preserve the delayed rare anchors and remain above the 99% quality floor, while local beams may prune the relevant branch; at this smaller scale the specialized dense exact method is still expected to be fastest. Large preset: more instances and a larger structural workload.",200,200,29,29,5,6,,,,,,,,,,,,,,,,,,,,,,,,14086.253760933876,True,exact_agreement,5,0.0018078088760375977,0.014086253760933875,1.0,0.0018078088760375977,1.0,100.0,True,0.004945156964760465,0.011196794779682282,0.009841645447989104,0.022145629490690422
rare_anchor_oracle,4,beam_local_capped,generic,False,"{""beam_local_child_cap"": 16, ""beam_width"": 200, ""method"": ""beam_local""}",equality,2000,2000,4000000,957878,14000.0,5073.834336534987,ok,,5073.83433653499,1.2060045264661312e-06,6.5229833126068115e-06,0.0994723120238632,0.09941062401048839,0.0996114420122467,0.09949304540641606,0.09942571399733424,0.09954513498814777,8.439158593262073e-05,6.168801337480545e-05,5.0,"[0.09941062401048839, 0.09942571399733424, 0.0996114420122467, 0.09954513498814777, 0.0994723120238632]",0.09947351802838966,5.0,1.0,42.0,0.35714285714285715,0.11904761904761904,0.35714285714285715,0.35714285714285715,beam_local,2000.0,2000.0,0.0,0.0005129569908604026,0.08907984450343065,0.019296459504403174,1.5189987607300282e-05,0.1095244080061093,48585.0,48585.0,9416.0,,148521.0,57431.0,51473.0,200.0,286.0,1.0,1.0,5073.834336534987,42.0,,,,,,,,,True,beam_local_fit,2000.0,2000.0,5.695008439943194e-06,0.0,0.0,0.0,0.0,5.695008439943194e-06,0.0,,,,,,,,,1.0,1.0,,,,2.2300228010863066e-06,0.10112223998294212,0.1011244700057432,5073.834336534987,5073.83433653499,0.0,isolated,1,True,900.0,1.041678147012135,0.8078081900021061,0.23386995701002888,208539648.0,198.87890625,resource.ru_maxrss_kib_converted_to_bytes,0.0,"{""BLIS_NUM_THREADS"": ""1"", ""MKL_DYNAMIC"": ""FALSE"", ""MKL_NUM_THREADS"": ""1"", ""NUMBA_NUM_THREADS"": ""1"", ""NUMEXPR_NUM_THREADS"": ""1"", ""OMP_DYNAMIC"": ""FALSE"", ""OMP_NUM_THREADS"": ""1"", ""OPENBLAS_NUM_THREADS"": ""1"", ""PYTHONHASHSEED"": ""0"", ""VECLIB_MAXIMUM_THREADS"": ""1""}",tree_tree,6,3,0,0.0709700119914487,44,14,14,14,187,143,medium,medium,30,zipf,1,inverse_sqrt,14,reserved,fast_dense,"Exact-oracle companion to the large rare-anchor stress regime. The score-only partial beam should preserve the delayed rare anchors and remain above the 99% quality floor, while local beams may prune the relevant branch; at this smaller scale the specialized dense exact method is still expected to be fastest. Large preset: more instances and a larger structural workload.",200,200,29,29,5,6,,200.0,16.0,402.0,51474.0,,,,,,,,,,,,,,,,,,,14086.253760933876,True,exact_agreement,5,0.0018078088760375977,0.014086253760933875,0.3601975672628098,9012.41942439889,0.3601975672628098,36.01975672628098,True,0.05674514738978256,0.12848067753675765,0.0980444714607855,0.18940244621693297
rare_anchor_oracle,4,fast_sparse,fast_sparse,True,{},equality,2000,2000,4000000,957878,14000.0,14086.253760933876,ok,,14086.253760123187,0.004784364980878308,0.004446681006811559,2.1319854510074947,2.1132094579807017,2.133273218991235,2.1259162487927825,2.1179514509858564,2.1331616649986245,0.009596312037275808,0.0012877679837401956,5.0,"[2.1319854510074947, 2.1132094579807017, 2.1331616649986245, 2.1179514509858564, 2.133273218991235]",2.136769815988373,5.0,1.0,69.0,1.0,0.2028985507246377,1.0,1.0,fast_sparse_equality,2000.0,2000.0,0.0,0.30254360000253655,0.035413384990533814,1.8326733259891625,2.795399632304907e-05,2.2081141929957084,957878.0,957878.0,957878.0,,,,,,,1.0,1.0,14086.253760933876,69.0,957878.0,957878.0,,669754.0,2578517.0,95916.0,957878.0,875356.0,,fast_sparse_fit,2000.0,2000.0,0.004445185011718422,0.0,0.0,0.0,0.0,0.004445185011718422,0.0,,,,,,,,,1.0,1.0,,,,0.004273087019100785,2.068465333984932,2.0727384210040327,14086.253760933876,14086.253760123187,0.0,isolated,1,True,900.0,17.277707455999916,17.039912481995998,0.23779497400391847,385093632.0,367.25390625,resource.ru_maxrss_kib_converted_to_bytes,0.0,"{""BLIS_NUM_THREADS"": ""1"", ""MKL_DYNAMIC"": ""FALSE"", ""MKL_NUM_THREADS"": ""1"", ""NUMBA_NUM_THREADS"": ""1"", ""NUMEXPR_NUM_THREADS"": ""1"", ""OMP_DYNAMIC"": ""FALSE"", ""OMP_NUM_THREADS"": ""1"", ""OPENBLAS_NUM_THREADS"": ""1"", ""PYTHONHASHSEED"": ""0"", ""VECLIB_MAXIMUM_THREADS"": ""1""}",tree_tree,4,4,0,0.0709700119914487,44,14,14,14,187,143,medium,medium,30,zipf,1,inverse_sqrt,14,reserved,fast_dense,"Exact-oracle companion to the large rare-anchor stress regime. The score-only partial beam should preserve the delayed rare anchors and remain above the 99% quality floor, while local beams may prune the relevant branch; at this smaller scale the specialized dense exact method is still expected to be fastest. Large preset: more instances and a larger structural workload.",200,200,29,29,5,6,,,,,,,,,,,,,,,,,,,,,,957878.0,957878.0,14086.253760933876,True,exact_agreement,5,0.0018078088760375977,0.014086253760933875,1.0,0.0,1.0,100.0,True,0.0026475654439054213,0.005981189409183382,0.005281148701005934,0.011891254970077834
rare_anchor_oracle,4,fast_beam_partial,fast_beam,False,"{""beam_width"": 200, ""expansion_width"": 64, ""max_nodes_per_token_side"": 8, ""max_token_types_per_expansion"": 2048, ""search"": ""partial""}",equality,2000,2000,4000000,957878,14000.0,14000.0,ok,,14000.0,0.0071358539862558246,0.007238277001306415,0.005644571006996557,0.005587877007201314,0.005660342983901501,0.005636746203526855,0.005642313015414402,0.005648627004120499,2.8188547143433366e-05,4.055997123941779e-06,5.0,"[0.005642313015414402, 0.005644571006996557, 0.005660342983901501, 0.005587877007201314, 0.005648627004120499]",0.012780424993252382,5.0,1.0,14.0,1.0,1.0,1.0,1.0,fast_beam_partial_equality,2000.0,2000.0,0.0,4.8538000555709004e-05,0.0034801879664883018,0.0021873060322832316,1.9519939087331295e-06,0.005793994991108775,35761.0,35761.0,35761.0,,35761.0,28403.0,3420.0,200.0,21.0,1.0,1.0,14000.0,14.0,,,,,,,,,,fast_beam_partial_fit,2000.0,2000.0,0.007237002981128171,0.0,0.0,0.0,0.0,0.007237002981128171,0.0,,,,,,,,,1.0,1.0,,,,0.007420106994686648,0.09851418301695958,0.10593429001164623,14000.0,14000.0,0.0,isolated,1,True,900.0,0.4183007180108689,0.16056106000905856,0.2577396580018103,208539648.0,198.87890625,resource.ru_maxrss_kib_converted_to_bytes,0.0,"{""BLIS_NUM_THREADS"": ""1"", ""MKL_DYNAMIC"": ""FALSE"", ""MKL_NUM_THREADS"": ""1"", ""NUMBA_NUM_THREADS"": ""1"", ""NUMEXPR_NUM_THREADS"": ""1"", ""OMP_DYNAMIC"": ""FALSE"", ""OMP_NUM_THREADS"": ""1"", ""OPENBLAS_NUM_THREADS"": ""1"", ""PYTHONHASHSEED"": ""0"", ""VECLIB_MAXIMUM_THREADS"": ""1""}",tree_tree,8,5,0,0.0709700119914487,44,14,14,14,187,143,medium,medium,30,zipf,1,inverse_sqrt,14,reserved,fast_dense,"Exact-oracle companion to the large rare-anchor stress regime. The score-only partial beam should preserve the delayed rare anchors and remain above the 99% quality floor, while local beams may prune the relevant branch; at this smaller scale the specialized dense exact method is still expected to be fastest. Large preset: more instances and a larger structural workload.",200,200,29,29,5,6,,200.0,,,3421.0,,,,,,,descending_token_weight_first_descendants,0.0,64.0,8.0,2048.0,201.0,True,44.0,35761.0,148235.0,,,14086.253760933876,True,exact_agreement,5,0.0018078088760375977,0.014086253760933875,0.9938767423618984,86.25376093387604,0.9938767423618984,99.38767423618984,True,1.0,1.0,0.9969289688233947,0.9969289688233947
rare_anchor_oracle,4,fast_dense,fast_dense,True,{},equality,2000,2000,4000000,957878,14000.0,14086.251953125,ok,,14086.253760123187,0.002094266004860401,0.0020928410231135786,0.015348806016845629,0.015327355009503663,0.015362161007942632,0.015346120612230152,0.01534060001722537,0.015351681009633467,1.3019682472508743e-05,8.205999620258808e-06,5.0,"[0.015351681009633467, 0.015362161007942632, 0.015348806016845629, 0.015327355009503663, 0.01534060001722537]",0.01744307202170603,5.0,1.0,69.0,1.0,0.2028985507246377,1.0,1.0,fast_dense_equality,2000.0,2000.0,0.0,1.8443999579176307e-05,0.0,0.021682388993212953,6.823200965300202e-05,0.021784443990327418,4000000.0,,,4000000.0,,,,,,1.0,1.0,14086.251953125,69.0,,,,,,,,,,fast_dense_fit,2000.0,2000.0,0.0020918440131936222,0.0,0.0,0.0,0.0,0.0020918440131936222,0.0,,,,,,,,,1.0,1.0,,,,0.002087708009639755,0.11939507801434956,0.12148278602398932,14086.251953125,14086.253760123187,0.0,isolated,1,True,900.0,0.5040014320111368,0.24010905000614002,0.26389238200499676,220684288.0,210.4609375,resource.ru_maxrss_kib_converted_to_bytes,0.0,"{""BLIS_NUM_THREADS"": ""1"", ""MKL_DYNAMIC"": ""FALSE"", ""MKL_NUM_THREADS"": ""1"", ""NUMBA_NUM_THREADS"": ""1"", ""NUMEXPR_NUM_THREADS"": ""1"", ""OMP_DYNAMIC"": ""FALSE"", ""OMP_NUM_THREADS"": ""1"", ""OPENBLAS_NUM_THREADS"": ""1"", ""PYTHONHASHSEED"": ""0"", ""VECLIB_MAXIMUM_THREADS"": ""1""}",tree_tree,1,6,0,0.0709700119914487,44,14,14,14,187,143,medium,medium,30,zipf,1,inverse_sqrt,14,reserved,fast_dense,"Exact-oracle companion to the large rare-anchor stress regime. The score-only partial beam should preserve the delayed rare anchors and remain above the 99% quality floor, while local beams may prune the relevant branch; at this smaller scale the specialized dense exact method is still expected to be fastest. Large preset: more instances and a larger structural workload.",200,200,29,29,5,6,,,,,,,,,,,,,,,,,,,,,,,,14086.253760933876,True,exact_agreement,5,0.0018078088760375977,0.014086253760933875,1.0,0.0018078088760375977,1.0,100.0,True,0.367753100847162,0.7326934715025264,0.5377477859408724,0.8457277453318529
rare_anchor_oracle,4,beam_local,generic,False,"{""beam_local_child_cap"": null, ""beam_width"": 200, ""method"": ""beam_local""}",equality,2000,2000,4000000,957878,14000.0,5073.834336534987,ok,,5073.83433653499,1.0029762051999569e-06,6.505986675620079e-06,0.09576701201149262,0.09547278401441872,0.09642322498257272,0.09585525200236589,0.09551320201717317,0.0961000369861722,0.000404221240382693,0.0002942279970739037,5.0,"[0.09551320201717317, 0.09547278401441872, 0.09576701201149262, 0.0961000369861722, 0.09642322498257272]",0.09576801498769782,5.0,1.0,42.0,0.35714285714285715,0.11904761904761904,0.35714285714285715,0.35714285714285715,beam_local,2000.0,2000.0,0.0,0.0004984929983038455,0.0860481278214138,0.01889382320223376,1.2953008990734816e-05,0.10607016700669192,48585.0,48585.0,9416.0,,148521.0,57431.0,51473.0,200.0,286.0,1.0,1.0,5073.834336534987,42.0,,,,,,,,,True,beam_local_fit,2000.0,2000.0,5.498004611581564e-06,0.0,0.0,0.0,0.0,5.498004611581564e-06,0.0,,,,,,,,,1.0,1.0,,,,2.195010893046856e-06,0.09557922001113184,0.09558141502202488,5073.834336534987,5073.83433653499,0.0,isolated,1,True,900.0,1.006298121996224,0.7770815179974306,0.2292166039987933,208539648.0,198.87890625,resource.ru_maxrss_kib_converted_to_bytes,0.0,"{""BLIS_NUM_THREADS"": ""1"", ""MKL_DYNAMIC"": ""FALSE"", ""MKL_NUM_THREADS"": ""1"", ""NUMBA_NUM_THREADS"": ""1"", ""NUMEXPR_NUM_THREADS"": ""1"", ""OMP_DYNAMIC"": ""FALSE"", ""OMP_NUM_THREADS"": ""1"", ""OPENBLAS_NUM_THREADS"": ""1"", ""PYTHONHASHSEED"": ""0"", ""VECLIB_MAXIMUM_THREADS"": ""1""}",tree_tree,5,7,0,0.0709700119914487,44,14,14,14,187,143,medium,medium,30,zipf,1,inverse_sqrt,14,reserved,fast_dense,"Exact-oracle companion to the large rare-anchor stress regime. The score-only partial beam should preserve the delayed rare anchors and remain above the 99% quality floor, while local beams may prune the relevant branch; at this smaller scale the specialized dense exact method is still expected to be fastest. Large preset: more instances and a larger structural workload.",200,200,29,29,5,6,,200.0,,402.0,51474.0,,,,,,,,,,,,,,,,,,,14086.253760933876,True,exact_agreement,5,0.0018078088760375977,0.014086253760933875,0.3601975672628098,9012.41942439889,0.3601975672628098,36.01975672628098,True,0.05894066117797613,0.1334519149728031,0.10130444482788505,0.19474974389550456
rare_anchor_oracle,4,sparse_chain,generic_sparse,True,"{""method"": ""sparse_chain""}",equality,2000,2000,4000000,957878,14000.0,14086.253760123189,ok,,14086.253760123187,0.0030843430140521377,0.002936573000624776,2.273815576976631,2.2658097349922173,2.3605428469891194,2.2919905705901327,2.2673291789833456,2.292455515009351,0.039760475205394774,0.008005841984413564,5.0,"[2.292455515009351, 2.273815576976631, 2.2658097349922173, 2.2673291789833456, 2.3605428469891194]",2.276899919990683,5.0,1.0,69.0,1.0,0.2028985507246377,1.0,1.0,sparse_chain,2000.0,2000.0,0.0,0.2896100030047819,0.26651918698917143,1.7668369299790356,2.1728017600253224e-05,2.3589961170218885,957878.0,957878.0,957878.0,,,,,,,1.0,1.0,14086.253760123189,69.0,957878.0,957878.0,True,669754.0,2578517.0,95916.0,957878.0,875356.0,True,sparse_chain_fit,2000.0,2000.0,0.0029340019973460585,0.0,0.0,0.0,0.0,0.0029340019973460585,0.0,,,,,,,,,1.0,1.0,,,False,0.0029816840251442045,2.2800394110090565,2.2830210950342007,14086.253760123189,14086.253760123187,0.0,isolated,1,True,900.0,18.616873527003918,18.38334481298807,0.23352871401584707,394399744.0,376.12890625,resource.ru_maxrss_kib_converted_to_bytes,0.0,"{""BLIS_NUM_THREADS"": ""1"", ""MKL_DYNAMIC"": ""FALSE"", ""MKL_NUM_THREADS"": ""1"", ""NUMBA_NUM_THREADS"": ""1"", ""NUMEXPR_NUM_THREADS"": ""1"", ""OMP_DYNAMIC"": ""FALSE"", ""OMP_NUM_THREADS"": ""1"", ""OPENBLAS_NUM_THREADS"": ""1"", ""PYTHONHASHSEED"": ""0"", ""VECLIB_MAXIMUM_THREADS"": ""1""}",tree_tree,3,8,0,0.0709700119914487,44,14,14,14,187,143,medium,medium,30,zipf,1,inverse_sqrt,14,reserved,fast_dense,"Exact-oracle companion to the large rare-anchor stress regime. The score-only partial beam should preserve the delayed rare anchors and remain above the 99% quality floor, while local beams may prune the relevant branch; at this smaller scale the specialized dense exact method is still expected to be fastest. Large preset: more instances and a larger structural workload.",200,200,29,29,5,6,,,,,,,,,,,,,,,,,,,,,,,,14086.253760933876,True,exact_agreement,5,0.0018078088760375977,0.014086253760933875,1.0,8.106871973723173e-07,1.0,100.0,True,0.0024824225254459014,0.005613081576859416,0.004952550727407673,0.011163501509065057
