sweep_name,sweep_kind,base_regime,sweep_point,sweep_x_name,sweep_x_value,regime,instance,algorithm,algorithm_family,algorithm_exact,algorithm_kwargs,score_mode,n_g,n_h,dense_cells,posting_hits,truth_score,score,status,skip_reason,explicit_path_score,fit_seconds,diagnostic_fit_seconds,predict_seconds_median,predict_seconds_min,predict_seconds_max,predict_seconds_mean,predict_seconds_q25,predict_seconds_q75,predict_seconds_std,predict_seconds_mad,predict_seconds_sample_count,predict_seconds_samples,setup_plus_warm_search_seconds,timing_repeats,warmup_runs,matched_length,truth_pair_recall,truth_pair_precision,planted_g_node_recall,planted_h_node_recall,diag_algorithm,diag_n_g,diag_n_h,diag_input_preprocessing_seconds,diag_preprocessing_seconds,diag_candidate_generation_seconds,diag_search_seconds,diag_traceback_seconds,diag_total_seconds,diag_node_pair_score_evaluations,diag_candidate_pairs_generated,diag_positive_candidate_pairs,diag_dp_cells_computed,diag_states_generated,diag_states_after_endpoint_pruning,diag_states_retained,diag_peak_frontier_size,diag_layers_processed,diag_restarts,diag_directions,diag_result_score,diag_result_length,diag_extra_used_fitted_inputs,fit_diag_algorithm,fit_diag_n_g,fit_diag_n_h,fit_diag_input_preprocessing_seconds,fit_diag_preprocessing_seconds,fit_diag_candidate_generation_seconds,fit_diag_search_seconds,fit_diag_traceback_seconds,fit_diag_total_seconds,fit_diag_node_pair_score_evaluations,fit_diag_candidate_pairs_generated,fit_diag_positive_candidate_pairs,fit_diag_dp_cells_computed,fit_diag_states_generated,fit_diag_states_after_endpoint_pruning,fit_diag_states_retained,fit_diag_peak_frontier_size,fit_diag_layers_processed,fit_diag_restarts,fit_diag_directions,fit_diag_result_score,fit_diag_result_length,cold_fit_seconds,cold_predict_seconds,cold_setup_plus_predict_seconds,cold_score,cold_explicit_path_score,cold_score_difference_from_warm,execution_mode,thread_count_requested,thread_settings_enforced,timeout_seconds,fresh_process_total_seconds,fresh_process_task_seconds,fresh_process_overhead_seconds,peak_rss_bytes,peak_rss_mib,peak_rss_semantics,isolated_process_exit_code,worker_thread_environment,comparison,algorithm_config_index,execution_order_position,execution_order_cycle,pair_generation_seconds,shared_keys,truth_pair_count,observed_planted_nodes_g,observed_planted_nodes_h,candidate_path_length_g,candidate_path_length_h,shape_g,shape_h,alphabet_size,symbol_distribution,symbols_per_node,weight_mode,planted_length,planted_token_policy,expected_algorithm,regime_notes,tree_g_depth,tree_h_depth,tree_g_max_width,tree_h_max_width,tree_g_max_out_degree,tree_h_max_out_degree,oracle_score,oracle_valid,oracle_status,exact_method_count,exact_score_spread,exact_agreement_tolerance,score_ratio,score_gap,accuracy_score,accuracy_percent,score_consistent_with_oracle,warm_timing_score,setup_timing_score,warm_accuracy_harmonic_score,setup_accuracy_harmonic_score,diag_extra_beam_width,diag_extra_candidate_semantics,diag_extra_duplicate_pairs_skipped,diag_extra_expansion_width,diag_extra_max_nodes_per_token_side,diag_extra_max_token_types_per_expansion,diag_extra_maximum_matching_length,diag_extra_numba_available,diag_extra_permanent_state_pool_size,diag_extra_positive_token_types,diag_extra_posting_pair_attempts,diag_extra_token_ranges_scanned,diag_extra_label_pair_preprocessing_score_evaluations,diag_extra_lookahead_score_evaluations,diag_extra_restart_scores,diag_extra_selected_restart,diag_extra_selected_run
dense_overlap_size,size,dense_common_overlap,n300,nodes_per_tree,300,dense_overlap_size__n300,0,exact_dense,generic,True,"{""method"": ""exact""}",overlap,300,300,90000,151756,11.0,17.0,ok,,17.0,8.920032996684313e-07,6.194983143359423e-06,0.0981587759742979,0.09807340300176293,0.09839354801806621,0.09820857566470902,0.09811608948803041,0.09827616199618205,0.0001657806223288477,8.537297253496945e-05,3,"[0.09839354801806621, 0.09807340300176293, 0.0981587759742979]",0.09815966797759756,3,1,17,0.2727272727272727,0.17647058823529413,0.36363636363636365,0.25,exact_dense,300,300,0.0,1.2693984899669886e-05,0.0,0.10145681901485659,5.4369011195376515e-05,0.10153707300196402,90000,,83411.0,90000.0,,,,,,1,1,17.0,17,True,exact_fit,300,300,5.339999916031957e-06,0.0,0.0,0.0,0.0,5.339999916031957e-06,0,,,,,,,,,1,1,,,2.240994945168495e-06,0.10074702199199237,0.10074926298693754,17.0,17.0,0.0,isolated,1,True,1200.0,0.8272429909848142,0.5965146480011754,0.23072834298363887,139038720,132.59765625,resource.ru_maxrss_kib_converted_to_bytes,0,"{""BLIS_NUM_THREADS"": ""1"", ""MKL_DYNAMIC"": ""FALSE"", ""MKL_NUM_THREADS"": ""1"", ""NUMBA_NUM_THREADS"": ""1"", ""NUMEXPR_NUM_THREADS"": ""1"", ""OMP_DYNAMIC"": ""FALSE"", ""OMP_NUM_THREADS"": ""1"", ""OPENBLAS_NUM_THREADS"": ""1"", ""PYTHONHASHSEED"": ""0"", ""VECLIB_MAXIMUM_THREADS"": ""1""}",tree_tree,0,0,0,0.012991143972612917,8,11,11,12,17,15,medium,medium,8,uniform,"{""kind"": ""categorical"", ""probs"": [0.5, 0.35, 0.15], ""values"": [3, 4, 5]}",uniform,12,background,fast_dense,Almost every pair shares a token; the specialized dense Numba kernel should dominate sparse enumeration.,16,16,42,43,6,6,17.0,True,exact_agreement,2,0.0,1.7e-05,1.0,0.0,1.0,100.0,True,0.020189452934386284,0.03619164612222124,0.039579811134716314,0.06985512044545543,,,,,,,,,,,,,,,,,
dense_overlap_size,size,dense_common_overlap,n300,nodes_per_tree,300,dense_overlap_size__n300,0,fast_dense,fast_dense,True,{},overlap,300,300,90000,151756,11.0,17.0,ok,,17.0,0.0015707879792898893,0.0015831959899514914,0.0019817719876300544,0.0019494739826768637,0.0019835270068142563,0.001971590992373725,0.001965622985153459,0.0019826494972221553,1.9173982672687367e-05,1.7550191842019558e-06,3,"[0.0019835270068142563, 0.0019494739826768637, 0.0019817719876300544]",0.0035525599669199437,3,1,17,0.2727272727272727,0.17647058823529413,0.36363636363636365,0.25,fast_dense_overlap,300,300,0.0,1.6645004507154226e-05,0.0,0.001962740992894396,2.7784990379586816e-05,0.0020176580001134425,90000,,,90000.0,,,,,,1,1,17.0,17,,fast_dense_fit,300,300,0.0015821799752302468,0.0,0.0,0.0,0.0,0.0015821799752302468,0,,,,,,,,,1,1,,,0.001661443995544687,0.09986242098966613,0.10152386498521082,17.0,17.0,0.0,isolated,1,True,1200.0,0.3832140129816253,0.11508964400854893,0.26812436897307634,200716288,191.41796875,resource.ru_maxrss_kib_converted_to_bytes,0,"{""BLIS_NUM_THREADS"": ""1"", ""MKL_DYNAMIC"": ""FALSE"", ""MKL_NUM_THREADS"": ""1"", ""NUMBA_NUM_THREADS"": ""1"", ""NUMEXPR_NUM_THREADS"": ""1"", ""OMP_DYNAMIC"": ""FALSE"", ""OMP_NUM_THREADS"": ""1"", ""OPENBLAS_NUM_THREADS"": ""1"", ""PYTHONHASHSEED"": ""0"", ""VECLIB_MAXIMUM_THREADS"": ""1""}",tree_tree,1,1,0,0.012991143972612917,8,11,11,12,17,15,medium,medium,8,uniform,"{""kind"": ""categorical"", ""probs"": [0.5, 0.35, 0.15], ""values"": [3, 4, 5]}",uniform,12,background,fast_dense,Almost every pair shares a token; the specialized dense Numba kernel should dominate sparse enumeration.,16,16,42,43,6,6,17.0,True,exact_agreement,2,0.0,1.7e-05,1.0,0.0,1.0,100.0,True,1.0,1.0,1.0,1.0,,,,,,,,,,,,,,,,,
dense_overlap_size,size,dense_common_overlap,n300,nodes_per_tree,300,dense_overlap_size__n300,1,fast_dense,fast_dense,True,{},overlap,300,300,90000,151780,11.0,17.0,ok,,17.0,0.0014908919984009117,0.0015568609815090895,0.0018582390039227903,0.0018577019800432026,0.001898378977784887,0.0018714399872502934,0.0018579704919829965,0.0018783089908538386,2.3331395306089326e-05,5.370238795876503e-07,3,"[0.0018582390039227903, 0.001898378977784887, 0.0018577019800432026]",0.003349131002323702,3,1,17,0.0,0.0,0.09090909090909091,0.08333333333333333,fast_dense_overlap,300,300,0.0,1.7176003893837333e-05,0.0,0.001846372993895784,2.593899262137711e-05,0.0018996069848071784,90000,,,90000.0,,,,,,1,1,17.0,17,,fast_dense_fit,300,300,0.0015557930164504796,0.0,0.0,0.0,0.0,0.0015557930164504796,0,,,,,,,,,1,1,,,0.0016091610013972968,0.09663103299681097,0.09824019399820827,17.0,17.0,0.0,isolated,1,True,1200.0,0.37410606801859103,0.11121248800191097,0.26289358001668006,200785920,191.484375,resource.ru_maxrss_kib_converted_to_bytes,0,"{""BLIS_NUM_THREADS"": ""1"", ""MKL_DYNAMIC"": ""FALSE"", ""MKL_NUM_THREADS"": ""1"", ""NUMBA_NUM_THREADS"": ""1"", ""NUMEXPR_NUM_THREADS"": ""1"", ""OMP_DYNAMIC"": ""FALSE"", ""OMP_NUM_THREADS"": ""1"", ""OPENBLAS_NUM_THREADS"": ""1"", ""PYTHONHASHSEED"": ""0"", ""VECLIB_MAXIMUM_THREADS"": ""1""}",tree_tree,1,0,0,0.01515219800057821,8,11,11,12,16,17,medium,medium,8,uniform,"{""kind"": ""categorical"", ""probs"": [0.5, 0.35, 0.15], ""values"": [3, 4, 5]}",uniform,12,background,fast_dense,Almost every pair shares a token; the specialized dense Numba kernel should dominate sparse enumeration.,16,16,45,39,6,8,17.0,True,exact_agreement,2,0.0,1.7e-05,1.0,0.0,1.0,100.0,True,1.0,1.0,1.0,1.0,,,,,,,,,,,,,,,,,
dense_overlap_size,size,dense_common_overlap,n300,nodes_per_tree,300,dense_overlap_size__n300,1,exact_dense,generic,True,"{""method"": ""exact""}",overlap,300,300,90000,151780,11.0,17.0,ok,,17.0,9.290233720093966e-07,7.010006811469793e-06,0.10150313499616459,0.10135300201363862,0.10200009401887655,0.10161874367622659,0.1014280685049016,0.10175161450752057,0.00033868280291442503,0.0001501329825259745,3,"[0.10200009401887655, 0.10150313499616459, 0.10135300201363862]",0.1015040640195366,3,1,17,0.0,0.0,0.09090909090909091,0.08333333333333333,exact_dense,300,300,0.0,1.2739008525386453e-05,0.0,0.10561289000906982,5.591401713900268e-05,0.10569525600294583,90000,,83517.0,90000.0,,,,,,1,1,17.0,17,True,exact_fit,300,300,6.104994099587202e-06,0.0,0.0,0.0,0.0,6.104994099587202e-06,0,,,,,,,,,1,1,,,2.1059822756797075e-06,0.10305250299279578,0.10305460897507146,17.0,17.0,0.0,isolated,1,True,1200.0,0.8526063250028528,0.6155827139737085,0.23702361102914438,139014144,132.57421875,resource.ru_maxrss_kib_converted_to_bytes,0,"{""BLIS_NUM_THREADS"": ""1"", ""MKL_DYNAMIC"": ""FALSE"", ""MKL_NUM_THREADS"": ""1"", ""NUMBA_NUM_THREADS"": ""1"", ""NUMEXPR_NUM_THREADS"": ""1"", ""OMP_DYNAMIC"": ""FALSE"", ""OMP_NUM_THREADS"": ""1"", ""OPENBLAS_NUM_THREADS"": ""1"", ""PYTHONHASHSEED"": ""0"", ""VECLIB_MAXIMUM_THREADS"": ""1""}",tree_tree,0,1,0,0.01515219800057821,8,11,11,12,16,17,medium,medium,8,uniform,"{""kind"": ""categorical"", ""probs"": [0.5, 0.35, 0.15], ""values"": [3, 4, 5]}",uniform,12,background,fast_dense,Almost every pair shares a token; the specialized dense Numba kernel should dominate sparse enumeration.,16,16,45,39,6,8,17.0,True,exact_agreement,2,0.0,1.7e-05,1.0,0.0,1.0,100.0,True,0.01830720798912276,0.03299504344652733,0.03595615909519971,0.06388228802423157,,,,,,,,,,,,,,,,,
dense_overlap_size,size,dense_common_overlap,n300,nodes_per_tree,300,dense_overlap_size__n300,2,exact_dense,generic,True,"{""method"": ""exact""}",overlap,300,300,90000,151892,9.0,17.0,ok,,17.0,1.0300136636942625e-06,6.223999662324786e-06,0.09799279400613159,0.09778516899677925,0.09828592799021862,0.09802129699770983,0.09788898150145542,0.09813936099817511,0.00025159333809599547,0.0002076250093523413,3,"[0.09828592799021862, 0.09799279400613159, 0.09778516899677925]",0.09799382401979528,3,1,17,0.1111111111111111,0.058823529411764705,0.2,0.09090909090909091,exact_dense,300,300,0.0,1.1141994036734104e-05,0.0,0.10107030702056363,5.286899977363646e-05,0.10114685498410836,90000,,83785.0,90000.0,,,,,,1,1,17.0,17,True,exact_fit,300,300,5.4679985623806715e-06,0.0,0.0,0.0,0.0,5.4679985623806715e-06,0,,,,,,,,,1,1,,,1.9430008251219988e-06,0.09915068399277516,0.09915262699360028,17.0,17.0,0.0,isolated,1,True,1200.0,0.8231772780127358,0.5933126010058913,0.22986467700684443,139161600,132.71484375,resource.ru_maxrss_kib_converted_to_bytes,0,"{""BLIS_NUM_THREADS"": ""1"", ""MKL_DYNAMIC"": ""FALSE"", ""MKL_NUM_THREADS"": ""1"", ""NUMBA_NUM_THREADS"": ""1"", ""NUMEXPR_NUM_THREADS"": ""1"", ""OMP_DYNAMIC"": ""FALSE"", ""OMP_NUM_THREADS"": ""1"", ""OPENBLAS_NUM_THREADS"": ""1"", ""PYTHONHASHSEED"": ""0"", ""VECLIB_MAXIMUM_THREADS"": ""1""}",tree_tree,0,0,1,0.01496525900438428,8,9,10,11,12,15,medium,medium,8,uniform,"{""kind"": ""categorical"", ""probs"": [0.5, 0.35, 0.15], ""values"": [3, 4, 5]}",uniform,12,background,fast_dense,Almost every pair shares a token; the specialized dense Numba kernel should dominate sparse enumeration.,16,16,45,38,6,5,17.0,True,exact_agreement,2,0.0,1.7e-05,1.0,0.0,1.0,100.0,True,0.019724399044896007,0.03565915497128666,0.03868574501771353,0.06886272341651883,,,,,,,,,,,,,,,,,
dense_overlap_size,size,dense_common_overlap,n300,nodes_per_tree,300,dense_overlap_size__n300,2,fast_dense,fast_dense,True,{},overlap,300,300,90000,151892,9.0,17.0,ok,,17.0,0.00156152798444964,0.0016155740013346076,0.0019328489725012332,0.0019085250096395612,0.0019434579880908132,0.001928277323410536,0.0019206869910703972,0.0019381534802960232,1.790958479209567e-05,1.060901558957994e-05,3,"[0.0019434579880908132, 0.0019328489725012332, 0.0019085250096395612]",0.003494376956950873,3,1,17,0.1111111111111111,0.058823529411764705,0.2,0.09090909090909091,fast_dense_overlap,300,300,0.0,1.6497971955686808e-05,0.0,0.0019181370153091848,2.6528985472396016e-05,0.0019717179820872843,90000,,,90000.0,,,,,,1,1,17.0,17,,fast_dense_fit,300,300,0.0016144489927683026,0.0,0.0,0.0,0.0,0.0016144489927683026,0,,,,,,,,,1,1,,,0.0016361759917344898,0.09969958799774759,0.10133576398948207,17.0,17.0,0.0,isolated,1,True,1200.0,0.3826020980195608,0.11473221899359487,0.26786987902596593,200683520,191.38671875,resource.ru_maxrss_kib_converted_to_bytes,0,"{""BLIS_NUM_THREADS"": ""1"", ""MKL_DYNAMIC"": ""FALSE"", ""MKL_NUM_THREADS"": ""1"", ""NUMBA_NUM_THREADS"": ""1"", ""NUMEXPR_NUM_THREADS"": ""1"", ""OMP_DYNAMIC"": ""FALSE"", ""OMP_NUM_THREADS"": ""1"", ""OPENBLAS_NUM_THREADS"": ""1"", ""PYTHONHASHSEED"": ""0"", ""VECLIB_MAXIMUM_THREADS"": ""1""}",tree_tree,1,1,1,0.01496525900438428,8,9,10,11,12,15,medium,medium,8,uniform,"{""kind"": ""categorical"", ""probs"": [0.5, 0.35, 0.15], ""values"": [3, 4, 5]}",uniform,12,background,fast_dense,Almost every pair shares a token; the specialized dense Numba kernel should dominate sparse enumeration.,16,16,45,38,6,5,17.0,True,exact_agreement,2,0.0,1.7e-05,1.0,0.0,1.0,100.0,True,1.0,1.0,1.0,1.0,,,,,,,,,,,,,,,,,
dense_overlap_size,size,dense_common_overlap,n600,nodes_per_tree,600,dense_overlap_size__n600,0,exact_dense,generic,True,"{""method"": ""exact""}",overlap,600,600,360000,600966,6.0,19.0,ok,,19.0,1.4660181477665901e-06,8.105998858809471e-06,0.41323872000793926,0.4124350509955548,0.41361822799080983,0.4130973329981013,0.412836885501747,0.41342847399937455,0.0006041271930962772,0.00037950798287056386,3,"[0.41361822799080983, 0.41323872000793926, 0.4124350509955548]",0.41324018602608703,3,1,19,0.16666666666666666,0.05263157894736842,0.4,0.375,exact_dense,600,600,0.0,0.00011528501636348665,0.0,0.42395963199669495,0.0005940539995208383,0.42474835898610763,360000,,333543.0,360000.0,,,,,,1,1,19.0,19,True,exact_fit,600,600,7.180991815403104e-06,0.0,0.0,0.0,0.0,7.180991815403104e-06,0,,,,,,,,,1,1,,,2.2710009943693876e-06,0.412745156994788,0.41274742799578235,19.0,19.0,0.0,isolated,1,True,1200.0,2.723033768008463,2.487920691986801,0.23511307602166198,142098432,135.515625,resource.ru_maxrss_kib_converted_to_bytes,0,"{""BLIS_NUM_THREADS"": ""1"", ""MKL_DYNAMIC"": ""FALSE"", ""MKL_NUM_THREADS"": ""1"", ""NUMBA_NUM_THREADS"": ""1"", ""NUMEXPR_NUM_THREADS"": ""1"", ""OMP_DYNAMIC"": ""FALSE"", ""OMP_NUM_THREADS"": ""1"", ""OPENBLAS_NUM_THREADS"": ""1"", ""PYTHONHASHSEED"": ""0"", ""VECLIB_MAXIMUM_THREADS"": ""1""}",tree_tree,0,0,0,0.04360293300123885,8,6,10,8,16,12,medium,medium,8,uniform,"{""kind"": ""categorical"", ""probs"": [0.5, 0.35, 0.15], ""values"": [3, 4, 5]}",uniform,12,background,fast_dense,Almost every pair shares a token; the specialized dense Numba kernel should dominate sparse enumeration.,18,18,76,76,11,15,19.0,True,exact_agreement,2,0.0,1.8999999999999998e-05,1.0,0.0,1.0,100.0,True,0.017242529937832197,0.024552162026044596,0.03390052898965197,0.04792759790285909,,,,,,,,,,,,,,,,,
dense_overlap_size,size,dense_common_overlap,n600,nodes_per_tree,600,dense_overlap_size__n600,0,fast_dense,fast_dense,True,{},overlap,600,600,360000,600966,6.0,19.0,ok,,19.0,0.0030206590017769486,0.0029949249874334782,0.00712528100120835,0.00710518000414595,0.007133204984711483,0.007121221996688594,0.00711523050267715,0.007129242992959917,1.4446678586899265e-05,7.923983503133059e-06,3,"[0.007133204984711483, 0.00710518000414595, 0.00712528100120835]",0.010145940002985299,3,1,19,0.16666666666666666,0.05263157894736842,0.4,0.375,fast_dense_overlap,600,600,0.0,1.7928017769008875e-05,0.0,0.00758649900672026,3.257000935263932e-05,0.007648464001249522,360000,,,360000.0,,,,,,1,1,19.0,19,,fast_dense_fit,600,600,0.002993800997501239,0.0,0.0,0.0,0.0,0.002993800997501239,0,,,,,,,,,1,1,,,0.0031865280179772526,0.10124362100032158,0.10443014901829883,19.0,19.0,0.0,isolated,1,True,1200.0,0.4095170619839337,0.14715652601444162,0.26236053596949205,202035200,192.67578125,resource.ru_maxrss_kib_converted_to_bytes,0,"{""BLIS_NUM_THREADS"": ""1"", ""MKL_DYNAMIC"": ""FALSE"", ""MKL_NUM_THREADS"": ""1"", ""NUMBA_NUM_THREADS"": ""1"", ""NUMEXPR_NUM_THREADS"": ""1"", ""OMP_DYNAMIC"": ""FALSE"", ""OMP_NUM_THREADS"": ""1"", ""OPENBLAS_NUM_THREADS"": ""1"", ""PYTHONHASHSEED"": ""0"", ""VECLIB_MAXIMUM_THREADS"": ""1""}",tree_tree,1,1,0,0.04360293300123885,8,6,10,8,16,12,medium,medium,8,uniform,"{""kind"": ""categorical"", ""probs"": [0.5, 0.35, 0.15], ""values"": [3, 4, 5]}",uniform,12,background,fast_dense,Almost every pair shares a token; the specialized dense Numba kernel should dominate sparse enumeration.,18,18,76,76,11,15,19.0,True,exact_agreement,2,0.0,1.8999999999999998e-05,1.0,0.0,1.0,100.0,True,1.0,1.0,1.0,1.0,,,,,,,,,,,,,,,,,
dense_overlap_size,size,dense_common_overlap,n600,nodes_per_tree,600,dense_overlap_size__n600,1,fast_dense,fast_dense,True,{},overlap,600,600,360000,607807,10.0,19.0,ok,,19.0,0.002997616014908999,0.003056290006497875,0.007255151023855433,0.0072498109948355705,0.007305171980988234,0.007270044666559746,0.007252481009345502,0.007280161502421834,3.0538093288574204e-05,5.340029019862413e-06,3,"[0.007305171980988234, 0.007255151023855433, 0.0072498109948355705]",0.010252767038764432,3,1,19,0.1,0.05263157894736842,0.5454545454545454,0.09090909090909091,fast_dense_overlap,600,600,0.0,1.7548998584970832e-05,0.0,0.00767558001098223,3.273400943726301e-05,0.007736519997706637,360000,,,360000.0,,,,,,1,1,19.0,19,,fast_dense_fit,600,600,0.0030553240212611854,0.0,0.0,0.0,0.0,0.0030553240212611854,0,,,,,,,,,1,1,,,0.0031393500103149563,0.10134992399252951,0.10448927400284447,19.0,19.0,0.0,isolated,1,True,1200.0,0.4078028700023424,0.14789732001372613,0.25990554998861626,202084352,192.72265625,resource.ru_maxrss_kib_converted_to_bytes,0,"{""BLIS_NUM_THREADS"": ""1"", ""MKL_DYNAMIC"": ""FALSE"", ""MKL_NUM_THREADS"": ""1"", ""NUMBA_NUM_THREADS"": ""1"", ""NUMEXPR_NUM_THREADS"": ""1"", ""OMP_DYNAMIC"": ""FALSE"", ""OMP_NUM_THREADS"": ""1"", ""OPENBLAS_NUM_THREADS"": ""1"", ""PYTHONHASHSEED"": ""0"", ""VECLIB_MAXIMUM_THREADS"": ""1""}",tree_tree,1,0,0,0.027240768977208063,8,10,11,11,16,15,medium,medium,8,uniform,"{""kind"": ""categorical"", ""probs"": [0.5, 0.35, 0.15], ""values"": [3, 4, 5]}",uniform,12,background,fast_dense,Almost every pair shares a token; the specialized dense Numba kernel should dominate sparse enumeration.,18,18,78,85,11,8,19.0,True,exact_agreement,2,0.0,1.8999999999999998e-05,1.0,0.0,1.0,100.0,True,1.0,1.0,1.0,1.0,,,,,,,,,,,,,,,,,
dense_overlap_size,size,dense_common_overlap,n600,nodes_per_tree,600,dense_overlap_size__n600,1,exact_dense,generic,True,"{""method"": ""exact""}",overlap,600,600,360000,607807,10.0,19.0,ok,,19.0,1.401000190526247e-06,8.701987098902464e-06,0.40825271900394,0.40701853498467244,0.41033038799650967,0.40853388066170737,0.4076356269943062,0.40929155350022484,0.0016737328046473557,0.001234184019267559,3,"[0.40825271900394, 0.41033038799650967, 0.40701853498467244]",0.4082541200041305,3,1,19,0.1,0.05263157894736842,0.5454545454545454,0.09090909090909091,exact_dense,600,600,0.0,0.00011418299982324243,0.0,0.4203553339757491,0.0005633360124193132,0.42110920799314044,360000,,334365.0,360000.0,,,,,,1,1,19.0,19,True,exact_fit,600,600,7.766997441649437e-06,0.0,0.0,0.0,0.0,7.766997441649437e-06,0,,,,,,,,,1,1,,,2.640997990965843e-06,0.4100534979952499,0.4100561389932409,19.0,19.0,0.0,isolated,1,True,1200.0,2.7033025640121195,2.466477901005419,0.23682466300670058,142098432,135.515625,resource.ru_maxrss_kib_converted_to_bytes,0,"{""BLIS_NUM_THREADS"": ""1"", ""MKL_DYNAMIC"": ""FALSE"", ""MKL_NUM_THREADS"": ""1"", ""NUMBA_NUM_THREADS"": ""1"", ""NUMEXPR_NUM_THREADS"": ""1"", ""OMP_DYNAMIC"": ""FALSE"", ""OMP_NUM_THREADS"": ""1"", ""OPENBLAS_NUM_THREADS"": ""1"", ""PYTHONHASHSEED"": ""0"", ""VECLIB_MAXIMUM_THREADS"": ""1""}",tree_tree,0,1,0,0.027240768977208063,8,10,11,11,16,15,medium,medium,8,uniform,"{""kind"": ""categorical"", ""probs"": [0.5, 0.35, 0.15], ""values"": [3, 4, 5]}",uniform,12,background,fast_dense,Almost every pair shares a token; the specialized dense Numba kernel should dominate sparse enumeration.,18,18,78,85,11,8,19.0,True,exact_agreement,2,0.0,1.8999999999999998e-05,1.0,0.0,1.0,100.0,True,0.017771225239005484,0.025113689088209813,0.03492184647847993,0.048996885624554,,,,,,,,,,,,,,,,,
dense_overlap_size,size,dense_common_overlap,n600,nodes_per_tree,600,dense_overlap_size__n600,2,exact_dense,generic,True,"{""method"": ""exact""}",overlap,600,600,360000,601466,10.0,19.0,ok,,19.0,1.8959981389343739e-06,8.526985766366124e-06,0.4012313639977947,0.3950237599783577,0.4028431949845981,0.3996994396535835,0.3981275619880762,0.4020372794911964,0.0041286783722511685,0.0016118309868033975,3,"[0.3950237599783577, 0.4028431949845981, 0.4012313639977947]",0.4012332599959336,3,1,19,0.0,0.0,0.09090909090909091,0.0,exact_dense,600,600,0.0,0.00012182199861854315,0.0,0.40587683199555613,0.0005734720034524798,0.4066503859939985,360000,,333371.0,360000.0,,,,,,1,1,19.0,19,True,exact_fit,600,600,7.275986718013883e-06,0.0,0.0,0.0,0.0,7.275986718013883e-06,0,,,,,,,,,1,1,,,1.8939899746328592e-06,0.3995948079973459,0.39959670198732056,19.0,19.0,0.0,isolated,1,True,1200.0,2.6323020230047405,2.4010988709924277,0.23120315201231278,142098432,135.515625,resource.ru_maxrss_kib_converted_to_bytes,0,"{""BLIS_NUM_THREADS"": ""1"", ""MKL_DYNAMIC"": ""FALSE"", ""MKL_NUM_THREADS"": ""1"", ""NUMBA_NUM_THREADS"": ""1"", ""NUMEXPR_NUM_THREADS"": ""1"", ""OMP_DYNAMIC"": ""FALSE"", ""OMP_NUM_THREADS"": ""1"", ""OPENBLAS_NUM_THREADS"": ""1"", ""PYTHONHASHSEED"": ""0"", ""VECLIB_MAXIMUM_THREADS"": ""1""}",tree_tree,0,0,1,0.027180744014913216,8,10,11,11,17,16,medium,medium,8,uniform,"{""kind"": ""categorical"", ""probs"": [0.5, 0.35, 0.15], ""values"": [3, 4, 5]}",uniform,12,background,fast_dense,Almost every pair shares a token; the specialized dense Numba kernel should dominate sparse enumeration.,18,18,67,73,9,8,19.0,True,exact_agreement,2,0.0,1.8999999999999998e-05,1.0,0.0,1.0,100.0,True,0.018608293560944032,0.026227945357876144,0.036536701455456365,0.05111524291755606,,,,,,,,,,,,,,,,,
dense_overlap_size,size,dense_common_overlap,n600,nodes_per_tree,600,dense_overlap_size__n600,2,fast_dense,fast_dense,True,{},overlap,600,600,360000,601466,10.0,19.0,ok,,19.0,0.0030572930118069053,0.0032237640116363764,0.007466231007128954,0.007457641011569649,0.0076458900002762675,0.007523254006324957,0.0074619360093493015,0.007556060503702611,0.00010629269619897059,8.589995559304953e-06,3,"[0.007466231007128954, 0.007457641011569649, 0.0076458900002762675]",0.01052352401893586,3,1,19,0.0,0.0,0.09090909090909091,0.0,fast_dense_overlap,600,600,0.0,1.745502231642604e-05,0.0,0.007952388987177983,3.336899681016803e-05,0.00801438299822621,360000,,,360000.0,,,,,,1,1,19.0,19,,fast_dense_fit,600,600,0.0032227360061369836,0.0,0.0,0.0,0.0,0.0032227360061369836,0,,,,,,,,,1,1,,,0.003251868998631835,0.10597675197641365,0.10922862097504549,19.0,19.0,0.0,isolated,1,True,1200.0,0.4240623409859836,0.15411456002038904,0.2699477809655946,202166272,192.80078125,resource.ru_maxrss_kib_converted_to_bytes,0,"{""BLIS_NUM_THREADS"": ""1"", ""MKL_DYNAMIC"": ""FALSE"", ""MKL_NUM_THREADS"": ""1"", ""NUMBA_NUM_THREADS"": ""1"", ""NUMEXPR_NUM_THREADS"": ""1"", ""OMP_DYNAMIC"": ""FALSE"", ""OMP_NUM_THREADS"": ""1"", ""OPENBLAS_NUM_THREADS"": ""1"", ""PYTHONHASHSEED"": ""0"", ""VECLIB_MAXIMUM_THREADS"": ""1""}",tree_tree,1,1,1,0.027180744014913216,8,10,11,11,17,16,medium,medium,8,uniform,"{""kind"": ""categorical"", ""probs"": [0.5, 0.35, 0.15], ""values"": [3, 4, 5]}",uniform,12,background,fast_dense,Almost every pair shares a token; the specialized dense Numba kernel should dominate sparse enumeration.,18,18,67,73,9,8,19.0,True,exact_agreement,2,0.0,1.8999999999999998e-05,1.0,0.0,1.0,100.0,True,1.0,1.0,1.0,1.0,,,,,,,,,,,,,,,,,
dense_overlap_size,size,dense_common_overlap,n1000,nodes_per_tree,1000,dense_overlap_size__n1000,0,exact_dense,generic,True,"{""method"": ""exact""}",overlap,1000,1000,1000000,1659390,11.0,21.0,ok,,21.0,1.6510020941495895e-06,1.0496005415916443e-05,1.141469045978738,1.1371231430093758,1.154086715017911,1.1442263013353415,1.1392960944940569,1.1477778804983245,0.008811500249578942,0.004345902969362214,3,"[1.141469045978738, 1.154086715017911, 1.1371231430093758]",1.1414706969808321,3,1,21,0.09090909090909091,0.047619047619047616,0.5454545454545454,0.09090909090909091,exact_dense,1000,1000,0.0,0.00010514500900171697,0.0,1.176032186980592,0.001667274977080524,1.1780399410054088,1000000,,925147.0,1000000.0,,,,,,1,1,21.0,21,True,exact_fit,1000,1000,9.437993867322803e-06,0.0,0.0,0.0,0.0,9.437993867322803e-06,0,,,,,,,,,1,1,,,2.515007508918643e-06,1.1465180079976562,1.1465205230051652,21.0,21.0,0.0,isolated,1,True,1200.0,7.140181383001618,6.90224539898918,0.23793598401243798,146657280,139.86328125,resource.ru_maxrss_kib_converted_to_bytes,0,"{""BLIS_NUM_THREADS"": ""1"", ""MKL_DYNAMIC"": ""FALSE"", ""MKL_NUM_THREADS"": ""1"", ""NUMBA_NUM_THREADS"": ""1"", ""NUMEXPR_NUM_THREADS"": ""1"", ""OMP_DYNAMIC"": ""FALSE"", ""OMP_NUM_THREADS"": ""1"", ""OPENBLAS_NUM_THREADS"": ""1"", ""PYTHONHASHSEED"": ""0"", ""VECLIB_MAXIMUM_THREADS"": ""1""}",tree_tree,0,0,0,0.04135393799515441,8,11,11,11,13,14,medium,medium,8,uniform,"{""kind"": ""categorical"", ""probs"": [0.5, 0.35, 0.15], ""values"": [3, 4, 5]}",uniform,12,background,fast_dense,Almost every pair shares a token; the specialized dense Numba kernel should dominate sparse enumeration.,20,20,140,109,16,16,21.0,True,exact_agreement,2,0.0,2.1e-05,1.0,0.0,1.0,100.0,True,0.016990232954312973,0.021339655123019007,0.033412775076427384,0.04178757774845955,,,,,,,,,,,,,,,,,
dense_overlap_size,size,dense_common_overlap,n1000,nodes_per_tree,1000,dense_overlap_size__n1000,0,fast_dense,fast_dense,True,{},overlap,1000,1000,1000000,1659390,11.0,21.0,ok,,21.0,0.004964766005286947,0.00493729900335893,0.019393825001316145,0.01936130999820307,0.019428967993007973,0.019394700997509062,0.019377567499759607,0.01941139649716206,3.383750274846836e-05,3.251500311307609e-05,3,"[0.019393825001316145, 0.019428967993007973, 0.01936130999820307]",0.024358591006603092,3,1,21,0.09090909090909091,0.047619047619047616,0.5454545454545454,0.09090909090909091,fast_dense_overlap,1000,1000,0.0,1.8444989109411836e-05,0.0,0.02094845299143344,4.4980988604947925e-05,0.02102404399192892,1000000,,,1000000.0,,,,,,1,1,21.0,21,,fast_dense_fit,1000,1000,0.004936423996696249,0.0,0.0,0.0,0.0,0.004936423996696249,0,,,,,,,,,1,1,,,0.005099356989376247,0.11683100997470319,0.12193036696407944,21.0,21.0,0.0,isolated,1,True,1200.0,0.49646797601599246,0.23100595199503005,0.2654620240209624,205496320,195.9765625,resource.ru_maxrss_kib_converted_to_bytes,0,"{""BLIS_NUM_THREADS"": ""1"", ""MKL_DYNAMIC"": ""FALSE"", ""MKL_NUM_THREADS"": ""1"", ""NUMBA_NUM_THREADS"": ""1"", ""NUMEXPR_NUM_THREADS"": ""1"", ""OMP_DYNAMIC"": ""FALSE"", ""OMP_NUM_THREADS"": ""1"", ""OPENBLAS_NUM_THREADS"": ""1"", ""PYTHONHASHSEED"": ""0"", ""VECLIB_MAXIMUM_THREADS"": ""1""}",tree_tree,1,1,0,0.04135393799515441,8,11,11,11,13,14,medium,medium,8,uniform,"{""kind"": ""categorical"", ""probs"": [0.5, 0.35, 0.15], ""values"": [3, 4, 5]}",uniform,12,background,fast_dense,Almost every pair shares a token; the specialized dense Numba kernel should dominate sparse enumeration.,20,20,140,109,16,16,21.0,True,exact_agreement,2,0.0,2.1e-05,1.0,0.0,1.0,100.0,True,1.0,1.0,1.0,1.0,,,,,,,,,,,,,,,,,
dense_overlap_size,size,dense_common_overlap,n1000,nodes_per_tree,1000,dense_overlap_size__n1000,1,fast_dense,fast_dense,True,{},overlap,1000,1000,1000000,1670277,10.0,21.0,ok,,21.0,0.005055472021922469,0.005157889012480155,0.02017256000544876,0.020122079993598163,0.02018247701926157,0.02015903900610283,0.02014731999952346,0.020177518512355164,3.2389245819113604e-05,9.917013812810183e-06,3,"[0.020122079993598163, 0.02018247701926157, 0.02017256000544876]",0.025228032027371228,3,1,21,0.1,0.047619047619047616,0.08333333333333333,0.1,fast_dense_overlap,1000,1000,0.0,1.9453000277280807e-05,0.0,0.02170501500950195,4.5980006689205766e-05,0.021782808005809784,1000000,,,1000000.0,,,,,,1,1,21.0,21,,fast_dense_fit,1000,1000,0.005156611994607374,0.0,0.0,0.0,0.0,0.005156611994607374,0,,,,,,,,,1,1,,,0.005251770984614268,0.11985005799215287,0.12510182897676714,21.0,21.0,0.0,isolated,1,True,1200.0,0.5083234389894642,0.23859808599809185,0.26972535299137235,205393920,195.87890625,resource.ru_maxrss_kib_converted_to_bytes,0,"{""BLIS_NUM_THREADS"": ""1"", ""MKL_DYNAMIC"": ""FALSE"", ""MKL_NUM_THREADS"": ""1"", ""NUMBA_NUM_THREADS"": ""1"", ""NUMEXPR_NUM_THREADS"": ""1"", ""OMP_DYNAMIC"": ""FALSE"", ""OMP_NUM_THREADS"": ""1"", ""OPENBLAS_NUM_THREADS"": ""1"", ""PYTHONHASHSEED"": ""0"", ""VECLIB_MAXIMUM_THREADS"": ""1""}",tree_tree,1,0,0,0.044778818992199376,8,10,12,10,14,21,medium,medium,8,uniform,"{""kind"": ""categorical"", ""probs"": [0.5, 0.35, 0.15], ""values"": [3, 4, 5]}",uniform,12,background,fast_dense,Almost every pair shares a token; the specialized dense Numba kernel should dominate sparse enumeration.,20,20,118,100,16,12,21.0,True,exact_agreement,2,0.0,2.1e-05,1.0,0.0,1.0,100.0,True,1.0,1.0,1.0,1.0,,,,,,,,,,,,,,,,,
dense_overlap_size,size,dense_common_overlap,n1000,nodes_per_tree,1000,dense_overlap_size__n1000,1,exact_dense,generic,True,"{""method"": ""exact""}",overlap,1000,1000,1000000,1670277,10.0,21.0,ok,,21.0,1.8989958334714174e-06,8.926988812163472e-06,1.1118884489987977,1.0890659529832192,1.1123750249971636,1.1044431423263934,1.1004772009910084,1.1121317369979806,0.013319258730215482,0.00048657599836587906,3,"[1.1118884489987977, 1.0890659529832192, 1.1123750249971636]",1.1118903479946312,3,1,21,0.1,0.047619047619047616,0.08333333333333333,0.1,exact_dense,1000,1000,0.0,0.00010552498861216009,0.0,1.1351791649940424,0.0016284729936160147,1.1371533880010247,1000000,,926806.0,1000000.0,,,,,,1,1,21.0,21,True,exact_fit,1000,1000,7.95899541117251e-06,0.0,0.0,0.0,0.0,7.95899541117251e-06,0,,,,,,,,,1,1,,,2.2239983081817627e-06,1.099870838021161,1.0998730620194692,21.0,21.0,0.0,isolated,1,True,1200.0,6.880816304998007,6.651748542004498,0.22906776299350895,146681856,139.88671875,resource.ru_maxrss_kib_converted_to_bytes,0,"{""BLIS_NUM_THREADS"": ""1"", ""MKL_DYNAMIC"": ""FALSE"", ""MKL_NUM_THREADS"": ""1"", ""NUMBA_NUM_THREADS"": ""1"", ""NUMEXPR_NUM_THREADS"": ""1"", ""OMP_DYNAMIC"": ""FALSE"", ""OMP_NUM_THREADS"": ""1"", ""OPENBLAS_NUM_THREADS"": ""1"", ""PYTHONHASHSEED"": ""0"", ""VECLIB_MAXIMUM_THREADS"": ""1""}",tree_tree,0,1,0,0.044778818992199376,8,10,12,10,14,21,medium,medium,8,uniform,"{""kind"": ""categorical"", ""probs"": [0.5, 0.35, 0.15], ""values"": [3, 4, 5]}",uniform,12,background,fast_dense,Almost every pair shares a token; the specialized dense Numba kernel should dominate sparse enumeration.,20,20,118,100,16,12,21.0,True,exact_agreement,2,0.0,2.1e-05,1.0,0.0,1.0,100.0,True,0.01814261135963161,0.022689316507577998,0.035638644640172544,0.044371865710029386,,,,,,,,,,,,,,,,,
dense_overlap_size,size,dense_common_overlap,n1000,nodes_per_tree,1000,dense_overlap_size__n1000,2,exact_dense,generic,True,"{""method"": ""exact""}",overlap,1000,1000,1000000,1693787,10.0,21.0,ok,,21.0,1.953012542799115e-06,1.0100979125127196e-05,1.1581162090005819,1.1304890510218684,1.1598694740096107,1.149491578010687,1.1443026300112251,1.1589928415050963,0.016480003292431596,0.001753265009028837,3,"[1.1598694740096107, 1.1304890510218684, 1.1581162090005819]",1.1581181620131247,3,1,21,0.6,0.2857142857142857,0.8181818181818182,0.9090909090909091,exact_dense,1000,1000,0.0,0.00010263500735163689,0.0,1.1856802490074188,0.0016522500081919134,1.1876578940136824,1000000,,929976.0,1000000.0,,,,,,1,1,21.0,21,True,exact_fit,1000,1000,8.931005140766501e-06,0.0,0.0,0.0,0.0,8.931005140766501e-06,0,,,,,,,,,1,1,,,2.1510059013962746e-06,1.1369446510216221,1.1369468020275235,21.0,21.0,0.0,isolated,1,True,1200.0,7.171329033997608,6.93819289500243,0.23313613899517804,146518016,139.73046875,resource.ru_maxrss_kib_converted_to_bytes,0,"{""BLIS_NUM_THREADS"": ""1"", ""MKL_DYNAMIC"": ""FALSE"", ""MKL_NUM_THREADS"": ""1"", ""NUMBA_NUM_THREADS"": ""1"", ""NUMEXPR_NUM_THREADS"": ""1"", ""OMP_DYNAMIC"": ""FALSE"", ""OMP_NUM_THREADS"": ""1"", ""OPENBLAS_NUM_THREADS"": ""1"", ""PYTHONHASHSEED"": ""0"", ""VECLIB_MAXIMUM_THREADS"": ""1""}",tree_tree,0,0,1,0.04422907601110637,8,10,11,11,20,21,medium,medium,8,uniform,"{""kind"": ""categorical"", ""probs"": [0.5, 0.35, 0.15], ""values"": [3, 4, 5]}",uniform,12,background,fast_dense,Almost every pair shares a token; the specialized dense Numba kernel should dominate sparse enumeration.,20,20,108,115,13,15,21.0,True,exact_agreement,2,0.0,2.1e-05,1.0,0.0,1.0,100.0,True,0.017460823742477267,0.021852299559709857,0.03432235096433877,0.04276997677477549,,,,,,,,,,,,,,,,,
dense_overlap_size,size,dense_common_overlap,n1000,nodes_per_tree,1000,dense_overlap_size__n1000,2,fast_dense,fast_dense,True,{},overlap,1000,1000,1000000,1693787,10.0,21.0,ok,,21.0,0.005085882003186271,0.005210852978052571,0.020221662998665124,0.02017025899840519,0.020305899990489706,0.020232607329186674,0.020195960998535156,0.020263781494577415,6.84795842667123e-05,5.1404000259935856e-05,3,"[0.02017025899840519, 0.020221662998665124, 0.020305899990489706]",0.025307545001851395,3,1,21,0.6,0.2857142857142857,0.8181818181818182,0.9090909090909091,fast_dense_overlap,1000,1000,0.0,1.7691025277599692e-05,0.0,0.021714070986490697,4.848701064474881e-05,0.021792275016196072,1000000,,,1000000.0,,,,,,1,1,21.0,21,,fast_dense_fit,1000,1000,0.0052098919986747205,0.0,0.0,0.0,0.0,0.0052098919986747205,0,,,,,,,,,1,1,,,0.0052982640045229346,0.12016612300067209,0.12546438700519502,21.0,21.0,0.0,isolated,1,True,1200.0,0.5096333239926025,0.23913622798863798,0.27049709600396454,205205504,195.69921875,resource.ru_maxrss_kib_converted_to_bytes,0,"{""BLIS_NUM_THREADS"": ""1"", ""MKL_DYNAMIC"": ""FALSE"", ""MKL_NUM_THREADS"": ""1"", ""NUMBA_NUM_THREADS"": ""1"", ""NUMEXPR_NUM_THREADS"": ""1"", ""OMP_DYNAMIC"": ""FALSE"", ""OMP_NUM_THREADS"": ""1"", ""OPENBLAS_NUM_THREADS"": ""1"", ""PYTHONHASHSEED"": ""0"", ""VECLIB_MAXIMUM_THREADS"": ""1""}",tree_tree,1,1,1,0.04422907601110637,8,10,11,11,20,21,medium,medium,8,uniform,"{""kind"": ""categorical"", ""probs"": [0.5, 0.35, 0.15], ""values"": [3, 4, 5]}",uniform,12,background,fast_dense,Almost every pair shares a token; the specialized dense Numba kernel should dominate sparse enumeration.,20,20,108,115,13,15,21.0,True,exact_agreement,2,0.0,2.1e-05,1.0,0.0,1.0,100.0,True,1.0,1.0,1.0,1.0,,,,,,,,,,,,,,,,,
dense_overlap_size,size,dense_common_overlap,n1600,nodes_per_tree,1600,dense_overlap_size__n1600,0,exact_dense,generic,True,"{""method"": ""exact""}",overlap,1600,1600,2560000,4261439,9.0,22.0,ok,,22.0,1.7379934433847666e-06,8.943985449150205e-06,2.779878332017688,2.758165155973984,2.796595337014878,2.77821294166885,2.769021743995836,2.788236834516283,0.01926914236465855,0.016717004997190088,3,"[2.796595337014878, 2.779878332017688, 2.758165155973984]",2.7798800700111315,3,1,22,0.1111111111111111,0.045454545454545456,0.08333333333333333,0.1111111111111111,exact_dense,1600,1600,0.0,9.519900777377188e-05,0.0,3.037637216009898,0.0021017849794588983,3.0400603779999074,2560000,,2370237.0,2560000.0,,,,,,1,1,22.0,22,True,exact_fit,1600,1600,8.00398993305862e-06,0.0,0.0,0.0,0.0,8.00398993305862e-06,0,,,,,,,,,1,1,,,2.4110195226967335e-06,2.8835044509905856,2.8835068620101083,22.0,22.0,0.0,isolated,1,True,1200.0,17.36392678800621,17.128312651009765,0.23561413699644618,160616448,153.17578125,resource.ru_maxrss_kib_converted_to_bytes,0,"{""BLIS_NUM_THREADS"": ""1"", ""MKL_DYNAMIC"": ""FALSE"", ""MKL_NUM_THREADS"": ""1"", ""NUMBA_NUM_THREADS"": ""1"", ""NUMEXPR_NUM_THREADS"": ""1"", ""OMP_DYNAMIC"": ""FALSE"", ""OMP_NUM_THREADS"": ""1"", ""OPENBLAS_NUM_THREADS"": ""1"", ""PYTHONHASHSEED"": ""0"", ""VECLIB_MAXIMUM_THREADS"": ""1""}",tree_tree,0,0,0,0.0682690649991855,8,9,12,9,22,16,medium,medium,8,uniform,"{""kind"": ""categorical"", ""probs"": [0.5, 0.35, 0.15], ""values"": [3, 4, 5]}",uniform,12,background,fast_dense,Almost every pair shares a token; the specialized dense Numba kernel should dominate sparse enumeration.,21,21,158,158,23,26,22.0,True,exact_agreement,2,0.0,2.2e-05,1.0,0.0,1.0,100.0,True,0.01818378647055264,0.021103712583112517,0.03571808294764776,0.04133510107357441,,,,,,,,,,,,,,,,,
dense_overlap_size,size,dense_common_overlap,n1600,nodes_per_tree,1600,dense_overlap_size__n1600,0,fast_dense,fast_dense,True,{},overlap,1600,1600,2560000,4261439,9.0,22.0,ok,,22.0,0.008117076009511948,0.008190701017156243,0.050548714003525674,0.050538118986878544,0.05068300198763609,0.0505899449926801,0.05054341649520211,0.05061585799558088,8.076364793096673e-05,1.0595016647130251e-05,3,"[0.050548714003525674, 0.05068300198763609, 0.050538118986878544]",0.05866579001303762,3,1,22,0.1111111111111111,0.045454545454545456,0.08333333333333333,0.1111111111111111,fast_dense_overlap,1600,1600,0.0,2.0127015886828303e-05,0.0,0.05472153099253774,6.759300595149398e-05,0.05482315699919127,2560000,,,2560000.0,,,,,,1,1,22.0,22,,fast_dense_fit,1600,1600,0.008189599000615999,0.0,0.0,0.0,0.0,0.008189599000615999,0,,,,,,,,,1,1,,,0.008387308014789596,0.15332631999626756,0.16171362801105715,22.0,22.0,0.0,isolated,1,True,1200.0,0.7027230680105276,0.4360383540042676,0.26668471400626004,213630976,203.734375,resource.ru_maxrss_kib_converted_to_bytes,0,"{""BLIS_NUM_THREADS"": ""1"", ""MKL_DYNAMIC"": ""FALSE"", ""MKL_NUM_THREADS"": ""1"", ""NUMBA_NUM_THREADS"": ""1"", ""NUMEXPR_NUM_THREADS"": ""1"", ""OMP_DYNAMIC"": ""FALSE"", ""OMP_NUM_THREADS"": ""1"", ""OPENBLAS_NUM_THREADS"": ""1"", ""PYTHONHASHSEED"": ""0"", ""VECLIB_MAXIMUM_THREADS"": ""1""}",tree_tree,1,1,0,0.0682690649991855,8,9,12,9,22,16,medium,medium,8,uniform,"{""kind"": ""categorical"", ""probs"": [0.5, 0.35, 0.15], ""values"": [3, 4, 5]}",uniform,12,background,fast_dense,Almost every pair shares a token; the specialized dense Numba kernel should dominate sparse enumeration.,21,21,158,158,23,26,22.0,True,exact_agreement,2,0.0,2.2e-05,1.0,0.0,1.0,100.0,True,1.0,1.0,1.0,1.0,,,,,,,,,,,,,,,,,
dense_overlap_size,size,dense_common_overlap,n1600,nodes_per_tree,1600,dense_overlap_size__n1600,1,fast_dense,fast_dense,True,{},overlap,1600,1600,2560000,4325220,10.0,22.0,ok,,22.0,0.008144004008499905,0.008226442994782701,0.051000439998460934,0.050881278002634645,0.05103303800569847,0.050971585335598014,0.05094085900054779,0.0510167390020797,7.98887871305022e-05,3.2598007237538695e-05,3,"[0.051000439998460934, 0.050881278002634645, 0.05103303800569847]",0.05914444400696084,3,1,22,0.1,0.045454545454545456,0.09090909090909091,0.09090909090909091,fast_dense_overlap,1600,1600,0.0,2.0603009033948183e-05,0.0,0.05512130900751799,6.527701043523848e-05,0.0552227369917091,2560000,,,2560000.0,,,,,,1,1,22.0,22,,fast_dense_fit,1600,1600,0.00822548198630102,0.0,0.0,0.0,0.0,0.00822548198630102,0,,,,,,,,,1,1,,,0.008407135988818482,0.15293565799947828,0.16134279398829676,22.0,22.0,0.0,isolated,1,True,1200.0,0.7036757000023499,0.4375066929787863,0.2661690070235636,213553152,203.66015625,resource.ru_maxrss_kib_converted_to_bytes,0,"{""BLIS_NUM_THREADS"": ""1"", ""MKL_DYNAMIC"": ""FALSE"", ""MKL_NUM_THREADS"": ""1"", ""NUMBA_NUM_THREADS"": ""1"", ""NUMEXPR_NUM_THREADS"": ""1"", ""OMP_DYNAMIC"": ""FALSE"", ""OMP_NUM_THREADS"": ""1"", ""OPENBLAS_NUM_THREADS"": ""1"", ""PYTHONHASHSEED"": ""0"", ""VECLIB_MAXIMUM_THREADS"": ""1""}",tree_tree,1,0,0,0.07203537598252296,8,10,11,11,22,13,medium,medium,8,uniform,"{""kind"": ""categorical"", ""probs"": [0.5, 0.35, 0.15], ""values"": [3, 4, 5]}",uniform,12,background,fast_dense,Almost every pair shares a token; the specialized dense Numba kernel should dominate sparse enumeration.,21,21,180,175,24,18,22.0,True,exact_agreement,2,0.0,2.2e-05,1.0,0.0,1.0,100.0,True,1.0,1.0,1.0,1.0,,,,,,,,,,,,,,,,,
dense_overlap_size,size,dense_common_overlap,n1600,nodes_per_tree,1600,dense_overlap_size__n1600,1,exact_dense,generic,True,"{""method"": ""exact""}",overlap,1600,1600,2560000,4325220,10.0,22.0,ok,,22.0,1.9449798855930567e-06,8.672010153532028e-06,2.884628882020479,2.872323279007105,2.9393408139876556,2.89876432500508,2.878476080513792,2.9119848480040673,0.03567485893448635,0.012305603013373911,3,"[2.872323279007105, 2.884628882020479, 2.9393408139876556]",2.8846308270003647,3,1,22,0.1,0.045454545454545456,0.09090909090909091,0.09090909090909091,exact_dense,1600,1600,0.0,9.830598719418049e-05,0.0,2.9310894179798197,0.002151473017875105,2.933557041978929,2560000,,2378069.0,2560000.0,,,,,,1,1,22.0,22,True,exact_fit,1600,1600,7.476017344743013e-06,0.0,0.0,0.0,0.0,7.476017344743013e-06,0,,,,,,,,,1,1,,,2.5279878173023462e-06,2.785701140994206,2.7857036689820234,22.0,22.0,0.0,isolated,1,True,1200.0,17.49196558998665,17.260491426975932,0.23147416301071644,160899072,153.4453125,resource.ru_maxrss_kib_converted_to_bytes,0,"{""BLIS_NUM_THREADS"": ""1"", ""MKL_DYNAMIC"": ""FALSE"", ""MKL_NUM_THREADS"": ""1"", ""NUMBA_NUM_THREADS"": ""1"", ""NUMEXPR_NUM_THREADS"": ""1"", ""OMP_DYNAMIC"": ""FALSE"", ""OMP_NUM_THREADS"": ""1"", ""OPENBLAS_NUM_THREADS"": ""1"", ""PYTHONHASHSEED"": ""0"", ""VECLIB_MAXIMUM_THREADS"": ""1""}",tree_tree,0,1,0,0.07203537598252296,8,10,11,11,22,13,medium,medium,8,uniform,"{""kind"": ""categorical"", ""probs"": [0.5, 0.35, 0.15], ""values"": [3, 4, 5]}",uniform,12,background,fast_dense,Almost every pair shares a token; the specialized dense Numba kernel should dominate sparse enumeration.,21,21,180,175,24,18,22.0,True,exact_agreement,2,0.0,2.2e-05,1.0,0.0,1.0,100.0,True,0.01768006980597751,0.02050329749421116,0.03474583089624276,0.040182716791912106,,,,,,,,,,,,,,,,,
dense_overlap_size,size,dense_common_overlap,n1600,nodes_per_tree,1600,dense_overlap_size__n1600,2,exact_dense,generic,True,"{""method"": ""exact""}",overlap,1600,1600,2560000,4282646,6.0,22.0,ok,,22.0,2.1329906303435564e-06,9.117007721215487e-06,2.9440200999961235,2.8887948140036315,2.989665185014019,2.9408266996712578,2.9164074569998775,2.966842642505071,0.05051095219028676,0.045645085017895326,3,"[2.9440200999961235, 2.8887948140036315, 2.989665185014019]",2.944022232986754,3,1,22,0.0,0.0,0.125,0.0,exact_dense,1600,1600,0.0,0.00010922600631602108,0.0,2.971060631010914,0.002122609002981335,2.9735177789989393,2560000,,2373953.0,2560000.0,,,,,,1,1,22.0,22,True,exact_fit,1600,1600,8.083006832748652e-06,0.0,0.0,0.0,0.0,8.083006832748652e-06,0,,,,,,,,,1,1,,,2.282991772517562e-06,2.881166952982312,2.8811692359740846,22.0,22.0,0.0,isolated,1,True,1200.0,17.852900639991276,17.61533415300073,0.23756648699054495,160792576,153.34375,resource.ru_maxrss_kib_converted_to_bytes,0,"{""BLIS_NUM_THREADS"": ""1"", ""MKL_DYNAMIC"": ""FALSE"", ""MKL_NUM_THREADS"": ""1"", ""NUMBA_NUM_THREADS"": ""1"", ""NUMEXPR_NUM_THREADS"": ""1"", ""OMP_DYNAMIC"": ""FALSE"", ""OMP_NUM_THREADS"": ""1"", ""OPENBLAS_NUM_THREADS"": ""1"", ""PYTHONHASHSEED"": ""0"", ""VECLIB_MAXIMUM_THREADS"": ""1""}",tree_tree,0,0,1,0.07149103001574986,8,6,8,10,19,16,medium,medium,8,uniform,"{""kind"": ""categorical"", ""probs"": [0.5, 0.35, 0.15], ""values"": [3, 4, 5]}",uniform,12,background,fast_dense,Almost every pair shares a token; the specialized dense Numba kernel should dominate sparse enumeration.,21,21,182,155,21,26,22.0,True,exact_agreement,2,0.0,2.2e-05,1.0,0.0,1.0,100.0,True,0.01662323501482695,0.01925250271039299,0.03270284298506025,0.037777690335214865,,,,,,,,,,,,,,,,,
dense_overlap_size,size,dense_common_overlap,n1600,nodes_per_tree,1600,dense_overlap_size__n1600,2,fast_dense,fast_dense,True,{},overlap,1600,1600,2560000,4282646,6.0,22.0,ok,,22.0,0.007740658009424806,0.008098532998701558,0.048939138010609895,0.04875192799954675,0.04912874399451539,0.048939936668224014,0.04884553300507832,0.04903394100256264,0.0001884092670399722,0.0001872100110631436,3,"[0.048939138010609895, 0.04912874399451539, 0.04875192799954675]",0.0566797960200347,3,1,22,0.0,0.0,0.125,0.0,fast_dense_overlap,1600,1600,0.0,1.9327999325469136e-05,0.0,0.053245267015881836,7.375699351541698e-05,0.0533534619899001,2560000,,,2560000.0,,,,,,1,1,22.0,22,,fast_dense_fit,1600,1600,0.008097331010503694,0.0,0.0,0.0,0.0,0.008097331010503694,0,,,,,,,,,1,1,,,0.007968505000462756,0.14858260899200104,0.1565511139924638,22.0,22.0,0.0,isolated,1,True,1200.0,0.7002063140098471,0.4222733530041296,0.2779329610057175,213610496,203.71484375,resource.ru_maxrss_kib_converted_to_bytes,0,"{""BLIS_NUM_THREADS"": ""1"", ""MKL_DYNAMIC"": ""FALSE"", ""MKL_NUM_THREADS"": ""1"", ""NUMBA_NUM_THREADS"": ""1"", ""NUMEXPR_NUM_THREADS"": ""1"", ""OMP_DYNAMIC"": ""FALSE"", ""OMP_NUM_THREADS"": ""1"", ""OPENBLAS_NUM_THREADS"": ""1"", ""PYTHONHASHSEED"": ""0"", ""VECLIB_MAXIMUM_THREADS"": ""1""}",tree_tree,1,1,1,0.07149103001574986,8,6,8,10,19,16,medium,medium,8,uniform,"{""kind"": ""categorical"", ""probs"": [0.5, 0.35, 0.15], ""values"": [3, 4, 5]}",uniform,12,background,fast_dense,Almost every pair shares a token; the specialized dense Numba kernel should dominate sparse enumeration.,21,21,182,155,21,26,22.0,True,exact_agreement,2,0.0,2.2e-05,1.0,0.0,1.0,100.0,True,1.0,1.0,1.0,1.0,,,,,,,,,,,,,,,,,
dense_overlap_size,size,dense_common_overlap,n2400,nodes_per_tree,2400,dense_overlap_size__n2400,0,exact_dense,generic,True,"{""method"": ""exact""}",overlap,2400,2400,5760000,9611829,10.0,23.0,ok,,23.0,2.1040032152086496e-06,1.0374002158641815e-05,6.439217754988931,6.4383138330013026,6.46280064000166,6.446777409330632,6.438765793995117,6.451009197495296,0.013883883087691316,0.0009039219876285642,3,"[6.46280064000166, 6.439217754988931, 6.4383138330013026]",6.439219858992146,3,1,23,0.1,0.043478260869565216,0.2727272727272727,0.09090909090909091,exact_dense,2400,2400,0.0,0.00014983001165091991,0.0,6.657127287006006,0.004133482987526804,6.661850350006716,5760000,,5337043.0,5760000.0,,,,,,1,1,23.0,23,True,exact_fit,2400,2400,9.095994755625725e-06,0.0,0.0,0.0,0.0,9.095994755625725e-06,0,,,,,,,,,1,1,,,2.0580191630870104e-06,6.612118696997641,6.612120755016804,23.0,23.0,0.0,isolated,1,True,1200.0,39.30420592601877,39.06774635700276,0.23645956901600584,189919232,181.12109375,resource.ru_maxrss_kib_converted_to_bytes,0,"{""BLIS_NUM_THREADS"": ""1"", ""MKL_DYNAMIC"": ""FALSE"", ""MKL_NUM_THREADS"": ""1"", ""NUMBA_NUM_THREADS"": ""1"", ""NUMEXPR_NUM_THREADS"": ""1"", ""OMP_DYNAMIC"": ""FALSE"", ""OMP_NUM_THREADS"": ""1"", ""OPENBLAS_NUM_THREADS"": ""1"", ""PYTHONHASHSEED"": ""0"", ""VECLIB_MAXIMUM_THREADS"": ""1""}",tree_tree,0,0,0,0.11128831698442809,8,10,11,11,23,23,medium,medium,8,uniform,"{""kind"": ""categorical"", ""probs"": [0.5, 0.35, 0.15], ""values"": [3, 4, 5]}",uniform,12,background,fast_dense,Almost every pair shares a token; the specialized dense Numba kernel should dominate sparse enumeration.,22,22,265,273,31,31,23.0,True,exact_agreement,2,0.0,2.3e-05,1.0,0.0,1.0,100.0,True,0.01709310186255575,0.018910023523342534,0.03361167592475839,0.03711814210631194,,,,,,,,,,,,,,,,,
dense_overlap_size,size,dense_common_overlap,n2400,nodes_per_tree,2400,dense_overlap_size__n2400,0,fast_dense,fast_dense,True,{},overlap,2400,2400,5760000,9611829,10.0,23.0,ok,,23.0,0.01169959400431253,0.011824168002931401,0.11006620500120334,0.10992519598221406,0.11026935599511489,0.1100869189928441,0.1099957004917087,0.11016778049815912,0.00017301251604217755,0.00014100901898927987,3,"[0.11026935599511489, 0.10992519598221406, 0.11006620500120334]",0.12176579900551587,3,1,23,0.1,0.043478260869565216,0.2727272727272727,0.09090909090909091,fast_dense_overlap,2400,2400,0.0,2.2110005374997854e-05,0.0,0.11862025799928233,0.00013074101298116148,0.11879613899509422,5760000,,,5760000.0,,,,,,1,1,23.0,23,,fast_dense_fit,2400,2400,0.011823238979559392,0.0,0.0,0.0,0.0,0.011823238979559392,0,,,,,,,,,1,1,,,0.012327615986578166,0.2136650039756205,0.22599261996219866,23.0,23.0,0.0,isolated,1,True,1200.0,1.0708198299980722,0.8092131189769134,0.26160671102115884,229928960,219.27734375,resource.ru_maxrss_kib_converted_to_bytes,0,"{""BLIS_NUM_THREADS"": ""1"", ""MKL_DYNAMIC"": ""FALSE"", ""MKL_NUM_THREADS"": ""1"", ""NUMBA_NUM_THREADS"": ""1"", ""NUMEXPR_NUM_THREADS"": ""1"", ""OMP_DYNAMIC"": ""FALSE"", ""OMP_NUM_THREADS"": ""1"", ""OPENBLAS_NUM_THREADS"": ""1"", ""PYTHONHASHSEED"": ""0"", ""VECLIB_MAXIMUM_THREADS"": ""1""}",tree_tree,1,1,0,0.11128831698442809,8,10,11,11,23,23,medium,medium,8,uniform,"{""kind"": ""categorical"", ""probs"": [0.5, 0.35, 0.15], ""values"": [3, 4, 5]}",uniform,12,background,fast_dense,Almost every pair shares a token; the specialized dense Numba kernel should dominate sparse enumeration.,22,22,265,273,31,31,23.0,True,exact_agreement,2,0.0,2.3e-05,1.0,0.0,1.0,100.0,True,1.0,1.0,1.0,1.0,,,,,,,,,,,,,,,,,
dense_overlap_size,size,dense_common_overlap,n2400,nodes_per_tree,2400,dense_overlap_size__n2400,1,fast_dense,fast_dense,True,{},overlap,2400,2400,5760000,9676277,12.0,23.0,ok,,23.0,0.011618260003160685,0.011682185984682292,0.1094737559906207,0.10927352998987772,0.11008341799606569,0.10961023465885471,0.10937364299024921,0.1097785869933432,0.00042184056917747765,0.0002002260007429868,3,"[0.1094737559906207, 0.11008341799606569, 0.10927352998987772]",0.12109201599378139,3,1,23,0.08333333333333333,0.043478260869565216,0.08333333333333333,0.08333333333333333,fast_dense_overlap,2400,2400,0.0,2.264502109028399e-05,0.0,0.11827426598756574,0.00011235900456085801,0.1184290409728419,5760000,,,5760000.0,,,,,,1,1,23.0,23,,fast_dense_fit,2400,2400,0.011680939991492778,0.0,0.0,0.0,0.0,0.011680939991492778,0,,,,,,,,,1,1,,,0.01204563898500055,0.21243255399167538,0.22447819297667593,23.0,23.0,0.0,isolated,1,True,1200.0,1.0662400150031317,0.8052870160026941,0.26095299900043756,229937152,219.28515625,resource.ru_maxrss_kib_converted_to_bytes,0,"{""BLIS_NUM_THREADS"": ""1"", ""MKL_DYNAMIC"": ""FALSE"", ""MKL_NUM_THREADS"": ""1"", ""NUMBA_NUM_THREADS"": ""1"", ""NUMEXPR_NUM_THREADS"": ""1"", ""OMP_DYNAMIC"": ""FALSE"", ""OMP_NUM_THREADS"": ""1"", ""OPENBLAS_NUM_THREADS"": ""1"", ""PYTHONHASHSEED"": ""0"", ""VECLIB_MAXIMUM_THREADS"": ""1""}",tree_tree,1,0,0,0.11128090001875535,8,12,12,12,17,23,medium,medium,8,uniform,"{""kind"": ""categorical"", ""probs"": [0.5, 0.35, 0.15], ""values"": [3, 4, 5]}",uniform,12,background,fast_dense,Almost every pair shares a token; the specialized dense Numba kernel should dominate sparse enumeration.,22,22,257,265,39,38,23.0,True,exact_agreement,2,0.0,2.3e-05,1.0,0.0,1.0,100.0,True,1.0,1.0,1.0,1.0,,,,,,,,,,,,,,,,,
dense_overlap_size,size,dense_common_overlap,n2400,nodes_per_tree,2400,dense_overlap_size__n2400,1,exact_dense,generic,True,"{""method"": ""exact""}",overlap,2400,2400,5760000,9676277,12.0,23.0,ok,,23.0,1.8079881556332111e-06,9.462004527449608e-06,6.3185066010046285,6.313433200004511,6.51449727799627,6.382145693001803,6.3159699005045695,6.416501939500449,0.11464790180085159,0.005073401000117883,3,"[6.51449727799627, 6.3185066010046285, 6.313433200004511]",6.318508408992784,3,1,23,0.08333333333333333,0.043478260869565216,0.08333333333333333,0.08333333333333333,exact_dense,2400,2400,0.0,0.00013399100862443447,0.0,6.742730324011063,0.004222610994474962,6.747343869996257,5760000,,5343558.0,5760000.0,,,,,,1,1,23.0,23,True,exact_fit,2400,2400,8.322997018694878e-06,0.0,0.0,0.0,0.0,8.322997018694878e-06,0,,,,,,,,,1,1,,,1.9430008251219988e-06,6.6170370249892585,6.617038967990084,23.0,23.0,0.0,isolated,1,True,1200.0,39.24023602201487,39.00365187000716,0.23658415200770833,189988864,181.1875,resource.ru_maxrss_kib_converted_to_bytes,0,"{""BLIS_NUM_THREADS"": ""1"", ""MKL_DYNAMIC"": ""FALSE"", ""MKL_NUM_THREADS"": ""1"", ""NUMBA_NUM_THREADS"": ""1"", ""NUMEXPR_NUM_THREADS"": ""1"", ""OMP_DYNAMIC"": ""FALSE"", ""OMP_NUM_THREADS"": ""1"", ""OPENBLAS_NUM_THREADS"": ""1"", ""PYTHONHASHSEED"": ""0"", ""VECLIB_MAXIMUM_THREADS"": ""1""}",tree_tree,0,1,0,0.11128090001875535,8,12,12,12,17,23,medium,medium,8,uniform,"{""kind"": ""categorical"", ""probs"": [0.5, 0.35, 0.15], ""values"": [3, 4, 5]}",uniform,12,background,fast_dense,Almost every pair shares a token; the specialized dense Numba kernel should dominate sparse enumeration.,22,22,257,265,39,38,23.0,True,exact_agreement,2,0.0,2.3e-05,1.0,0.0,1.0,100.0,True,0.017325890895360404,0.019164652186177012,0.03406163364251289,0.03760854960004262,,,,,,,,,,,,,,,,,
dense_overlap_size,size,dense_common_overlap,n2400,nodes_per_tree,2400,dense_overlap_size__n2400,2,exact_dense,generic,True,"{""method"": ""exact""}",overlap,2400,2400,5760000,9678939,11.0,23.0,ok,,23.0,2.0510051399469376e-06,9.570998372510076e-06,6.26914369998849,6.264198251999915,6.298921601992333,6.277421184660246,6.266670975994202,6.284032650990412,0.01878337890376401,0.004945447988575324,3,"[6.264198251999915, 6.26914369998849, 6.298921601992333]",6.26914575099363,3,1,23,0.09090909090909091,0.043478260869565216,0.09090909090909091,0.08333333333333333,exact_dense,2400,2400,0.0,0.0001303390017710626,0.0,6.483569003990851,0.00432325599831529,6.488432393991388,5760000,,5344018.0,5760000.0,,,,,,1,1,23.0,23,True,exact_fit,2400,2400,8.459988748654723e-06,0.0,0.0,0.0,0.0,8.459988748654723e-06,0,,,,,,,,,1,1,,,2.1400046534836292e-06,6.292610684991814,6.292612824996468,23.0,23.0,0.0,isolated,1,True,1200.0,38.09643027000129,37.8673744740081,0.22905579599319026,189952000,181.15234375,resource.ru_maxrss_kib_converted_to_bytes,0,"{""BLIS_NUM_THREADS"": ""1"", ""MKL_DYNAMIC"": ""FALSE"", ""MKL_NUM_THREADS"": ""1"", ""NUMBA_NUM_THREADS"": ""1"", ""NUMEXPR_NUM_THREADS"": ""1"", ""OMP_DYNAMIC"": ""FALSE"", ""OMP_NUM_THREADS"": ""1"", ""OPENBLAS_NUM_THREADS"": ""1"", ""PYTHONHASHSEED"": ""0"", ""VECLIB_MAXIMUM_THREADS"": ""1""}",tree_tree,0,0,1,0.1104458240151871,8,11,11,12,20,23,medium,medium,8,uniform,"{""kind"": ""categorical"", ""probs"": [0.5, 0.35, 0.15], ""values"": [3, 4, 5]}",uniform,12,background,fast_dense,Almost every pair shares a token; the specialized dense Numba kernel should dominate sparse enumeration.,22,22,240,267,33,27,23.0,True,exact_agreement,2,0.0,2.3e-05,1.0,0.0,1.0,100.0,True,0.018195771456236486,0.020124334954754363,0.03574120413054292,0.039454670896850896,,,,,,,,,,,,,,,,,
dense_overlap_size,size,dense_common_overlap,n2400,nodes_per_tree,2400,dense_overlap_size__n2400,2,fast_dense,fast_dense,True,{},overlap,2400,2400,5760000,9678939,11.0,23.0,ok,,23.0,0.012090482981875539,0.012126862013246864,0.11407190599129535,0.11404910599230789,0.11445409600855783,0.1141917026640537,0.11406050599180162,0.11426300099992659,0.00022752507646083207,2.2799998987466097e-05,3,"[0.11404910599230789, 0.11445409600855783, 0.11407190599129535]",0.1261623889731709,3,1,23,0.09090909090909091,0.043478260869565216,0.09090909090909091,0.08333333333333333,fast_dense_overlap,2400,2400,0.0,2.2710009943693876e-05,0.0,0.12352290100534447,0.00013118601054884493,0.12370087200542912,5760000,,,5760000.0,,,,,,1,1,23.0,23,,fast_dense_fit,2400,2400,0.012125456996727735,0.0,0.0,0.0,0.0,0.012125456996727735,0,,,,,,,,,1,1,,,0.012580381997395307,0.22350701701361686,0.23608739901101217,23.0,23.0,0.0,isolated,1,True,1200.0,1.1143337770190556,0.841712109016953,0.2726216680021025,229834752,219.1875,resource.ru_maxrss_kib_converted_to_bytes,0,"{""BLIS_NUM_THREADS"": ""1"", ""MKL_DYNAMIC"": ""FALSE"", ""MKL_NUM_THREADS"": ""1"", ""NUMBA_NUM_THREADS"": ""1"", ""NUMEXPR_NUM_THREADS"": ""1"", ""OMP_DYNAMIC"": ""FALSE"", ""OMP_NUM_THREADS"": ""1"", ""OPENBLAS_NUM_THREADS"": ""1"", ""PYTHONHASHSEED"": ""0"", ""VECLIB_MAXIMUM_THREADS"": ""1""}",tree_tree,1,1,1,0.1104458240151871,8,11,11,12,20,23,medium,medium,8,uniform,"{""kind"": ""categorical"", ""probs"": [0.5, 0.35, 0.15], ""values"": [3, 4, 5]}",uniform,12,background,fast_dense,Almost every pair shares a token; the specialized dense Numba kernel should dominate sparse enumeration.,22,22,240,267,33,27,23.0,True,exact_agreement,2,0.0,2.3e-05,1.0,0.0,1.0,100.0,True,1.0,1.0,1.0,1.0,,,,,,,,,,,,,,,,,
partial_beam_implementation_rare_anchor,size,rare_anchor_oracle,n800,nodes_per_tree,800,partial_beam_implementation_rare_anchor__n800,0,exact_dense,generic,True,"{""method"": ""exact""}",equality,800,800,640000,156634,14000.0,14066.126953125,ok,,14066.127078214777,1.2160162441432476e-06,7.090013241395354e-06,0.18820420501288027,0.18716883202432655,0.18889696002588607,0.18808999902103096,0.1876865185186034,0.18855058251938317,0.0008697061882464919,0.000692755013005808,3,"[0.18716883202432655, 0.18889696002588607, 0.18820420501288027]",0.1882054210291244,3,1,62,1.0,0.22580645161290322,1.0,1.0,exact_dense,800,800,0.0,0.00012129399692639709,0.0,0.1976648620038759,0.000936228985665366,0.19884533097501844,640000,,156634.0,640000.0,,,,,,1,1,14066.126953125,62,True,exact_fit,800,800,6.073998520150781e-06,0.0,0.0,0.0,0.0,6.073998520150781e-06,0,,,,,,,,,1,1,,,2.5909976102411747e-06,0.18897875299444422,0.18898134399205446,14066.126953125,14066.127078214777,0.0,isolated,1,True,1200.0,1.3783572019892745,1.1392934219911695,0.23906377999810502,143671296,137.015625,resource.ru_maxrss_kib_converted_to_bytes,0,"{""BLIS_NUM_THREADS"": ""1"", ""MKL_DYNAMIC"": ""FALSE"", ""MKL_NUM_THREADS"": ""1"", ""NUMBA_NUM_THREADS"": ""1"", ""NUMEXPR_NUM_THREADS"": ""1"", ""OMP_DYNAMIC"": ""FALSE"", ""OMP_NUM_THREADS"": ""1"", ""OPENBLAS_NUM_THREADS"": ""1"", ""PYTHONHASHSEED"": ""0"", ""VECLIB_MAXIMUM_THREADS"": ""1""}",tree_tree,0,0,0,0.025639419996878132,42,14,14,14,115,128,medium,medium,30,zipf,1,inverse_sqrt,14,reserved,fast_dense,"Exact-oracle companion to the large rare-anchor stress regime. The score-only partial beam should preserve the delayed rare anchors and remain above the 99% quality floor, while local beams may prune the relevant branch; at this smaller scale the specialized dense exact method is still expected to be fastest.",130,130,20,17,5,6,14066.126953125,True,exact_agreement,2,0.0,0.014066126953124999,1.0,0.0,1.0,100.0,True,0.012030629175293855,0.01622360818313455,0.023775227406106558,0.03192920938363179,,,,,,,,,,,,,,,,,
partial_beam_implementation_rare_anchor,size,rare_anchor_oracle,n800,nodes_per_tree,800,partial_beam_implementation_rare_anchor__n800,0,fast_beam_partial,fast_beam,False,"{""beam_width"": 200, ""expansion_width"": 64, ""max_nodes_per_token_side"": 8, ""max_token_types_per_expansion"": 2048, ""search"": ""partial""}",equality,800,800,640000,156634,14000.0,14003.681792855263,ok,,14003.681792830508,0.002924439002526924,0.002968652988784015,0.004977806995157152,0.004952085000695661,0.005023492994951084,0.004984461663601299,0.0049649459979264066,0.005000649995054118,3.616612876673134e-05,2.5721994461491704e-05,3,"[0.005023492994951084, 0.004952085000695661, 0.004977806995157152]",0.007902245997684076,3,1,17,1.0,0.8235294117647058,1.0,1.0,fast_beam_partial_equality,800,800,0.0,4.783697659149766e-05,0.0030017529206816107,0.0019932721043005586,2.1139858290553093e-06,0.005119427019963041,34439,34439.0,34439.0,,34439.0,23606.0,3232.0,200.0,21.0,1,1,14003.681792855263,17,,fast_beam_partial_fit,800,800,0.0029673120006918907,0.0,0.0,0.0,0.0,0.0029673120006918907,0,,,,,,,,,1,1,,,0.0031870229868218303,0.10329365800134838,0.1064806809881702,14003.681792855263,14003.681792830508,0.0,isolated,1,True,1200.0,0.4205465010018088,0.13792487198952585,0.28262162901228294,202723328,193.33203125,resource.ru_maxrss_kib_converted_to_bytes,0,"{""BLIS_NUM_THREADS"": ""1"", ""MKL_DYNAMIC"": ""FALSE"", ""MKL_NUM_THREADS"": ""1"", ""NUMBA_NUM_THREADS"": ""1"", ""NUMEXPR_NUM_THREADS"": ""1"", ""OMP_DYNAMIC"": ""FALSE"", ""OMP_NUM_THREADS"": ""1"", ""OPENBLAS_NUM_THREADS"": ""1"", ""PYTHONHASHSEED"": ""0"", ""VECLIB_MAXIMUM_THREADS"": ""1""}",tree_tree,3,1,0,0.025639419996878132,42,14,14,14,115,128,medium,medium,30,zipf,1,inverse_sqrt,14,reserved,fast_dense,"Exact-oracle companion to the large rare-anchor stress regime. The score-only partial beam should preserve the delayed rare anchors and remain above the 99% quality floor, while local beams may prune the relevant branch; at this smaller scale the specialized dense exact method is still expected to be fastest.",130,130,20,17,5,6,14066.126953125,True,exact_agreement,2,0.0,0.014066126953124999,0.9955606002648892,62.445160269737244,0.9955606002648892,99.55606002648892,True,0.45486195064287754,0.3863928065025111,0.624428565780729,0.5567155194899,200.0,descending_token_weight_first_descendants,0.0,64.0,8.0,2048.0,131.0,True,3233.0,42.0,34439.0,134569.0,,,,,
partial_beam_implementation_rare_anchor,size,rare_anchor_oracle,n800,nodes_per_tree,800,partial_beam_implementation_rare_anchor__n800,0,beam_partial_score,generic,False,"{""beam_balance_penalty"": 0.0, ""beam_candidate_future_weight"": 0.0, ""beam_expansion_width"": 64, ""beam_gap_penalty"": 0.0, ""beam_lookahead"": false, ""beam_n_restarts"": 1, ""beam_priority_future_weight"": 0.0, ""beam_priority_length_weight"": 0.0, ""beam_random_fraction"": 0.0, ""beam_rarity_weight"": 0.0, ""beam_symmetric"": false, ""beam_width"": 200, ""candidate_select_mode"": ""first"", ""method"": ""beam"", ""seed"": 0}",equality,800,800,640000,156634,14000.0,14003.681792830508,ok,,14003.681792830508,1.1989905033260584e-06,6.49198773317039e-06,0.20598667400190607,0.20544679599697702,0.2070158559945412,0.20614977533114143,0.20571673499944154,0.20650126499822363,0.0007971441850053122,0.0005398780049290508,3,"[0.20598667400190607, 0.20544679599697702, 0.2070158559945412]",0.2059878729924094,3,1,17,1.0,0.8235294117647058,1.0,1.0,beam_partial,800,800,0.0,0.0016924429801292717,0.19107467704452574,0.018955489969812334,2.6659981813281775e-06,0.21202922399970703,97479,34439.0,34439.0,,34439.0,23606.0,3232.0,200.0,21.0,1,1,14003.681792830508,17,True,beam_fit,800,800,5.466979928314686e-06,0.0,0.0,0.0,0.0,5.466979928314686e-06,0,,,,,,,,,1,1,,,2.2730091586709023e-06,0.20825702999718487,0.20825930300634354,14003.681792830508,14003.681792830508,0.0,isolated,1,True,1200.0,1.480276693997439,1.245722116989782,0.23455457700765692,143671296,137.015625,resource.ru_maxrss_kib_converted_to_bytes,0,"{""BLIS_NUM_THREADS"": ""1"", ""MKL_DYNAMIC"": ""FALSE"", ""MKL_NUM_THREADS"": ""1"", ""NUMBA_NUM_THREADS"": ""1"", ""NUMEXPR_NUM_THREADS"": ""1"", ""OMP_DYNAMIC"": ""FALSE"", ""OMP_NUM_THREADS"": ""1"", ""OPENBLAS_NUM_THREADS"": ""1"", ""PYTHONHASHSEED"": ""0"", ""VECLIB_MAXIMUM_THREADS"": ""1""}",tree_tree,2,2,0,0.025639419996878132,42,14,14,14,115,128,medium,medium,30,zipf,1,inverse_sqrt,14,reserved,fast_dense,"Exact-oracle companion to the large rare-anchor stress regime. The score-only partial beam should preserve the delayed rare anchors and remain above the 99% quality floor, while local beams may prune the relevant branch; at this smaller scale the specialized dense exact method is still expected to be fastest.",130,130,20,17,5,6,14066.126953125,True,exact_agreement,2,0.0,0.014066126953124999,0.9955606002631294,62.44516029449187,0.9955606002631294,99.55606002631295,True,0.010992046018083635,0.014823061981085179,0.021744015024577134,0.029211193797113937,,,,,,,,,,,,,1848.0,0.0,[14003.681792830508],0.0,"{""beam_width"": 200, ""expansion_width"": 64, ""label_pair_preprocessing_score_evaluations"": 1848, ""lookahead_enabled"": false, ""maximum_matching_length"": 131, ""positive_label_pair_types"": 42, ""state_pool_size"": 34440}"
partial_beam_implementation_rare_anchor,size,rare_anchor_oracle,n800,nodes_per_tree,800,partial_beam_implementation_rare_anchor__n800,0,fast_dense,fast_dense,True,{},equality,800,800,640000,156634,14000.0,14066.126953125,ok,,14066.127078214777,0.000789156008977443,0.0007947789854370058,0.0022642149997409433,0.0022574960021302104,0.002269249001983553,0.0022636533346182355,0.002260855500935577,0.0022667320008622482,5.896596659999603e-06,5.0340022426098585e-06,3,"[0.002269249001983553, 0.0022642149997409433, 0.0022574960021302104]",0.0030533710087183863,3,1,62,1.0,0.22580645161290322,1.0,1.0,fast_dense_equality,800,800,0.0,1.508797868154943e-05,0.0,0.0029856140026822686,4.48620121460408e-05,0.003057491994695738,640000,,,640000.0,,,,,,1,1,14066.126953125,62,,fast_dense_fit,800,800,0.0007937710033729672,0.0,0.0,0.0,0.0,0.0007937710033729672,0,,,,,,,,,1,1,,,0.0008218869916163385,0.09700532100396231,0.09782720799557865,14066.126953125,14066.127078214777,0.0,isolated,1,True,1200.0,0.37113310099812225,0.1119907739921473,0.25914232700597495,203620352,194.1875,resource.ru_maxrss_kib_converted_to_bytes,0,"{""BLIS_NUM_THREADS"": ""1"", ""MKL_DYNAMIC"": ""FALSE"", ""MKL_NUM_THREADS"": ""1"", ""NUMBA_NUM_THREADS"": ""1"", ""NUMEXPR_NUM_THREADS"": ""1"", ""OMP_DYNAMIC"": ""FALSE"", ""OMP_NUM_THREADS"": ""1"", ""OPENBLAS_NUM_THREADS"": ""1"", ""PYTHONHASHSEED"": ""0"", ""VECLIB_MAXIMUM_THREADS"": ""1""}",tree_tree,1,3,0,0.025639419996878132,42,14,14,14,115,128,medium,medium,30,zipf,1,inverse_sqrt,14,reserved,fast_dense,"Exact-oracle companion to the large rare-anchor stress regime. The score-only partial beam should preserve the delayed rare anchors and remain above the 99% quality floor, while local beams may prune the relevant branch; at this smaller scale the specialized dense exact method is still expected to be fastest.",130,130,20,17,5,6,14066.126953125,True,exact_agreement,2,0.0,0.014066126953124999,1.0,0.0,1.0,100.0,True,1.0,1.0,1.0,1.0,,,,,,,,,,,,,,,,,
partial_beam_implementation_rare_anchor,size,rare_anchor_oracle,n800,nodes_per_tree,800,partial_beam_implementation_rare_anchor__n800,1,fast_beam_partial,fast_beam,False,"{""beam_width"": 200, ""expansion_width"": 64, ""max_nodes_per_token_side"": 8, ""max_token_types_per_expansion"": 2048, ""search"": ""partial""}",equality,800,800,640000,145902,14000.0,14000.0,ok,,14000.0,0.0028606999840121716,0.0029402810032479465,0.003756119986064732,0.0036968429922126234,0.0037598350027110428,0.0037375993269961327,0.0037264814891386777,0.0037579774943878874,3.534486463278242e-05,3.715016646310687e-06,3,"[0.0037598350027110428, 0.003756119986064732, 0.0036968429922126234]",0.006616819970076904,3,1,14,1.0,1.0,1.0,1.0,fast_beam_partial_equality,800,800,0.0,4.490397986955941e-05,0.0022797119454480708,0.0015262670640368015,1.7319980543106794e-06,0.003925181983504444,22164,22164.0,22164.0,,22164.0,15426.0,3143.0,200.0,19.0,1,1,14000.0,14,,fast_beam_partial_fit,800,800,0.002939272002549842,0.0,0.0,0.0,0.0,0.002939272002549842,0,,,,,,,,,1,1,,,0.003009531006682664,0.09672410599887371,0.09973363700555637,14000.0,14000.0,0.0,isolated,1,True,1200.0,0.3841429050080478,0.12494375600363128,0.25919914900441654,202362880,192.98828125,resource.ru_maxrss_kib_converted_to_bytes,0,"{""BLIS_NUM_THREADS"": ""1"", ""MKL_DYNAMIC"": ""FALSE"", ""MKL_NUM_THREADS"": ""1"", ""NUMBA_NUM_THREADS"": ""1"", ""NUMEXPR_NUM_THREADS"": ""1"", ""OMP_DYNAMIC"": ""FALSE"", ""OMP_NUM_THREADS"": ""1"", ""OPENBLAS_NUM_THREADS"": ""1"", ""PYTHONHASHSEED"": ""0"", ""VECLIB_MAXIMUM_THREADS"": ""1""}",tree_tree,3,0,0,0.029277859983267263,43,14,14,14,91,85,medium,medium,30,zipf,1,inverse_sqrt,14,reserved,fast_dense,"Exact-oracle companion to the large rare-anchor stress regime. The score-only partial beam should preserve the delayed rare anchors and remain above the 99% quality floor, while local beams may prune the relevant branch; at this smaller scale the specialized dense exact method is still expected to be fastest.",130,130,18,18,5,4,14042.8955078125,True,exact_agreement,2,0.0,0.0140428955078125,0.9969453943605409,42.8955078125,0.9969453943605409,99.69453943605409,True,0.5409071101423919,0.42551694121917083,0.7013089365259072,0.5964546746300337,200.0,descending_token_weight_first_descendants,0.0,64.0,8.0,2048.0,131.0,True,3144.0,43.0,22164.0,133666.0,,,,,
partial_beam_implementation_rare_anchor,size,rare_anchor_oracle,n800,nodes_per_tree,800,partial_beam_implementation_rare_anchor__n800,1,beam_partial_score,generic,False,"{""beam_balance_penalty"": 0.0, ""beam_candidate_future_weight"": 0.0, ""beam_expansion_width"": 64, ""beam_gap_penalty"": 0.0, ""beam_lookahead"": false, ""beam_n_restarts"": 1, ""beam_priority_future_weight"": 0.0, ""beam_priority_length_weight"": 0.0, ""beam_random_fraction"": 0.0, ""beam_rarity_weight"": 0.0, ""beam_symmetric"": false, ""beam_width"": 200, ""candidate_select_mode"": ""first"", ""method"": ""beam"", ""seed"": 0}",equality,800,800,640000,145902,14000.0,14000.0,ok,,14000.0,1.1769880075007677e-06,6.671005394309759e-06,0.20829680099268444,0.208171913982369,0.20846809301292524,0.20831226932932623,0.20823435748752672,0.20838244700280484,0.0001486941714195788,0.00012488701031543314,3,"[0.20829680099268444, 0.20846809301292524, 0.208171913982369]",0.20829797798069194,3,1,14,1.0,1.0,1.0,1.0,beam_partial,800,800,0.0,0.0016945320239756256,0.20024114364059642,0.013256465375889093,2.201995812356472e-06,0.2154363809968345,103163,22164.0,22164.0,,22164.0,15426.0,3143.0,200.0,19.0,1,1,14000.0,14,True,beam_fit,800,800,5.7140132412314415e-06,0.0,0.0,0.0,0.0,5.7140132412314415e-06,0,,,,,,,,,1,1,,,2.34297476708889e-06,0.2063687069748994,0.20637104994966649,14000.0,14000.0,0.0,isolated,1,True,1200.0,1.4906418289756402,1.2555956249998417,0.23504620397579856,143671296,137.015625,resource.ru_maxrss_kib_converted_to_bytes,0,"{""BLIS_NUM_THREADS"": ""1"", ""MKL_DYNAMIC"": ""FALSE"", ""MKL_NUM_THREADS"": ""1"", ""NUMBA_NUM_THREADS"": ""1"", ""NUMEXPR_NUM_THREADS"": ""1"", ""OMP_DYNAMIC"": ""FALSE"", ""OMP_NUM_THREADS"": ""1"", ""OPENBLAS_NUM_THREADS"": ""1"", ""PYTHONHASHSEED"": ""0"", ""VECLIB_MAXIMUM_THREADS"": ""1""}",tree_tree,2,1,0,0.029277859983267263,43,14,14,14,91,85,medium,medium,30,zipf,1,inverse_sqrt,14,reserved,fast_dense,"Exact-oracle companion to the large rare-anchor stress regime. The score-only partial beam should preserve the delayed rare anchors and remain above the 99% quality floor, while local beams may prune the relevant branch; at this smaller scale the specialized dense exact method is still expected to be fastest.",130,130,18,18,5,4,14042.8955078125,True,exact_agreement,2,0.0,0.0140428955078125,0.9969453943605409,42.8955078125,0.9969453943605409,99.69453943605409,True,0.00975392803599375,0.01351702508857785,0.01931884409986288,0.02667241383377768,,,,,,,,,,,,,1892.0,0.0,[14000.0],0.0,"{""beam_width"": 200, ""expansion_width"": 64, ""label_pair_preprocessing_score_evaluations"": 1892, ""lookahead_enabled"": false, ""maximum_matching_length"": 131, ""positive_label_pair_types"": 43, ""state_pool_size"": 22165}"
partial_beam_implementation_rare_anchor,size,rare_anchor_oracle,n800,nodes_per_tree,800,partial_beam_implementation_rare_anchor__n800,1,fast_dense,fast_dense,True,{},equality,800,800,640000,145902,14000.0,14042.8955078125,ok,,14042.896935376086,0.0007838569872546941,0.0008034910133574158,0.0020317120070103556,0.0020270370005164295,0.002050111012067646,0.0020362866731981435,0.0020293745037633926,0.0020409115095390007,1.2198285958022284e-05,4.675006493926048e-06,3,"[0.0020270370005164295, 0.0020317120070103556, 0.002050111012067646]",0.0028155689942650497,3,1,43,1.0,0.32558139534883723,1.0,1.0,fast_dense_equality,800,800,0.0,1.5825993614271283e-05,0.0,0.002759277995210141,3.484799526631832e-05,0.0028215319907758385,640000,,,640000.0,,,,,,1,1,14042.8955078125,43,,fast_dense_fit,800,800,0.0008025210117921233,0.0,0.0,0.0,0.0,0.0008025210117921233,0,,,,,,,,,1,1,,,0.0008277840097434819,0.09657367499312386,0.09740145900286734,14042.8955078125,14042.896935376086,0.0,isolated,1,True,1200.0,0.3725370420143008,0.11040000000502914,0.2621370420092717,203386880,193.96484375,resource.ru_maxrss_kib_converted_to_bytes,0,"{""BLIS_NUM_THREADS"": ""1"", ""MKL_DYNAMIC"": ""FALSE"", ""MKL_NUM_THREADS"": ""1"", ""NUMBA_NUM_THREADS"": ""1"", ""NUMEXPR_NUM_THREADS"": ""1"", ""OMP_DYNAMIC"": ""FALSE"", ""OMP_NUM_THREADS"": ""1"", ""OPENBLAS_NUM_THREADS"": ""1"", ""PYTHONHASHSEED"": ""0"", ""VECLIB_MAXIMUM_THREADS"": ""1""}",tree_tree,1,2,0,0.029277859983267263,43,14,14,14,91,85,medium,medium,30,zipf,1,inverse_sqrt,14,reserved,fast_dense,"Exact-oracle companion to the large rare-anchor stress regime. The score-only partial beam should preserve the delayed rare anchors and remain above the 99% quality floor, while local beams may prune the relevant branch; at this smaller scale the specialized dense exact method is still expected to be fastest.",130,130,18,18,5,4,14042.8955078125,True,exact_agreement,2,0.0,0.0140428955078125,1.0,0.0,1.0,100.0,True,1.0,1.0,1.0,1.0,,,,,,,,,,,,,,,,,
partial_beam_implementation_rare_anchor,size,rare_anchor_oracle,n800,nodes_per_tree,800,partial_beam_implementation_rare_anchor__n800,1,exact_dense,generic,True,"{""method"": ""exact""}",equality,800,800,640000,145902,14000.0,14042.8955078125,ok,,14042.896935376086,1.2399978004395962e-06,8.47000046633184e-06,0.18630422800197266,0.18623552500503138,0.18663174999528565,0.18639050100076324,0.18626987650350202,0.18646798899862915,0.0002117329295734053,6.870299694128335e-05,3,"[0.18630422800197266, 0.18623552500503138, 0.18663174999528565]",0.1863054679997731,3,1,43,1.0,0.32558139534883723,1.0,1.0,exact_dense,800,800,0.0,0.00012385199079290032,0.0,0.1949770979990717,0.0009215520112775266,0.19612905601388775,640000,,145902.0,640000.0,,,,,,1,1,14042.8955078125,43,True,exact_fit,800,800,7.190014002844691e-06,0.0,0.0,0.0,0.0,7.190014002844691e-06,0,,,,,,,,,1,1,,,2.0709994714707136e-06,0.1836393580015283,0.18364142900099978,14042.8955078125,14042.896935376086,0.0,isolated,1,True,1200.0,1.3615167160169221,1.1239297599822748,0.2375869560346473,143671296,137.015625,resource.ru_maxrss_kib_converted_to_bytes,0,"{""BLIS_NUM_THREADS"": ""1"", ""MKL_DYNAMIC"": ""FALSE"", ""MKL_NUM_THREADS"": ""1"", ""NUMBA_NUM_THREADS"": ""1"", ""NUMEXPR_NUM_THREADS"": ""1"", ""OMP_DYNAMIC"": ""FALSE"", ""OMP_NUM_THREADS"": ""1"", ""OPENBLAS_NUM_THREADS"": ""1"", ""PYTHONHASHSEED"": ""0"", ""VECLIB_MAXIMUM_THREADS"": ""1""}",tree_tree,0,3,0,0.029277859983267263,43,14,14,14,91,85,medium,medium,30,zipf,1,inverse_sqrt,14,reserved,fast_dense,"Exact-oracle companion to the large rare-anchor stress regime. The score-only partial beam should preserve the delayed rare anchors and remain above the 99% quality floor, while local beams may prune the relevant branch; at this smaller scale the specialized dense exact method is still expected to be fastest.",130,130,18,18,5,4,14042.8955078125,True,exact_agreement,2,0.0,0.0140428955078125,1.0,0.0,1.0,100.0,True,0.010905345674650192,0.015112648192743751,0.021575404109416923,0.029775312561910367,,,,,,,,,,,,,,,,,
partial_beam_implementation_rare_anchor,size,rare_anchor_oracle,n800,nodes_per_tree,800,partial_beam_implementation_rare_anchor__n800,2,beam_partial_score,generic,False,"{""beam_balance_penalty"": 0.0, ""beam_candidate_future_weight"": 0.0, ""beam_expansion_width"": 64, ""beam_gap_penalty"": 0.0, ""beam_lookahead"": false, ""beam_n_restarts"": 1, ""beam_priority_future_weight"": 0.0, ""beam_priority_length_weight"": 0.0, ""beam_random_fraction"": 0.0, ""beam_rarity_weight"": 0.0, ""beam_symmetric"": false, ""beam_width"": 200, ""candidate_select_mode"": ""first"", ""method"": ""beam"", ""seed"": 0}",equality,800,800,640000,142655,14000.0,14000.0,ok,,14000.0,1.5910190995782614e-06,8.096976671367884e-06,0.25403417300549336,0.2532347830128856,0.2553872609860264,0.25421873900146846,0.2536344780091895,0.25471071699575987,0.0010880435705277445,0.0007993899926077574,3,"[0.2553872609860264, 0.2532347830128856, 0.25403417300549336]",0.25403576402459294,3,1,14,1.0,1.0,1.0,1.0,beam_partial,800,800,0.0,0.0016498679760843515,0.2382531109615229,0.021659655030816793,2.101005520671606e-06,0.2619965490011964,130607,42586.0,42586.0,,42586.0,25179.0,3607.0,200.0,23.0,1,1,14000.0,14,True,beam_fit,800,800,7.08398874849081e-06,0.0,0.0,0.0,0.0,7.08398874849081e-06,0,,,,,,,,,1,1,,,2.1460000425577164e-06,0.25453763399855234,0.2545397799985949,14000.0,14000.0,0.0,isolated,1,True,1200.0,1.7613916039990727,1.5345215210109018,0.2268700829881709,143671296,137.015625,resource.ru_maxrss_kib_converted_to_bytes,0,"{""BLIS_NUM_THREADS"": ""1"", ""MKL_DYNAMIC"": ""FALSE"", ""MKL_NUM_THREADS"": ""1"", ""NUMBA_NUM_THREADS"": ""1"", ""NUMEXPR_NUM_THREADS"": ""1"", ""OMP_DYNAMIC"": ""FALSE"", ""OMP_NUM_THREADS"": ""1"", ""OPENBLAS_NUM_THREADS"": ""1"", ""PYTHONHASHSEED"": ""0"", ""VECLIB_MAXIMUM_THREADS"": ""1""}",tree_tree,2,0,0,0.029519508010707796,42,14,14,14,106,93,medium,medium,30,zipf,1,inverse_sqrt,14,reserved,fast_dense,"Exact-oracle companion to the large rare-anchor stress regime. The score-only partial beam should preserve the delayed rare anchors and remain above the 99% quality floor, while local beams may prune the relevant branch; at this smaller scale the specialized dense exact method is still expected to be fastest.",130,130,17,17,5,6,14050.296875,True,exact_agreement,2,0.0,0.014050296875,0.9964202268857754,50.296875,0.9964202268857754,99.64202268857754,True,0.008518590076687054,0.01175517940203831,0.016892760661023375,0.023236231421257567,,,,,,,,,,,,,1848.0,0.0,[14000.0],0.0,"{""beam_width"": 200, ""expansion_width"": 64, ""label_pair_preprocessing_score_evaluations"": 1848, ""lookahead_enabled"": false, ""maximum_matching_length"": 131, ""positive_label_pair_types"": 42, ""state_pool_size"": 42587}"
partial_beam_implementation_rare_anchor,size,rare_anchor_oracle,n800,nodes_per_tree,800,partial_beam_implementation_rare_anchor__n800,2,fast_dense,fast_dense,True,{},equality,800,800,640000,142655,14000.0,14050.296875,ok,,14050.296835256431,0.0008222229953389615,0.0008183970057871193,0.002164012985303998,0.0021556589927058667,0.0021670650166925043,0.0021622456649007895,0.0021598359890049323,0.002165539000998251,5.904821068553677e-06,3.0520313885062933e-06,3,"[0.0021670650166925043, 0.002164012985303998, 0.0021556589927058667]",0.0029862359806429595,3,1,51,1.0,0.27450980392156865,1.0,1.0,fast_dense_equality,800,800,0.0,1.556699862703681e-05,0.0,0.002936498000053689,4.036602331325412e-05,0.0030063639860600233,640000,,,640000.0,,,,,,1,1,14050.296875,51,,fast_dense_fit,800,800,0.0008173740061465651,0.0,0.0,0.0,0.0,0.0008173740061465651,0,,,,,,,,,1,1,,,0.0008654829871375114,0.10011903100530617,0.10098451399244368,14050.296875,14050.296835256431,0.0,isolated,1,True,1200.0,0.3831383530050516,0.1147576080111321,0.2683807449939195,203763712,194.32421875,resource.ru_maxrss_kib_converted_to_bytes,0,"{""BLIS_NUM_THREADS"": ""1"", ""MKL_DYNAMIC"": ""FALSE"", ""MKL_NUM_THREADS"": ""1"", ""NUMBA_NUM_THREADS"": ""1"", ""NUMEXPR_NUM_THREADS"": ""1"", ""OMP_DYNAMIC"": ""FALSE"", ""OMP_NUM_THREADS"": ""1"", ""OPENBLAS_NUM_THREADS"": ""1"", ""PYTHONHASHSEED"": ""0"", ""VECLIB_MAXIMUM_THREADS"": ""1""}",tree_tree,1,1,0,0.029519508010707796,42,14,14,14,106,93,medium,medium,30,zipf,1,inverse_sqrt,14,reserved,fast_dense,"Exact-oracle companion to the large rare-anchor stress regime. The score-only partial beam should preserve the delayed rare anchors and remain above the 99% quality floor, while local beams may prune the relevant branch; at this smaller scale the specialized dense exact method is still expected to be fastest.",130,130,17,17,5,6,14050.296875,True,exact_agreement,2,0.0,0.014050296875,1.0,0.0,1.0,100.0,True,1.0,1.0,1.0,1.0,,,,,,,,,,,,,,,,,
partial_beam_implementation_rare_anchor,size,rare_anchor_oracle,n800,nodes_per_tree,800,partial_beam_implementation_rare_anchor__n800,2,exact_dense,generic,True,"{""method"": ""exact""}",equality,800,800,640000,142655,14000.0,14050.296875,ok,,14050.296835256431,1.4429970178753138e-06,8.00398993305862e-06,0.1826387490145862,0.18256010199547745,0.18267372998525389,0.18262419366510585,0.18259942550503183,0.18265623949992005,5.819556395490846e-05,3.498097066767514e-05,3,"[0.18267372998525389, 0.1826387490145862, 0.18256010199547745]",0.18264019201160409,3,1,51,1.0,0.27450980392156865,1.0,1.0,exact_dense,800,800,0.0,0.00012258600327186286,0.0,0.19240649297717027,0.0008818710048217326,0.19351874900166877,640000,,142655.0,640000.0,,,,,,1,1,14050.296875,51,True,exact_fit,800,800,6.938003934919834e-06,0.0,0.0,0.0,0.0,6.938003934919834e-06,0,,,,,,,,,1,1,,,2.063985448330641e-06,0.18115377900539897,0.1811558429908473,14050.296875,14050.296835256431,0.0,isolated,1,True,1200.0,1.332565385993803,1.104044546984369,0.22852083900943398,143671296,137.015625,resource.ru_maxrss_kib_converted_to_bytes,0,"{""BLIS_NUM_THREADS"": ""1"", ""MKL_DYNAMIC"": ""FALSE"", ""MKL_NUM_THREADS"": ""1"", ""NUMBA_NUM_THREADS"": ""1"", ""NUMEXPR_NUM_THREADS"": ""1"", ""OMP_DYNAMIC"": ""FALSE"", ""OMP_NUM_THREADS"": ""1"", ""OPENBLAS_NUM_THREADS"": ""1"", ""PYTHONHASHSEED"": ""0"", ""VECLIB_MAXIMUM_THREADS"": ""1""}",tree_tree,0,2,0,0.029519508010707796,42,14,14,14,106,93,medium,medium,30,zipf,1,inverse_sqrt,14,reserved,fast_dense,"Exact-oracle companion to the large rare-anchor stress regime. The score-only partial beam should preserve the delayed rare anchors and remain above the 99% quality floor, while local beams may prune the relevant branch; at this smaller scale the specialized dense exact method is still expected to be fastest.",130,130,17,17,5,6,14050.296875,True,exact_agreement,2,0.0,0.014050296875,1.0,0.0,1.0,100.0,True,0.011848597282776898,0.016350376922803653,0.023419703925261503,0.03217468560853505,,,,,,,,,,,,,,,,,
partial_beam_implementation_rare_anchor,size,rare_anchor_oracle,n800,nodes_per_tree,800,partial_beam_implementation_rare_anchor__n800,2,fast_beam_partial,fast_beam,False,"{""beam_width"": 200, ""expansion_width"": 64, ""max_nodes_per_token_side"": 8, ""max_token_types_per_expansion"": 2048, ""search"": ""partial""}",equality,800,800,640000,142655,14000.0,14000.0,ok,,14000.0,0.0030186859949026257,0.0030804150155745447,0.005887167993932962,0.005858243996044621,0.005893290974199772,0.005879567654725785,0.005872705994988792,0.005890229484066367,1.8718881817566615e-05,6.1229802668094635e-06,3,"[0.005893290974199772, 0.005858243996044621, 0.005887167993932962]",0.008905853988835588,3,1,14,1.0,1.0,1.0,1.0,fast_beam_partial_equality,800,800,0.0,4.960998194292188e-05,0.0035563100245781243,0.0023003389651421458,1.854990841820836e-06,0.005989823985146359,42586,42586.0,42586.0,,42586.0,25179.0,3607.0,200.0,23.0,1,1,14000.0,14,,fast_beam_partial_fit,800,800,0.00307941299979575,0.0,0.0,0.0,0.0,0.00307941299979575,0,,,,,,,,,1,1,,,0.0031189420260488987,0.10277853900333866,0.10589748102938756,14000.0,14000.0,0.0,isolated,1,True,1200.0,0.4095580660214182,0.14203174199792556,0.26752632402349263,202543104,193.16015625,resource.ru_maxrss_kib_converted_to_bytes,0,"{""BLIS_NUM_THREADS"": ""1"", ""MKL_DYNAMIC"": ""FALSE"", ""MKL_NUM_THREADS"": ""1"", ""NUMBA_NUM_THREADS"": ""1"", ""NUMEXPR_NUM_THREADS"": ""1"", ""OMP_DYNAMIC"": ""FALSE"", ""OMP_NUM_THREADS"": ""1"", ""OPENBLAS_NUM_THREADS"": ""1"", ""PYTHONHASHSEED"": ""0"", ""VECLIB_MAXIMUM_THREADS"": ""1""}",tree_tree,3,3,0,0.029519508010707796,42,14,14,14,106,93,medium,medium,30,zipf,1,inverse_sqrt,14,reserved,fast_dense,"Exact-oracle companion to the large rare-anchor stress regime. The score-only partial beam should preserve the delayed rare anchors and remain above the 99% quality floor, while local beams may prune the relevant branch; at this smaller scale the specialized dense exact method is still expected to be fastest.",130,130,17,17,5,6,14050.296875,True,exact_agreement,2,0.0,0.014050296875,0.9964202268857754,50.296875,0.9964202268857754,99.64202268857754,True,0.36758132051508086,0.335311580942885,0.5370455238625484,0.5017695599015444,200.0,descending_token_weight_first_descendants,0.0,64.0,8.0,2048.0,131.0,True,3608.0,42.0,42586.0,149982.0,,,,,
partial_beam_implementation_rare_anchor,size,rare_anchor_oracle,n1300,nodes_per_tree,1300,partial_beam_implementation_rare_anchor__n1300,0,exact_dense,generic,True,"{""method"": ""exact""}",equality,1300,1300,1690000,399679,14000.0,14095.783203125,ok,,14095.7855271986,1.7919810488820076e-06,8.008006261661649e-06,0.4961825950013008,0.4938365089765284,0.5106834859761875,0.500234196651339,0.4950095519889146,0.5034330404887442,0.009125062490454753,0.002346086024772376,3,"[0.4961825950013008, 0.4938365089765284, 0.5106834859761875]",0.4961843869823497,3,1,81,1.0,0.1728395061728395,1.0,1.0,exact_dense,1300,1300,0.0,0.00010797000140883029,0.0,0.5207518929964863,0.0016143709945026785,0.5226790370070376,1690000,,399679.0,1690000.0,,,,,,1,1,14095.783203125,81,True,exact_fit,1300,1300,6.938993465155363e-06,0.0,0.0,0.0,0.0,6.938993465155363e-06,0,,,,,,,,,1,1,,,2.263986971229315e-06,0.49038890199153684,0.49039116597850807,14095.783203125,14095.7855271986,0.0,isolated,1,True,1200.0,3.2396283209964167,3.0070986800128594,0.23252964098355733,152723456,145.6484375,resource.ru_maxrss_kib_converted_to_bytes,0,"{""BLIS_NUM_THREADS"": ""1"", ""MKL_DYNAMIC"": ""FALSE"", ""MKL_NUM_THREADS"": ""1"", ""NUMBA_NUM_THREADS"": ""1"", ""NUMEXPR_NUM_THREADS"": ""1"", ""OMP_DYNAMIC"": ""FALSE"", ""OMP_NUM_THREADS"": ""1"", ""OPENBLAS_NUM_THREADS"": ""1"", ""PYTHONHASHSEED"": ""0"", ""VECLIB_MAXIMUM_THREADS"": ""1""}",tree_tree,0,0,0,0.0431051540072076,43,14,14,14,145,161,medium,medium,30,zipf,1,inverse_sqrt,14,reserved,fast_dense,"Exact-oracle companion to the large rare-anchor stress regime. The score-only partial beam should preserve the delayed rare anchors and remain above the 99% quality floor, while local beams may prune the relevant branch; at this smaller scale the specialized dense exact method is still expected to be fastest.",160,160,21,25,4,11,14095.783203125,True,exact_agreement,2,0.0,0.014095783203125,1.0,0.0,1.0,100.0,True,0.010407499272091158,0.016630122184389435,0.020600597837187148,0.03271617045667899,,,,,,,,,,,,,,,,,
partial_beam_implementation_rare_anchor,size,rare_anchor_oracle,n1300,nodes_per_tree,1300,partial_beam_implementation_rare_anchor__n1300,0,fast_beam_partial,fast_beam,False,"{""beam_width"": 200, ""expansion_width"": 64, ""max_nodes_per_token_side"": 8, ""max_token_types_per_expansion"": 2048, ""search"": ""partial""}",equality,1300,1300,1690000,399679,14000.0,14004.681792855263,ok,,14004.681792830508,0.004860365006607026,0.005047037004260346,0.00516401999630034,0.00514108402421698,0.005188993993215263,0.005164699337910861,0.00515255201025866,0.005176506994757801,2.396220797676942e-05,2.2935972083359957e-05,3,"[0.005188993993215263, 0.00514108402421698, 0.00516401999630034]",0.010024385002907366,3,1,18,1.0,0.7777777777777778,1.0,1.0,fast_beam_partial_equality,1300,1300,0.0,4.808398080058396e-05,0.003225167019991204,0.0020386639807838947,2.2099993657320738e-06,0.0053907410183455795,31487,31487.0,31487.0,,31487.0,21299.0,3359.0,200.0,21.0,1,1,14004.681792855263,18,,fast_beam_partial_fit,1300,1300,0.005045875004725531,0.0,0.0,0.0,0.0,0.005045875004725531,0,,,,,,,,,1,1,,,0.005055433983216062,0.10143753699958324,0.1064929709827993,14004.681792855263,14004.681792830508,0.0,isolated,1,True,1200.0,0.40784889899077825,0.1429742470209021,0.26487465196987614,202711040,193.3203125,resource.ru_maxrss_kib_converted_to_bytes,0,"{""BLIS_NUM_THREADS"": ""1"", ""MKL_DYNAMIC"": ""FALSE"", ""MKL_NUM_THREADS"": ""1"", ""NUMBA_NUM_THREADS"": ""1"", ""NUMEXPR_NUM_THREADS"": ""1"", ""OMP_DYNAMIC"": ""FALSE"", ""OMP_NUM_THREADS"": ""1"", ""OPENBLAS_NUM_THREADS"": ""1"", ""PYTHONHASHSEED"": ""0"", ""VECLIB_MAXIMUM_THREADS"": ""1""}",tree_tree,3,1,0,0.0431051540072076,43,14,14,14,145,161,medium,medium,30,zipf,1,inverse_sqrt,14,reserved,fast_dense,"Exact-oracle companion to the large rare-anchor stress regime. The score-only partial beam should preserve the delayed rare anchors and remain above the 99% quality floor, while local beams may prune the relevant branch; at this smaller scale the specialized dense exact method is still expected to be fastest.",160,160,21,25,4,11,14095.783203125,True,exact_agreement,2,0.0,0.014095783203125,0.9935369742172581,91.10141026973724,0.9935369742172581,99.35369742172581,True,1.0,0.8231534382517868,0.9967580105780182,0.9003552512237943,200.0,descending_token_weight_first_descendants,0.0,64.0,8.0,2048.0,161.0,True,3360.0,43.0,31487.0,142594.0,,,,,
partial_beam_implementation_rare_anchor,size,rare_anchor_oracle,n1300,nodes_per_tree,1300,partial_beam_implementation_rare_anchor__n1300,0,beam_partial_score,generic,False,"{""beam_balance_penalty"": 0.0, ""beam_candidate_future_weight"": 0.0, ""beam_expansion_width"": 64, ""beam_gap_penalty"": 0.0, ""beam_lookahead"": false, ""beam_n_restarts"": 1, ""beam_priority_future_weight"": 0.0, ""beam_priority_length_weight"": 0.0, ""beam_random_fraction"": 0.0, ""beam_rarity_weight"": 0.0, ""beam_symmetric"": false, ""beam_width"": 200, ""candidate_select_mode"": ""first"", ""method"": ""beam"", ""seed"": 0}",equality,1300,1300,1690000,399679,14000.0,14004.681792830508,ok,,14004.681792830508,1.3820244930684566e-06,6.654998287558556e-06,0.25313722898135893,0.25117190400487743,0.25316119301714934,0.25249010866779525,0.2521545664931182,0.25314921099925414,0.0011416616043103663,2.3964035790413618e-05,3,"[0.25117190400487743, 0.25316119301714934, 0.25313722898135893]",0.253138611005852,3,1,18,1.0,0.7777777777777778,1.0,1.0,beam_partial,1300,1300,0.0,0.002489773993147537,0.23950638793758117,0.01757624206948094,2.4570035748183727e-06,0.2600238589802757,126563,31487.0,31487.0,,31487.0,21299.0,3359.0,200.0,21.0,1,1,14004.681792830508,18,True,beam_fit,1300,1300,5.732988938689232e-06,0.0,0.0,0.0,0.0,5.732988938689232e-06,0,,,,,,,,,1,1,,,2.2799940779805183e-06,0.25428334600292146,0.25428562599699944,14004.681792830508,14004.681792830508,0.0,isolated,1,True,1200.0,1.7570776199863758,1.5246947429841384,0.23238287700223736,144297984,137.61328125,resource.ru_maxrss_kib_converted_to_bytes,0,"{""BLIS_NUM_THREADS"": ""1"", ""MKL_DYNAMIC"": ""FALSE"", ""MKL_NUM_THREADS"": ""1"", ""NUMBA_NUM_THREADS"": ""1"", ""NUMEXPR_NUM_THREADS"": ""1"", ""OMP_DYNAMIC"": ""FALSE"", ""OMP_NUM_THREADS"": ""1"", ""OPENBLAS_NUM_THREADS"": ""1"", ""PYTHONHASHSEED"": ""0"", ""VECLIB_MAXIMUM_THREADS"": ""1""}",tree_tree,2,2,0,0.0431051540072076,43,14,14,14,145,161,medium,medium,30,zipf,1,inverse_sqrt,14,reserved,fast_dense,"Exact-oracle companion to the large rare-anchor stress regime. The score-only partial beam should preserve the delayed rare anchors and remain above the 99% quality floor, while local beams may prune the relevant branch; at this smaller scale the specialized dense exact method is still expected to be fastest.",160,160,21,25,4,11,14095.783203125,True,exact_agreement,2,0.0,0.014095783203125,0.9935369742155019,91.10141029449187,0.9935369742155019,99.3536974215502,True,0.020400081082820966,0.03259718834955639,0.03997927628123518,0.06312334792517488,,,,,,,,,,,,,1892.0,0.0,[14004.681792830508],0.0,"{""beam_width"": 200, ""expansion_width"": 64, ""label_pair_preprocessing_score_evaluations"": 1892, ""lookahead_enabled"": false, ""maximum_matching_length"": 161, ""positive_label_pair_types"": 43, ""state_pool_size"": 31488}"
partial_beam_implementation_rare_anchor,size,rare_anchor_oracle,n1300,nodes_per_tree,1300,partial_beam_implementation_rare_anchor__n1300,0,fast_dense,fast_dense,True,{},equality,1300,1300,1690000,399679,14000.0,14095.783203125,ok,,14095.7855271986,0.0013007519883103669,0.001312912005232647,0.006950854993192479,0.006940659979591146,0.006967962021008134,0.006953158997930586,0.0069457574863918126,0.0069594085071003065,1.3796075338973934e-05,1.0195013601332903e-05,3,"[0.006950854993192479, 0.006967962021008134, 0.006940659979591146]",0.008251606981502846,3,1,81,1.0,0.1728395061728395,1.0,1.0,fast_dense_equality,1300,1300,0.0,1.684599556028843e-05,0.0,0.00948598500690423,5.6015996960923076e-05,0.009571627015247941,1690000,,,1690000.0,,,,,,1,1,14095.783203125,81,,fast_dense_fit,1300,1300,0.001311939995503053,0.0,0.0,0.0,0.0,0.001311939995503053,0,,,,,,,,,1,1,,,0.001380092988256365,0.1066113349806983,0.10799142796895467,14095.783203125,14095.7855271986,0.0,isolated,1,True,1200.0,0.4173809110070579,0.14849350898293778,0.2688874020241201,208904192,199.2265625,resource.ru_maxrss_kib_converted_to_bytes,0,"{""BLIS_NUM_THREADS"": ""1"", ""MKL_DYNAMIC"": ""FALSE"", ""MKL_NUM_THREADS"": ""1"", ""NUMBA_NUM_THREADS"": ""1"", ""NUMEXPR_NUM_THREADS"": ""1"", ""OMP_DYNAMIC"": ""FALSE"", ""OMP_NUM_THREADS"": ""1"", ""OPENBLAS_NUM_THREADS"": ""1"", ""PYTHONHASHSEED"": ""0"", ""VECLIB_MAXIMUM_THREADS"": ""1""}",tree_tree,1,3,0,0.0431051540072076,43,14,14,14,145,161,medium,medium,30,zipf,1,inverse_sqrt,14,reserved,fast_dense,"Exact-oracle companion to the large rare-anchor stress regime. The score-only partial beam should preserve the delayed rare anchors and remain above the 99% quality floor, while local beams may prune the relevant branch; at this smaller scale the specialized dense exact method is still expected to be fastest.",160,160,21,25,4,11,14095.783203125,True,exact_agreement,2,0.0,0.014095783203125,1.0,0.0,1.0,100.0,True,0.7429330638256548,1.0,0.852509002491412,1.0,,,,,,,,,,,,,,,,,
partial_beam_implementation_rare_anchor,size,rare_anchor_oracle,n1300,nodes_per_tree,1300,partial_beam_implementation_rare_anchor__n1300,1,fast_beam_partial,fast_beam,False,"{""beam_width"": 200, ""expansion_width"": 64, ""max_nodes_per_token_side"": 8, ""max_token_types_per_expansion"": 2048, ""search"": ""partial""}",equality,1300,1300,1690000,411181,14000.0,14004.279507160187,ok,,14004.279507056955,0.004644918983103707,0.004830349993426353,0.004314670019084588,0.004274057981092483,0.004334294993896037,0.004307674331357703,0.004294364000088535,0.0043244825064903125,3.072180272954317e-05,1.9624974811449647e-05,3,"[0.004334294993896037, 0.004314670019084588, 0.004274057981092483]",0.008959589002188295,3,1,17,1.0,0.8235294117647058,1.0,1.0,fast_beam_partial_equality,1300,1300,0.0,4.74459957331419e-05,0.002776857087155804,0.0015721709351055324,2.0170118659734726e-06,0.0044705760083161294,26878,26878.0,26878.0,,26878.0,15072.0,3185.0,200.0,19.0,1,1,14004.279507160187,17,,fast_beam_partial_fit,1300,1300,0.004829182988032699,0.0,0.0,0.0,0.0,0.004829182988032699,0,,,,,,,,,1,1,,,0.004868346004514024,0.09730777799268253,0.10217612399719656,14004.279507160187,14004.279507056955,0.0,isolated,1,True,1200.0,0.39435073200729676,0.13382379899849184,0.2605269330088049,202813440,193.41796875,resource.ru_maxrss_kib_converted_to_bytes,0,"{""BLIS_NUM_THREADS"": ""1"", ""MKL_DYNAMIC"": ""FALSE"", ""MKL_NUM_THREADS"": ""1"", ""NUMBA_NUM_THREADS"": ""1"", ""NUMEXPR_NUM_THREADS"": ""1"", ""OMP_DYNAMIC"": ""FALSE"", ""OMP_NUM_THREADS"": ""1"", ""OPENBLAS_NUM_THREADS"": ""1"", ""PYTHONHASHSEED"": ""0"", ""VECLIB_MAXIMUM_THREADS"": ""1""}",tree_tree,3,0,0,0.045806476002326235,43,14,14,14,103,141,medium,medium,30,zipf,1,inverse_sqrt,14,reserved,fast_dense,"Exact-oracle companion to the large rare-anchor stress regime. The score-only partial beam should preserve the delayed rare anchors and remain above the 99% quality floor, while local beams may prune the relevant branch; at this smaller scale the specialized dense exact method is still expected to be fastest.",160,160,22,30,6,8,14072.685546875,True,exact_agreement,2,0.0,0.014072685546875,0.9951390912923508,68.40603971481323,0.9951390912923508,99.51390912923507,True,1.0,0.8552057450322403,0.9975636241458732,0.9198811500129361,200.0,descending_token_weight_first_descendants,0.0,64.0,8.0,2048.0,161.0,True,3186.0,43.0,26878.0,135454.0,,,,,
partial_beam_implementation_rare_anchor,size,rare_anchor_oracle,n1300,nodes_per_tree,1300,partial_beam_implementation_rare_anchor__n1300,1,beam_partial_score,generic,False,"{""beam_balance_penalty"": 0.0, ""beam_candidate_future_weight"": 0.0, ""beam_expansion_width"": 64, ""beam_gap_penalty"": 0.0, ""beam_lookahead"": false, ""beam_n_restarts"": 1, ""beam_priority_future_weight"": 0.0, ""beam_priority_length_weight"": 0.0, ""beam_random_fraction"": 0.0, ""beam_rarity_weight"": 0.0, ""beam_symmetric"": false, ""beam_width"": 200, ""candidate_select_mode"": ""first"", ""method"": ""beam"", ""seed"": 0}",equality,1300,1300,1690000,411181,14000.0,14004.279507056955,ok,,14004.279507056955,1.2590026017278433e-06,7.360999006778002e-06,0.2174802380031906,0.21716088301036507,0.21854858798906207,0.21772990300087258,0.21732056050677784,0.21801441299612634,0.0007267604387112491,0.0003193549928255379,3,"[0.21716088301036507, 0.21854858798906207, 0.2174802380031906]",0.21748149700579233,3,1,17,1.0,0.8235294117647058,1.0,1.0,beam_partial,1300,1300,0.0,0.0024835559888742864,0.20724214226356708,0.013778674736386165,2.4529872462153435e-06,0.2238079620001372,108927,26878.0,26878.0,,26878.0,15072.0,3185.0,200.0,19.0,1,1,14004.279507056955,17,True,beam_fit,1300,1300,6.187998224049807e-06,0.0,0.0,0.0,0.0,6.187998224049807e-06,0,,,,,,,,,1,1,,,2.1809828467667103e-06,0.21893329301383346,0.21893547399668023,14004.279507056955,14004.279507056955,0.0,isolated,1,True,1200.0,1.5453856149979401,1.313221340009477,0.23216427498846315,144297984,137.61328125,resource.ru_maxrss_kib_converted_to_bytes,0,"{""BLIS_NUM_THREADS"": ""1"", ""MKL_DYNAMIC"": ""FALSE"", ""MKL_NUM_THREADS"": ""1"", ""NUMBA_NUM_THREADS"": ""1"", ""NUMEXPR_NUM_THREADS"": ""1"", ""OMP_DYNAMIC"": ""FALSE"", ""OMP_NUM_THREADS"": ""1"", ""OPENBLAS_NUM_THREADS"": ""1"", ""PYTHONHASHSEED"": ""0"", ""VECLIB_MAXIMUM_THREADS"": ""1""}",tree_tree,2,1,0,0.045806476002326235,43,14,14,14,103,141,medium,medium,30,zipf,1,inverse_sqrt,14,reserved,fast_dense,"Exact-oracle companion to the large rare-anchor stress regime. The score-only partial beam should preserve the delayed rare anchors and remain above the 99% quality floor, while local beams may prune the relevant branch; at this smaller scale the specialized dense exact method is still expected to be fastest.",160,160,22,30,6,8,14072.685546875,True,exact_agreement,2,0.0,0.014072685546875,0.9951390912850152,68.40603981804452,0.9951390912850152,99.51390912850152,True,0.019839365906070456,0.03523192590308054,0.0389031479822255,0.06805445056693046,,,,,,,,,,,,,1892.0,0.0,[14004.279507056955],0.0,"{""beam_width"": 200, ""expansion_width"": 64, ""label_pair_preprocessing_score_evaluations"": 1892, ""lookahead_enabled"": false, ""maximum_matching_length"": 161, ""positive_label_pair_types"": 43, ""state_pool_size"": 26879}"
partial_beam_implementation_rare_anchor,size,rare_anchor_oracle,n1300,nodes_per_tree,1300,partial_beam_implementation_rare_anchor__n1300,1,fast_dense,fast_dense,True,{},equality,1300,1300,1690000,411181,14000.0,14072.685546875,ok,,14072.686839444143,0.0012879259884357452,0.0013328730128705502,0.006374365999363363,0.00637237899354659,0.006429727014619857,0.00639215733584327,0.0063733724964549765,0.00640204650699161,3.2551461112535694e-05,1.98700581677258e-06,3,"[0.006374365999363363, 0.006429727014619857, 0.00637237899354659]",0.007662291987799108,3,1,59,1.0,0.23728813559322035,1.0,1.0,fast_dense_equality,1300,1300,0.0,1.6425998182967305e-05,0.0,0.008849208010360599,4.8354006139561534e-05,0.008926365990191698,1690000,,,1690000.0,,,,,,1,1,14072.685546875,59,,fast_dense_fit,1300,1300,0.001331850013229996,0.0,0.0,0.0,0.0,0.001331850013229996,0,,,,,,,,,1,1,,,0.0013246809830889106,0.1070892610005103,0.10841394198359922,14072.685546875,14072.686839444143,0.0,isolated,1,True,1200.0,0.41134623799007386,0.1459994550095871,0.26534678298048675,209027072,199.34375,resource.ru_maxrss_kib_converted_to_bytes,0,"{""BLIS_NUM_THREADS"": ""1"", ""MKL_DYNAMIC"": ""FALSE"", ""MKL_NUM_THREADS"": ""1"", ""NUMBA_NUM_THREADS"": ""1"", ""NUMEXPR_NUM_THREADS"": ""1"", ""OMP_DYNAMIC"": ""FALSE"", ""OMP_NUM_THREADS"": ""1"", ""OPENBLAS_NUM_THREADS"": ""1"", ""PYTHONHASHSEED"": ""0"", ""VECLIB_MAXIMUM_THREADS"": ""1""}",tree_tree,1,2,0,0.045806476002326235,43,14,14,14,103,141,medium,medium,30,zipf,1,inverse_sqrt,14,reserved,fast_dense,"Exact-oracle companion to the large rare-anchor stress regime. The score-only partial beam should preserve the delayed rare anchors and remain above the 99% quality floor, while local beams may prune the relevant branch; at this smaller scale the specialized dense exact method is still expected to be fastest.",160,160,22,30,6,8,14072.685546875,True,exact_agreement,2,0.0,0.014072685546875,1.0,0.0,1.0,100.0,True,0.6768782996639217,1.0,0.8073076022268056,1.0,,,,,,,,,,,,,,,,,
partial_beam_implementation_rare_anchor,size,rare_anchor_oracle,n1300,nodes_per_tree,1300,partial_beam_implementation_rare_anchor__n1300,1,exact_dense,generic,True,"{""method"": ""exact""}",equality,1300,1300,1690000,411181,14000.0,14072.685546875,ok,,14072.686839444143,1.8629943951964378e-06,8.764007361605763e-06,0.4921487009851262,0.489960418024566,0.49344335999921896,0.4918508263363037,0.4910545595048461,0.4927960304921726,0.0017604738508447512,0.0012946590140927583,3,"[0.49344335999921896, 0.489960418024566, 0.4921487009851262]",0.4921505639795214,3,1,59,1.0,0.23728813559322035,1.0,1.0,exact_dense,1300,1300,0.0,0.00010126197594217956,0.0,0.519078936020378,0.0015567959926556796,0.520906934980303,1690000,,411181.0,1690000.0,,,,,,1,1,14072.685546875,59,True,exact_fit,1300,1300,7.674010703340173e-06,0.0,0.0,0.0,0.0,7.674010703340173e-06,0,,,,,,,,,1,1,,,2.0520237740129232e-06,0.49100122501840815,0.49100327704218216,14072.685546875,14072.686839444143,0.0,isolated,1,True,1200.0,3.21359869101434,2.9792118960176595,0.2343867949966807,152879104,145.796875,resource.ru_maxrss_kib_converted_to_bytes,0,"{""BLIS_NUM_THREADS"": ""1"", ""MKL_DYNAMIC"": ""FALSE"", ""MKL_NUM_THREADS"": ""1"", ""NUMBA_NUM_THREADS"": ""1"", ""NUMEXPR_NUM_THREADS"": ""1"", ""OMP_DYNAMIC"": ""FALSE"", ""OMP_NUM_THREADS"": ""1"", ""OPENBLAS_NUM_THREADS"": ""1"", ""PYTHONHASHSEED"": ""0"", ""VECLIB_MAXIMUM_THREADS"": ""1""}",tree_tree,0,3,0,0.045806476002326235,43,14,14,14,103,141,medium,medium,30,zipf,1,inverse_sqrt,14,reserved,fast_dense,"Exact-oracle companion to the large rare-anchor stress regime. The score-only partial beam should preserve the delayed rare anchors and remain above the 99% quality floor, while local beams may prune the relevant branch; at this smaller scale the specialized dense exact method is still expected to be fastest.",160,160,22,30,6,8,14072.685546875,True,exact_agreement,2,0.0,0.014072685546875,1.0,0.0,1.0,100.0,True,0.008767004790316385,0.015568999709848833,0.017381624792810718,0.03066064386427105,,,,,,,,,,,,,,,,,
partial_beam_implementation_rare_anchor,size,rare_anchor_oracle,n1300,nodes_per_tree,1300,partial_beam_implementation_rare_anchor__n1300,2,beam_partial_score,generic,False,"{""beam_balance_penalty"": 0.0, ""beam_candidate_future_weight"": 0.0, ""beam_expansion_width"": 64, ""beam_gap_penalty"": 0.0, ""beam_lookahead"": false, ""beam_n_restarts"": 1, ""beam_priority_future_weight"": 0.0, ""beam_priority_length_weight"": 0.0, ""beam_random_fraction"": 0.0, ""beam_rarity_weight"": 0.0, ""beam_symmetric"": false, ""beam_width"": 200, ""candidate_select_mode"": ""first"", ""method"": ""beam"", ""seed"": 0}",equality,1300,1300,1690000,404711,14000.0,14007.196152422706,ok,,14007.196152422706,1.3720127753913403e-06,9.493989637121558e-06,0.23202241901890375,0.23192801399272867,0.2327089990139939,0.23221981067520878,0.2319752165058162,0.23236570901644882,0.0004262710409402565,9.440502617508173e-05,3,"[0.2327089990139939, 0.23202241901890375, 0.23192801399272867]",0.23202379103167914,3,1,17,1.0,0.8235294117647058,1.0,1.0,beam_partial,1300,1300,0.0,0.0025216589856427163,0.22151757279061712,0.014671555196400732,2.396991476416588e-06,0.23901383497286588,118636,26648.0,26648.0,,26648.0,16834.0,3121.0,200.0,20.0,1,1,14007.196152422706,17,True,beam_fit,1300,1300,8.419010555371642e-06,0.0,0.0,0.0,0.0,8.419010555371642e-06,0,,,,,,,,,1,1,,,2.4590117391198874e-06,0.23146556300343946,0.23146802201517858,14007.196152422706,14007.196152422706,0.0,isolated,1,True,1200.0,1.6312015670118853,1.3986878310097381,0.2325137360021472,144297984,137.61328125,resource.ru_maxrss_kib_converted_to_bytes,0,"{""BLIS_NUM_THREADS"": ""1"", ""MKL_DYNAMIC"": ""FALSE"", ""MKL_NUM_THREADS"": ""1"", ""NUMBA_NUM_THREADS"": ""1"", ""NUMEXPR_NUM_THREADS"": ""1"", ""OMP_DYNAMIC"": ""FALSE"", ""OMP_NUM_THREADS"": ""1"", ""OPENBLAS_NUM_THREADS"": ""1"", ""PYTHONHASHSEED"": ""0"", ""VECLIB_MAXIMUM_THREADS"": ""1""}",tree_tree,2,0,0,0.0461938850057777,44,14,14,14,72,95,medium,medium,30,zipf,1,inverse_sqrt,14,reserved,fast_dense,"Exact-oracle companion to the large rare-anchor stress regime. The score-only partial beam should preserve the delayed rare anchors and remain above the 99% quality floor, while local beams may prune the relevant branch; at this smaller scale the specialized dense exact method is still expected to be fastest.",160,160,22,23,6,7,14048.6796875,True,exact_agreement,2,0.0,0.0140486796875,0.9970471577400826,41.48353507729371,0.9970471577400826,99.70471577400826,True,0.016934880774111993,0.03354154317739814,0.03330409041019549,0.0648998000103609,,,,,,,,,,,,,1936.0,0.0,[14007.196152422706],0.0,"{""beam_width"": 200, ""expansion_width"": 64, ""label_pair_preprocessing_score_evaluations"": 1936, ""lookahead_enabled"": false, ""maximum_matching_length"": 161, ""positive_label_pair_types"": 44, ""state_pool_size"": 26649}"
partial_beam_implementation_rare_anchor,size,rare_anchor_oracle,n1300,nodes_per_tree,1300,partial_beam_implementation_rare_anchor__n1300,2,fast_dense,fast_dense,True,{},equality,1300,1300,1690000,404711,14000.0,14048.6796875,ok,,14048.680152204748,0.0012877080007456243,0.0012763330014422536,0.006494728004327044,0.006471653003245592,0.006545968994032592,0.0065041166672017425,0.006483190503786318,0.006520348499179818,3.803717740046448e-05,2.3075001081451774e-05,3,"[0.006494728004327044, 0.006471653003245592, 0.006545968994032592]",0.007782436005072668,3,1,45,1.0,0.3111111111111111,1.0,1.0,fast_dense_equality,1300,1300,0.0,1.6373989637941122e-05,0.0,0.00889795899274759,3.47660097759217e-05,0.008962177002104,1690000,,,1690000.0,,,,,,1,1,14048.6796875,45,,fast_dense_fit,1300,1300,0.001275385991903022,0.0,0.0,0.0,0.0,0.001275385991903022,0,,,,,,,,,1,1,,,0.0012772080081049353,0.10422293297597207,0.105500140984077,14048.6796875,14048.680152204748,0.0,isolated,1,True,1200.0,0.4035867039929144,0.14350005198502913,0.2600866520078853,209076224,199.390625,resource.ru_maxrss_kib_converted_to_bytes,0,"{""BLIS_NUM_THREADS"": ""1"", ""MKL_DYNAMIC"": ""FALSE"", ""MKL_NUM_THREADS"": ""1"", ""NUMBA_NUM_THREADS"": ""1"", ""NUMEXPR_NUM_THREADS"": ""1"", ""OMP_DYNAMIC"": ""FALSE"", ""OMP_NUM_THREADS"": ""1"", ""OPENBLAS_NUM_THREADS"": ""1"", ""PYTHONHASHSEED"": ""0"", ""VECLIB_MAXIMUM_THREADS"": ""1""}",tree_tree,1,1,0,0.0461938850057777,44,14,14,14,72,95,medium,medium,30,zipf,1,inverse_sqrt,14,reserved,fast_dense,"Exact-oracle companion to the large rare-anchor stress regime. The score-only partial beam should preserve the delayed rare anchors and remain above the 99% quality floor, while local beams may prune the relevant branch; at this smaller scale the specialized dense exact method is still expected to be fastest.",160,160,22,23,6,7,14048.6796875,True,exact_agreement,2,0.0,0.0140486796875,1.0,0.0,1.0,100.0,True,0.6049940814131637,1.0,0.7538894858484201,1.0,,,,,,,,,,,,,,,,,
partial_beam_implementation_rare_anchor,size,rare_anchor_oracle,n1300,nodes_per_tree,1300,partial_beam_implementation_rare_anchor__n1300,2,exact_dense,generic,True,"{""method"": ""exact""}",equality,1300,1300,1690000,404711,14000.0,14048.6796875,ok,,14048.680152204748,1.6590056475251913e-06,7.978989742696285e-06,0.49425394099671394,0.49124452300020494,0.4949454930028878,0.4934813189999356,0.49274923199845944,0.4945997169998009,0.0019677406593906067,0.0006915520061738789,3,"[0.49425394099671394, 0.49124452300020494, 0.4949454930028878]",0.49425560000236146,3,1,45,1.0,0.3111111111111111,1.0,1.0,exact_dense,1300,1300,0.0,0.00010415801079943776,0.0,0.5141504939820152,0.001088414981495589,0.5154492660076357,1690000,,404711.0,1690000.0,,,,,,1,1,14048.6796875,45,True,exact_fit,1300,1300,6.947986548766494e-06,0.0,0.0,0.0,0.0,6.947986548766494e-06,0,,,,,,,,,1,1,,,2.034008502960205e-06,0.48683946899836883,0.4868415030068718,14048.6796875,14048.680152204748,0.0,isolated,1,True,1200.0,3.2049482459842693,2.9714626719942316,0.23348557399003766,153006080,145.91796875,resource.ru_maxrss_kib_converted_to_bytes,0,"{""BLIS_NUM_THREADS"": ""1"", ""MKL_DYNAMIC"": ""FALSE"", ""MKL_NUM_THREADS"": ""1"", ""NUMBA_NUM_THREADS"": ""1"", ""NUMEXPR_NUM_THREADS"": ""1"", ""OMP_DYNAMIC"": ""FALSE"", ""OMP_NUM_THREADS"": ""1"", ""OPENBLAS_NUM_THREADS"": ""1"", ""PYTHONHASHSEED"": ""0"", ""VECLIB_MAXIMUM_THREADS"": ""1""}",tree_tree,0,2,0,0.0461938850057777,44,14,14,14,72,95,medium,medium,30,zipf,1,inverse_sqrt,14,reserved,fast_dense,"Exact-oracle companion to the large rare-anchor stress regime. The score-only partial beam should preserve the delayed rare anchors and remain above the 99% quality floor, while local beams may prune the relevant branch; at this smaller scale the specialized dense exact method is still expected to be fastest.",160,160,22,23,6,7,14048.6796875,True,exact_agreement,2,0.0,0.0140486796875,1.0,0.0,1.0,100.0,True,0.007949905255347906,0.015745772035836287,0.015774405481657195,0.031003372043139087,,,,,,,,,,,,,,,,,
partial_beam_implementation_rare_anchor,size,rare_anchor_oracle,n1300,nodes_per_tree,1300,partial_beam_implementation_rare_anchor__n1300,2,fast_beam_partial,fast_beam,False,"{""beam_width"": 200, ""expansion_width"": 64, ""max_nodes_per_token_side"": 8, ""max_token_types_per_expansion"": 2048, ""search"": ""partial""}",equality,1300,1300,1690000,404711,14000.0,14007.196152210236,ok,,14007.196152422706,0.004661281011067331,0.00477688098908402,0.00392927200300619,0.0038979850069154054,0.0039346069970633835,0.00392062133566166,0.003913628504960798,0.003931939500034787,1.978428858283624e-05,5.3349940571933985e-06,3,"[0.0039346069970633835, 0.00392927200300619, 0.0038979850069154054]",0.008590553014073521,3,1,17,1.0,0.8235294117647058,1.0,1.0,fast_beam_partial_equality,1300,1300,0.0,4.797402652911842e-05,0.0024441261193715036,0.001534691866254434,1.961016096174717e-06,0.004099459009012207,26648,26648.0,26648.0,,26648.0,16834.0,3121.0,200.0,20.0,1,1,14007.196152210236,17,,fast_beam_partial_fit,1300,1300,0.004775750014232472,0.0,0.0,0.0,0.0,0.004775750014232472,0,,,,,,,,,1,1,,,0.004898491984931752,0.09702997998101637,0.10192847196594812,14007.196152210236,14007.196152422706,0.0,isolated,1,True,1200.0,0.39185878698481247,0.13166779198218137,0.2601909950026311,202518528,193.13671875,resource.ru_maxrss_kib_converted_to_bytes,0,"{""BLIS_NUM_THREADS"": ""1"", ""MKL_DYNAMIC"": ""FALSE"", ""MKL_NUM_THREADS"": ""1"", ""NUMBA_NUM_THREADS"": ""1"", ""NUMEXPR_NUM_THREADS"": ""1"", ""OMP_DYNAMIC"": ""FALSE"", ""OMP_NUM_THREADS"": ""1"", ""OPENBLAS_NUM_THREADS"": ""1"", ""PYTHONHASHSEED"": ""0"", ""VECLIB_MAXIMUM_THREADS"": ""1""}",tree_tree,3,3,0,0.0461938850057777,44,14,14,14,72,95,medium,medium,30,zipf,1,inverse_sqrt,14,reserved,fast_dense,"Exact-oracle companion to the large rare-anchor stress regime. The score-only partial beam should preserve the delayed rare anchors and remain above the 99% quality floor, while local beams may prune the relevant branch; at this smaller scale the specialized dense exact method is still expected to be fastest.",160,160,22,23,6,7,14048.6796875,True,exact_agreement,2,0.0,0.0140486796875,0.9970471577249587,41.483535289764404,0.9970471577249587,99.70471577249586,True,1.0,0.9059295708114541,0.998521395820014,0.9493069359510757,200.0,descending_token_weight_first_descendants,0.0,64.0,8.0,2048.0,161.0,True,3122.0,44.0,26648.0,135460.0,,,,,
partial_beam_implementation_rare_anchor,size,rare_anchor_oracle,n2000,nodes_per_tree,2000,partial_beam_implementation_rare_anchor__n2000,0,exact_dense,generic,True,"{""method"": ""exact""}",equality,2000,2000,4000000,928904,14000.0,14110.021484375,ok,,14110.023986915778,1.5030091162770987e-06,8.637987775728106e-06,1.1425306930032093,1.139417680009501,1.1437348499894142,1.141894407667375,1.1409741865063552,1.1431327714963118,0.0022278091099361087,0.0012041569862049073,3,"[1.1437348499894142, 1.139417680009501, 1.1425306930032093]",1.1425321960123256,3,1,73,1.0,0.1917808219178082,1.0,1.0,exact_dense,2000,2000,0.0,8.8517990661785e-05,0.0,1.195056005002698,0.0027809470193460584,1.1981841990200337,4000000,,928904.0,4000000.0,,,,,,1,1,14110.021484375,73,True,exact_fit,2000,2000,7.622991688549519e-06,0.0,0.0,0.0,0.0,7.622991688549519e-06,0,,,,,,,,,1,1,,,2.0259758457541466e-06,1.1336181499937084,1.1336201759695541,14110.021484375,14110.023986915778,0.0,isolated,1,True,1200.0,7.12606001101085,6.896665824984666,0.2293941860261839,173461504,165.42578125,resource.ru_maxrss_kib_converted_to_bytes,0,"{""BLIS_NUM_THREADS"": ""1"", ""MKL_DYNAMIC"": ""FALSE"", ""MKL_NUM_THREADS"": ""1"", ""NUMBA_NUM_THREADS"": ""1"", ""NUMEXPR_NUM_THREADS"": ""1"", ""OMP_DYNAMIC"": ""FALSE"", ""OMP_NUM_THREADS"": ""1"", ""OPENBLAS_NUM_THREADS"": ""1"", ""PYTHONHASHSEED"": ""0"", ""VECLIB_MAXIMUM_THREADS"": ""1""}",tree_tree,0,0,0,0.0666611620108597,44,14,14,14,153,174,medium,medium,30,zipf,1,inverse_sqrt,14,reserved,fast_dense,"Exact-oracle companion to the large rare-anchor stress regime. The score-only partial beam should preserve the delayed rare anchors and remain above the 99% quality floor, while local beams may prune the relevant branch; at this smaller scale the specialized dense exact method is still expected to be fastest.",200,200,24,32,5,7,14110.021484375,True,exact_agreement,2,0.0,0.014110021484374999,1.0,0.0,1.0,100.0,True,0.004559345342094843,0.010766148239747742,0.009077304119931696,0.021302945806994076,,,,,,,,,,,,,,,,,
partial_beam_implementation_rare_anchor,size,rare_anchor_oracle,n2000,nodes_per_tree,2000,partial_beam_implementation_rare_anchor__n2000,0,fast_beam_partial,fast_beam,False,"{""beam_width"": 200, ""expansion_width"": 64, ""max_nodes_per_token_side"": 8, ""max_token_types_per_expansion"": 2048, ""search"": ""partial""}",equality,2000,2000,4000000,928904,14000.0,14003.363585710526,ok,,14003.363585661014,0.007091478997608647,0.007221759995445609,0.005209191993344575,0.005209160008234903,0.005247061984846368,0.005221804662141949,0.005209176000789739,0.005228126989095472,2.1873488939997626e-05,3.198510967195034e-08,3,"[0.005247061984846368, 0.005209160008234903, 0.005209191993344575]",0.012300670990953222,3,1,16,1.0,0.875,1.0,1.0,fast_beam_partial_equality,2000,2000,0.0,4.687998443841934e-05,0.0033531609806232154,0.0019100990321021527,1.9809813238680363e-06,0.005386798002291471,32272,32272.0,32272.0,,32272.0,22257.0,3463.0,200.0,22.0,1,1,14003.363585710526,16,,fast_beam_partial_fit,2000,2000,0.007220580999273807,0.0,0.0,0.0,0.0,0.007220580999273807,0,,,,,,,,,1,1,,,0.00734163899323903,0.09873234701808542,0.10607398601132445,14003.363585710526,14003.363585661014,0.0,isolated,1,True,1200.0,0.40500383600010537,0.14719234299263917,0.2578114930074662,202940416,193.5390625,resource.ru_maxrss_kib_converted_to_bytes,0,"{""BLIS_NUM_THREADS"": ""1"", ""MKL_DYNAMIC"": ""FALSE"", ""MKL_NUM_THREADS"": ""1"", ""NUMBA_NUM_THREADS"": ""1"", ""NUMEXPR_NUM_THREADS"": ""1"", ""OMP_DYNAMIC"": ""FALSE"", ""OMP_NUM_THREADS"": ""1"", ""OPENBLAS_NUM_THREADS"": ""1"", ""PYTHONHASHSEED"": ""0"", ""VECLIB_MAXIMUM_THREADS"": ""1""}",tree_tree,3,1,0,0.0666611620108597,44,14,14,14,153,174,medium,medium,30,zipf,1,inverse_sqrt,14,reserved,fast_dense,"Exact-oracle companion to the large rare-anchor stress regime. The score-only partial beam should preserve the delayed rare anchors and remain above the 99% quality floor, while local beams may prune the relevant branch; at this smaller scale the specialized dense exact method is still expected to be fastest.",200,200,24,32,5,7,14110.021484375,True,exact_agreement,2,0.0,0.014110021484374999,0.9924409825468669,106.65789866447449,0.9924409825468669,99.24409825468669,True,1.0,1.0,0.9962061523932967,0.9962061523932967,200.0,descending_token_weight_first_descendants,0.0,64.0,8.0,2048.0,201.0,True,3464.0,44.0,32272.0,150231.0,,,,,
partial_beam_implementation_rare_anchor,size,rare_anchor_oracle,n2000,nodes_per_tree,2000,partial_beam_implementation_rare_anchor__n2000,0,beam_partial_score,generic,False,"{""beam_balance_penalty"": 0.0, ""beam_candidate_future_weight"": 0.0, ""beam_expansion_width"": 64, ""beam_gap_penalty"": 0.0, ""beam_lookahead"": false, ""beam_n_restarts"": 1, ""beam_priority_future_weight"": 0.0, ""beam_priority_length_weight"": 0.0, ""beam_random_fraction"": 0.0, ""beam_rarity_weight"": 0.0, ""beam_symmetric"": false, ""beam_width"": 200, ""candidate_select_mode"": ""first"", ""method"": ""beam"", ""seed"": 0}",equality,2000,2000,4000000,928904,14000.0,14003.363585661016,ok,,14003.363585661014,1.3929966371506453e-06,7.544993422925472e-06,0.2831944710051175,0.2771079509984702,0.28832039501867257,0.2828742723407534,0.28015121100179385,0.28575743301189505,0.005613075860438594,0.00512592401355505,3,"[0.2771079509984702, 0.28832039501867257, 0.2831944710051175]",0.28319586400175467,3,1,16,1.0,0.875,1.0,1.0,beam_partial,2000,2000,0.0,0.003862792975269258,0.2619920522265602,0.017496921791462228,2.6790075935423374e-06,0.2836918589891866,146193,32272.0,32272.0,,32272.0,22257.0,3463.0,200.0,22.0,1,1,14003.363585661016,16,True,beam_fit,2000,2000,6.470014341175556e-06,0.0,0.0,0.0,0.0,6.470014341175556e-06,0,,,,,,,,,1,1,,,1.9729777704924345e-06,0.27539467602036893,0.2753966489981394,14003.363585661016,14003.363585661014,0.0,isolated,1,True,1200.0,1.9137113000033423,1.682581052009482,0.2311302479938604,144494592,137.80078125,resource.ru_maxrss_kib_converted_to_bytes,0,"{""BLIS_NUM_THREADS"": ""1"", ""MKL_DYNAMIC"": ""FALSE"", ""MKL_NUM_THREADS"": ""1"", ""NUMBA_NUM_THREADS"": ""1"", ""NUMEXPR_NUM_THREADS"": ""1"", ""OMP_DYNAMIC"": ""FALSE"", ""OMP_NUM_THREADS"": ""1"", ""OPENBLAS_NUM_THREADS"": ""1"", ""PYTHONHASHSEED"": ""0"", ""VECLIB_MAXIMUM_THREADS"": ""1""}",tree_tree,2,2,0,0.0666611620108597,44,14,14,14,153,174,medium,medium,30,zipf,1,inverse_sqrt,14,reserved,fast_dense,"Exact-oracle companion to the large rare-anchor stress regime. The score-only partial beam should preserve the delayed rare anchors and remain above the 99% quality floor, while local beams may prune the relevant branch; at this smaller scale the specialized dense exact method is still expected to be fastest.",200,200,24,32,5,7,14110.021484375,True,exact_agreement,2,0.0,0.014110021484374999,0.992440982543358,106.65789871398374,0.992440982543358,99.2440982543358,True,0.018394398643645983,0.04343520705823941,0.036119343273792674,0.0832278606315537,,,,,,,,,,,,,1936.0,0.0,[14003.363585661016],0.0,"{""beam_width"": 200, ""expansion_width"": 64, ""label_pair_preprocessing_score_evaluations"": 1936, ""lookahead_enabled"": false, ""maximum_matching_length"": 201, ""positive_label_pair_types"": 44, ""state_pool_size"": 32273}"
partial_beam_implementation_rare_anchor,size,rare_anchor_oracle,n2000,nodes_per_tree,2000,partial_beam_implementation_rare_anchor__n2000,0,fast_dense,fast_dense,True,{},equality,2000,2000,4000000,928904,14000.0,14110.021484375,ok,,14110.023986915778,0.0019782129966188222,0.002029462018981576,0.01745265701902099,0.017436044989153743,0.017478096997365355,0.01745559966851336,0.017444351004087366,0.017465377008193173,2.117987814373841e-05,1.6612029867246747e-05,3,"[0.01745265701902099, 0.017478096997365355, 0.017436044989153743]",0.019430870015639812,3,1,73,1.0,0.1917808219178082,1.0,1.0,fast_dense_equality,2000,2000,0.0,1.8997001461684704e-05,0.0,0.02364707799279131,7.350899977609515e-05,0.023757079005008563,4000000,,,4000000.0,,,,,,1,1,14110.021484375,73,,fast_dense_fit,2000,2000,0.00202848797198385,0.0,0.0,0.0,0.0,0.00202848797198385,0,,,,,,,,,1,1,,,0.002005404996452853,0.12232319300528616,0.12432859800173901,14110.021484375,14110.023986915778,0.0,isolated,1,True,1200.0,0.48795695198350586,0.22253797197481617,0.2654189800086897,220672000,210.44921875,resource.ru_maxrss_kib_converted_to_bytes,0,"{""BLIS_NUM_THREADS"": ""1"", ""MKL_DYNAMIC"": ""FALSE"", ""MKL_NUM_THREADS"": ""1"", ""NUMBA_NUM_THREADS"": ""1"", ""NUMEXPR_NUM_THREADS"": ""1"", ""OMP_DYNAMIC"": ""FALSE"", ""OMP_NUM_THREADS"": ""1"", ""OPENBLAS_NUM_THREADS"": ""1"", ""PYTHONHASHSEED"": ""0"", ""VECLIB_MAXIMUM_THREADS"": ""1""}",tree_tree,1,3,0,0.0666611620108597,44,14,14,14,153,174,medium,medium,30,zipf,1,inverse_sqrt,14,reserved,fast_dense,"Exact-oracle companion to the large rare-anchor stress regime. The score-only partial beam should preserve the delayed rare anchors and remain above the 99% quality floor, while local beams may prune the relevant branch; at this smaller scale the specialized dense exact method is still expected to be fastest.",200,200,24,32,5,7,14110.021484375,True,exact_agreement,2,0.0,0.014110021484374999,1.0,0.0,1.0,100.0,True,0.2984755838418915,0.6330478759341436,0.45973230079347455,0.7752961627925631,,,,,,,,,,,,,,,,,
partial_beam_implementation_rare_anchor,size,rare_anchor_oracle,n2000,nodes_per_tree,2000,partial_beam_implementation_rare_anchor__n2000,1,fast_beam_partial,fast_beam,False,"{""beam_width"": 200, ""expansion_width"": 64, ""max_nodes_per_token_side"": 8, ""max_token_types_per_expansion"": 2048, ""search"": ""partial""}",equality,2000,2000,4000000,923715,14000.0,14006.0,ok,,14006.0,0.007120070978999138,0.007373190019279718,0.005377524998039007,0.005324826983269304,0.005397823988460004,0.005366725323256105,0.005351175990654156,0.005387674493249506,3.7677784213845675e-05,2.0298990420997143e-05,3,"[0.005397823988460004, 0.005324826983269304, 0.005377524998039007]",0.012497595977038145,3,1,20,1.0,0.7,1.0,1.0,fast_beam_partial_equality,2000,2000,0.0,4.632998025044799e-05,0.0033461769635323435,0.0020385230309329927,2.2909953258931637e-06,0.005516145000001416,35013,35013.0,35013.0,,35013.0,20344.0,4042.0,200.0,24.0,1,1,14006.0,20,,fast_beam_partial_fit,2000,2000,0.007372076011961326,0.0,0.0,0.0,0.0,0.007372076011961326,0,,,,,,,,,1,1,,,0.00748985999962315,0.09868567099329084,0.10617553099291399,14006.0,14006.0,0.0,isolated,1,True,1200.0,0.408286213001702,0.1481825340015348,0.2601036790001672,203046912,193.640625,resource.ru_maxrss_kib_converted_to_bytes,0,"{""BLIS_NUM_THREADS"": ""1"", ""MKL_DYNAMIC"": ""FALSE"", ""MKL_NUM_THREADS"": ""1"", ""NUMBA_NUM_THREADS"": ""1"", ""NUMEXPR_NUM_THREADS"": ""1"", ""OMP_DYNAMIC"": ""FALSE"", ""OMP_NUM_THREADS"": ""1"", ""OPENBLAS_NUM_THREADS"": ""1"", ""PYTHONHASHSEED"": ""0"", ""VECLIB_MAXIMUM_THREADS"": ""1""}",tree_tree,3,0,0,0.0682174059911631,44,14,14,14,200,139,medium,medium,30,zipf,1,inverse_sqrt,14,reserved,fast_dense,"Exact-oracle companion to the large rare-anchor stress regime. The score-only partial beam should preserve the delayed rare anchors and remain above the 99% quality floor, while local beams may prune the relevant branch; at this smaller scale the specialized dense exact method is still expected to be fastest.",200,200,27,31,7,5,14115.630859375,True,exact_agreement,2,0.0,0.014115630859374999,0.9922333716100129,109.630859375,0.9922333716100129,99.2233371610013,True,1.0,1.0,0.9961015468866931,0.9961015468866931,200.0,descending_token_weight_first_descendants,0.0,64.0,8.0,2048.0,201.0,True,4043.0,44.0,35013.0,175935.0,,,,,
partial_beam_implementation_rare_anchor,size,rare_anchor_oracle,n2000,nodes_per_tree,2000,partial_beam_implementation_rare_anchor__n2000,1,beam_partial_score,generic,False,"{""beam_balance_penalty"": 0.0, ""beam_candidate_future_weight"": 0.0, ""beam_expansion_width"": 64, ""beam_gap_penalty"": 0.0, ""beam_lookahead"": false, ""beam_n_restarts"": 1, ""beam_priority_future_weight"": 0.0, ""beam_priority_length_weight"": 0.0, ""beam_random_fraction"": 0.0, ""beam_rarity_weight"": 0.0, ""beam_symmetric"": false, ""beam_width"": 200, ""candidate_select_mode"": ""first"", ""method"": ""beam"", ""seed"": 0}",equality,2000,2000,4000000,923715,14000.0,14006.0,ok,,14006.0,1.6310077626258135e-06,7.366994395852089e-06,0.27530281100189313,0.27501289898646064,0.276260825979989,0.2755255119894476,0.2751578549941769,0.2757818184909411,0.0006530905317699045,0.0002899120154324919,3,"[0.27501289898646064, 0.27530281100189313, 0.276260825979989]",0.27530444200965576,3,1,20,1.0,0.7,1.0,1.0,beam_partial,2000,2000,0.0,0.004031555989058688,0.26172024101833813,0.0188760619785171,2.90299067273736e-06,0.2850330430082977,135299,35013.0,35013.0,,35013.0,20344.0,4042.0,200.0,24.0,1,1,14006.0,20,True,beam_fit,2000,2000,6.463989848271012e-06,0.0,0.0,0.0,0.0,6.463989848271012e-06,0,,,,,,,,,1,1,,,1.9269937183707952e-06,0.27832193399081007,0.27832386098452844,14006.0,14006.0,0.0,isolated,1,True,1200.0,1.8974966070090886,1.664336138026556,0.23316046898253262,144494592,137.80078125,resource.ru_maxrss_kib_converted_to_bytes,0,"{""BLIS_NUM_THREADS"": ""1"", ""MKL_DYNAMIC"": ""FALSE"", ""MKL_NUM_THREADS"": ""1"", ""NUMBA_NUM_THREADS"": ""1"", ""NUMEXPR_NUM_THREADS"": ""1"", ""OMP_DYNAMIC"": ""FALSE"", ""OMP_NUM_THREADS"": ""1"", ""OPENBLAS_NUM_THREADS"": ""1"", ""PYTHONHASHSEED"": ""0"", ""VECLIB_MAXIMUM_THREADS"": ""1""}",tree_tree,2,1,0,0.0682174059911631,44,14,14,14,200,139,medium,medium,30,zipf,1,inverse_sqrt,14,reserved,fast_dense,"Exact-oracle companion to the large rare-anchor stress regime. The score-only partial beam should preserve the delayed rare anchors and remain above the 99% quality floor, while local beams may prune the relevant branch; at this smaller scale the specialized dense exact method is still expected to be fastest.",200,200,27,31,7,5,14115.630859375,True,exact_agreement,2,0.0,0.014115630859374999,0.9922333716100129,109.630859375,0.9922333716100129,99.2233371610013,True,0.019533127825571053,0.04539554787350586,0.038312043917776865,0.08681904807555416,,,,,,,,,,,,,1936.0,0.0,[14006.0],0.0,"{""beam_width"": 200, ""expansion_width"": 64, ""label_pair_preprocessing_score_evaluations"": 1936, ""lookahead_enabled"": false, ""maximum_matching_length"": 201, ""positive_label_pair_types"": 44, ""state_pool_size"": 35014}"
partial_beam_implementation_rare_anchor,size,rare_anchor_oracle,n2000,nodes_per_tree,2000,partial_beam_implementation_rare_anchor__n2000,1,fast_dense,fast_dense,True,{},equality,2000,2000,4000000,923715,14000.0,14115.630859375,ok,,14115.63249043761,0.0019563870155252516,0.0020401609945110977,0.014958746003685519,0.014908176992321387,0.015824714995687827,0.015230545997231578,0.014933461498003453,0.015391730499686673,0.0005151862821081938,5.0569011364132166e-05,3,"[0.014958746003685519, 0.015824714995687827, 0.014908176992321387]",0.01691513301921077,3,1,86,1.0,0.16279069767441862,1.0,1.0,fast_dense_equality,2000,2000,0.0,1.955500920303166e-05,0.0,0.021154913993086666,7.531800656579435e-05,0.021266777999699116,4000000,,,4000000.0,,,,,,1,1,14115.630859375,86,,fast_dense_fit,2000,2000,0.0020390150020830333,0.0,0.0,0.0,0.0,0.0020390150020830333,0,,,,,,,,,1,1,,,0.0020614689856301993,0.12043456101673655,0.12249603000236675,14115.630859375,14115.63249043761,0.0,isolated,1,True,1200.0,0.48118046001764014,0.2090327299956698,0.27214773002197035,220368896,210.16015625,resource.ru_maxrss_kib_converted_to_bytes,0,"{""BLIS_NUM_THREADS"": ""1"", ""MKL_DYNAMIC"": ""FALSE"", ""MKL_NUM_THREADS"": ""1"", ""NUMBA_NUM_THREADS"": ""1"", ""NUMEXPR_NUM_THREADS"": ""1"", ""OMP_DYNAMIC"": ""FALSE"", ""OMP_NUM_THREADS"": ""1"", ""OPENBLAS_NUM_THREADS"": ""1"", ""PYTHONHASHSEED"": ""0"", ""VECLIB_MAXIMUM_THREADS"": ""1""}",tree_tree,1,2,0,0.0682174059911631,44,14,14,14,200,139,medium,medium,30,zipf,1,inverse_sqrt,14,reserved,fast_dense,"Exact-oracle companion to the large rare-anchor stress regime. The score-only partial beam should preserve the delayed rare anchors and remain above the 99% quality floor, while local beams may prune the relevant branch; at this smaller scale the specialized dense exact method is still expected to be fastest.",200,200,27,31,7,5,14115.630859375,True,exact_agreement,2,0.0,0.014115630859374999,1.0,0.0,1.0,100.0,True,0.35949036080391356,0.7388411289964103,0.528860477673905,0.8498086647200942,,,,,,,,,,,,,,,,,
partial_beam_implementation_rare_anchor,size,rare_anchor_oracle,n2000,nodes_per_tree,2000,partial_beam_implementation_rare_anchor__n2000,1,exact_dense,generic,True,"{""method"": ""exact""}",equality,2000,2000,4000000,923715,14000.0,14115.630859375,ok,,14115.63249043761,1.8049904610961676e-06,9.383977157995105e-06,1.1362553449871484,1.1340919869835488,1.1508349670039024,1.1403940996581998,1.1351736659853486,1.1435451559955254,0.009106525828264725,0.002163358003599569,3,"[1.1362553449871484, 1.1508349670039024, 1.1340919869835488]",1.1362571499776095,3,1,86,1.0,0.16279069767441862,1.0,1.0,exact_dense,2000,2000,0.0,9.23129846341908e-05,0.0,1.2407139420101885,0.0026897789794020355,1.2437731269747019,4000000,,923715.0,4000000.0,,,,,,1,1,14115.630859375,86,True,exact_fit,2000,2000,8.303002687171102e-06,0.0,0.0,0.0,0.0,8.303002687171102e-06,0,,,,,,,,,1,1,,,2.121989382430911e-06,1.1285362910130061,1.1285384130023886,14115.630859375,14115.63249043761,0.0,isolated,1,True,1200.0,7.1536693859961815,6.9260154939838685,0.227653892012313,173785088,165.734375,resource.ru_maxrss_kib_converted_to_bytes,0,"{""BLIS_NUM_THREADS"": ""1"", ""MKL_DYNAMIC"": ""FALSE"", ""MKL_NUM_THREADS"": ""1"", ""NUMBA_NUM_THREADS"": ""1"", ""NUMEXPR_NUM_THREADS"": ""1"", ""OMP_DYNAMIC"": ""FALSE"", ""OMP_NUM_THREADS"": ""1"", ""OPENBLAS_NUM_THREADS"": ""1"", ""PYTHONHASHSEED"": ""0"", ""VECLIB_MAXIMUM_THREADS"": ""1""}",tree_tree,0,3,0,0.0682174059911631,44,14,14,14,200,139,medium,medium,30,zipf,1,inverse_sqrt,14,reserved,fast_dense,"Exact-oracle companion to the large rare-anchor stress regime. The score-only partial beam should preserve the delayed rare anchors and remain above the 99% quality floor, while local beams may prune the relevant branch; at this smaller scale the specialized dense exact method is still expected to be fastest.",200,200,27,31,7,5,14115.630859375,True,exact_agreement,2,0.0,0.014115630859374999,1.0,0.0,1.0,100.0,True,0.0047326730050276065,0.01099891514635082,0.009420760630532266,0.021758510284372822,,,,,,,,,,,,,,,,,
partial_beam_implementation_rare_anchor,size,rare_anchor_oracle,n2000,nodes_per_tree,2000,partial_beam_implementation_rare_anchor__n2000,2,beam_partial_score,generic,False,"{""beam_balance_penalty"": 0.0, ""beam_candidate_future_weight"": 0.0, ""beam_expansion_width"": 64, ""beam_gap_penalty"": 0.0, ""beam_lookahead"": false, ""beam_n_restarts"": 1, ""beam_priority_future_weight"": 0.0, ""beam_priority_length_weight"": 0.0, ""beam_random_fraction"": 0.0, ""beam_rarity_weight"": 0.0, ""beam_symmetric"": false, ""beam_width"": 200, ""candidate_select_mode"": ""first"", ""method"": ""beam"", ""seed"": 0}",equality,2000,2000,4000000,953671,14000.0,14000.0,ok,,14000.0,1.281005097553134e-06,9.19200829230249e-06,0.33423753298120573,0.3302701660140883,0.3355669559969101,0.3333582183307347,0.332253849497647,0.3349022444890579,0.00275570167496956,0.0013294230157043785,3,"[0.3302701660140883, 0.3355669559969101, 0.33423753298120573]",0.3342388139863033,3,1,14,1.0,1.0,1.0,1.0,beam_partial,2000,2000,0.0,0.004041339008836076,0.3085512335819658,0.02136880942271091,3.0310184229165316e-06,0.33434461898286827,175361,36263.0,36263.0,,36263.0,28107.0,3651.0,200.0,23.0,1,1,14000.0,14,True,beam_fit,2000,2000,8.279021130874753e-06,0.0,0.0,0.0,0.0,8.279021130874753e-06,0,,,,,,,,,1,1,,,2.068991307169199e-06,0.3271742670040112,0.32717633599531837,14000.0,14000.0,0.0,isolated,1,True,1200.0,2.2170513920136727,1.9858927509922069,0.23115864102146588,144494592,137.80078125,resource.ru_maxrss_kib_converted_to_bytes,0,"{""BLIS_NUM_THREADS"": ""1"", ""MKL_DYNAMIC"": ""FALSE"", ""MKL_NUM_THREADS"": ""1"", ""NUMBA_NUM_THREADS"": ""1"", ""NUMEXPR_NUM_THREADS"": ""1"", ""OMP_DYNAMIC"": ""FALSE"", ""OMP_NUM_THREADS"": ""1"", ""OPENBLAS_NUM_THREADS"": ""1"", ""PYTHONHASHSEED"": ""0"", ""VECLIB_MAXIMUM_THREADS"": ""1""}",tree_tree,2,0,0,0.06789409898919985,44,14,14,14,110,138,medium,medium,30,zipf,1,inverse_sqrt,14,reserved,fast_dense,"Exact-oracle companion to the large rare-anchor stress regime. The score-only partial beam should preserve the delayed rare anchors and remain above the 99% quality floor, while local beams may prune the relevant branch; at this smaller scale the specialized dense exact method is still expected to be fastest.",200,200,30,29,6,6,14063.1123046875,True,exact_agreement,2,0.0,0.0140631123046875,0.9955122092947758,63.1123046875,0.9955122092947758,99.55122092947758,True,0.01763869524285061,0.04008687624876705,0.034663220240228956,0.07707031667991644,,,,,,,,,,,,,1936.0,0.0,[14000.0],0.0,"{""beam_width"": 200, ""expansion_width"": 64, ""label_pair_preprocessing_score_evaluations"": 1936, ""lookahead_enabled"": false, ""maximum_matching_length"": 201, ""positive_label_pair_types"": 44, ""state_pool_size"": 36264}"
partial_beam_implementation_rare_anchor,size,rare_anchor_oracle,n2000,nodes_per_tree,2000,partial_beam_implementation_rare_anchor__n2000,2,fast_dense,fast_dense,True,{},equality,2000,2000,4000000,953671,14000.0,14063.1123046875,ok,,14063.112834919508,0.0020611609797924757,0.0020692239922937006,0.016990623000310734,0.01698399498127401,0.017138003022409976,0.017037540334664907,0.01698730899079237,0.017064313011360355,8.706633322249362e-05,6.6280190367251635e-06,3,"[0.017138003022409976, 0.01698399498127401, 0.016990623000310734]",0.01905178398010321,3,1,55,1.0,0.2545454545454545,1.0,1.0,fast_dense_equality,2000,2000,0.0,2.0168983610346913e-05,0.0,0.024296677991515025,8.646500646136701e-05,0.02442710500326939,4000000,,,4000000.0,,,,,,1,1,14063.1123046875,55,,fast_dense_fit,2000,2000,0.002067862020339817,0.0,0.0,0.0,0.0,0.002067862020339817,0,,,,,,,,,1,1,,,0.002040449995547533,0.12248382699908689,0.12452427699463442,14063.1123046875,14063.112834919508,0.0,isolated,1,True,1200.0,0.5006694550102111,0.22232295799767599,0.2783464970125351,220418048,210.20703125,resource.ru_maxrss_kib_converted_to_bytes,0,"{""BLIS_NUM_THREADS"": ""1"", ""MKL_DYNAMIC"": ""FALSE"", ""MKL_NUM_THREADS"": ""1"", ""NUMBA_NUM_THREADS"": ""1"", ""NUMEXPR_NUM_THREADS"": ""1"", ""OMP_DYNAMIC"": ""FALSE"", ""OMP_NUM_THREADS"": ""1"", ""OPENBLAS_NUM_THREADS"": ""1"", ""PYTHONHASHSEED"": ""0"", ""VECLIB_MAXIMUM_THREADS"": ""1""}",tree_tree,1,1,0,0.06789409898919985,44,14,14,14,110,138,medium,medium,30,zipf,1,inverse_sqrt,14,reserved,fast_dense,"Exact-oracle companion to the large rare-anchor stress regime. The score-only partial beam should preserve the delayed rare anchors and remain above the 99% quality floor, while local beams may prune the relevant branch; at this smaller scale the specialized dense exact method is still expected to be fastest.",200,200,30,29,6,6,14063.1123046875,True,exact_agreement,2,0.0,0.0140631123046875,1.0,0.0,1.0,100.0,True,0.34698633374832094,0.703272196860749,0.5152039409082141,0.825789557484622,,,,,,,,,,,,,,,,,
partial_beam_implementation_rare_anchor,size,rare_anchor_oracle,n2000,nodes_per_tree,2000,partial_beam_implementation_rare_anchor__n2000,2,exact_dense,generic,True,"{""method"": ""exact""}",equality,2000,2000,4000000,953671,14000.0,14063.1123046875,ok,,14063.112834919508,2.1859887056052685e-06,8.901988621801138e-06,1.161640031990828,1.159572982985992,1.1635104040033184,1.1615744729933795,1.16060650748841,1.1625752179970732,0.0019695290181997284,0.0018703720124904066,3,"[1.1635104040033184, 1.161640031990828, 1.159572982985992]",1.1616422179795336,3,1,55,1.0,0.2545454545454545,1.0,1.0,exact_dense,2000,2000,0.0,0.00010304999887011945,0.0,1.2271133009926416,0.003619928000262007,1.2311626419832464,4000000,,953671.0,4000000.0,,,,,,1,1,14063.1123046875,55,True,exact_fit,2000,2000,7.820985047146678e-06,0.0,0.0,0.0,0.0,7.820985047146678e-06,0,,,,,,,,,1,1,,,2.143002348020673e-06,1.15403059500386,1.154032738006208,14063.1123046875,14063.112834919508,0.0,isolated,1,True,1200.0,7.272282926016487,7.031230907974532,0.2410520180419553,173424640,165.390625,resource.ru_maxrss_kib_converted_to_bytes,0,"{""BLIS_NUM_THREADS"": ""1"", ""MKL_DYNAMIC"": ""FALSE"", ""MKL_NUM_THREADS"": ""1"", ""NUMBA_NUM_THREADS"": ""1"", ""NUMEXPR_NUM_THREADS"": ""1"", ""OMP_DYNAMIC"": ""FALSE"", ""OMP_NUM_THREADS"": ""1"", ""OPENBLAS_NUM_THREADS"": ""1"", ""PYTHONHASHSEED"": ""0"", ""VECLIB_MAXIMUM_THREADS"": ""1""}",tree_tree,0,2,0,0.06789409898919985,44,14,14,14,110,138,medium,medium,30,zipf,1,inverse_sqrt,14,reserved,fast_dense,"Exact-oracle companion to the large rare-anchor stress regime. The score-only partial beam should preserve the delayed rare anchors and remain above the 99% quality floor, while local beams may prune the relevant branch; at this smaller scale the specialized dense exact method is still expected to be fastest.",200,200,30,29,6,6,14063.1123046875,True,exact_agreement,2,0.0,0.0140631123046875,1.0,0.0,1.0,100.0,True,0.005075164268292251,0.011534179600589958,0.010099074076687661,0.022805318561048123,,,,,,,,,,,,,,,,,
partial_beam_implementation_rare_anchor,size,rare_anchor_oracle,n2000,nodes_per_tree,2000,partial_beam_implementation_rare_anchor__n2000,2,fast_beam_partial,fast_beam,False,"{""beam_width"": 200, ""expansion_width"": 64, ""max_nodes_per_token_side"": 8, ""max_token_types_per_expansion"": 2048, ""search"": ""partial""}",equality,2000,2000,4000000,953671,14000.0,14000.0,ok,,14000.0,0.0075030759908258915,0.007501899992348626,0.005895513982977718,0.005860906996531412,0.00591436299146153,0.005890261323656887,0.005878210489754565,0.005904938487219624,2.7112334295440993e-05,1.8849008483812213e-05,3,"[0.005860906996531412, 0.005895513982977718, 0.00591436299146153]",0.01339858997380361,3,1,14,1.0,1.0,1.0,1.0,fast_beam_partial_equality,2000,2000,0.0,4.972898750565946e-05,0.003759160957997665,0.0021974820410832763,1.9260041881352663e-06,0.006088018009904772,36263,36263.0,36263.0,,36263.0,28107.0,3651.0,200.0,23.0,1,1,14000.0,14,,fast_beam_partial_fit,2000,2000,0.007500753999920562,0.0,0.0,0.0,0.0,0.007500753999920562,0,,,,,,,,,1,1,,,0.007666185003472492,0.10214116799761541,0.1098073530010879,14000.0,14000.0,0.0,isolated,1,True,1200.0,0.4203340369858779,0.15501793200382963,0.2653161049820483,202821632,193.42578125,resource.ru_maxrss_kib_converted_to_bytes,0,"{""BLIS_NUM_THREADS"": ""1"", ""MKL_DYNAMIC"": ""FALSE"", ""MKL_NUM_THREADS"": ""1"", ""NUMBA_NUM_THREADS"": ""1"", ""NUMEXPR_NUM_THREADS"": ""1"", ""OMP_DYNAMIC"": ""FALSE"", ""OMP_NUM_THREADS"": ""1"", ""OPENBLAS_NUM_THREADS"": ""1"", ""PYTHONHASHSEED"": ""0"", ""VECLIB_MAXIMUM_THREADS"": ""1""}",tree_tree,3,3,0,0.06789409898919985,44,14,14,14,110,138,medium,medium,30,zipf,1,inverse_sqrt,14,reserved,fast_dense,"Exact-oracle companion to the large rare-anchor stress regime. The score-only partial beam should preserve the delayed rare anchors and remain above the 99% quality floor, while local beams may prune the relevant branch; at this smaller scale the specialized dense exact method is still expected to be fastest.",200,200,30,29,6,6,14063.1123046875,True,exact_agreement,2,0.0,0.0140631123046875,0.9955122092947758,63.1123046875,0.9955122092947758,99.55122092947758,True,1.0,1.0,0.9977510582574635,0.9977510582574635,200.0,descending_token_weight_first_descendants,0.0,64.0,8.0,2048.0,201.0,True,3652.0,44.0,36263.0,158311.0,,,,,
partial_beam_implementation_rare_anchor,size,rare_anchor_oracle,n3000,nodes_per_tree,3000,partial_beam_implementation_rare_anchor__n3000,0,exact_dense,generic,True,"{""method"": ""exact""}",equality,3000,3000,9000000,2125307,14000.0,14111.16015625,ok,,14111.16102159452,2.46299896389246e-06,9.265000699087977e-06,2.592740965017583,2.5811157609859947,2.593674130999716,2.5891769523344315,2.586928363001789,2.5932075480086496,0.006996770980576273,0.0009331659821327776,3,"[2.593674130999716, 2.5811157609859947, 2.592740965017583]",2.592743428016547,3,1,84,1.0,0.16666666666666666,1.0,1.0,exact_dense,3000,3000,0.0,4.140601959079504e-05,0.0,2.8397813129995484,0.006381543993484229,2.846362054988276,9000000,,2125307.0,9000000.0,,,,,,1,1,14111.16015625,84,True,exact_fit,3000,3000,8.194998372346163e-06,0.0,0.0,0.0,0.0,8.194998372346163e-06,0,,,,,,,,,1,1,,,1.9560102373361588e-06,2.5602897309872787,2.560291686997516,14111.16015625,14111.16102159452,0.0,isolated,1,True,1200.0,15.973609206994297,15.745021474984242,0.22858773201005533,218501120,208.37890625,resource.ru_maxrss_kib_converted_to_bytes,0,"{""BLIS_NUM_THREADS"": ""1"", ""MKL_DYNAMIC"": ""FALSE"", ""MKL_NUM_THREADS"": ""1"", ""NUMBA_NUM_THREADS"": ""1"", ""NUMEXPR_NUM_THREADS"": ""1"", ""OMP_DYNAMIC"": ""FALSE"", ""OMP_NUM_THREADS"": ""1"", ""OPENBLAS_NUM_THREADS"": ""1"", ""PYTHONHASHSEED"": ""0"", ""VECLIB_MAXIMUM_THREADS"": ""1""}",tree_tree,0,0,0,0.09773365702130832,44,14,14,14,145,238,medium,medium,30,zipf,1,inverse_sqrt,14,reserved,fast_dense,"Exact-oracle companion to the large rare-anchor stress regime. The score-only partial beam should preserve the delayed rare anchors and remain above the 99% quality floor, while local beams may prune the relevant branch; at this smaller scale the specialized dense exact method is still expected to be fastest.",250,250,32,37,5,5,14111.16015625,True,exact_agreement,2,0.0,0.01411116015625,1.0,0.0,1.0,100.0,True,0.002238183093877322,0.006502216465644217,0.004466369634747146,0.01292042155352007,,,,,,,,,,,,,,,,,
partial_beam_implementation_rare_anchor,size,rare_anchor_oracle,n3000,nodes_per_tree,3000,partial_beam_implementation_rare_anchor__n3000,0,fast_beam_partial,fast_beam,False,"{""beam_width"": 200, ""expansion_width"": 64, ""max_nodes_per_token_side"": 8, ""max_token_types_per_expansion"": 2048, ""search"": ""partial""}",equality,3000,3000,9000000,2125307,14000.0,14000.0,ok,,14000.0,0.011055550014134496,0.0112815480097197,0.005803028994705528,0.005728040006943047,0.005869532003998756,0.005800200335215777,0.0057655345008242875,0.005836280499352142,7.078839801538763e-05,6.650300929322839e-05,3,"[0.005728040006943047, 0.005869532003998756, 0.005803028994705528]",0.016858579008840024,3,1,14,1.0,1.0,1.0,1.0,fast_beam_partial_equality,3000,3000,0.0,5.0125003326684237e-05,0.0037715959770139307,0.0021170310210436583,1.8400023691356182e-06,0.006024547998094931,33651,33651.0,33651.0,,33651.0,23800.0,3828.0,200.0,24.0,1,1,14000.0,14,,fast_beam_partial_fit,3000,3000,0.011280358012299985,0.0,0.0,0.0,0.0,0.011280358012299985,0,,,,,,,,,1,1,,,0.011380786017980427,0.10191239099367522,0.11329317701165564,14000.0,14000.0,0.0,isolated,1,True,1200.0,0.4347119459998794,0.16540170699590817,0.2693102390039712,203452416,194.02734375,resource.ru_maxrss_kib_converted_to_bytes,0,"{""BLIS_NUM_THREADS"": ""1"", ""MKL_DYNAMIC"": ""FALSE"", ""MKL_NUM_THREADS"": ""1"", ""NUMBA_NUM_THREADS"": ""1"", ""NUMEXPR_NUM_THREADS"": ""1"", ""OMP_DYNAMIC"": ""FALSE"", ""OMP_NUM_THREADS"": ""1"", ""OPENBLAS_NUM_THREADS"": ""1"", ""PYTHONHASHSEED"": ""0"", ""VECLIB_MAXIMUM_THREADS"": ""1""}",tree_tree,3,1,0,0.09773365702130832,44,14,14,14,145,238,medium,medium,30,zipf,1,inverse_sqrt,14,reserved,fast_dense,"Exact-oracle companion to the large rare-anchor stress regime. The score-only partial beam should preserve the delayed rare anchors and remain above the 99% quality floor, while local beams may prune the relevant branch; at this smaller scale the specialized dense exact method is still expected to be fastest.",250,250,32,37,5,5,14111.16015625,True,exact_agreement,2,0.0,0.01411116015625,0.9921225359914319,111.16015625,0.9921225359914319,99.21225359914318,True,1.0,1.0,0.9960456930403392,0.9960456930403392,200.0,descending_token_weight_first_descendants,0.0,64.0,8.0,2048.0,251.0,True,3829.0,44.0,33651.0,165589.0,,,,,
partial_beam_implementation_rare_anchor,size,rare_anchor_oracle,n3000,nodes_per_tree,3000,partial_beam_implementation_rare_anchor__n3000,0,beam_partial_score,generic,False,"{""beam_balance_penalty"": 0.0, ""beam_candidate_future_weight"": 0.0, ""beam_expansion_width"": 64, ""beam_gap_penalty"": 0.0, ""beam_lookahead"": false, ""beam_n_restarts"": 1, ""beam_priority_future_weight"": 0.0, ""beam_priority_length_weight"": 0.0, ""beam_random_fraction"": 0.0, ""beam_rarity_weight"": 0.0, ""beam_symmetric"": false, ""beam_width"": 200, ""candidate_select_mode"": ""first"", ""method"": ""beam"", ""seed"": 0}",equality,3000,3000,9000000,2125307,14000.0,14000.0,ok,,14000.0,1.5090045053511858e-06,7.191993063315749e-06,0.358947717002593,0.3577039550000336,0.3598170269979164,0.35882289966684766,0.3583258360013133,0.3593823720002547,0.0010620512428955676,0.0008693099953234196,3,"[0.3577039550000336, 0.3598170269979164, 0.358947717002593]",0.35894922600709833,3,1,14,1.0,1.0,1.0,1.0,beam_partial,3000,3000,0.0,0.00486137400730513,0.3489215266308747,0.018260199372889474,2.6589841581881046e-06,0.37246662098914385,199817,33651.0,33651.0,,33651.0,23800.0,3828.0,200.0,24.0,1,1,14000.0,14,True,beam_fit,3000,3000,6.400019628927112e-06,0.0,0.0,0.0,0.0,6.400019628927112e-06,0,,,,,,,,,1,1,,,2.1320011001080275e-06,0.35939659501309507,0.3593987270141952,14000.0,14000.0,0.0,isolated,1,True,1200.0,2.394094107003184,2.1673138740006834,0.2267802330025006,144908288,138.1953125,resource.ru_maxrss_kib_converted_to_bytes,0,"{""BLIS_NUM_THREADS"": ""1"", ""MKL_DYNAMIC"": ""FALSE"", ""MKL_NUM_THREADS"": ""1"", ""NUMBA_NUM_THREADS"": ""1"", ""NUMEXPR_NUM_THREADS"": ""1"", ""OMP_DYNAMIC"": ""FALSE"", ""OMP_NUM_THREADS"": ""1"", ""OPENBLAS_NUM_THREADS"": ""1"", ""PYTHONHASHSEED"": ""0"", ""VECLIB_MAXIMUM_THREADS"": ""1""}",tree_tree,2,2,0,0.09773365702130832,44,14,14,14,145,238,medium,medium,30,zipf,1,inverse_sqrt,14,reserved,fast_dense,"Exact-oracle companion to the large rare-anchor stress regime. The score-only partial beam should preserve the delayed rare anchors and remain above the 99% quality floor, while local beams may prune the relevant branch; at this smaller scale the specialized dense exact method is still expected to be fastest.",250,250,32,37,5,5,14111.16015625,True,exact_agreement,2,0.0,0.01411116015625,0.9921225359914319,111.16015625,0.9921225359914319,99.21225359914318,True,0.0161667806196511,0.04696647265790912,0.031815129096269316,0.08968720787549367,,,,,,,,,,,,,1936.0,0.0,[14000.0],0.0,"{""beam_width"": 200, ""expansion_width"": 64, ""label_pair_preprocessing_score_evaluations"": 1936, ""lookahead_enabled"": false, ""maximum_matching_length"": 251, ""positive_label_pair_types"": 44, ""state_pool_size"": 33652}"
partial_beam_implementation_rare_anchor,size,rare_anchor_oracle,n3000,nodes_per_tree,3000,partial_beam_implementation_rare_anchor__n3000,0,fast_dense,fast_dense,True,{},equality,3000,3000,9000000,2125307,14000.0,14111.16015625,ok,,14111.16102159452,0.003047189995413646,0.00300098501611501,0.05167893000179902,0.0515165819961112,0.05171381897525862,0.05163644365772294,0.05159775599895511,0.05169637448852882,0.00010525884077127525,3.48889734596014e-05,3,"[0.05171381897525862, 0.0515165819961112, 0.05167893000179902]",0.05472611999721266,3,1,84,1.0,0.16666666666666666,1.0,1.0,fast_dense_equality,3000,3000,0.0,1.944799441844225e-05,0.0,0.05335821199696511,0.00012063601752743125,0.0545026850013528,9000000,,,9000000.0,,,,,,1,1,14111.16015625,84,,fast_dense_fit,3000,3000,0.002999705000547692,0.0,0.0,0.0,0.0,0.002999705000547692,0,,,,,,,,,1,1,,,0.003000983997480944,0.15325823999592103,0.15625922399340197,14111.16015625,14111.16102159452,0.0,isolated,1,True,1200.0,0.6915608549898025,0.42408022601739503,0.26748062897240743,245035008,233.68359375,resource.ru_maxrss_kib_converted_to_bytes,0,"{""BLIS_NUM_THREADS"": ""1"", ""MKL_DYNAMIC"": ""FALSE"", ""MKL_NUM_THREADS"": ""1"", ""NUMBA_NUM_THREADS"": ""1"", ""NUMEXPR_NUM_THREADS"": ""1"", ""OMP_DYNAMIC"": ""FALSE"", ""OMP_NUM_THREADS"": ""1"", ""OPENBLAS_NUM_THREADS"": ""1"", ""PYTHONHASHSEED"": ""0"", ""VECLIB_MAXIMUM_THREADS"": ""1""}",tree_tree,1,3,0,0.09773365702130832,44,14,14,14,145,238,medium,medium,30,zipf,1,inverse_sqrt,14,reserved,fast_dense,"Exact-oracle companion to the large rare-anchor stress regime. The score-only partial beam should preserve the delayed rare anchors and remain above the 99% quality floor, while local beams may prune the relevant branch; at this smaller scale the specialized dense exact method is still expected to be fastest.",250,250,32,37,5,5,14111.16015625,True,exact_agreement,2,0.0,0.01411116015625,1.0,0.0,1.0,100.0,True,0.11229003763242615,0.3080536133330606,0.20190783668519052,0.47101068364943705,,,,,,,,,,,,,,,,,
partial_beam_implementation_rare_anchor,size,rare_anchor_oracle,n3000,nodes_per_tree,3000,partial_beam_implementation_rare_anchor__n3000,1,fast_beam_partial,fast_beam,False,"{""beam_width"": 200, ""expansion_width"": 64, ""max_nodes_per_token_side"": 8, ""max_token_types_per_expansion"": 2048, ""search"": ""partial""}",equality,3000,3000,9000000,2124845,14000.0,14000.0,ok,,14000.0,0.011011163995135576,0.011347057996317744,0.004941071005305275,0.0049359279801137745,0.0049867430061567575,0.004954580663858603,0.004938499492709525,0.004963907005731016,2.7971858601241927e-05,5.143025191500783e-06,3,"[0.0049867430061567575, 0.004941071005305275, 0.0049359279801137745]",0.01595223500044085,3,1,14,1.0,1.0,1.0,1.0,fast_beam_partial_equality,3000,3000,0.0,5.023099947720766e-05,0.0030706339748576283,0.0019320560386404395,1.83499651029706e-06,0.005131310987053439,30420,30420.0,30420.0,,30420.0,21541.0,3287.0,200.0,22.0,1,1,14000.0,14,,fast_beam_partial_fit,3000,3000,0.011345467995852232,0.0,0.0,0.0,0.0,0.011345467995852232,0,,,,,,,,,1,1,,,0.011471272009657696,0.10071305101155303,0.11218432302121073,14000.0,14000.0,0.0,isolated,1,True,1200.0,0.4246302320098039,0.16013291702256538,0.2644973149872385,203259904,193.84375,resource.ru_maxrss_kib_converted_to_bytes,0,"{""BLIS_NUM_THREADS"": ""1"", ""MKL_DYNAMIC"": ""FALSE"", ""MKL_NUM_THREADS"": ""1"", ""NUMBA_NUM_THREADS"": ""1"", ""NUMEXPR_NUM_THREADS"": ""1"", ""OMP_DYNAMIC"": ""FALSE"", ""OMP_NUM_THREADS"": ""1"", ""OPENBLAS_NUM_THREADS"": ""1"", ""PYTHONHASHSEED"": ""0"", ""VECLIB_MAXIMUM_THREADS"": ""1""}",tree_tree,3,0,0,0.10065494698937982,44,14,14,14,181,236,medium,medium,30,zipf,1,inverse_sqrt,14,reserved,fast_dense,"Exact-oracle companion to the large rare-anchor stress regime. The score-only partial beam should preserve the delayed rare anchors and remain above the 99% quality floor, while local beams may prune the relevant branch; at this smaller scale the specialized dense exact method is still expected to be fastest.",250,250,34,31,7,15,14144.72265625,True,exact_agreement,2,0.0,0.014144722656249999,0.9897684345061335,144.72265625,0.9897684345061335,98.97684345061334,True,1.0,1.0,0.9948579114451547,0.9948579114451547,200.0,descending_token_weight_first_descendants,0.0,64.0,8.0,2048.0,251.0,True,3288.0,44.0,30420.0,142392.0,,,,,
partial_beam_implementation_rare_anchor,size,rare_anchor_oracle,n3000,nodes_per_tree,3000,partial_beam_implementation_rare_anchor__n3000,1,beam_partial_score,generic,False,"{""beam_balance_penalty"": 0.0, ""beam_candidate_future_weight"": 0.0, ""beam_expansion_width"": 64, ""beam_gap_penalty"": 0.0, ""beam_lookahead"": false, ""beam_n_restarts"": 1, ""beam_priority_future_weight"": 0.0, ""beam_priority_length_weight"": 0.0, ""beam_random_fraction"": 0.0, ""beam_rarity_weight"": 0.0, ""beam_symmetric"": false, ""beam_width"": 200, ""candidate_select_mode"": ""first"", ""method"": ""beam"", ""seed"": 0}",equality,3000,3000,9000000,2124845,14000.0,14000.0,ok,,14000.0,1.367996446788311e-06,8.203991455957294e-06,0.3063446680025663,0.30553272701217793,0.30644123401725665,0.30610620967733365,0.3059386975073721,0.3063929510099115,0.0004989920081763434,9.656601469032466e-05,3,"[0.3063446680025663, 0.30644123401725665, 0.30553272701217793]",0.3063460359990131,3,1,14,1.0,1.0,1.0,1.0,beam_partial,3000,3000,0.0,0.0049136239977087826,0.2918358982424252,0.017574772762600332,2.420012606307864e-06,0.31473109099897556,162445,30420.0,30420.0,,30420.0,21541.0,3287.0,200.0,22.0,1,1,14000.0,14,True,beam_fit,3000,3000,7.245020242407918e-06,0.0,0.0,0.0,0.0,7.245020242407918e-06,0,,,,,,,,,1,1,,,2.1529849618673325e-06,0.3083458099863492,0.30834796297131106,14000.0,14000.0,0.0,isolated,1,True,1200.0,2.0822224839939736,1.8480310500017367,0.23419143399223685,144887808,138.17578125,resource.ru_maxrss_kib_converted_to_bytes,0,"{""BLIS_NUM_THREADS"": ""1"", ""MKL_DYNAMIC"": ""FALSE"", ""MKL_NUM_THREADS"": ""1"", ""NUMBA_NUM_THREADS"": ""1"", ""NUMEXPR_NUM_THREADS"": ""1"", ""OMP_DYNAMIC"": ""FALSE"", ""OMP_NUM_THREADS"": ""1"", ""OPENBLAS_NUM_THREADS"": ""1"", ""PYTHONHASHSEED"": ""0"", ""VECLIB_MAXIMUM_THREADS"": ""1""}",tree_tree,2,1,0,0.10065494698937982,44,14,14,14,181,236,medium,medium,30,zipf,1,inverse_sqrt,14,reserved,fast_dense,"Exact-oracle companion to the large rare-anchor stress regime. The score-only partial beam should preserve the delayed rare anchors and remain above the 99% quality floor, while local beams may prune the relevant branch; at this smaller scale the specialized dense exact method is still expected to be fastest.",250,250,34,31,7,15,14144.72265625,True,exact_agreement,2,0.0,0.014144722656249999,0.9897684345061335,144.72265625,0.9897684345061335,98.97684345061334,True,0.01612912357026525,0.05207260132620825,0.031741000379056354,0.09893988684008256,,,,,,,,,,,,,1936.0,0.0,[14000.0],0.0,"{""beam_width"": 200, ""expansion_width"": 64, ""label_pair_preprocessing_score_evaluations"": 1936, ""lookahead_enabled"": false, ""maximum_matching_length"": 251, ""positive_label_pair_types"": 44, ""state_pool_size"": 30421}"
partial_beam_implementation_rare_anchor,size,rare_anchor_oracle,n3000,nodes_per_tree,3000,partial_beam_implementation_rare_anchor__n3000,1,fast_dense,fast_dense,True,{},equality,3000,3000,9000000,2124845,14000.0,14144.72265625,ok,,14144.725224116983,0.0029164279985707253,0.0028852839895989746,0.05118379200575873,0.05112131699570455,0.05161788300029002,0.05130766400058443,0.05115255450073164,0.05140083750302438,0.00027046747041755185,6.247501005418599e-05,3,"[0.05161788300029002, 0.05118379200575873, 0.05112131699570455]",0.05410022000432946,3,1,94,1.0,0.14893617021276595,1.0,1.0,fast_dense_equality,3000,3000,0.0,1.9822997273877263e-05,0.0,0.052881066978443414,0.00011748701217584312,0.05402517699985765,9000000,,,9000000.0,,,,,,1,1,14144.72265625,94,,fast_dense_fit,3000,3000,0.002884268993511796,0.0,0.0,0.0,0.0,0.002884268993511796,0,,,,,,,,,1,1,,,0.002922270999988541,0.1497821540106088,0.15270442501059733,14144.72265625,14144.725224116983,0.0,isolated,1,True,1200.0,0.6774104729993269,0.41837253200355917,0.2590379409957677,244899840,233.5546875,resource.ru_maxrss_kib_converted_to_bytes,0,"{""BLIS_NUM_THREADS"": ""1"", ""MKL_DYNAMIC"": ""FALSE"", ""MKL_NUM_THREADS"": ""1"", ""NUMBA_NUM_THREADS"": ""1"", ""NUMEXPR_NUM_THREADS"": ""1"", ""OMP_DYNAMIC"": ""FALSE"", ""OMP_NUM_THREADS"": ""1"", ""OPENBLAS_NUM_THREADS"": ""1"", ""PYTHONHASHSEED"": ""0"", ""VECLIB_MAXIMUM_THREADS"": ""1""}",tree_tree,1,2,0,0.10065494698937982,44,14,14,14,181,236,medium,medium,30,zipf,1,inverse_sqrt,14,reserved,fast_dense,"Exact-oracle companion to the large rare-anchor stress regime. The score-only partial beam should preserve the delayed rare anchors and remain above the 99% quality floor, while local beams may prune the relevant branch; at this smaller scale the specialized dense exact method is still expected to be fastest.",250,250,34,31,7,15,14144.72265625,True,exact_agreement,2,0.0,0.014144722656249999,1.0,0.0,1.0,100.0,True,0.0965358526923787,0.2948645125503047,0.17607422950257293,0.45543685797605704,,,,,,,,,,,,,,,,,
partial_beam_implementation_rare_anchor,size,rare_anchor_oracle,n3000,nodes_per_tree,3000,partial_beam_implementation_rare_anchor__n3000,1,exact_dense,generic,True,"{""method"": ""exact""}",equality,3000,3000,9000000,2124845,14000.0,14144.72265625,ok,,14144.725224116983,2.0239967852830887e-06,9.163981303572655e-06,2.6560449569951743,2.613817508012289,2.6791285559884273,2.6496636736652968,2.6349312325037317,2.6675867564918008,0.03311984042288671,0.023083598993252963,3,"[2.613817508012289, 2.6560449569951743, 2.6791285559884273]",2.6560469809919596,3,1,94,1.0,0.14893617021276595,1.0,1.0,exact_dense,3000,3000,0.0,4.6733999624848366e-05,0.0,2.7683841079997364,0.0065440210164524615,2.7751386660092976,9000000,,2124845.0,9000000.0,,,,,,1,1,14144.72265625,94,True,exact_fit,3000,3000,8.133996743708849e-06,0.0,0.0,0.0,0.0,8.133996743708849e-06,0,,,,,,,,,1,1,,,2.036977093666792e-06,2.6222377750091255,2.622239811986219,14144.72265625,14144.725224116983,0.0,isolated,1,True,1200.0,16.207400861982023,15.972901422006544,0.23449943997547962,218804224,208.66796875,resource.ru_maxrss_kib_converted_to_bytes,0,"{""BLIS_NUM_THREADS"": ""1"", ""MKL_DYNAMIC"": ""FALSE"", ""MKL_NUM_THREADS"": ""1"", ""NUMBA_NUM_THREADS"": ""1"", ""NUMEXPR_NUM_THREADS"": ""1"", ""OMP_DYNAMIC"": ""FALSE"", ""OMP_NUM_THREADS"": ""1"", ""OPENBLAS_NUM_THREADS"": ""1"", ""PYTHONHASHSEED"": ""0"", ""VECLIB_MAXIMUM_THREADS"": ""1""}",tree_tree,0,3,0,0.10065494698937982,44,14,14,14,181,236,medium,medium,30,zipf,1,inverse_sqrt,14,reserved,fast_dense,"Exact-oracle companion to the large rare-anchor stress regime. The score-only partial beam should preserve the delayed rare anchors and remain above the 99% quality floor, while local beams may prune the relevant branch; at this smaller scale the specialized dense exact method is still expected to be fastest.",250,250,34,31,7,15,14144.72265625,True,exact_agreement,2,0.0,0.014144722656249999,1.0,0.0,1.0,100.0,True,0.0018603115102747308,0.006006006337464383,0.0037137143549890034,0.011940299162487646,,,,,,,,,,,,,,,,,
partial_beam_implementation_rare_anchor,size,rare_anchor_oracle,n3000,nodes_per_tree,3000,partial_beam_implementation_rare_anchor__n3000,2,beam_partial_score,generic,False,"{""beam_balance_penalty"": 0.0, ""beam_candidate_future_weight"": 0.0, ""beam_expansion_width"": 64, ""beam_gap_penalty"": 0.0, ""beam_lookahead"": false, ""beam_n_restarts"": 1, ""beam_priority_future_weight"": 0.0, ""beam_priority_length_weight"": 0.0, ""beam_random_fraction"": 0.0, ""beam_rarity_weight"": 0.0, ""beam_symmetric"": false, ""beam_width"": 200, ""candidate_select_mode"": ""first"", ""method"": ""beam"", ""seed"": 0}",equality,3000,3000,9000000,2087069,14000.0,14000.0,ok,,14000.0,1.580017851665616e-06,9.331997716799378e-06,0.3734016419912223,0.37154586499673314,0.37367766501847655,0.3728750573354773,0.3724737534939777,0.3735396535048494,0.0011593581771505374,0.0002760230272542685,3,"[0.37367766501847655, 0.37154586499673314, 0.3734016419912223]",0.37340322200907394,3,1,14,1.0,1.0,1.0,1.0,beam_partial,3000,3000,0.0,0.005012685986002907,0.3609356921806466,0.018509825807996094,2.7609930839389563e-06,0.38492551899980754,201408,30226.0,30226.0,,30226.0,21805.0,3637.0,200.0,22.0,1,1,14000.0,14,True,beam_fit,3000,3000,8.179980795830488e-06,0.0,0.0,0.0,0.0,8.179980795830488e-06,0,,,,,,,,,1,1,,,2.3009779397398233e-06,0.3698909969825763,0.36989329796051607,14000.0,14000.0,0.0,isolated,1,True,1200.0,2.490595332987141,2.2465996359824203,0.24399569700472057,144887808,138.17578125,resource.ru_maxrss_kib_converted_to_bytes,0,"{""BLIS_NUM_THREADS"": ""1"", ""MKL_DYNAMIC"": ""FALSE"", ""MKL_NUM_THREADS"": ""1"", ""NUMBA_NUM_THREADS"": ""1"", ""NUMEXPR_NUM_THREADS"": ""1"", ""OMP_DYNAMIC"": ""FALSE"", ""OMP_NUM_THREADS"": ""1"", ""OPENBLAS_NUM_THREADS"": ""1"", ""PYTHONHASHSEED"": ""0"", ""VECLIB_MAXIMUM_THREADS"": ""1""}",tree_tree,2,0,0,0.10107007701299153,44,14,14,14,64,133,medium,medium,30,zipf,1,inverse_sqrt,14,reserved,fast_dense,"Exact-oracle companion to the large rare-anchor stress regime. The score-only partial beam should preserve the delayed rare anchors and remain above the 99% quality floor, while local beams may prune the relevant branch; at this smaller scale the specialized dense exact method is still expected to be fastest.",250,250,32,33,7,6,14047.7919921875,True,exact_agreement,2,0.0,0.0140477919921875,0.9965979000675638,47.7919921875,0.9965979000675638,99.65979000675638,True,0.012540609013173866,0.04235396502808562,0.024769532617444728,0.08125472223419933,,,,,,,,,,,,,1936.0,0.0,[14000.0],0.0,"{""beam_width"": 200, ""expansion_width"": 64, ""label_pair_preprocessing_score_evaluations"": 1936, ""lookahead_enabled"": false, ""maximum_matching_length"": 251, ""positive_label_pair_types"": 44, ""state_pool_size"": 30227}"
partial_beam_implementation_rare_anchor,size,rare_anchor_oracle,n3000,nodes_per_tree,3000,partial_beam_implementation_rare_anchor__n3000,2,fast_dense,fast_dense,True,{},equality,3000,3000,9000000,2087069,14000.0,14047.7919921875,ok,,14047.793304127805,0.0029139449761714786,0.0030547690112143755,0.05308545398293063,0.05305166001198813,0.05397165101021528,0.05336958833504468,0.05306855699745938,0.053528552496572956,0.0005216752886070036,3.3793970942497253e-05,3,"[0.05305166001198813, 0.05397165101021528, 0.05308545398293063]",0.05599939895910211,3,1,45,1.0,0.3111111111111111,1.0,1.0,fast_dense_equality,3000,3000,0.0,1.9832979887723923e-05,0.0,0.05465467000612989,8.165699546225369e-05,0.05582312701153569,9000000,,,9000000.0,,,,,,1,1,14047.7919921875,45,,fast_dense_fit,3000,3000,0.0030538079736288637,0.0,0.0,0.0,0.0,0.0030538079736288637,0,,,,,,,,,1,1,,,0.0029097019869368523,0.15159550899988972,0.15450521098682657,14047.7919921875,14047.793304127805,0.0,isolated,1,True,1200.0,0.6927715660131071,0.4301541929889936,0.2626173730241135,244998144,233.6484375,resource.ru_maxrss_kib_converted_to_bytes,0,"{""BLIS_NUM_THREADS"": ""1"", ""MKL_DYNAMIC"": ""FALSE"", ""MKL_NUM_THREADS"": ""1"", ""NUMBA_NUM_THREADS"": ""1"", ""NUMEXPR_NUM_THREADS"": ""1"", ""OMP_DYNAMIC"": ""FALSE"", ""OMP_NUM_THREADS"": ""1"", ""OPENBLAS_NUM_THREADS"": ""1"", ""PYTHONHASHSEED"": ""0"", ""VECLIB_MAXIMUM_THREADS"": ""1""}",tree_tree,1,1,0,0.10107007701299153,44,14,14,14,64,133,medium,medium,30,zipf,1,inverse_sqrt,14,reserved,fast_dense,"Exact-oracle companion to the large rare-anchor stress regime. The score-only partial beam should preserve the delayed rare anchors and remain above the 99% quality floor, while local beams may prune the relevant branch; at this smaller scale the specialized dense exact method is still expected to be fastest.",250,250,32,33,7,6,14047.7919921875,True,exact_agreement,2,0.0,0.0140477919921875,1.0,0.0,1.0,100.0,True,0.08821030330822333,0.2824156562447574,0.16211995611520827,0.44044324454325984,,,,,,,,,,,,,,,,,
partial_beam_implementation_rare_anchor,size,rare_anchor_oracle,n3000,nodes_per_tree,3000,partial_beam_implementation_rare_anchor__n3000,2,exact_dense,generic,True,"{""method"": ""exact""}",equality,3000,3000,9000000,2087069,14000.0,14047.7919921875,ok,,14047.793304127805,2.2239983081817627e-06,1.0891992133110762e-05,2.6411725969810504,2.62966016199789,2.656301929993788,2.642378229657576,2.6354163794894703,2.648737263487419,0.013361740646331948,0.011512434983160347,3,"[2.6411725969810504, 2.656301929993788, 2.62966016199789]",2.6411748209793586,3,1,45,1.0,0.3111111111111111,1.0,1.0,exact_dense,3000,3000,0.0,4.429099499247968e-05,0.0,2.764602216979256,0.0065888590179383755,2.7713965119910426,9000000,,2087069.0,9000000.0,,,,,,1,1,14047.7919921875,45,True,exact_fit,3000,3000,9.794021025300026e-06,0.0,0.0,0.0,0.0,9.794021025300026e-06,0,,,,,,,,,1,1,,,2.2370077203959227e-06,2.638205827010097,2.6382080640178174,14047.7919921875,14047.793304127805,0.0,isolated,1,True,1200.0,16.196720748004736,15.96273635700345,0.23398439100128599,218443776,208.32421875,resource.ru_maxrss_kib_converted_to_bytes,0,"{""BLIS_NUM_THREADS"": ""1"", ""MKL_DYNAMIC"": ""FALSE"", ""MKL_NUM_THREADS"": ""1"", ""NUMBA_NUM_THREADS"": ""1"", ""NUMEXPR_NUM_THREADS"": ""1"", ""OMP_DYNAMIC"": ""FALSE"", ""OMP_NUM_THREADS"": ""1"", ""OPENBLAS_NUM_THREADS"": ""1"", ""PYTHONHASHSEED"": ""0"", ""VECLIB_MAXIMUM_THREADS"": ""1""}",tree_tree,0,2,0,0.10107007701299153,44,14,14,14,64,133,medium,medium,30,zipf,1,inverse_sqrt,14,reserved,fast_dense,"Exact-oracle companion to the large rare-anchor stress regime. The score-only partial beam should preserve the delayed rare anchors and remain above the 99% quality floor, while local beams may prune the relevant branch; at this smaller scale the specialized dense exact method is still expected to be fastest.",250,250,32,33,7,6,14047.7919921875,True,exact_agreement,2,0.0,0.0140477919921875,1.0,0.0,1.0,100.0,True,0.0017729564521612518,0.005987906169907564,0.0035396372815658405,0.011904529136349736,,,,,,,,,,,,,,,,,
partial_beam_implementation_rare_anchor,size,rare_anchor_oracle,n3000,nodes_per_tree,3000,partial_beam_implementation_rare_anchor__n3000,2,fast_beam_partial,fast_beam,False,"{""beam_width"": 200, ""expansion_width"": 64, ""max_nodes_per_token_side"": 8, ""max_token_types_per_expansion"": 2048, ""search"": ""partial""}",equality,3000,3000,9000000,2087069,14000.0,14000.0,ok,,14000.0,0.011132423009257764,0.01123243902111426,0.004682683997089043,0.004666044987970963,0.004792499996256083,0.00471374299377203,0.004674364492530003,0.004737591996672563,6.871108525058224e-05,1.663900911808014e-05,3,"[0.004792499996256083, 0.004682683997089043, 0.004666044987970963]",0.015815107006346807,3,1,14,1.0,1.0,1.0,1.0,fast_beam_partial_equality,3000,3000,0.0,5.182900349609554e-05,0.002938940073363483,0.0018013399094343185,2.228014636784792e-06,0.004876132006756961,30226,30226.0,30226.0,,30226.0,21805.0,3637.0,200.0,22.0,1,1,14000.0,14,,fast_beam_partial_fit,3000,3000,0.011231207987293601,0.0,0.0,0.0,0.0,0.011231207987293601,0,,,,,,,,,1,1,,,0.011394653003662825,0.10119323100661859,0.11258788401028141,14000.0,14000.0,0.0,isolated,1,True,1200.0,0.42538973499904387,0.15924267200171016,0.2661470629973337,203317248,193.8984375,resource.ru_maxrss_kib_converted_to_bytes,0,"{""BLIS_NUM_THREADS"": ""1"", ""MKL_DYNAMIC"": ""FALSE"", ""MKL_NUM_THREADS"": ""1"", ""NUMBA_NUM_THREADS"": ""1"", ""NUMEXPR_NUM_THREADS"": ""1"", ""OMP_DYNAMIC"": ""FALSE"", ""OMP_NUM_THREADS"": ""1"", ""OPENBLAS_NUM_THREADS"": ""1"", ""PYTHONHASHSEED"": ""0"", ""VECLIB_MAXIMUM_THREADS"": ""1""}",tree_tree,3,3,0,0.10107007701299153,44,14,14,14,64,133,medium,medium,30,zipf,1,inverse_sqrt,14,reserved,fast_dense,"Exact-oracle companion to the large rare-anchor stress regime. The score-only partial beam should preserve the delayed rare anchors and remain above the 99% quality floor, while local beams may prune the relevant branch; at this smaller scale the specialized dense exact method is still expected to be fastest.",250,250,32,33,7,6,14047.7919921875,True,exact_agreement,2,0.0,0.0140477919921875,0.9965979000675638,47.7919921875,0.9965979000675638,99.65979000675638,True,1.0,1.0,0.9982960515322985,0.9982960515322985,200.0,descending_token_weight_first_descendants,0.0,64.0,8.0,2048.0,251.0,True,3638.0,44.0,30226.0,157348.0,,,,,
partial_beam_implementation_rare_anchor,size,rare_anchor_oracle,n5000,nodes_per_tree,5000,partial_beam_implementation_rare_anchor__n5000,0,exact_dense,generic,True,"{""method"": ""exact""}",equality,5000,5000,25000000,5875734,14000.0,14050.521484375,ok,,14050.522670453945,2.5460030883550644e-06,1.0132993338629603e-05,7.1880123050068505,7.1313642140012234,7.2574683589919005,7.192281625999992,7.159688259504037,7.2227403319993755,0.06316038451643782,0.056648091005627066,3,"[7.2574683589919005, 7.1880123050068505, 7.1313642140012234]",7.188014851009939,3,1,41,1.0,0.34146341463414637,1.0,1.0,exact_dense,5000,5000,0.0,6.146699888631701e-05,0.0,7.527493373985635,0.019162118987878785,7.547003493004013,25000000,,5875734.0,25000000.0,,,,,,1,1,14050.521484375,41,True,exact_fit,5000,5000,9.101000614464283e-06,0.0,0.0,0.0,0.0,9.101000614464283e-06,0,,,,,,,,,1,1,,,2.1120067685842514e-06,7.263372985995375,7.263375098002143,14050.521484375,14050.522670453945,0.0,isolated,1,True,1200.0,43.76987839999492,43.536373581999214,0.23350481799570844,362778624,345.97265625,resource.ru_maxrss_kib_converted_to_bytes,0,"{""BLIS_NUM_THREADS"": ""1"", ""MKL_DYNAMIC"": ""FALSE"", ""MKL_NUM_THREADS"": ""1"", ""NUMBA_NUM_THREADS"": ""1"", ""NUMEXPR_NUM_THREADS"": ""1"", ""OMP_DYNAMIC"": ""FALSE"", ""OMP_NUM_THREADS"": ""1"", ""OPENBLAS_NUM_THREADS"": ""1"", ""PYTHONHASHSEED"": ""0"", ""VECLIB_MAXIMUM_THREADS"": ""1""}",tree_tree,0,0,0,0.1652387169888243,44,14,14,14,74,114,medium,medium,30,zipf,1,inverse_sqrt,14,reserved,fast_dense,"Exact-oracle companion to the large rare-anchor stress regime. The score-only partial beam should preserve the delayed rare anchors and remain above the 99% quality floor, while local beams may prune the relevant branch; at this smaller scale the specialized dense exact method is still expected to be fastest.",300,300,46,50,7,6,14050.521484375,True,exact_agreement,2,0.0,0.014050521484375,1.0,0.0,1.0,100.0,True,0.0006204615153662988,0.005710792874513575,0.001240153563173504,0.011356729817308689,,,,,,,,,,,,,,,,,
partial_beam_implementation_rare_anchor,size,rare_anchor_oracle,n5000,nodes_per_tree,5000,partial_beam_implementation_rare_anchor__n5000,0,fast_beam_partial,fast_beam,False,"{""beam_width"": 200, ""expansion_width"": 64, ""max_nodes_per_token_side"": 8, ""max_token_types_per_expansion"": 2048, ""search"": ""partial""}",equality,5000,5000,25000000,5875734,14000.0,14007.621991157532,ok,,14007.621991222319,0.03658937898580916,0.018638574983924627,0.004459885007236153,0.004441520024556667,0.00450203099171631,0.004467812007836376,0.00445070251589641,0.004480957999476232,3.1024543357410314e-05,1.8364982679486275e-05,3,"[0.004459885007236153, 0.004441520024556667, 0.00450203099171631]",0.041049263993045315,3,1,15,1.0,0.9333333333333333,1.0,1.0,fast_beam_partial_equality,5000,5000,0.0,4.886699025519192e-05,0.0027151179674547166,0.0017694970301818103,1.9900035113096237e-06,0.004618684004526585,27161,27161.0,27161.0,,27161.0,18567.0,3629.0,200.0,22.0,1,1,14007.621991157532,15,,fast_beam_partial_fit,5000,5000,0.018637334986124188,0.0,0.0,0.0,0.0,0.018637334986124188,0,,,,,,,,,1,1,,,0.018921352020697668,0.10193921200698242,0.12086056402768008,14007.621991157532,14007.621991222319,0.0,isolated,1,True,1200.0,0.4658214910014067,0.19932666298700497,0.2664948280144017,204025856,194.57421875,resource.ru_maxrss_kib_converted_to_bytes,0,"{""BLIS_NUM_THREADS"": ""1"", ""MKL_DYNAMIC"": ""FALSE"", ""MKL_NUM_THREADS"": ""1"", ""NUMBA_NUM_THREADS"": ""1"", ""NUMEXPR_NUM_THREADS"": ""1"", ""OMP_DYNAMIC"": ""FALSE"", ""OMP_NUM_THREADS"": ""1"", ""OPENBLAS_NUM_THREADS"": ""1"", ""PYTHONHASHSEED"": ""0"", ""VECLIB_MAXIMUM_THREADS"": ""1""}",tree_tree,3,1,0,0.1652387169888243,44,14,14,14,74,114,medium,medium,30,zipf,1,inverse_sqrt,14,reserved,fast_dense,"Exact-oracle companion to the large rare-anchor stress regime. The score-only partial beam should preserve the delayed rare anchors and remain above the 99% quality floor, while local beams may prune the relevant branch; at this smaller scale the specialized dense exact method is still expected to be fastest.",300,300,46,50,7,6,14050.521484375,True,exact_agreement,2,0.0,0.014050521484375,0.9969467686117434,42.89949321746826,0.9969467686117434,99.69467686117433,True,1.0,1.0,0.9984710501870917,0.9984710501870917,200.0,descending_token_weight_first_descendants,0.0,64.0,8.0,2048.0,301.0,True,3630.0,44.0,27161.0,157181.0,,,,,
partial_beam_implementation_rare_anchor,size,rare_anchor_oracle,n5000,nodes_per_tree,5000,partial_beam_implementation_rare_anchor__n5000,0,beam_partial_score,generic,False,"{""beam_balance_penalty"": 0.0, ""beam_candidate_future_weight"": 0.0, ""beam_expansion_width"": 64, ""beam_gap_penalty"": 0.0, ""beam_lookahead"": false, ""beam_n_restarts"": 1, ""beam_priority_future_weight"": 0.0, ""beam_priority_length_weight"": 0.0, ""beam_random_fraction"": 0.0, ""beam_rarity_weight"": 0.0, ""beam_symmetric"": false, ""beam_width"": 200, ""candidate_select_mode"": ""first"", ""method"": ""beam"", ""seed"": 0}",equality,5000,5000,25000000,5875734,14000.0,14007.621991222319,ok,,14007.621991222319,1.7420097719877958e-06,8.143979357555509e-06,0.31148590400698595,0.3106178329908289,0.3237433040048927,0.3152823470009025,0.3110518684989074,0.3176146040059393,0.0073402473997680046,0.000868071016157046,3,"[0.3106178329908289, 0.31148590400698595, 0.3237433040048927]",0.31148764601675794,3,1,15,1.0,0.9333333333333333,1.0,1.0,beam_partial,5000,5000,0.0,0.007694662985159084,0.29671966773457825,0.01593462924938649,3.377004759386182e-06,0.3208631309971679,161348,27161.0,27161.0,,27161.0,18567.0,3629.0,200.0,22.0,1,1,14007.621991222319,15,True,beam_fit,5000,5000,7.213006028905511e-06,0.0,0.0,0.0,0.0,7.213006028905511e-06,0,,,,,,,,,1,1,,,2.27498821914196e-06,0.31118522700853646,0.3111875019967556,14007.621991222319,14007.621991222319,0.0,isolated,1,True,1200.0,2.1226980639912654,1.8896690850087907,0.23302897898247465,145084416,138.36328125,resource.ru_maxrss_kib_converted_to_bytes,0,"{""BLIS_NUM_THREADS"": ""1"", ""MKL_DYNAMIC"": ""FALSE"", ""MKL_NUM_THREADS"": ""1"", ""NUMBA_NUM_THREADS"": ""1"", ""NUMEXPR_NUM_THREADS"": ""1"", ""OMP_DYNAMIC"": ""FALSE"", ""OMP_NUM_THREADS"": ""1"", ""OPENBLAS_NUM_THREADS"": ""1"", ""PYTHONHASHSEED"": ""0"", ""VECLIB_MAXIMUM_THREADS"": ""1""}",tree_tree,2,2,0,0.1652387169888243,44,14,14,14,74,114,medium,medium,30,zipf,1,inverse_sqrt,14,reserved,fast_dense,"Exact-oracle companion to the large rare-anchor stress regime. The score-only partial beam should preserve the delayed rare anchors and remain above the 99% quality floor, while local beams may prune the relevant branch; at this smaller scale the specialized dense exact method is still expected to be fastest.",300,300,46,50,7,6,14050.521484375,True,exact_agreement,2,0.0,0.014050521484375,0.9969467686163543,42.899493152681316,0.9969467686163543,99.69467686163543,True,0.014318095778536826,0.13178456519215173,0.02823074314500799,0.2327962243743585,,,,,,,,,,,,,1936.0,0.0,[14007.621991222319],0.0,"{""beam_width"": 200, ""expansion_width"": 64, ""label_pair_preprocessing_score_evaluations"": 1936, ""lookahead_enabled"": false, ""maximum_matching_length"": 301, ""positive_label_pair_types"": 44, ""state_pool_size"": 27162}"
partial_beam_implementation_rare_anchor,size,rare_anchor_oracle,n5000,nodes_per_tree,5000,partial_beam_implementation_rare_anchor__n5000,0,fast_dense,fast_dense,True,{},equality,5000,5000,25000000,5875734,14000.0,14050.521484375,ok,,14050.522670453945,0.004686900996603072,0.004846185998758301,0.16537626599892974,0.16513403001590632,0.16539704601746053,0.16530244734409885,0.16525514800741803,0.16538665600819513,0.0001462232868566794,2.0780018530786037e-05,3,"[0.16513403001590632, 0.16539704601746053, 0.16537626599892974]",0.1700631669955328,3,1,41,1.0,0.34146341463414637,1.0,1.0,fast_dense_equality,5000,5000,0.0,2.2138003259897232e-05,0.0,0.1708073310146574,0.00010801901225931942,0.17386352000175975,25000000,,,25000000.0,,,,,,1,1,14050.521484375,41,,fast_dense_fit,5000,5000,0.0048447900044266135,0.0,0.0,0.0,0.0,0.0048447900044266135,0,,,,,,,,,1,1,,,0.004841610003495589,0.2739631019940134,0.278804711997509,14050.521484375,14050.522670453945,0.0,isolated,1,True,1200.0,1.3867657220107503,1.1244548080139793,0.262310913996771,325304320,310.234375,resource.ru_maxrss_kib_converted_to_bytes,0,"{""BLIS_NUM_THREADS"": ""1"", ""MKL_DYNAMIC"": ""FALSE"", ""MKL_NUM_THREADS"": ""1"", ""NUMBA_NUM_THREADS"": ""1"", ""NUMEXPR_NUM_THREADS"": ""1"", ""OMP_DYNAMIC"": ""FALSE"", ""OMP_NUM_THREADS"": ""1"", ""OPENBLAS_NUM_THREADS"": ""1"", ""PYTHONHASHSEED"": ""0"", ""VECLIB_MAXIMUM_THREADS"": ""1""}",tree_tree,1,3,0,0.1652387169888243,44,14,14,14,74,114,medium,medium,30,zipf,1,inverse_sqrt,14,reserved,fast_dense,"Exact-oracle companion to the large rare-anchor stress regime. The score-only partial beam should preserve the delayed rare anchors and remain above the 99% quality floor, while local beams may prune the relevant branch; at this smaller scale the specialized dense exact method is still expected to be fastest.",300,300,46,50,7,6,14050.521484375,True,exact_agreement,2,0.0,0.014050521484375,1.0,0.0,1.0,100.0,True,0.02696810803108238,0.24137657035472937,0.05251985494035645,0.38888533281364385,,,,,,,,,,,,,,,,,
partial_beam_implementation_rare_anchor,size,rare_anchor_oracle,n5000,nodes_per_tree,5000,partial_beam_implementation_rare_anchor__n5000,1,fast_beam_partial,fast_beam,False,"{""beam_width"": 200, ""expansion_width"": 64, ""max_nodes_per_token_side"": 8, ""max_token_types_per_expansion"": 2048, ""search"": ""partial""}",equality,5000,5000,25000000,6009023,14000.0,14000.0,ok,,14000.0,0.036558837979100645,0.01875312498304993,0.00487972199334763,0.0048769979912322015,0.004888664989266545,0.004881794991282125,0.004878359992289916,0.004884193491307087,6.1034990874627196e-06,2.7240021154284477e-06,3,"[0.004888664989266545, 0.0048769979912322015, 0.00487972199334763]",0.041438559972448274,3,1,14,1.0,1.0,1.0,1.0,fast_beam_partial_equality,5000,5000,0.0,4.8883986892178655e-05,0.0031931930570863187,0.001708562922431156,1.994980266317725e-06,0.00503824299084954,26125,26125.0,26125.0,,26125.0,18299.0,3603.0,200.0,23.0,1,1,14000.0,14,,fast_beam_partial_fit,5000,5000,0.018751844996586442,0.0,0.0,0.0,0.0,0.018751844996586442,0,,,,,,,,,1,1,,,0.019002107001142576,0.10175908199744299,0.12076118899858557,14000.0,14000.0,0.0,isolated,1,True,1200.0,0.46564031901652925,0.20127802598290145,0.2643622930336278,203894784,194.44921875,resource.ru_maxrss_kib_converted_to_bytes,0,"{""BLIS_NUM_THREADS"": ""1"", ""MKL_DYNAMIC"": ""FALSE"", ""MKL_NUM_THREADS"": ""1"", ""NUMBA_NUM_THREADS"": ""1"", ""NUMEXPR_NUM_THREADS"": ""1"", ""OMP_DYNAMIC"": ""FALSE"", ""OMP_NUM_THREADS"": ""1"", ""OPENBLAS_NUM_THREADS"": ""1"", ""PYTHONHASHSEED"": ""0"", ""VECLIB_MAXIMUM_THREADS"": ""1""}",tree_tree,3,0,0,0.16859278999618255,44,14,14,14,121,230,medium,medium,30,zipf,1,inverse_sqrt,14,reserved,fast_dense,"Exact-oracle companion to the large rare-anchor stress regime. The score-only partial beam should preserve the delayed rare anchors and remain above the 99% quality floor, while local beams may prune the relevant branch; at this smaller scale the specialized dense exact method is still expected to be fastest.",300,300,48,49,7,6,14110.26953125,True,exact_agreement,2,0.0,0.014110269531249999,0.992185157696259,110.26953125,0.992185157696259,99.21851576962591,True,1.0,1.0,0.996077251015775,0.996077251015775,200.0,descending_token_weight_first_descendants,0.0,64.0,8.0,2048.0,301.0,True,3604.0,44.0,26125.0,155877.0,,,,,
partial_beam_implementation_rare_anchor,size,rare_anchor_oracle,n5000,nodes_per_tree,5000,partial_beam_implementation_rare_anchor__n5000,1,beam_partial_score,generic,False,"{""beam_balance_penalty"": 0.0, ""beam_candidate_future_weight"": 0.0, ""beam_expansion_width"": 64, ""beam_gap_penalty"": 0.0, ""beam_lookahead"": false, ""beam_n_restarts"": 1, ""beam_priority_future_weight"": 0.0, ""beam_priority_length_weight"": 0.0, ""beam_random_fraction"": 0.0, ""beam_rarity_weight"": 0.0, ""beam_symmetric"": false, ""beam_width"": 200, ""candidate_select_mode"": ""first"", ""method"": ""beam"", ""seed"": 0}",equality,5000,5000,25000000,6009023,14000.0,14000.0,ok,,14000.0,1.5980040188878775e-06,7.063004886731505e-06,0.35397005497361533,0.35324780401424505,0.363889255997492,0.35703570499511744,0.3536089294939302,0.35892965548555367,0.005946325135635422,0.0007222509593702853,3,"[0.35397005497361533, 0.35324780401424505, 0.363889255997492]",0.3539716529776342,3,1,14,1.0,1.0,1.0,1.0,beam_partial,5000,5000,0.0,0.007487104012398049,0.3422288116707932,0.015235837316140532,3.1119852792471647e-06,0.3655963040073402,195196,26125.0,26125.0,,26125.0,18299.0,3603.0,200.0,23.0,1,1,14000.0,14,True,beam_fit,5000,5000,6.127986125648022e-06,0.0,0.0,0.0,0.0,6.127986125648022e-06,0,,,,,,,,,1,1,,,2.1560117602348328e-06,0.353227004990913,0.3532291610026732,14000.0,14000.0,0.0,isolated,1,True,1200.0,2.371791490004398,2.1422070499975234,0.2295844400068745,145281024,138.55078125,resource.ru_maxrss_kib_converted_to_bytes,0,"{""BLIS_NUM_THREADS"": ""1"", ""MKL_DYNAMIC"": ""FALSE"", ""MKL_NUM_THREADS"": ""1"", ""NUMBA_NUM_THREADS"": ""1"", ""NUMEXPR_NUM_THREADS"": ""1"", ""OMP_DYNAMIC"": ""FALSE"", ""OMP_NUM_THREADS"": ""1"", ""OPENBLAS_NUM_THREADS"": ""1"", ""PYTHONHASHSEED"": ""0"", ""VECLIB_MAXIMUM_THREADS"": ""1""}",tree_tree,2,1,0,0.16859278999618255,44,14,14,14,121,230,medium,medium,30,zipf,1,inverse_sqrt,14,reserved,fast_dense,"Exact-oracle companion to the large rare-anchor stress regime. The score-only partial beam should preserve the delayed rare anchors and remain above the 99% quality floor, while local beams may prune the relevant branch; at this smaller scale the specialized dense exact method is still expected to be fastest.",300,300,48,49,7,6,14110.26953125,True,exact_agreement,2,0.0,0.014110269531249999,0.992185157696259,110.26953125,0.992185157696259,99.21851576962591,True,0.013785691543063892,0.11706745335075343,0.027193548496856713,0.20942495605988518,,,,,,,,,,,,,1936.0,0.0,[14000.0],0.0,"{""beam_width"": 200, ""expansion_width"": 64, ""label_pair_preprocessing_score_evaluations"": 1936, ""lookahead_enabled"": false, ""maximum_matching_length"": 301, ""positive_label_pair_types"": 44, ""state_pool_size"": 26126}"
partial_beam_implementation_rare_anchor,size,rare_anchor_oracle,n5000,nodes_per_tree,5000,partial_beam_implementation_rare_anchor__n5000,1,fast_dense,fast_dense,True,{},equality,5000,5000,25000000,6009023,14000.0,14110.26953125,ok,,14110.272145320649,0.004940048995194957,0.005035463982494548,0.164497264981037,0.16435239001293667,0.16466845400282182,0.16450603633226515,0.16442482749698684,0.1645828594919294,0.00015821445533612295,0.00014487496810033917,3,"[0.16435239001293667, 0.164497264981037, 0.16466845400282182]",0.16943731397623196,3,1,75,1.0,0.18666666666666668,1.0,1.0,fast_dense_equality,5000,5000,0.0,2.2666004952043295e-05,0.0,0.16960867698071525,0.0001323979813605547,0.17264021097798832,25000000,,,25000000.0,,,,,,1,1,14110.26953125,75,,fast_dense_fit,5000,5000,0.005034258996602148,0.0,0.0,0.0,0.0,0.005034258996602148,0,,,,,,,,,1,1,,,0.004950715985614806,0.27503402600996196,0.27998474199557677,14110.26953125,14110.272145320649,0.0,isolated,1,True,1200.0,1.3900645510002505,1.1213790890178643,0.2686854619823862,325255168,310.1875,resource.ru_maxrss_kib_converted_to_bytes,0,"{""BLIS_NUM_THREADS"": ""1"", ""MKL_DYNAMIC"": ""FALSE"", ""MKL_NUM_THREADS"": ""1"", ""NUMBA_NUM_THREADS"": ""1"", ""NUMEXPR_NUM_THREADS"": ""1"", ""OMP_DYNAMIC"": ""FALSE"", ""OMP_NUM_THREADS"": ""1"", ""OPENBLAS_NUM_THREADS"": ""1"", ""PYTHONHASHSEED"": ""0"", ""VECLIB_MAXIMUM_THREADS"": ""1""}",tree_tree,1,2,0,0.16859278999618255,44,14,14,14,121,230,medium,medium,30,zipf,1,inverse_sqrt,14,reserved,fast_dense,"Exact-oracle companion to the large rare-anchor stress regime. The score-only partial beam should preserve the delayed rare anchors and remain above the 99% quality floor, while local beams may prune the relevant branch; at this smaller scale the specialized dense exact method is still expected to be fastest.",300,300,48,49,7,6,14110.26953125,True,exact_agreement,2,0.0,0.014110269531249999,1.0,0.0,1.0,100.0,True,0.029664456694220156,0.2445657275838374,0.05761965755224592,0.39301375919876885,,,,,,,,,,,,,,,,,
partial_beam_implementation_rare_anchor,size,rare_anchor_oracle,n5000,nodes_per_tree,5000,partial_beam_implementation_rare_anchor__n5000,1,exact_dense,generic,True,"{""method"": ""exact""}",equality,5000,5000,25000000,6009023,14000.0,14110.26953125,ok,,14110.272145320649,2.181011950597167e-06,9.499024599790573e-06,7.255473091994645,7.208861134015024,7.275381308980286,7.246571844996652,7.232167113004834,7.265427200487466,0.0341417276648641,0.019908216985641047,3,"[7.208861134015024, 7.255473091994645, 7.275381308980286]",7.255475273006596,3,1,75,1.0,0.18666666666666668,1.0,1.0,exact_dense,5000,5000,0.0,4.960800288245082e-05,0.0,7.523900945001515,0.016204334009671584,7.540392391005298,25000000,,6009023.0,25000000.0,,,,,,1,1,14110.26953125,75,True,exact_fit,5000,5000,8.261995390057564e-06,0.0,0.0,0.0,0.0,8.261995390057564e-06,0,,,,,,,,,1,1,,,1.914013409987092e-06,7.119741126021836,7.119743040035246,14110.26953125,14110.272145320649,0.0,isolated,1,True,1200.0,43.790669217996765,43.559855297993636,0.23081392000312917,363065344,346.24609375,resource.ru_maxrss_kib_converted_to_bytes,0,"{""BLIS_NUM_THREADS"": ""1"", ""MKL_DYNAMIC"": ""FALSE"", ""MKL_NUM_THREADS"": ""1"", ""NUMBA_NUM_THREADS"": ""1"", ""NUMEXPR_NUM_THREADS"": ""1"", ""OMP_DYNAMIC"": ""FALSE"", ""OMP_NUM_THREADS"": ""1"", ""OPENBLAS_NUM_THREADS"": ""1"", ""PYTHONHASHSEED"": ""0"", ""VECLIB_MAXIMUM_THREADS"": ""1""}",tree_tree,0,3,0,0.16859278999618255,44,14,14,14,121,230,medium,medium,30,zipf,1,inverse_sqrt,14,reserved,fast_dense,"Exact-oracle companion to the large rare-anchor stress regime. The score-only partial beam should preserve the delayed rare anchors and remain above the 99% quality floor, while local beams may prune the relevant branch; at this smaller scale the specialized dense exact method is still expected to be fastest.",300,300,48,49,7,6,14110.26953125,True,exact_agreement,2,0.0,0.014110269531249999,1.0,0.0,1.0,100.0,True,0.0006725573827476102,0.005711350175310646,0.0013442107066604877,0.011357831796002048,,,,,,,,,,,,,,,,,
partial_beam_implementation_rare_anchor,size,rare_anchor_oracle,n5000,nodes_per_tree,5000,partial_beam_implementation_rare_anchor__n5000,2,beam_partial_score,generic,False,"{""beam_balance_penalty"": 0.0, ""beam_candidate_future_weight"": 0.0, ""beam_expansion_width"": 64, ""beam_gap_penalty"": 0.0, ""beam_lookahead"": false, ""beam_n_restarts"": 1, ""beam_priority_future_weight"": 0.0, ""beam_priority_length_weight"": 0.0, ""beam_random_fraction"": 0.0, ""beam_rarity_weight"": 0.0, ""beam_symmetric"": false, ""beam_width"": 200, ""candidate_select_mode"": ""first"", ""method"": ""beam"", ""seed"": 0}",equality,5000,5000,25000000,5806941,14000.0,14000.0,ok,,14000.0,1.3799872249364853e-06,7.371010724455118e-06,0.3679175290162675,0.3660411940072663,0.3790644399996381,0.371007721007724,0.3669793615117669,0.3734909845079528,0.0070401135610516545,0.0018763350090011954,3,"[0.3679175290162675, 0.3660411940072663, 0.3790644399996381]",0.36791890900349244,3,1,14,1.0,1.0,1.0,1.0,beam_partial,5000,5000,0.0,0.007735354010947049,0.34741059609223157,0.02182885492220521,2.820015652105212e-06,0.3776574259973131,190487,36796.0,36796.0,,36796.0,29097.0,3487.0,200.0,23.0,1,1,14000.0,14,True,beam_fit,5000,5000,6.393005605787039e-06,0.0,0.0,0.0,0.0,6.393005605787039e-06,0,,,,,,,,,1,1,,,2.015003701671958e-06,0.36856521500158124,0.3685672300052829,14000.0,14000.0,0.0,isolated,1,True,1200.0,2.4601880729896948,2.226443883992033,0.2337441889976617,145657856,138.91015625,resource.ru_maxrss_kib_converted_to_bytes,0,"{""BLIS_NUM_THREADS"": ""1"", ""MKL_DYNAMIC"": ""FALSE"", ""MKL_NUM_THREADS"": ""1"", ""NUMBA_NUM_THREADS"": ""1"", ""NUMEXPR_NUM_THREADS"": ""1"", ""OMP_DYNAMIC"": ""FALSE"", ""OMP_NUM_THREADS"": ""1"", ""OPENBLAS_NUM_THREADS"": ""1"", ""PYTHONHASHSEED"": ""0"", ""VECLIB_MAXIMUM_THREADS"": ""1""}",tree_tree,2,0,0,0.16775686800247058,44,14,14,14,297,248,medium,medium,30,zipf,1,inverse_sqrt,14,reserved,fast_dense,"Exact-oracle companion to the large rare-anchor stress regime. The score-only partial beam should preserve the delayed rare anchors and remain above the 99% quality floor, while local beams may prune the relevant branch; at this smaller scale the specialized dense exact method is still expected to be fastest.",300,300,46,42,9,5,14188.744140625,True,exact_agreement,2,0.0,0.014188744140625,0.9866976147603796,188.744140625,0.9866976147603796,98.66976147603796,True,0.015739274566956393,0.11789915375990741,0.03098430402675143,0.21063037139426746,,,,,,,,,,,,,1936.0,0.0,[14000.0],0.0,"{""beam_width"": 200, ""expansion_width"": 64, ""label_pair_preprocessing_score_evaluations"": 1936, ""lookahead_enabled"": false, ""maximum_matching_length"": 301, ""positive_label_pair_types"": 44, ""state_pool_size"": 36797}"
partial_beam_implementation_rare_anchor,size,rare_anchor_oracle,n5000,nodes_per_tree,5000,partial_beam_implementation_rare_anchor__n5000,2,fast_dense,fast_dense,True,{},equality,5000,5000,25000000,5806941,14000.0,14188.744140625,ok,,14188.74467881918,0.005011436005588621,0.004869772004894912,0.14419813998392783,0.14415768900653347,0.14425409500836395,0.14420330799960843,0.14417791449523065,0.1442261174961459,4.841033553685004e-05,4.0450977394357324e-05,3,"[0.14425409500836395, 0.14419813998392783, 0.14415768900653347]",0.14920957598951645,3,1,119,1.0,0.11764705882352941,1.0,1.0,fast_dense_equality,5000,5000,0.0,2.411397872492671e-05,0.0,0.14848637901013717,0.00017494198982603848,0.15164689300581813,25000000,,,25000000.0,,,,,,1,1,14188.744140625,119,,fast_dense_fit,5000,5000,0.004868732998147607,0.0,0.0,0.0,0.0,0.004868732998147607,0,,,,,,,,,1,1,,,0.00477304300875403,0.25134726299438626,0.2561203060031403,14188.744140625,14188.74467881918,0.0,isolated,1,True,1200.0,1.2592069189995527,0.9952768200018909,0.26393009899766184,325136384,310.07421875,resource.ru_maxrss_kib_converted_to_bytes,0,"{""BLIS_NUM_THREADS"": ""1"", ""MKL_DYNAMIC"": ""FALSE"", ""MKL_NUM_THREADS"": ""1"", ""NUMBA_NUM_THREADS"": ""1"", ""NUMEXPR_NUM_THREADS"": ""1"", ""OMP_DYNAMIC"": ""FALSE"", ""OMP_NUM_THREADS"": ""1"", ""OPENBLAS_NUM_THREADS"": ""1"", ""PYTHONHASHSEED"": ""0"", ""VECLIB_MAXIMUM_THREADS"": ""1""}",tree_tree,1,1,0,0.16775686800247058,44,14,14,14,297,248,medium,medium,30,zipf,1,inverse_sqrt,14,reserved,fast_dense,"Exact-oracle companion to the large rare-anchor stress regime. The score-only partial beam should preserve the delayed rare anchors and remain above the 99% quality floor, while local beams may prune the relevant branch; at this smaller scale the specialized dense exact method is still expected to be fastest.",300,300,46,42,9,5,14188.744140625,True,exact_agreement,2,0.0,0.014188744140625,1.0,0.0,1.0,100.0,True,0.040158319710841,0.2907141028725117,0.07721578330884249,0.4504701734110153,,,,,,,,,,,,,,,,,
partial_beam_implementation_rare_anchor,size,rare_anchor_oracle,n5000,nodes_per_tree,5000,partial_beam_implementation_rare_anchor__n5000,2,exact_dense,generic,True,"{""method"": ""exact""}",equality,5000,5000,25000000,5806941,14000.0,14188.744140625,ok,,14188.74467881918,1.8769933376461267e-06,9.218987543135881e-06,7.268330746999709,7.258109801972751,7.3684596229868475,7.298300057319769,7.26322027448623,7.318395184993278,0.06097450631416259,0.010220945026958361,3,"[7.3684596229868475, 7.258109801972751, 7.268330746999709]",7.268332623993047,3,1,119,1.0,0.11764705882352941,1.0,1.0,exact_dense,5000,5000,0.0,5.358198541216552e-05,0.0,7.594650668994291,0.016210774978389964,7.611184570007026,25000000,,5806941.0,25000000.0,,,,,,1,1,14188.744140625,119,True,exact_fit,5000,5000,8.094997610896826e-06,0.0,0.0,0.0,0.0,8.094997610896826e-06,0,,,,,,,,,1,1,,,2.1939922589808702e-06,7.498164908000035,7.498167101992294,14188.744140625,14188.74467881918,0.0,isolated,1,True,1200.0,44.34224556101253,44.10435577502358,0.23788978598895483,363053056,346.234375,resource.ru_maxrss_kib_converted_to_bytes,0,"{""BLIS_NUM_THREADS"": ""1"", ""MKL_DYNAMIC"": ""FALSE"", ""MKL_NUM_THREADS"": ""1"", ""NUMBA_NUM_THREADS"": ""1"", ""NUMEXPR_NUM_THREADS"": ""1"", ""OMP_DYNAMIC"": ""FALSE"", ""OMP_NUM_THREADS"": ""1"", ""OPENBLAS_NUM_THREADS"": ""1"", ""PYTHONHASHSEED"": ""0"", ""VECLIB_MAXIMUM_THREADS"": ""1""}",tree_tree,0,2,0,0.16775686800247058,44,14,14,14,297,248,medium,medium,30,zipf,1,inverse_sqrt,14,reserved,fast_dense,"Exact-oracle companion to the large rare-anchor stress regime. The score-only partial beam should preserve the delayed rare anchors and remain above the 99% quality floor, while local beams may prune the relevant branch; at this smaller scale the specialized dense exact method is still expected to be fastest.",300,300,46,42,9,5,14188.744140625,True,exact_agreement,2,0.0,0.014188744140625,1.0,0.0,1.0,100.0,True,0.0007967104427070194,0.0059679888452806775,0.001592152400969805,0.01186516650918713,,,,,,,,,,,,,,,,,
partial_beam_implementation_rare_anchor,size,rare_anchor_oracle,n5000,nodes_per_tree,5000,partial_beam_implementation_rare_anchor__n5000,2,fast_beam_partial,fast_beam,False,"{""beam_width"": 200, ""expansion_width"": 64, ""max_nodes_per_token_side"": 8, ""max_token_types_per_expansion"": 2048, ""search"": ""partial""}",equality,5000,5000,25000000,5806941,14000.0,14000.0,ok,,14000.0,0.03758657301659696,0.02085010299924761,0.005790755007183179,0.005780102015705779,0.005813181982375681,0.005794679668421547,0.005785428511444479,0.00580196849477943,1.6885593655463155e-05,1.0652991477400064e-05,3,"[0.005790755007183179, 0.005780102015705779, 0.005813181982375681]",0.04337732802378014,3,1,14,1.0,1.0,1.0,1.0,fast_beam_partial_equality,5000,5000,0.0,4.662497667595744e-05,0.0036255400045774877,0.0021914529788773507,2.1469895727932453e-06,0.005944139993516728,36796,36796.0,36796.0,,36796.0,29097.0,3487.0,200.0,23.0,1,1,14000.0,14,,fast_beam_partial_fit,5000,5000,0.0208487750205677,0.0,0.0,0.0,0.0,0.0208487750205677,0,,,,,,,,,1,1,,,0.020947557000909,0.09846526599721983,0.11941282299812883,14000.0,14000.0,0.0,isolated,1,True,1200.0,0.4635964749904815,0.20767725000041537,0.25591922499006614,204042240,194.58984375,resource.ru_maxrss_kib_converted_to_bytes,0,"{""BLIS_NUM_THREADS"": ""1"", ""MKL_DYNAMIC"": ""FALSE"", ""MKL_NUM_THREADS"": ""1"", ""NUMBA_NUM_THREADS"": ""1"", ""NUMEXPR_NUM_THREADS"": ""1"", ""OMP_DYNAMIC"": ""FALSE"", ""OMP_NUM_THREADS"": ""1"", ""OPENBLAS_NUM_THREADS"": ""1"", ""PYTHONHASHSEED"": ""0"", ""VECLIB_MAXIMUM_THREADS"": ""1""}",tree_tree,3,3,0,0.16775686800247058,44,14,14,14,297,248,medium,medium,30,zipf,1,inverse_sqrt,14,reserved,fast_dense,"Exact-oracle companion to the large rare-anchor stress regime. The score-only partial beam should preserve the delayed rare anchors and remain above the 99% quality floor, while local beams may prune the relevant branch; at this smaller scale the specialized dense exact method is still expected to be fastest.",300,300,46,42,9,5,14188.744140625,True,exact_agreement,2,0.0,0.014188744140625,0.9866976147603796,188.744140625,0.9866976147603796,98.66976147603796,True,1.0,1.0,0.9933042728089122,0.9933042728089122,200.0,descending_token_weight_first_descendants,0.0,64.0,8.0,2048.0,301.0,True,3488.0,44.0,36796.0,150869.0,,,,,
