sweep_name,sweep_kind,base_regime,sweep_point,sweep_x_name,sweep_x_value,regime,instance,algorithm,algorithm_family,algorithm_exact,algorithm_kwargs,score_mode,n_g,n_h,dense_cells,posting_hits,truth_score,score,status,skip_reason,explicit_path_score,fit_seconds,diagnostic_fit_seconds,predict_seconds_median,predict_seconds_min,predict_seconds_max,predict_seconds_mean,predict_seconds_q25,predict_seconds_q75,predict_seconds_std,predict_seconds_mad,predict_seconds_sample_count,predict_seconds_samples,setup_plus_warm_search_seconds,timing_repeats,warmup_runs,matched_length,truth_pair_recall,truth_pair_precision,planted_g_node_recall,planted_h_node_recall,diag_algorithm,diag_n_g,diag_n_h,diag_input_preprocessing_seconds,diag_preprocessing_seconds,diag_candidate_generation_seconds,diag_search_seconds,diag_traceback_seconds,diag_total_seconds,diag_node_pair_score_evaluations,diag_candidate_pairs_generated,diag_positive_candidate_pairs,diag_dp_cells_computed,diag_states_generated,diag_states_after_endpoint_pruning,diag_states_retained,diag_peak_frontier_size,diag_layers_processed,diag_restarts,diag_directions,diag_result_score,diag_result_length,diag_extra_used_fitted_inputs,fit_diag_algorithm,fit_diag_n_g,fit_diag_n_h,fit_diag_input_preprocessing_seconds,fit_diag_preprocessing_seconds,fit_diag_candidate_generation_seconds,fit_diag_search_seconds,fit_diag_traceback_seconds,fit_diag_total_seconds,fit_diag_node_pair_score_evaluations,fit_diag_candidate_pairs_generated,fit_diag_positive_candidate_pairs,fit_diag_dp_cells_computed,fit_diag_states_generated,fit_diag_states_after_endpoint_pruning,fit_diag_states_retained,fit_diag_peak_frontier_size,fit_diag_layers_processed,fit_diag_restarts,fit_diag_directions,fit_diag_result_score,fit_diag_result_length,cold_fit_seconds,cold_predict_seconds,cold_setup_plus_predict_seconds,cold_score,cold_explicit_path_score,cold_score_difference_from_warm,execution_mode,thread_count_requested,thread_settings_enforced,timeout_seconds,fresh_process_total_seconds,fresh_process_task_seconds,fresh_process_overhead_seconds,peak_rss_bytes,peak_rss_mib,peak_rss_semantics,isolated_process_exit_code,worker_thread_environment,comparison,algorithm_config_index,execution_order_position,execution_order_cycle,pair_generation_seconds,shared_keys,truth_pair_count,observed_planted_nodes_g,observed_planted_nodes_h,candidate_path_length_g,candidate_path_length_h,shape_g,shape_h,alphabet_size,symbol_distribution,symbols_per_node,weight_mode,planted_length,planted_token_policy,expected_algorithm,regime_notes,tree_g_depth,tree_h_depth,tree_g_max_width,tree_h_max_width,tree_g_max_out_degree,tree_h_max_out_degree,oracle_score,oracle_valid,oracle_status,exact_method_count,exact_score_spread,exact_agreement_tolerance,score_ratio,score_gap,accuracy_score,accuracy_percent,score_consistent_with_oracle,warm_timing_score,setup_timing_score,warm_accuracy_harmonic_score,setup_accuracy_harmonic_score,diag_extra_beam_width,diag_extra_child_cap,diag_extra_maximum_product_layer,diag_extra_permanent_state_pool_size,diag_extra_candidate_pairs_after_deduplication,diag_extra_candidate_states_created,diag_extra_candidates_generated_internally,diag_extra_segment_tree_interval_insertions,diag_extra_segment_tree_node_update_attempts,diag_extra_segment_tree_peak_rollback_history,diag_extra_segment_tree_point_queries,diag_extra_segment_tree_successful_node_updates,fit_diag_extra_preprocessed_inputs_reused,diag_extra_stored_score_cells,diag_extra_candidate_pairs_after_token_deduplication,diag_extra_posting_hits,execution_skipped_before_worker,diag_extra_label_pair_preprocessing_score_evaluations,diag_extra_lookahead_score_evaluations,diag_extra_restart_scores,diag_extra_selected_restart,diag_extra_selected_run
dense_overlap_size,size,dense_common_overlap,n300,nodes_per_tree,300.0,dense_overlap_size__n300,0,exact_dense,generic,True,"{""method"": ""exact""}",overlap,300,300,90000,151756,11.0,17.0,ok,,17.0,8.970091585069895e-07,5.346984835341573e-06,0.09856403901358135,0.09826042799977586,0.098564448999241,0.0984629720041994,0.0984122335066786,0.09856424400641117,0.00017540837299856492,4.099856596440077e-07,3.0,"[0.098564448999241, 0.09826042799977586, 0.09856403901358135]",0.09856493602273986,3.0,1.0,17.0,0.2727272727272727,0.17647058823529413,0.36363636363636365,0.25,exact_dense,300.0,300.0,0.0,1.1555006494745612e-05,0.0,0.10218170398729853,5.2432005759328604e-05,0.1022578839911148,90000.0,,83411.0,90000,,,,,,1.0,1.0,17.0,17.0,True,exact_fit,300.0,300.0,4.622008418664336e-06,0.0,0.0,0.0,0.0,4.622008418664336e-06,0.0,,,,,,,,,1.0,1.0,,,1.9909930415451527e-06,0.09968590099015273,0.09968789198319428,17.0,17.0,0.0,isolated,1,True,1200.0,0.8215722639870364,0.5956088970124256,0.22596336697461084,138702848.0,132.27734375,resource.ru_maxrss_kib_converted_to_bytes,0.0,"{""BLIS_NUM_THREADS"": ""1"", ""MKL_DYNAMIC"": ""FALSE"", ""MKL_NUM_THREADS"": ""1"", ""NUMBA_NUM_THREADS"": ""1"", ""NUMEXPR_NUM_THREADS"": ""1"", ""OMP_DYNAMIC"": ""FALSE"", ""OMP_NUM_THREADS"": ""1"", ""OPENBLAS_NUM_THREADS"": ""1"", ""PYTHONHASHSEED"": ""0"", ""VECLIB_MAXIMUM_THREADS"": ""1""}",tree_tree,0,0,0,0.01295952798682265,8,11,11,12,17,15,medium,medium,8,uniform,"{""kind"": ""categorical"", ""probs"": [0.5, 0.35, 0.15], ""values"": [3, 4, 5]}",uniform,12,background,fast_dense,Almost every pair shares a token; the specialized dense Numba kernel should dominate sparse enumeration.,16,16,42,43,6,6,17.0,True,exact_agreement,2,0.0,1.7e-05,1.0,0.0,1.0,100.0,True,0.01975063124266622,0.03559519357940329,0.03873619812051136,0.06874345072300506,,,,,,,,,,,,,,,,,,,,,,
dense_overlap_size,size,dense_common_overlap,n300,nodes_per_tree,300.0,dense_overlap_size__n300,0,fast_dense,fast_dense,True,{},overlap,300,300,90000,151756,11.0,17.0,ok,,17.0,0.0015617359895259142,0.001613247994100675,0.001946701988345012,0.0019327869813423604,0.001956552005140111,0.001945346991609161,0.0019397444848436862,0.0019516269967425615,1.1940314114064867e-05,9.850016795098782e-06,3.0,"[0.001956552005140111, 0.001946701988345012, 0.0019327869813423604]",0.0035084379778709263,3.0,1.0,17.0,0.2727272727272727,0.17647058823529413,0.36363636363636365,0.25,fast_dense_overlap,300.0,300.0,0.0,1.7323996871709824e-05,0.0,0.0019377530261408538,2.7787027647718787e-05,0.001994048012420535,90000.0,,,90000,,,,,,1.0,1.0,17.0,17.0,,fast_dense_fit,300.0,300.0,0.0016122329980134964,0.0,0.0,0.0,0.0,0.0016122329980134964,0.0,,,,,,,,,1.0,1.0,,,0.0016361680172849447,0.0979674120026175,0.09960358001990244,17.0,17.0,0.0,isolated,1,True,1200.0,0.374171662988374,0.11312879101024009,0.2610428719781339,200609792.0,191.31640625,resource.ru_maxrss_kib_converted_to_bytes,0.0,"{""BLIS_NUM_THREADS"": ""1"", ""MKL_DYNAMIC"": ""FALSE"", ""MKL_NUM_THREADS"": ""1"", ""NUMBA_NUM_THREADS"": ""1"", ""NUMEXPR_NUM_THREADS"": ""1"", ""OMP_DYNAMIC"": ""FALSE"", ""OMP_NUM_THREADS"": ""1"", ""OPENBLAS_NUM_THREADS"": ""1"", ""PYTHONHASHSEED"": ""0"", ""VECLIB_MAXIMUM_THREADS"": ""1""}",tree_tree,1,1,0,0.01295952798682265,8,11,11,12,17,15,medium,medium,8,uniform,"{""kind"": ""categorical"", ""probs"": [0.5, 0.35, 0.15], ""values"": [3, 4, 5]}",uniform,12,background,fast_dense,Almost every pair shares a token; the specialized dense Numba kernel should dominate sparse enumeration.,16,16,42,43,6,6,17.0,True,exact_agreement,2,0.0,1.7e-05,1.0,0.0,1.0,100.0,True,1.0,1.0,1.0,1.0,,,,,,,,,,,,,,,,,,,,,,
dense_overlap_size,size,dense_common_overlap,n300,nodes_per_tree,300.0,dense_overlap_size__n300,1,fast_dense,fast_dense,True,{},overlap,300,300,90000,151780,11.0,17.0,ok,,17.0,0.0015811790071893483,0.0016233880014624447,0.0019325129978824407,0.0019285500166006386,0.0019481760100461543,0.0019364130081764113,0.0019305315072415397,0.0019403445039642975,1.0377979808260496e-05,3.962981281802058e-06,3.0,"[0.0019481760100461543, 0.0019325129978824407, 0.0019285500166006386]",0.003513692005071789,3.0,1.0,17.0,0.0,0.0,0.09090909090909091,0.08333333333333333,fast_dense_overlap,300.0,300.0,0.0,1.7165002645924687e-05,0.0,0.0019124219834338874,2.745501114986837e-05,0.00196840800344944,90000.0,,,90000,,,,,,1.0,1.0,17.0,17.0,,fast_dense_fit,300.0,300.0,0.0016222670092247427,0.0,0.0,0.0,0.0,0.0016222670092247427,0.0,,,,,,,,,1.0,1.0,,,0.001649571000598371,0.09741119100362994,0.09906076200422831,17.0,17.0,0.0,isolated,1,True,1200.0,0.3723958599730395,0.11252113498630933,0.25987472498673014,200417280.0,191.1328125,resource.ru_maxrss_kib_converted_to_bytes,0.0,"{""BLIS_NUM_THREADS"": ""1"", ""MKL_DYNAMIC"": ""FALSE"", ""MKL_NUM_THREADS"": ""1"", ""NUMBA_NUM_THREADS"": ""1"", ""NUMEXPR_NUM_THREADS"": ""1"", ""OMP_DYNAMIC"": ""FALSE"", ""OMP_NUM_THREADS"": ""1"", ""OPENBLAS_NUM_THREADS"": ""1"", ""PYTHONHASHSEED"": ""0"", ""VECLIB_MAXIMUM_THREADS"": ""1""}",tree_tree,1,0,0,0.01536313199903816,8,11,11,12,16,17,medium,medium,8,uniform,"{""kind"": ""categorical"", ""probs"": [0.5, 0.35, 0.15], ""values"": [3, 4, 5]}",uniform,12,background,fast_dense,Almost every pair shares a token; the specialized dense Numba kernel should dominate sparse enumeration.,16,16,45,39,6,8,17.0,True,exact_agreement,2,0.0,1.7e-05,1.0,0.0,1.0,100.0,True,1.0,1.0,1.0,1.0,,,,,,,,,,,,,,,,,,,,,,
dense_overlap_size,size,dense_common_overlap,n300,nodes_per_tree,300.0,dense_overlap_size__n300,1,exact_dense,generic,True,"{""method"": ""exact""}",overlap,300,300,90000,151780,11.0,17.0,ok,,17.0,8.789938874542713e-07,5.5480049923062325e-06,0.09718854201491922,0.09709534802823327,0.09771372599061579,0.09733253867792276,0.09714194502157625,0.0974511340027675,0.00033339031975629173,9.319398668594658e-05,3.0,"[0.09771372599061579, 0.09718854201491922, 0.09709534802823327]",0.09718942100880668,3.0,1.0,17.0,0.0,0.0,0.09090909090909091,0.08333333333333333,exact_dense,300.0,300.0,0.0,1.103599788621068e-05,0.0,0.1013583580206614,4.2299012420699e-05,0.10142410598928109,90000.0,,83517.0,90000,,,,,,1.0,1.0,17.0,17.0,True,exact_fit,300.0,300.0,4.686007741838694e-06,0.0,0.0,0.0,0.0,4.686007741838694e-06,0.0,,,,,,,,,1.0,1.0,,,1.9230064935982227e-06,0.09850034199189395,0.09850226499838755,17.0,17.0,0.0,isolated,1,True,1200.0,0.8119523340137675,0.5893892819876783,0.22256305202608928,138608640.0,132.1875,resource.ru_maxrss_kib_converted_to_bytes,0.0,"{""BLIS_NUM_THREADS"": ""1"", ""MKL_DYNAMIC"": ""FALSE"", ""MKL_NUM_THREADS"": ""1"", ""NUMBA_NUM_THREADS"": ""1"", ""NUMEXPR_NUM_THREADS"": ""1"", ""OMP_DYNAMIC"": ""FALSE"", ""OMP_NUM_THREADS"": ""1"", ""OPENBLAS_NUM_THREADS"": ""1"", ""PYTHONHASHSEED"": ""0"", ""VECLIB_MAXIMUM_THREADS"": ""1""}",tree_tree,0,1,0,0.01536313199903816,8,11,11,12,16,17,medium,medium,8,uniform,"{""kind"": ""categorical"", ""probs"": [0.5, 0.35, 0.15], ""values"": [3, 4, 5]}",uniform,12,background,fast_dense,Almost every pair shares a token; the specialized dense Numba kernel should dominate sparse enumeration.,16,16,45,39,6,8,17.0,True,exact_agreement,2,0.0,1.7e-05,1.0,0.0,1.0,100.0,True,0.019884164921270087,0.03615302950259783,0.038992986861022684,0.0697831854430865,,,,,,,,,,,,,,,,,,,,,,
dense_overlap_size,size,dense_common_overlap,n300,nodes_per_tree,300.0,dense_overlap_size__n300,2,exact_dense,generic,True,"{""method"": ""exact""}",overlap,300,300,90000,151892,9.0,17.0,ok,,17.0,9.200011845678091e-07,5.579000571742654e-06,0.0974495529953856,0.0973154160019476,0.09762283900636248,0.09746260266789857,0.0973824844986666,0.09753619600087404,0.00015412639739963556,0.00013413699343800545,3.0,"[0.0973154160019476, 0.0974495529953856, 0.09762283900636248]",0.09745047299657017,3.0,1.0,17.0,0.1111111111111111,0.058823529411764705,0.2,0.09090909090909091,exact_dense,300.0,300.0,0.0,1.1045020073652267e-05,0.0,0.10127117301453836,4.734800313599408e-05,0.10134154401021078,90000.0,,83785.0,90000,,,,,,1.0,1.0,17.0,17.0,True,exact_fit,300.0,300.0,4.8009969759732485e-06,0.0,0.0,0.0,0.0,4.8009969759732485e-06,0.0,,,,,,,,,1.0,1.0,,,1.9700091797858477e-06,0.0994361570046749,0.09943812701385468,17.0,17.0,0.0,isolated,1,True,1200.0,0.8149694140010979,0.5915469049941748,0.22342250900692306,138801152.0,132.37109375,resource.ru_maxrss_kib_converted_to_bytes,0.0,"{""BLIS_NUM_THREADS"": ""1"", ""MKL_DYNAMIC"": ""FALSE"", ""MKL_NUM_THREADS"": ""1"", ""NUMBA_NUM_THREADS"": ""1"", ""NUMEXPR_NUM_THREADS"": ""1"", ""OMP_DYNAMIC"": ""FALSE"", ""OMP_NUM_THREADS"": ""1"", ""OPENBLAS_NUM_THREADS"": ""1"", ""PYTHONHASHSEED"": ""0"", ""VECLIB_MAXIMUM_THREADS"": ""1""}",tree_tree,0,0,1,0.015419039991684258,8,9,10,11,12,15,medium,medium,8,uniform,"{""kind"": ""categorical"", ""probs"": [0.5, 0.35, 0.15], ""values"": [3, 4, 5]}",uniform,12,background,fast_dense,Almost every pair shares a token; the specialized dense Numba kernel should dominate sparse enumeration.,16,16,45,38,6,5,17.0,True,exact_agreement,2,0.0,1.7e-05,1.0,0.0,1.0,100.0,True,0.019939701514494278,0.03591868670669592,0.03909976537806322,0.06934653688096995,,,,,,,,,,,,,,,,,,,,,,
dense_overlap_size,size,dense_common_overlap,n300,nodes_per_tree,300.0,dense_overlap_size__n300,2,fast_dense,fast_dense,True,{},overlap,300,300,90000,151892,9.0,17.0,ok,,17.0,0.0015571780095342547,0.0015876200050115585,0.0019431149994488806,0.0019120729994028807,0.0019518929766491055,0.0019356936585002889,0.0019275939994258806,0.001947503988048993,2.092163648185531e-05,8.777977200224996e-06,3.0,"[0.0019431149994488806, 0.0019518929766491055, 0.0019120729994028807]",0.0035002930089831352,3.0,1.0,17.0,0.1111111111111111,0.058823529411764705,0.2,0.09090909090909091,fast_dense_overlap,300.0,300.0,0.0,1.6292993677780032e-05,0.0,0.0019554559839889407,2.688998938538134e-05,0.0020097730157431215,90000.0,,,90000,,,,,,1.0,1.0,17.0,17.0,,fast_dense_fit,300.0,300.0,0.0015866690082475543,0.0,0.0,0.0,0.0,0.0015866690082475543,0.0,,,,,,,,,1.0,1.0,,,0.0016027689853217453,0.0989403820130974,0.10054315099841915,17.0,17.0,0.0,isolated,1,True,1200.0,0.3724908489966765,0.11393389600561932,0.2585569529910572,200749056.0,191.44921875,resource.ru_maxrss_kib_converted_to_bytes,0.0,"{""BLIS_NUM_THREADS"": ""1"", ""MKL_DYNAMIC"": ""FALSE"", ""MKL_NUM_THREADS"": ""1"", ""NUMBA_NUM_THREADS"": ""1"", ""NUMEXPR_NUM_THREADS"": ""1"", ""OMP_DYNAMIC"": ""FALSE"", ""OMP_NUM_THREADS"": ""1"", ""OPENBLAS_NUM_THREADS"": ""1"", ""PYTHONHASHSEED"": ""0"", ""VECLIB_MAXIMUM_THREADS"": ""1""}",tree_tree,1,1,1,0.015419039991684258,8,9,10,11,12,15,medium,medium,8,uniform,"{""kind"": ""categorical"", ""probs"": [0.5, 0.35, 0.15], ""values"": [3, 4, 5]}",uniform,12,background,fast_dense,Almost every pair shares a token; the specialized dense Numba kernel should dominate sparse enumeration.,16,16,45,38,6,5,17.0,True,exact_agreement,2,0.0,1.7e-05,1.0,0.0,1.0,100.0,True,1.0,1.0,1.0,1.0,,,,,,,,,,,,,,,,,,,,,,
dense_overlap_size,size,dense_common_overlap,n300,nodes_per_tree,300.0,dense_overlap_size__n300,3,fast_dense,fast_dense,True,{},overlap,300,300,90000,155608,10.0,17.0,ok,,17.0,0.0014926940202713013,0.0015797060041222721,0.0018958560249302536,0.0018918520072475076,0.0019300199928693473,0.0019059093416823696,0.0018938540160888806,0.0019129380088998005,2.0976192812234115e-05,4.004017682746053e-06,3.0,"[0.0019300199928693473, 0.0018958560249302536, 0.0018918520072475076]",0.003388550045201555,3.0,1.0,17.0,0.2,0.11764705882352941,0.7,0.6666666666666666,fast_dense_overlap,300.0,300.0,0.0,1.4977995306253433e-05,0.0,0.001898271992104128,2.6547990273684263e-05,0.0019506799872033298,90000.0,,,90000,,,,,,1.0,1.0,17.0,17.0,,fast_dense_fit,300.0,300.0,0.0015788140008226037,0.0,0.0,0.0,0.0,0.0015788140008226037,0.0,,,,,,,,,1.0,1.0,,,0.001579698990099132,0.09536081700935028,0.09694051599944942,17.0,17.0,0.0,isolated,1,True,1200.0,0.3643564890080597,0.11012763800681569,0.25422885100124404,200728576.0,191.4296875,resource.ru_maxrss_kib_converted_to_bytes,0.0,"{""BLIS_NUM_THREADS"": ""1"", ""MKL_DYNAMIC"": ""FALSE"", ""MKL_NUM_THREADS"": ""1"", ""NUMBA_NUM_THREADS"": ""1"", ""NUMEXPR_NUM_THREADS"": ""1"", ""OMP_DYNAMIC"": ""FALSE"", ""OMP_NUM_THREADS"": ""1"", ""OPENBLAS_NUM_THREADS"": ""1"", ""PYTHONHASHSEED"": ""0"", ""VECLIB_MAXIMUM_THREADS"": ""1""}",tree_tree,1,0,1,0.01511325899627991,8,10,10,12,15,17,medium,medium,8,uniform,"{""kind"": ""categorical"", ""probs"": [0.5, 0.35, 0.15], ""values"": [3, 4, 5]}",uniform,12,background,fast_dense,Almost every pair shares a token; the specialized dense Numba kernel should dominate sparse enumeration.,16,16,45,40,5,5,17.0,True,exact_agreement,2,0.0,1.7e-05,1.0,0.0,1.0,100.0,True,1.0,1.0,1.0,1.0,,,,,,,,,,,,,,,,,,,,,,
dense_overlap_size,size,dense_common_overlap,n300,nodes_per_tree,300.0,dense_overlap_size__n300,3,exact_dense,generic,True,"{""method"": ""exact""}",overlap,300,300,90000,155608,10.0,17.0,ok,,17.0,9.080104064196348e-07,5.5470154620707035e-06,0.10133272100938484,0.10122658201726153,0.10134320301585831,0.10130083534750156,0.10127965151332319,0.10133796201262157,6.451849272672319e-05,1.0482006473466754e-05,3.0,"[0.10122658201726153, 0.10133272100938484, 0.10134320301585831]",0.10133362901979126,3.0,1.0,17.0,0.2,0.11764705882352941,0.7,0.6666666666666666,exact_dense,300.0,300.0,0.0,1.0966003173962235e-05,0.0,0.10519171299529262,6.240501534193754e-05,0.10527798999100924,90000.0,,84102.0,90000,,,,,,1.0,1.0,17.0,17.0,True,exact_fit,300.0,300.0,4.799017915502191e-06,0.0,0.0,0.0,0.0,4.799017915502191e-06,0.0,,,,,,,,,1.0,1.0,,,2.1440209820866585e-06,0.10321569300140254,0.10321783702238463,17.0,17.0,0.0,isolated,1,True,1200.0,0.8448165050067473,0.6146252970211208,0.23019120798562653,138592256.0,132.171875,resource.ru_maxrss_kib_converted_to_bytes,0.0,"{""BLIS_NUM_THREADS"": ""1"", ""MKL_DYNAMIC"": ""FALSE"", ""MKL_NUM_THREADS"": ""1"", ""NUMBA_NUM_THREADS"": ""1"", ""NUMEXPR_NUM_THREADS"": ""1"", ""OMP_DYNAMIC"": ""FALSE"", ""OMP_NUM_THREADS"": ""1"", ""OPENBLAS_NUM_THREADS"": ""1"", ""PYTHONHASHSEED"": ""0"", ""VECLIB_MAXIMUM_THREADS"": ""1""}",tree_tree,0,1,1,0.01511325899627991,8,10,10,12,15,17,medium,medium,8,uniform,"{""kind"": ""categorical"", ""probs"": [0.5, 0.35, 0.15], ""values"": [3, 4, 5]}",uniform,12,background,fast_dense,Almost every pair shares a token; the specialized dense Numba kernel should dominate sparse enumeration.,16,16,45,40,5,5,17.0,True,exact_agreement,2,0.0,1.7e-05,1.0,0.0,1.0,100.0,True,0.01870921856282405,0.03343954102877086,0.036731224616222996,0.06471504079567612,,,,,,,,,,,,,,,,,,,,,,
dense_overlap_size,size,dense_common_overlap,n300,nodes_per_tree,300.0,dense_overlap_size__n300,4,exact_dense,generic,True,"{""method"": ""exact""}",overlap,300,300,90000,153692,11.0,17.0,ok,,17.0,9.170034900307655e-07,5.377980414777994e-06,0.0991590160119813,0.09905093599809334,0.09969393498613499,0.0993012956654032,0.09910497600503732,0.09942647549905814,0.0003443029908220995,0.00010808001388795674,3.0,"[0.09905093599809334, 0.09969393498613499, 0.0991590160119813]",0.09915993301547132,3.0,1.0,17.0,0.09090909090909091,0.058823529411764705,0.09090909090909091,0.08333333333333333,exact_dense,300.0,300.0,0.0,1.1413008905947208e-05,0.0,0.10346282098907977,5.3647003369405866e-05,0.10354075900977477,90000.0,,83799.0,90000,,,,,,1.0,1.0,17.0,17.0,True,exact_fit,300.0,300.0,4.550995072349906e-06,0.0,0.0,0.0,0.0,4.550995072349906e-06,0.0,,,,,,,,,1.0,1.0,,,2.0719890017062426e-06,0.09988797199912369,0.0998900439881254,17.0,17.0,0.0,isolated,1,True,1200.0,0.824981741985539,0.6008153709990438,0.22416637098649517,138674176.0,132.25,resource.ru_maxrss_kib_converted_to_bytes,0.0,"{""BLIS_NUM_THREADS"": ""1"", ""MKL_DYNAMIC"": ""FALSE"", ""MKL_NUM_THREADS"": ""1"", ""NUMBA_NUM_THREADS"": ""1"", ""NUMEXPR_NUM_THREADS"": ""1"", ""OMP_DYNAMIC"": ""FALSE"", ""OMP_NUM_THREADS"": ""1"", ""OPENBLAS_NUM_THREADS"": ""1"", ""PYTHONHASHSEED"": ""0"", ""VECLIB_MAXIMUM_THREADS"": ""1""}",tree_tree,0,0,2,0.015168563986662775,8,11,11,12,17,17,medium,medium,8,uniform,"{""kind"": ""categorical"", ""probs"": [0.5, 0.35, 0.15], ""values"": [3, 4, 5]}",uniform,12,background,fast_dense,Almost every pair shares a token; the specialized dense Numba kernel should dominate sparse enumeration.,16,16,45,48,6,4,17.0,True,exact_agreement,2,0.0,1.7e-05,1.0,0.0,1.0,100.0,True,0.019169068607430617,0.03448642903919942,0.037617053338604156,0.06667352624669885,,,,,,,,,,,,,,,,,,,,,,
dense_overlap_size,size,dense_common_overlap,n300,nodes_per_tree,300.0,dense_overlap_size__n300,4,fast_dense,fast_dense,True,{},overlap,300,300,90000,153692,11.0,17.0,ok,,17.0,0.0015188860124908388,0.0015784110000822693,0.0019007859809789807,0.0018926879856735468,0.0019008560047950596,0.001898109990482529,0.0018967369833262637,0.0019008209928870201,4.6957244324144756e-06,7.002381607890129e-08,3.0,"[0.0019008560047950596, 0.0019007859809789807, 0.0018926879856735468]",0.0034196719934698194,3.0,1.0,17.0,0.09090909090909091,0.058823529411764705,0.09090909090909091,0.08333333333333333,fast_dense_overlap,300.0,300.0,0.0,1.543699181638658e-05,0.0,0.001881722011603415,2.5437999283894897e-05,0.0019337900157552212,90000.0,,,90000,,,,,,1.0,1.0,17.0,17.0,,fast_dense_fit,300.0,300.0,0.0015774329949636012,0.0,0.0,0.0,0.0,0.0015774329949636012,0.0,,,,,,,,,1.0,1.0,,,0.0016183499828912318,0.09404010401340201,0.09565845399629325,17.0,17.0,0.0,isolated,1,True,1200.0,0.3600459590088576,0.10879989300156012,0.2512460660072975,200708096.0,191.41015625,resource.ru_maxrss_kib_converted_to_bytes,0.0,"{""BLIS_NUM_THREADS"": ""1"", ""MKL_DYNAMIC"": ""FALSE"", ""MKL_NUM_THREADS"": ""1"", ""NUMBA_NUM_THREADS"": ""1"", ""NUMEXPR_NUM_THREADS"": ""1"", ""OMP_DYNAMIC"": ""FALSE"", ""OMP_NUM_THREADS"": ""1"", ""OPENBLAS_NUM_THREADS"": ""1"", ""PYTHONHASHSEED"": ""0"", ""VECLIB_MAXIMUM_THREADS"": ""1""}",tree_tree,1,1,2,0.015168563986662775,8,11,11,12,17,17,medium,medium,8,uniform,"{""kind"": ""categorical"", ""probs"": [0.5, 0.35, 0.15], ""values"": [3, 4, 5]}",uniform,12,background,fast_dense,Almost every pair shares a token; the specialized dense Numba kernel should dominate sparse enumeration.,16,16,45,48,6,4,17.0,True,exact_agreement,2,0.0,1.7e-05,1.0,0.0,1.0,100.0,True,1.0,1.0,1.0,1.0,,,,,,,,,,,,,,,,,,,,,,
dense_overlap_size,size,dense_common_overlap,n600,nodes_per_tree,600.0,dense_overlap_size__n600,0,exact_dense,generic,True,"{""method"": ""exact""}",overlap,600,600,360000,600966,6.0,19.0,ok,,19.0,1.2090022210031748e-06,6.857007974758744e-06,0.3911488610028755,0.3884540470025968,0.3917838739871513,0.39046226066420786,0.38980145400273614,0.3914663674950134,0.0017679089217379827,0.0006350129842758179,3.0,"[0.3917838739871513, 0.3884540470025968, 0.3911488610028755]",0.3911500700050965,3.0,1.0,19.0,0.16666666666666666,0.05263157894736842,0.4,0.375,exact_dense,600.0,600.0,0.0,0.00010688701877370477,0.0,0.40925228598644026,0.0004931070143356919,0.409921526996186,360000.0,,333543.0,360000,,,,,,1.0,1.0,19.0,19.0,True,exact_fit,600.0,600.0,6.032001692801714e-06,0.0,0.0,0.0,0.0,6.032001692801714e-06,0.0,,,,,,,,,1.0,1.0,,,1.9609869923442602e-06,0.39565815799869597,0.3956601189856883,19.0,19.0,0.0,isolated,1,True,1200.0,2.5892016050056554,2.366302727983566,0.22289887702208944,142213120.0,135.625,resource.ru_maxrss_kib_converted_to_bytes,0.0,"{""BLIS_NUM_THREADS"": ""1"", ""MKL_DYNAMIC"": ""FALSE"", ""MKL_NUM_THREADS"": ""1"", ""NUMBA_NUM_THREADS"": ""1"", ""NUMEXPR_NUM_THREADS"": ""1"", ""OMP_DYNAMIC"": ""FALSE"", ""OMP_NUM_THREADS"": ""1"", ""OPENBLAS_NUM_THREADS"": ""1"", ""PYTHONHASHSEED"": ""0"", ""VECLIB_MAXIMUM_THREADS"": ""1""}",tree_tree,0,0,0,0.04625700699398294,8,6,10,8,16,12,medium,medium,8,uniform,"{""kind"": ""categorical"", ""probs"": [0.5, 0.35, 0.15], ""values"": [3, 4, 5]}",uniform,12,background,fast_dense,Almost every pair shares a token; the specialized dense Numba kernel should dominate sparse enumeration.,18,18,76,76,11,15,19.0,True,exact_agreement,2,0.0,1.8999999999999998e-05,1.0,0.0,1.0,100.0,True,0.018828376484172914,0.026768840936319416,0.03696084035104494,0.05214190355038176,,,,,,,,,,,,,,,,,,,,,,
dense_overlap_size,size,dense_common_overlap,n600,nodes_per_tree,600.0,dense_overlap_size__n600,0,fast_dense,fast_dense,True,{},overlap,600,600,360000,600966,6.0,19.0,ok,,19.0,0.0031059359898790717,0.003135375998681411,0.007364698016317561,0.007344882993493229,0.00739379198057577,0.00736779099679552,0.007354790504905395,0.007379244998446666,2.4600755080643693e-05,1.9815022824332118e-05,3.0,"[0.00739379198057577, 0.007364698016317561, 0.007344882993493229]",0.010470634006196633,3.0,1.0,19.0,0.16666666666666666,0.05263157894736842,0.4,0.375,fast_dense_overlap,600.0,600.0,0.0,1.8440012354403734e-05,0.0,0.007808482012478635,3.3935008104890585e-05,0.007872794987633824,360000.0,,,360000,,,,,,1.0,1.0,19.0,19.0,,fast_dense_fit,600.0,600.0,0.0031340079731307924,0.0,0.0,0.0,0.0,0.0031340079731307924,0.0,,,,,,,,,1.0,1.0,,,0.0031921250047162175,0.10457934098667465,0.10777146599139087,19.0,19.0,0.0,isolated,1,True,1200.0,0.411549443990225,0.1519348970032297,0.25961454698699526,201953280.0,192.59765625,resource.ru_maxrss_kib_converted_to_bytes,0.0,"{""BLIS_NUM_THREADS"": ""1"", ""MKL_DYNAMIC"": ""FALSE"", ""MKL_NUM_THREADS"": ""1"", ""NUMBA_NUM_THREADS"": ""1"", ""NUMEXPR_NUM_THREADS"": ""1"", ""OMP_DYNAMIC"": ""FALSE"", ""OMP_NUM_THREADS"": ""1"", ""OPENBLAS_NUM_THREADS"": ""1"", ""PYTHONHASHSEED"": ""0"", ""VECLIB_MAXIMUM_THREADS"": ""1""}",tree_tree,1,1,0,0.04625700699398294,8,6,10,8,16,12,medium,medium,8,uniform,"{""kind"": ""categorical"", ""probs"": [0.5, 0.35, 0.15], ""values"": [3, 4, 5]}",uniform,12,background,fast_dense,Almost every pair shares a token; the specialized dense Numba kernel should dominate sparse enumeration.,18,18,76,76,11,15,19.0,True,exact_agreement,2,0.0,1.8999999999999998e-05,1.0,0.0,1.0,100.0,True,1.0,1.0,1.0,1.0,,,,,,,,,,,,,,,,,,,,,,
dense_overlap_size,size,dense_common_overlap,n600,nodes_per_tree,600.0,dense_overlap_size__n600,1,fast_dense,fast_dense,True,{},overlap,600,600,360000,607807,10.0,19.0,ok,,19.0,0.003006679005920887,0.0030706480029039085,0.007166026975028217,0.007142493996070698,0.007193693978479132,0.007167404983192682,0.007154260485549457,0.0071798604767536744,2.5627792131434025e-05,2.3532978957518935e-05,3.0,"[0.007193693978479132, 0.007166026975028217, 0.007142493996070698]",0.010172705980949104,3.0,1.0,19.0,0.1,0.05263157894736842,0.5454545454545454,0.09090909090909091,fast_dense_overlap,600.0,600.0,0.0,1.7335987649857998e-05,0.0,0.007615669019287452,3.3827003790065646e-05,0.007678627007408068,360000.0,,,360000,,,,,,1.0,1.0,19.0,19.0,,fast_dense_fit,600.0,600.0,0.003069741011131555,0.0,0.0,0.0,0.0,0.003069741011131555,0.0,,,,,,,,,1.0,1.0,,,0.00316402901080437,0.10078610098571517,0.10395012999651954,19.0,19.0,0.0,isolated,1,True,1200.0,0.4016808230080642,0.14697004499612376,0.2547107780119404,201940992.0,192.5859375,resource.ru_maxrss_kib_converted_to_bytes,0.0,"{""BLIS_NUM_THREADS"": ""1"", ""MKL_DYNAMIC"": ""FALSE"", ""MKL_NUM_THREADS"": ""1"", ""NUMBA_NUM_THREADS"": ""1"", ""NUMEXPR_NUM_THREADS"": ""1"", ""OMP_DYNAMIC"": ""FALSE"", ""OMP_NUM_THREADS"": ""1"", ""OPENBLAS_NUM_THREADS"": ""1"", ""PYTHONHASHSEED"": ""0"", ""VECLIB_MAXIMUM_THREADS"": ""1""}",tree_tree,1,0,0,0.02725565299624577,8,10,11,11,16,15,medium,medium,8,uniform,"{""kind"": ""categorical"", ""probs"": [0.5, 0.35, 0.15], ""values"": [3, 4, 5]}",uniform,12,background,fast_dense,Almost every pair shares a token; the specialized dense Numba kernel should dominate sparse enumeration.,18,18,78,85,11,8,19.0,True,exact_agreement,2,0.0,1.8999999999999998e-05,1.0,0.0,1.0,100.0,True,1.0,1.0,1.0,1.0,,,,,,,,,,,,,,,,,,,,,,
dense_overlap_size,size,dense_common_overlap,n600,nodes_per_tree,600.0,dense_overlap_size__n600,1,exact_dense,generic,True,"{""method"": ""exact""}",overlap,600,600,360000,607807,10.0,19.0,ok,,19.0,1.134001649916172e-06,6.4159976318478584e-06,0.40694797498872504,0.4056968090008013,0.40702081797644496,0.40655520065532375,0.40632239199476317,0.406984396482585,0.0007442806591806327,7.284298771992326e-05,3.0,"[0.4056968090008013, 0.40694797498872504, 0.40702081797644496]",0.40694910899037495,3.0,1.0,19.0,0.1,0.05263157894736842,0.5454545454545454,0.09090909090909091,exact_dense,600.0,600.0,0.0,0.00010336900595575571,0.0,0.42055860901018605,0.0005015539936721325,0.42123208500561304,360000.0,,334365.0,360000,,,,,,1.0,1.0,19.0,19.0,True,exact_fit,600.0,600.0,5.362991942092776e-06,0.0,0.0,0.0,0.0,5.362991942092776e-06,0.0,,,,,,,,,1.0,1.0,,,2.0780134946107864e-06,0.4116057099890895,0.41160778800258413,19.0,19.0,0.0,isolated,1,True,1200.0,2.6897663490090054,2.4608603320084512,0.22890601700055413,142213120.0,135.625,resource.ru_maxrss_kib_converted_to_bytes,0.0,"{""BLIS_NUM_THREADS"": ""1"", ""MKL_DYNAMIC"": ""FALSE"", ""MKL_NUM_THREADS"": ""1"", ""NUMBA_NUM_THREADS"": ""1"", ""NUMEXPR_NUM_THREADS"": ""1"", ""OMP_DYNAMIC"": ""FALSE"", ""OMP_NUM_THREADS"": ""1"", ""OPENBLAS_NUM_THREADS"": ""1"", ""PYTHONHASHSEED"": ""0"", ""VECLIB_MAXIMUM_THREADS"": ""1""}",tree_tree,0,1,0,0.02725565299624577,8,10,11,11,16,15,medium,medium,8,uniform,"{""kind"": ""categorical"", ""probs"": [0.5, 0.35, 0.15], ""values"": [3, 4, 5]}",uniform,12,background,fast_dense,Almost every pair shares a token; the specialized dense Numba kernel should dominate sparse enumeration.,18,18,78,85,11,8,19.0,True,exact_agreement,2,0.0,1.8999999999999998e-05,1.0,0.0,1.0,100.0,True,0.01760919679039258,0.024997489259006352,0.034608957635078694,0.04877570827432484,,,,,,,,,,,,,,,,,,,,,,
dense_overlap_size,size,dense_common_overlap,n600,nodes_per_tree,600.0,dense_overlap_size__n600,2,exact_dense,generic,True,"{""method"": ""exact""}",overlap,600,600,360000,601466,10.0,19.0,ok,,19.0,1.114007318392396e-06,5.720998160541058e-06,0.40393507899716496,0.4034001950058155,0.4160103310132399,0.40778186833874014,0.4036676370014902,0.40997270500520244,0.0071310745130224095,0.0005348839913494885,3.0,"[0.4160103310132399, 0.40393507899716496, 0.4034001950058155]",0.40393619300448336,3.0,1.0,19.0,0.0,0.0,0.09090909090909091,0.0,exact_dense,600.0,600.0,0.0,0.00010274298256263137,0.0,0.41873864200897515,0.0004848949902225286,0.41939861502032727,360000.0,,333371.0,360000,,,,,,1.0,1.0,19.0,19.0,True,exact_fit,600.0,600.0,4.909001290798187e-06,0.0,0.0,0.0,0.0,4.909001290798187e-06,0.0,,,,,,,,,1.0,1.0,,,2.102984581142664e-06,0.4089356650074478,0.40893776799202897,19.0,19.0,0.0,isolated,1,True,1200.0,2.6862743250094354,2.45788651399198,0.22838781101745553,142213120.0,135.625,resource.ru_maxrss_kib_converted_to_bytes,0.0,"{""BLIS_NUM_THREADS"": ""1"", ""MKL_DYNAMIC"": ""FALSE"", ""MKL_NUM_THREADS"": ""1"", ""NUMBA_NUM_THREADS"": ""1"", ""NUMEXPR_NUM_THREADS"": ""1"", ""OMP_DYNAMIC"": ""FALSE"", ""OMP_NUM_THREADS"": ""1"", ""OPENBLAS_NUM_THREADS"": ""1"", ""PYTHONHASHSEED"": ""0"", ""VECLIB_MAXIMUM_THREADS"": ""1""}",tree_tree,0,0,1,0.026110639999387786,8,10,11,11,17,16,medium,medium,8,uniform,"{""kind"": ""categorical"", ""probs"": [0.5, 0.35, 0.15], ""values"": [3, 4, 5]}",uniform,12,background,fast_dense,Almost every pair shares a token; the specialized dense Numba kernel should dominate sparse enumeration.,18,18,67,73,9,8,19.0,True,exact_agreement,2,0.0,1.8999999999999998e-05,1.0,0.0,1.0,100.0,True,0.01770787282208543,0.025060693181215603,0.034799520166787785,0.04889601825125343,,,,,,,,,,,,,,,,,,,,,,
dense_overlap_size,size,dense_common_overlap,n600,nodes_per_tree,600.0,dense_overlap_size__n600,2,fast_dense,fast_dense,True,{},overlap,600,600,360000,601466,10.0,19.0,ok,,19.0,0.0029700899904128164,0.0030376949871424586,0.007152831007260829,0.007142607006244361,0.00718248900375329,0.007159309005752827,0.007147719006752595,0.007167660005507059,2.07151340732393e-05,1.022400101646781e-05,3.0,"[0.00718248900375329, 0.007152831007260829, 0.007142607006244361]",0.010122920997673646,3.0,1.0,19.0,0.0,0.0,0.09090909090909091,0.0,fast_dense_overlap,600.0,600.0,0.0,1.6722013242542744e-05,0.0,0.007597969000926241,3.1648000003769994e-05,0.007657508016563952,360000.0,,,360000,,,,,,1.0,1.0,19.0,19.0,,fast_dense_fit,600.0,600.0,0.0030366969876922667,0.0,0.0,0.0,0.0,0.0030366969876922667,0.0,,,,,,,,,1.0,1.0,,,0.0030535490077454597,0.10042694100411609,0.10348049001186155,19.0,19.0,0.0,isolated,1,True,1200.0,0.39953508198959753,0.14630319600109942,0.2532318859884981,201822208.0,192.47265625,resource.ru_maxrss_kib_converted_to_bytes,0.0,"{""BLIS_NUM_THREADS"": ""1"", ""MKL_DYNAMIC"": ""FALSE"", ""MKL_NUM_THREADS"": ""1"", ""NUMBA_NUM_THREADS"": ""1"", ""NUMEXPR_NUM_THREADS"": ""1"", ""OMP_DYNAMIC"": ""FALSE"", ""OMP_NUM_THREADS"": ""1"", ""OPENBLAS_NUM_THREADS"": ""1"", ""PYTHONHASHSEED"": ""0"", ""VECLIB_MAXIMUM_THREADS"": ""1""}",tree_tree,1,1,1,0.026110639999387786,8,10,11,11,17,16,medium,medium,8,uniform,"{""kind"": ""categorical"", ""probs"": [0.5, 0.35, 0.15], ""values"": [3, 4, 5]}",uniform,12,background,fast_dense,Almost every pair shares a token; the specialized dense Numba kernel should dominate sparse enumeration.,18,18,67,73,9,8,19.0,True,exact_agreement,2,0.0,1.8999999999999998e-05,1.0,0.0,1.0,100.0,True,1.0,1.0,1.0,1.0,,,,,,,,,,,,,,,,,,,,,,
dense_overlap_size,size,dense_common_overlap,n600,nodes_per_tree,600.0,dense_overlap_size__n600,3,fast_dense,fast_dense,True,{},overlap,600,600,360000,596336,10.0,19.0,ok,,19.0,0.002949455985799432,0.0030395959911402315,0.0071000570023898035,0.007100045011611655,0.007142318005207926,0.007114140006403129,0.0071000510070007294,0.007121187503798865,2.440286352924748e-05,1.1990778148174286e-08,3.0,"[0.007142318005207926, 0.007100045011611655, 0.0071000570023898035]",0.010049512988189235,3.0,1.0,19.0,0.1,0.05263157894736842,0.09090909090909091,0.7272727272727273,fast_dense_overlap,600.0,600.0,0.0,1.753299147821963e-05,0.0,0.007514070981414989,3.277600626461208e-05,0.007576359988888726,360000.0,,,360000,,,,,,1.0,1.0,19.0,19.0,,fast_dense_fit,600.0,600.0,0.003038337978068739,0.0,0.0,0.0,0.0,0.003038337978068739,0.0,,,,,,,,,1.0,1.0,,,0.003095819993177429,0.10046792199136689,0.10356374198454432,19.0,19.0,0.0,isolated,1,True,1200.0,0.4005082469957415,0.14617923001060262,0.2543290169851389,201879552.0,192.52734375,resource.ru_maxrss_kib_converted_to_bytes,0.0,"{""BLIS_NUM_THREADS"": ""1"", ""MKL_DYNAMIC"": ""FALSE"", ""MKL_NUM_THREADS"": ""1"", ""NUMBA_NUM_THREADS"": ""1"", ""NUMEXPR_NUM_THREADS"": ""1"", ""OMP_DYNAMIC"": ""FALSE"", ""OMP_NUM_THREADS"": ""1"", ""OPENBLAS_NUM_THREADS"": ""1"", ""PYTHONHASHSEED"": ""0"", ""VECLIB_MAXIMUM_THREADS"": ""1""}",tree_tree,1,0,1,0.027018586988560855,8,10,11,11,19,19,medium,medium,8,uniform,"{""kind"": ""categorical"", ""probs"": [0.5, 0.35, 0.15], ""values"": [3, 4, 5]}",uniform,12,background,fast_dense,Almost every pair shares a token; the specialized dense Numba kernel should dominate sparse enumeration.,18,18,71,88,9,10,19.0,True,exact_agreement,2,0.0,1.8999999999999998e-05,1.0,0.0,1.0,100.0,True,1.0,1.0,1.0,1.0,,,,,,,,,,,,,,,,,,,,,,
dense_overlap_size,size,dense_common_overlap,n600,nodes_per_tree,600.0,dense_overlap_size__n600,3,exact_dense,generic,True,"{""method"": ""exact""}",overlap,600,600,360000,596336,10.0,19.0,ok,,19.0,1.0649964679032564e-06,6.2489998526871204e-06,0.40565653500379995,0.4048531720181927,0.4068198370223399,0.4057765146814442,0.4052548535109963,0.40623818601306994,0.0009888069335922238,0.0008033629856072366,3.0,"[0.40565653500379995, 0.4068198370223399, 0.4048531720181927]",0.40565760000026785,3.0,1.0,19.0,0.1,0.05263157894736842,0.09090909090909091,0.7272727272727273,exact_dense,600.0,600.0,0.0,0.00010355201084166765,0.0,0.4186772500106599,0.0005041499971412122,0.41935210599331185,360000.0,,332490.0,360000,,,,,,1.0,1.0,19.0,19.0,True,exact_fit,600.0,600.0,5.4340052884072065e-06,0.0,0.0,0.0,0.0,5.4340052884072065e-06,0.0,,,,,,,,,1.0,1.0,,,2.001994289457798e-06,0.4082334100094158,0.4082354120037053,19.0,19.0,0.0,isolated,1,True,1200.0,2.6801344440027606,2.4507234309858177,0.2294110130169429,142213120.0,135.625,resource.ru_maxrss_kib_converted_to_bytes,0.0,"{""BLIS_NUM_THREADS"": ""1"", ""MKL_DYNAMIC"": ""FALSE"", ""MKL_NUM_THREADS"": ""1"", ""NUMBA_NUM_THREADS"": ""1"", ""NUMEXPR_NUM_THREADS"": ""1"", ""OMP_DYNAMIC"": ""FALSE"", ""OMP_NUM_THREADS"": ""1"", ""OPENBLAS_NUM_THREADS"": ""1"", ""PYTHONHASHSEED"": ""0"", ""VECLIB_MAXIMUM_THREADS"": ""1""}",tree_tree,0,1,1,0.027018586988560855,8,10,11,11,19,19,medium,medium,8,uniform,"{""kind"": ""categorical"", ""probs"": [0.5, 0.35, 0.15], ""values"": [3, 4, 5]}",uniform,12,background,fast_dense,Almost every pair shares a token; the specialized dense Numba kernel should dominate sparse enumeration.,18,18,71,88,9,10,19.0,True,exact_agreement,2,0.0,1.8999999999999998e-05,1.0,0.0,1.0,100.0,True,0.017502631881237397,0.02477338767517877,0.03440311864132907,0.04834900666454692,,,,,,,,,,,,,,,,,,,,,,
dense_overlap_size,size,dense_common_overlap,n600,nodes_per_tree,600.0,dense_overlap_size__n600,4,exact_dense,generic,True,"{""method"": ""exact""}",overlap,600,600,360000,593920,9.0,19.0,ok,,19.0,1.067004632204771e-06,5.4679985623806715e-06,0.3956636060029268,0.39562246698187664,0.39578280301066115,0.39568962533182156,0.39564303649240173,0.395723204506794,8.32746338250465e-05,4.1139021050184965e-05,3.0,"[0.3956636060029268, 0.39578280301066115, 0.39562246698187664]",0.39566467300755903,3.0,1.0,19.0,0.0,0.0,0.09090909090909091,0.0,exact_dense,600.0,600.0,0.0,0.0001028889964800328,0.0,0.4052925099967979,0.00048248100210912526,0.405946631974075,360000.0,,332632.0,360000,,,,,,1.0,1.0,19.0,19.0,True,exact_fit,600.0,600.0,4.744011675938964e-06,0.0,0.0,0.0,0.0,4.744011675938964e-06,0.0,,,,,,,,,1.0,1.0,,,2.02897354029119e-06,0.3954013010079507,0.39540332998149097,19.0,19.0,0.0,isolated,1,True,1200.0,2.609410361998016,2.3851563560019713,0.22425400599604473,142213120.0,135.625,resource.ru_maxrss_kib_converted_to_bytes,0.0,"{""BLIS_NUM_THREADS"": ""1"", ""MKL_DYNAMIC"": ""FALSE"", ""MKL_NUM_THREADS"": ""1"", ""NUMBA_NUM_THREADS"": ""1"", ""NUMEXPR_NUM_THREADS"": ""1"", ""OMP_DYNAMIC"": ""FALSE"", ""OMP_NUM_THREADS"": ""1"", ""OPENBLAS_NUM_THREADS"": ""1"", ""PYTHONHASHSEED"": ""0"", ""VECLIB_MAXIMUM_THREADS"": ""1""}",tree_tree,0,0,2,0.02752538799541071,8,9,11,10,19,19,medium,medium,8,uniform,"{""kind"": ""categorical"", ""probs"": [0.5, 0.35, 0.15], ""values"": [3, 4, 5]}",uniform,12,background,fast_dense,Almost every pair shares a token; the specialized dense Numba kernel should dominate sparse enumeration.,18,18,83,81,10,10,19.0,True,exact_agreement,2,0.0,1.8999999999999998e-05,1.0,0.0,1.0,100.0,True,0.018551559658397214,0.026218203711988627,0.036427335430361626,0.051096742617025036,,,,,,,,,,,,,,,,,,,,,,
dense_overlap_size,size,dense_common_overlap,n600,nodes_per_tree,600.0,dense_overlap_size__n600,4,fast_dense,fast_dense,True,{},overlap,600,600,360000,593920,9.0,19.0,ok,,19.0,0.003033440007129684,0.0030932960216887295,0.007340176991419867,0.007302517013158649,0.007340759999351576,0.007327818001310031,0.007321347002289258,0.007340468495385721,2.191323745226538e-05,5.830079317092896e-07,3.0,"[0.007340759999351576, 0.007302517013158649, 0.007340176991419867]",0.01037361699854955,3.0,1.0,19.0,0.0,0.0,0.09090909090909091,0.0,fast_dense_overlap,600.0,600.0,0.0,1.7619982827454805e-05,0.0,0.007769885007292032,3.2679003197699785e-05,0.007831868977518752,360000.0,,,360000,,,,,,1.0,1.0,19.0,19.0,,fast_dense_fit,600.0,600.0,0.0030922460136935115,0.0,0.0,0.0,0.0,0.0030922460136935115,0.0,,,,,,,,,1.0,1.0,,,0.0031836720008868724,0.10324925201712176,0.10643292401800863,19.0,19.0,0.0,isolated,1,True,1200.0,0.4089185960183386,0.15028348698979244,0.25863510902854614,202264576.0,192.89453125,resource.ru_maxrss_kib_converted_to_bytes,0.0,"{""BLIS_NUM_THREADS"": ""1"", ""MKL_DYNAMIC"": ""FALSE"", ""MKL_NUM_THREADS"": ""1"", ""NUMBA_NUM_THREADS"": ""1"", ""NUMEXPR_NUM_THREADS"": ""1"", ""OMP_DYNAMIC"": ""FALSE"", ""OMP_NUM_THREADS"": ""1"", ""OPENBLAS_NUM_THREADS"": ""1"", ""PYTHONHASHSEED"": ""0"", ""VECLIB_MAXIMUM_THREADS"": ""1""}",tree_tree,1,1,2,0.02752538799541071,8,9,11,10,19,19,medium,medium,8,uniform,"{""kind"": ""categorical"", ""probs"": [0.5, 0.35, 0.15], ""values"": [3, 4, 5]}",uniform,12,background,fast_dense,Almost every pair shares a token; the specialized dense Numba kernel should dominate sparse enumeration.,18,18,83,81,10,10,19.0,True,exact_agreement,2,0.0,1.8999999999999998e-05,1.0,0.0,1.0,100.0,True,1.0,1.0,1.0,1.0,,,,,,,,,,,,,,,,,,,,,,
dense_overlap_size,size,dense_common_overlap,n1000,nodes_per_tree,1000.0,dense_overlap_size__n1000,0,exact_dense,generic,True,"{""method"": ""exact""}",overlap,1000,1000,1000000,1659390,11.0,21.0,ok,,21.0,1.5870027709752321e-06,7.113994797691703e-06,1.085275186022045,1.0838067089789547,1.0864372669893783,1.0851730539967928,1.0845409475005,1.0858562265057117,0.001318249625255969,0.0011620809673331678,3.0,"[1.0838067089789547, 1.0864372669893783, 1.085275186022045]",1.085276773024816,3.0,1.0,21.0,0.09090909090909091,0.047619047619047616,0.5454545454545454,0.09090909090909091,exact_dense,1000.0,1000.0,0.0,9.331098408438265e-05,0.0,1.120810132008046,0.0015294059994630516,1.1226370069780387,1000000.0,,925147.0,1000000,,,,,,1.0,1.0,21.0,21.0,True,exact_fit,1000.0,1000.0,6.232003215700388e-06,0.0,0.0,0.0,0.0,6.232003215700388e-06,0.0,,,,,,,,,1.0,1.0,,,1.961016096174717e-06,1.0955419250240084,1.0955438860401046,21.0,21.0,0.0,isolated,1,True,1200.0,6.782940564007731,6.558683640003437,0.22425692400429398,146587648.0,139.796875,resource.ru_maxrss_kib_converted_to_bytes,0.0,"{""BLIS_NUM_THREADS"": ""1"", ""MKL_DYNAMIC"": ""FALSE"", ""MKL_NUM_THREADS"": ""1"", ""NUMBA_NUM_THREADS"": ""1"", ""NUMEXPR_NUM_THREADS"": ""1"", ""OMP_DYNAMIC"": ""FALSE"", ""OMP_NUM_THREADS"": ""1"", ""OPENBLAS_NUM_THREADS"": ""1"", ""PYTHONHASHSEED"": ""0"", ""VECLIB_MAXIMUM_THREADS"": ""1""}",tree_tree,0,0,0,0.04114887598552741,8,11,11,11,13,14,medium,medium,8,uniform,"{""kind"": ""categorical"", ""probs"": [0.5, 0.35, 0.15], ""values"": [3, 4, 5]}",uniform,12,background,fast_dense,Almost every pair shares a token; the specialized dense Numba kernel should dominate sparse enumeration.,20,20,140,109,16,16,21.0,True,exact_agreement,2,0.0,2.1e-05,1.0,0.0,1.0,100.0,True,0.018449831234308888,0.023131493869370506,0.03623120288988342,0.04521704982785692,,,,,,,,,,,,,,,,,,,,,,
dense_overlap_size,size,dense_common_overlap,n1000,nodes_per_tree,1000.0,dense_overlap_size__n1000,0,fast_dense,fast_dense,True,{},overlap,1000,1000,1000000,1659390,11.0,21.0,ok,,21.0,0.005080928996903822,0.005115677980938926,0.020023144024889916,0.020015624002553523,0.020049004000611603,0.020029257342685014,0.02001938401372172,0.02003607401275076,1.7509584759132986e-05,7.520022336393595e-06,3.0,"[0.020015624002553523, 0.020023144024889916, 0.020049004000611603]",0.025104073021793738,3.0,1.0,21.0,0.09090909090909091,0.047619047619047616,0.5454545454545454,0.09090909090909091,fast_dense_overlap,1000.0,1000.0,0.0,1.8984981579706073e-05,0.0,0.02147634600987658,4.6797009417787194e-05,0.02155538700753823,1000000.0,,,1000000,,,,,,1.0,1.0,21.0,21.0,,fast_dense_fit,1000.0,1000.0,0.005114479019539431,0.0,0.0,0.0,0.0,0.005114479019539431,0.0,,,,,,,,,1.0,1.0,,,0.005312827008310705,0.116833548003342,0.12214637501165271,21.0,21.0,0.0,isolated,1,True,1200.0,0.4938547440106049,0.23468880201107822,0.2591659419995267,205250560.0,195.7421875,resource.ru_maxrss_kib_converted_to_bytes,0.0,"{""BLIS_NUM_THREADS"": ""1"", ""MKL_DYNAMIC"": ""FALSE"", ""MKL_NUM_THREADS"": ""1"", ""NUMBA_NUM_THREADS"": ""1"", ""NUMEXPR_NUM_THREADS"": ""1"", ""OMP_DYNAMIC"": ""FALSE"", ""OMP_NUM_THREADS"": ""1"", ""OPENBLAS_NUM_THREADS"": ""1"", ""PYTHONHASHSEED"": ""0"", ""VECLIB_MAXIMUM_THREADS"": ""1""}",tree_tree,1,1,0,0.04114887598552741,8,11,11,11,13,14,medium,medium,8,uniform,"{""kind"": ""categorical"", ""probs"": [0.5, 0.35, 0.15], ""values"": [3, 4, 5]}",uniform,12,background,fast_dense,Almost every pair shares a token; the specialized dense Numba kernel should dominate sparse enumeration.,20,20,140,109,16,16,21.0,True,exact_agreement,2,0.0,2.1e-05,1.0,0.0,1.0,100.0,True,1.0,1.0,1.0,1.0,,,,,,,,,,,,,,,,,,,,,,
dense_overlap_size,size,dense_common_overlap,n1000,nodes_per_tree,1000.0,dense_overlap_size__n1000,1,fast_dense,fast_dense,True,{},overlap,1000,1000,1000000,1670277,10.0,21.0,ok,,21.0,0.004869060998316854,0.005020600976422429,0.019451224012300372,0.01942653101286851,0.01950371899874881,0.019460491341305897,0.01943887751258444,0.01947747150552459,3.9419650318551034e-05,2.4692999431863427e-05,3.0,"[0.019451224012300372, 0.01942653101286851, 0.01950371899874881]",0.024320285010617226,3.0,1.0,21.0,0.1,0.047619047619047616,0.08333333333333333,0.1,fast_dense_overlap,1000.0,1000.0,0.0,1.713700476102531e-05,0.0,0.020848187006777152,3.7663994589820504e-05,0.020915046014124528,1000000.0,,,1000000,,,,,,1.0,1.0,21.0,21.0,,fast_dense_fit,1000.0,1000.0,0.005019639997044578,0.0,0.0,0.0,0.0,0.005019639997044578,0.0,,,,,,,,,1.0,1.0,,,0.005076040979474783,0.11371940901153721,0.11879544999101199,21.0,21.0,0.0,isolated,1,True,1200.0,0.4834032969956752,0.2279828600003384,0.2554204369953368,205373440.0,195.859375,resource.ru_maxrss_kib_converted_to_bytes,0.0,"{""BLIS_NUM_THREADS"": ""1"", ""MKL_DYNAMIC"": ""FALSE"", ""MKL_NUM_THREADS"": ""1"", ""NUMBA_NUM_THREADS"": ""1"", ""NUMEXPR_NUM_THREADS"": ""1"", ""OMP_DYNAMIC"": ""FALSE"", ""OMP_NUM_THREADS"": ""1"", ""OPENBLAS_NUM_THREADS"": ""1"", ""PYTHONHASHSEED"": ""0"", ""VECLIB_MAXIMUM_THREADS"": ""1""}",tree_tree,1,0,0,0.04443370897206478,8,10,12,10,14,21,medium,medium,8,uniform,"{""kind"": ""categorical"", ""probs"": [0.5, 0.35, 0.15], ""values"": [3, 4, 5]}",uniform,12,background,fast_dense,Almost every pair shares a token; the specialized dense Numba kernel should dominate sparse enumeration.,20,20,118,100,16,12,21.0,True,exact_agreement,2,0.0,2.1e-05,1.0,0.0,1.0,100.0,True,1.0,1.0,1.0,1.0,,,,,,,,,,,,,,,,,,,,,,
dense_overlap_size,size,dense_common_overlap,n1000,nodes_per_tree,1000.0,dense_overlap_size__n1000,1,exact_dense,generic,True,"{""method"": ""exact""}",overlap,1000,1000,1000000,1670277,10.0,21.0,ok,,21.0,1.5629921108484268e-06,7.518974598497152e-06,1.1151870969915763,1.1144432809960563,1.1184826800017618,1.1160376859964647,1.1148151889938163,1.116834888496669,0.00214984006922644,0.0007438159955199808,3.0,"[1.1144432809960563, 1.1184826800017618, 1.1151870969915763]",1.115188659983687,3.0,1.0,21.0,0.1,0.047619047619047616,0.08333333333333333,0.1,exact_dense,1000.0,1000.0,0.0,9.48410015553236e-05,0.0,1.168779851985164,0.0014418810023926198,1.170486785005778,1000000.0,,926806.0,1000000,,,,,,1.0,1.0,21.0,21.0,True,exact_fit,1000.0,1000.0,6.67999847792089e-06,0.0,0.0,0.0,0.0,6.67999847792089e-06,0.0,,,,,,,,,1.0,1.0,,,2.2939930204302073e-06,1.1280222790082917,1.128024573001312,21.0,21.0,0.0,isolated,1,True,1200.0,6.99387002599542,6.763105933991028,0.2307640920043923,146583552.0,139.79296875,resource.ru_maxrss_kib_converted_to_bytes,0.0,"{""BLIS_NUM_THREADS"": ""1"", ""MKL_DYNAMIC"": ""FALSE"", ""MKL_NUM_THREADS"": ""1"", ""NUMBA_NUM_THREADS"": ""1"", ""NUMEXPR_NUM_THREADS"": ""1"", ""OMP_DYNAMIC"": ""FALSE"", ""OMP_NUM_THREADS"": ""1"", ""OPENBLAS_NUM_THREADS"": ""1"", ""PYTHONHASHSEED"": ""0"", ""VECLIB_MAXIMUM_THREADS"": ""1""}",tree_tree,0,1,0,0.04443370897206478,8,10,12,10,14,21,medium,medium,8,uniform,"{""kind"": ""categorical"", ""probs"": [0.5, 0.35, 0.15], ""values"": [3, 4, 5]}",uniform,12,background,fast_dense,Almost every pair shares a token; the specialized dense Numba kernel should dominate sparse enumeration.,20,20,118,100,16,12,21.0,True,exact_agreement,2,0.0,2.1e-05,1.0,0.0,1.0,100.0,True,0.0174421171700907,0.02180822481729054,0.03428621024379083,0.04268555348767145,,,,,,,,,,,,,,,,,,,,,,
dense_overlap_size,size,dense_common_overlap,n1000,nodes_per_tree,1000.0,dense_overlap_size__n1000,2,exact_dense,generic,True,"{""method"": ""exact""}",overlap,1000,1000,1000000,1693787,10.0,21.0,ok,,21.0,1.8769933376461267e-06,7.08398874849081e-06,1.1263502570218407,1.1251066810218617,1.1282718069851398,1.1265762483429473,1.1257284690218512,1.1273110320034903,0.0015946189666393613,0.0012435759999789298,3.0,"[1.1251066810218617, 1.1263502570218407, 1.1282718069851398]",1.1263521340151783,3.0,1.0,21.0,0.6,0.2857142857142857,0.8181818181818182,0.9090909090909091,exact_dense,1000.0,1000.0,0.0,9.743499686010182e-05,0.0,1.1636826309841126,0.0016045650118030608,1.165594116988359,1000000.0,,929976.0,1000000,,,,,,1.0,1.0,21.0,21.0,True,exact_fit,1000.0,1000.0,6.179994670674205e-06,0.0,0.0,0.0,0.0,6.179994670674205e-06,0.0,,,,,,,,,1.0,1.0,,,2.101995050907135e-06,1.144372968992684,1.144375070987735,21.0,21.0,0.0,isolated,1,True,1200.0,7.069249749009032,6.818460745998891,0.25078900301014073,146595840.0,139.8046875,resource.ru_maxrss_kib_converted_to_bytes,0.0,"{""BLIS_NUM_THREADS"": ""1"", ""MKL_DYNAMIC"": ""FALSE"", ""MKL_NUM_THREADS"": ""1"", ""NUMBA_NUM_THREADS"": ""1"", ""NUMEXPR_NUM_THREADS"": ""1"", ""OMP_DYNAMIC"": ""FALSE"", ""OMP_NUM_THREADS"": ""1"", ""OPENBLAS_NUM_THREADS"": ""1"", ""PYTHONHASHSEED"": ""0"", ""VECLIB_MAXIMUM_THREADS"": ""1""}",tree_tree,0,0,1,0.04470045800553635,8,10,11,11,20,21,medium,medium,8,uniform,"{""kind"": ""categorical"", ""probs"": [0.5, 0.35, 0.15], ""values"": [3, 4, 5]}",uniform,12,background,fast_dense,Almost every pair shares a token; the specialized dense Numba kernel should dominate sparse enumeration.,20,20,108,115,13,15,21.0,True,exact_agreement,2,0.0,2.1e-05,1.0,0.0,1.0,100.0,True,0.017229406129371627,0.02161374606911749,0.033875163312336226,0.04231295076496593,,,,,,,,,,,,,,,,,,,,,,
dense_overlap_size,size,dense_common_overlap,n1000,nodes_per_tree,1000.0,dense_overlap_size__n1000,2,fast_dense,fast_dense,True,{},overlap,1000,1000,1000000,1693787,10.0,21.0,ok,,21.0,0.004938342986861244,0.005038101982790977,0.01940634602215141,0.019398711010580882,0.01957252700231038,0.019459194678347558,0.019402528516366147,0.019489436512230895,9.822288476486093e-05,7.63501157052815e-06,3.0,"[0.01957252700231038, 0.01940634602215141, 0.019398711010580882]",0.024344689009012654,3.0,1.0,21.0,0.6,0.2857142857142857,0.8181818181818182,0.9090909090909091,fast_dense_overlap,1000.0,1000.0,0.0,1.755400444380939e-05,0.0,0.02087582999956794,4.5913009671494365e-05,0.02095170400571078,1000000.0,,,1000000,,,,,,1.0,1.0,21.0,21.0,,fast_dense_fit,1000.0,1000.0,0.005037038994487375,0.0,0.0,0.0,0.0,0.005037038994487375,0.0,,,,,,,,,1.0,1.0,,,0.005125380004756153,0.11400292097823694,0.1191283009829931,21.0,21.0,0.0,isolated,1,True,1200.0,0.48241851598140784,0.22850675199879333,0.2539117639826145,205467648.0,195.94921875,resource.ru_maxrss_kib_converted_to_bytes,0.0,"{""BLIS_NUM_THREADS"": ""1"", ""MKL_DYNAMIC"": ""FALSE"", ""MKL_NUM_THREADS"": ""1"", ""NUMBA_NUM_THREADS"": ""1"", ""NUMEXPR_NUM_THREADS"": ""1"", ""OMP_DYNAMIC"": ""FALSE"", ""OMP_NUM_THREADS"": ""1"", ""OPENBLAS_NUM_THREADS"": ""1"", ""PYTHONHASHSEED"": ""0"", ""VECLIB_MAXIMUM_THREADS"": ""1""}",tree_tree,1,1,1,0.04470045800553635,8,10,11,11,20,21,medium,medium,8,uniform,"{""kind"": ""categorical"", ""probs"": [0.5, 0.35, 0.15], ""values"": [3, 4, 5]}",uniform,12,background,fast_dense,Almost every pair shares a token; the specialized dense Numba kernel should dominate sparse enumeration.,20,20,108,115,13,15,21.0,True,exact_agreement,2,0.0,2.1e-05,1.0,0.0,1.0,100.0,True,1.0,1.0,1.0,1.0,,,,,,,,,,,,,,,,,,,,,,
dense_overlap_size,size,dense_common_overlap,n1000,nodes_per_tree,1000.0,dense_overlap_size__n1000,3,fast_dense,fast_dense,True,{},overlap,1000,1000,1000000,1666315,10.0,21.0,ok,,21.0,0.00485149200540036,0.005050248000770807,0.019226458010962233,0.019201055984012783,0.019308882008772343,0.019245465334582452,0.019213756997487508,0.019267670009867288,5.636995358579947e-05,2.5402026949450374e-05,3.0,"[0.019308882008772343, 0.019226458010962233, 0.019201055984012783]",0.024077950016362593,3.0,1.0,21.0,0.5,0.23809523809523808,0.5833333333333334,0.6,fast_dense_overlap,1000.0,1000.0,0.0,1.7525017028674483e-05,0.0,0.02076708700042218,4.455199814401567e-05,0.02084205497521907,1000000.0,,,1000000,,,,,,1.0,1.0,21.0,21.0,,fast_dense_fit,1000.0,1000.0,0.005049137020250782,0.0,0.0,0.0,0.0,0.005049137020250782,0.0,,,,,,,,,1.0,1.0,,,0.005084890988655388,0.1134138549969066,0.11849874598556198,21.0,21.0,0.0,isolated,1,True,1200.0,0.4815281060000416,0.2269330870185513,0.2545950189814903,205438976.0,195.921875,resource.ru_maxrss_kib_converted_to_bytes,0.0,"{""BLIS_NUM_THREADS"": ""1"", ""MKL_DYNAMIC"": ""FALSE"", ""MKL_NUM_THREADS"": ""1"", ""NUMBA_NUM_THREADS"": ""1"", ""NUMEXPR_NUM_THREADS"": ""1"", ""OMP_DYNAMIC"": ""FALSE"", ""OMP_NUM_THREADS"": ""1"", ""OPENBLAS_NUM_THREADS"": ""1"", ""PYTHONHASHSEED"": ""0"", ""VECLIB_MAXIMUM_THREADS"": ""1""}",tree_tree,1,0,1,0.044211878994246945,8,10,12,10,21,21,medium,medium,8,uniform,"{""kind"": ""categorical"", ""probs"": [0.5, 0.35, 0.15], ""values"": [3, 4, 5]}",uniform,12,background,fast_dense,Almost every pair shares a token; the specialized dense Numba kernel should dominate sparse enumeration.,20,20,128,122,14,12,21.0,True,exact_agreement,2,0.0,2.1e-05,1.0,0.0,1.0,100.0,True,1.0,1.0,1.0,1.0,,,,,,,,,,,,,,,,,,,,,,
dense_overlap_size,size,dense_common_overlap,n1000,nodes_per_tree,1000.0,dense_overlap_size__n1000,3,exact_dense,generic,True,"{""method"": ""exact""}",overlap,1000,1000,1000000,1666315,10.0,21.0,ok,,21.0,1.0890071280300617e-06,6.990012479946017e-06,1.1239630479831249,1.1226969230046961,1.125908376998268,1.1241894493286964,1.1233299854939105,1.1249357124906965,0.0016176533513595247,0.0012661249784287065,3.0,"[1.1239630479831249, 1.125908376998268, 1.1226969230046961]",1.1239641369902529,3.0,1.0,21.0,0.5,0.23809523809523808,0.5833333333333334,0.6,exact_dense,1000.0,1000.0,0.0,9.412498911842704e-05,0.0,1.1591826179937925,0.0014443919935729355,1.1608786979923025,1000000.0,,925869.0,1000000,,,,,,1.0,1.0,21.0,21.0,True,exact_fit,1000.0,1000.0,6.046000635251403e-06,0.0,0.0,0.0,0.0,6.046000635251403e-06,0.0,,,,,,,,,1.0,1.0,,,2.3070024326443672e-06,1.130724579008529,1.1307268860109616,21.0,21.0,0.0,isolated,1,True,1200.0,7.02066931000445,6.790247576020192,0.23042173398425803,146665472.0,139.87109375,resource.ru_maxrss_kib_converted_to_bytes,0.0,"{""BLIS_NUM_THREADS"": ""1"", ""MKL_DYNAMIC"": ""FALSE"", ""MKL_NUM_THREADS"": ""1"", ""NUMBA_NUM_THREADS"": ""1"", ""NUMEXPR_NUM_THREADS"": ""1"", ""OMP_DYNAMIC"": ""FALSE"", ""OMP_NUM_THREADS"": ""1"", ""OPENBLAS_NUM_THREADS"": ""1"", ""PYTHONHASHSEED"": ""0"", ""VECLIB_MAXIMUM_THREADS"": ""1""}",tree_tree,0,1,1,0.044211878994246945,8,10,12,10,21,21,medium,medium,8,uniform,"{""kind"": ""categorical"", ""probs"": [0.5, 0.35, 0.15], ""values"": [3, 4, 5]}",uniform,12,background,fast_dense,Almost every pair shares a token; the specialized dense Numba kernel should dominate sparse enumeration.,20,20,128,122,14,12,21.0,True,exact_agreement,2,0.0,2.1e-05,1.0,0.0,1.0,100.0,True,0.017105952055508234,0.021422347229724286,0.03363651942246167,0.04194611031925321,,,,,,,,,,,,,,,,,,,,,,
dense_overlap_size,size,dense_common_overlap,n1000,nodes_per_tree,1000.0,dense_overlap_size__n1000,4,exact_dense,generic,True,"{""method"": ""exact""}",overlap,1000,1000,1000000,1672270,11.0,21.0,ok,,21.0,1.2299860827624798e-06,6.757996743544936e-06,1.084597812994616,1.0819922219961882,1.0851216620067134,1.0839038989991725,1.0832950174954021,1.0848597375006648,0.0016761521916799295,0.0005238490120973438,3.0,"[1.0819922219961882, 1.0851216620067134, 1.084597812994616]",1.0845990429806989,3.0,1.0,21.0,0.09090909090909091,0.047619047619047616,0.09090909090909091,0.08333333333333333,exact_dense,1000.0,1000.0,0.0,8.9155015302822e-05,0.0,1.1231417760136537,0.0015196410240605474,1.1249305980163626,1000000.0,,926799.0,1000000,,,,,,1.0,1.0,21.0,21.0,True,exact_fit,1000.0,1000.0,5.830021109431982e-06,0.0,0.0,0.0,0.0,5.830021109431982e-06,0.0,,,,,,,,,1.0,1.0,,,1.9609869923442602e-06,1.0930815240135416,1.093083485000534,21.0,21.0,0.0,isolated,1,True,1200.0,6.779967096983455,6.553323144005844,0.22664395297761075,146669568.0,139.875,resource.ru_maxrss_kib_converted_to_bytes,0.0,"{""BLIS_NUM_THREADS"": ""1"", ""MKL_DYNAMIC"": ""FALSE"", ""MKL_NUM_THREADS"": ""1"", ""NUMBA_NUM_THREADS"": ""1"", ""NUMEXPR_NUM_THREADS"": ""1"", ""OMP_DYNAMIC"": ""FALSE"", ""OMP_NUM_THREADS"": ""1"", ""OPENBLAS_NUM_THREADS"": ""1"", ""PYTHONHASHSEED"": ""0"", ""VECLIB_MAXIMUM_THREADS"": ""1""}",tree_tree,0,0,2,0.04429784501553513,8,11,11,12,21,21,medium,medium,8,uniform,"{""kind"": ""categorical"", ""probs"": [0.5, 0.35, 0.15], ""values"": [3, 4, 5]}",uniform,12,background,fast_dense,Almost every pair shares a token; the specialized dense Numba kernel should dominate sparse enumeration.,20,20,118,114,15,18,21.0,True,exact_agreement,2,0.0,2.1e-05,1.0,0.0,1.0,100.0,True,0.018578427651692618,0.023330001232772637,0.03647913041811561,0.04559624208157239,,,,,,,,,,,,,,,,,,,,,,
dense_overlap_size,size,dense_common_overlap,n1000,nodes_per_tree,1000.0,dense_overlap_size__n1000,4,fast_dense,fast_dense,True,{},overlap,1000,1000,1000000,1672270,11.0,21.0,ok,,21.0,0.005153575009899214,0.005349757004296407,0.020150121999904513,0.020075224980246276,0.02027537699905224,0.020166907993067678,0.020112673490075395,0.020212749499478377,0.00010112633105616582,7.48970196582377e-05,3.0,"[0.020150121999904513, 0.020075224980246276, 0.02027537699905224]",0.025303697009803727,3.0,1.0,21.0,0.09090909090909091,0.047619047619047616,0.09090909090909091,0.08333333333333333,fast_dense_overlap,1000.0,1000.0,0.0,1.7126003513112664e-05,0.0,0.021561834000749514,4.60720038972795e-05,0.021637864992953837,1000000.0,,,1000000,,,,,,1.0,1.0,21.0,21.0,,fast_dense_fit,1000.0,1000.0,0.005348631995730102,0.0,0.0,0.0,0.0,0.005348631995730102,0.0,,,,,,,,,1.0,1.0,,,0.005328198982169852,0.11724873099592514,0.122576929978095,21.0,21.0,0.0,isolated,1,True,1200.0,0.49570880699320696,0.23589665099279955,0.2598121560004074,205123584.0,195.62109375,resource.ru_maxrss_kib_converted_to_bytes,0.0,"{""BLIS_NUM_THREADS"": ""1"", ""MKL_DYNAMIC"": ""FALSE"", ""MKL_NUM_THREADS"": ""1"", ""NUMBA_NUM_THREADS"": ""1"", ""NUMEXPR_NUM_THREADS"": ""1"", ""OMP_DYNAMIC"": ""FALSE"", ""OMP_NUM_THREADS"": ""1"", ""OPENBLAS_NUM_THREADS"": ""1"", ""PYTHONHASHSEED"": ""0"", ""VECLIB_MAXIMUM_THREADS"": ""1""}",tree_tree,1,1,2,0.04429784501553513,8,11,11,12,21,21,medium,medium,8,uniform,"{""kind"": ""categorical"", ""probs"": [0.5, 0.35, 0.15], ""values"": [3, 4, 5]}",uniform,12,background,fast_dense,Almost every pair shares a token; the specialized dense Numba kernel should dominate sparse enumeration.,20,20,118,114,15,18,21.0,True,exact_agreement,2,0.0,2.1e-05,1.0,0.0,1.0,100.0,True,1.0,1.0,1.0,1.0,,,,,,,,,,,,,,,,,,,,,,
dense_overlap_size,size,dense_common_overlap,n1600,nodes_per_tree,1600.0,dense_overlap_size__n1600,0,exact_dense,generic,True,"{""method"": ""exact""}",overlap,1600,1600,2560000,4261439,9.0,22.0,ok,,22.0,1.7949787434190512e-06,9.094015695154667e-06,2.8787936169828754,2.875512106984388,2.879229962010868,2.877845228659377,2.8771528619836317,2.8790117894968716,0.0020322873341609917,0.00043634502799250185,3.0,"[2.875512106984388, 2.879229962010868, 2.8787936169828754]",2.878795411961619,3.0,1.0,22.0,0.1111111111111111,0.045454545454545456,0.08333333333333333,0.1111111111111111,exact_dense,1600.0,1600.0,0.0,0.00010087699047289789,0.0,2.959208424028475,0.002606422989629209,2.9623641899961513,2560000.0,,2370237.0,2560000,,,,,,1.0,1.0,22.0,22.0,True,exact_fit,1600.0,1600.0,8.013012120500207e-06,0.0,0.0,0.0,0.0,8.013012120500207e-06,0.0,,,,,,,,,1.0,1.0,,,2.048996975645423e-06,2.86355141500826,2.8635534640052356,22.0,22.0,0.0,isolated,1,True,1200.0,17.568384610000066,17.34253001998877,0.22585459001129493,160378880.0,152.94921875,resource.ru_maxrss_kib_converted_to_bytes,0.0,"{""BLIS_NUM_THREADS"": ""1"", ""MKL_DYNAMIC"": ""FALSE"", ""MKL_NUM_THREADS"": ""1"", ""NUMBA_NUM_THREADS"": ""1"", ""NUMEXPR_NUM_THREADS"": ""1"", ""OMP_DYNAMIC"": ""FALSE"", ""OMP_NUM_THREADS"": ""1"", ""OPENBLAS_NUM_THREADS"": ""1"", ""PYTHONHASHSEED"": ""0"", ""VECLIB_MAXIMUM_THREADS"": ""1""}",tree_tree,0,0,0,0.06833335899864323,8,9,12,9,22,16,medium,medium,8,uniform,"{""kind"": ""categorical"", ""probs"": [0.5, 0.35, 0.15], ""values"": [3, 4, 5]}",uniform,12,background,fast_dense,Almost every pair shares a token; the specialized dense Numba kernel should dominate sparse enumeration.,21,21,158,158,23,26,22.0,True,exact_agreement,2,0.0,2.2e-05,1.0,0.0,1.0,100.0,True,0.016957151324394647,0.019658254546220555,0.03334880196734181,0.03855851597056719,,,,,,,,,,,,,,,,,,,,,,
dense_overlap_size,size,dense_common_overlap,n1600,nodes_per_tree,1600.0,dense_overlap_size__n1600,0,fast_dense,fast_dense,True,{},overlap,1600,1600,2560000,4261439,9.0,22.0,ok,,22.0,0.0077759539999533445,0.007880195014877245,0.04881613899488002,0.04877320400555618,0.04897023501689546,0.04885319267244389,0.0487946715002181,0.04889318700588774,0.00010361001941462894,4.2934989323839545e-05,3.0,"[0.04877320400555618, 0.04881613899488002, 0.04897023501689546]",0.056592092994833365,3.0,1.0,22.0,0.1111111111111111,0.045454545454545456,0.08333333333333333,0.1111111111111111,fast_dense_overlap,1600.0,1600.0,0.0,1.8997001461684704e-05,0.0,0.05260188700049184,6.602599751204252e-05,0.05270025401841849,2560000.0,,,2560000,,,,,,1.0,1.0,22.0,22.0,,fast_dense_fit,1600.0,1600.0,0.007879195996792987,0.0,0.0,0.0,0.0,0.007879195996792987,0.0,,,,,,,,,1.0,1.0,,,0.008188840001821518,0.1459307970071677,0.15411963700898923,22.0,22.0,0.0,isolated,1,True,1200.0,0.6747912739811,0.4185875380062498,0.25620373597485013,213442560.0,203.5546875,resource.ru_maxrss_kib_converted_to_bytes,0.0,"{""BLIS_NUM_THREADS"": ""1"", ""MKL_DYNAMIC"": ""FALSE"", ""MKL_NUM_THREADS"": ""1"", ""NUMBA_NUM_THREADS"": ""1"", ""NUMEXPR_NUM_THREADS"": ""1"", ""OMP_DYNAMIC"": ""FALSE"", ""OMP_NUM_THREADS"": ""1"", ""OPENBLAS_NUM_THREADS"": ""1"", ""PYTHONHASHSEED"": ""0"", ""VECLIB_MAXIMUM_THREADS"": ""1""}",tree_tree,1,1,0,0.06833335899864323,8,9,12,9,22,16,medium,medium,8,uniform,"{""kind"": ""categorical"", ""probs"": [0.5, 0.35, 0.15], ""values"": [3, 4, 5]}",uniform,12,background,fast_dense,Almost every pair shares a token; the specialized dense Numba kernel should dominate sparse enumeration.,21,21,158,158,23,26,22.0,True,exact_agreement,2,0.0,2.2e-05,1.0,0.0,1.0,100.0,True,1.0,1.0,1.0,1.0,,,,,,,,,,,,,,,,,,,,,,
dense_overlap_size,size,dense_common_overlap,n1600,nodes_per_tree,1600.0,dense_overlap_size__n1600,1,fast_dense,fast_dense,True,{},overlap,1600,1600,2560000,4325220,10.0,22.0,ok,,22.0,0.007827196008292958,0.007869783992646262,0.049100625998107716,0.04906010199920274,0.0491246760066133,0.049095134667974584,0.04908036399865523,0.04911265100236051,3.2635358711647485e-05,2.405000850558281e-05,3.0,"[0.0491246760066133, 0.04906010199920274, 0.049100625998107716]",0.056927822006400675,3.0,1.0,22.0,0.1,0.045454545454545456,0.09090909090909091,0.09090909090909091,fast_dense_overlap,1600.0,1600.0,0.0,1.695301034487784e-05,0.0,0.05308615701505914,6.561700138263404e-05,0.05318123599863611,2560000.0,,,2560000,,,,,,1.0,1.0,22.0,22.0,,fast_dense_fit,1600.0,1600.0,0.007868808024795726,0.0,0.0,0.0,0.0,0.007868808024795726,0.0,,,,,,,,,1.0,1.0,,,0.008038951986236498,0.14555170998210087,0.15359066196833737,22.0,22.0,0.0,isolated,1,True,1200.0,0.675127449008869,0.4194592999992892,0.2556681490095798,213512192.0,203.62109375,resource.ru_maxrss_kib_converted_to_bytes,0.0,"{""BLIS_NUM_THREADS"": ""1"", ""MKL_DYNAMIC"": ""FALSE"", ""MKL_NUM_THREADS"": ""1"", ""NUMBA_NUM_THREADS"": ""1"", ""NUMEXPR_NUM_THREADS"": ""1"", ""OMP_DYNAMIC"": ""FALSE"", ""OMP_NUM_THREADS"": ""1"", ""OPENBLAS_NUM_THREADS"": ""1"", ""PYTHONHASHSEED"": ""0"", ""VECLIB_MAXIMUM_THREADS"": ""1""}",tree_tree,1,0,0,0.07222045300295576,8,10,11,11,22,13,medium,medium,8,uniform,"{""kind"": ""categorical"", ""probs"": [0.5, 0.35, 0.15], ""values"": [3, 4, 5]}",uniform,12,background,fast_dense,Almost every pair shares a token; the specialized dense Numba kernel should dominate sparse enumeration.,21,21,180,175,24,18,22.0,True,exact_agreement,2,0.0,2.2e-05,1.0,0.0,1.0,100.0,True,1.0,1.0,1.0,1.0,,,,,,,,,,,,,,,,,,,,,,
dense_overlap_size,size,dense_common_overlap,n1600,nodes_per_tree,1600.0,dense_overlap_size__n1600,1,exact_dense,generic,True,"{""method"": ""exact""}",overlap,1600,1600,2560000,4325220,10.0,22.0,ok,,22.0,1.7370039131492376e-06,8.759001502767205e-06,2.8836915739811957,2.8828884930117056,2.8874407869880088,2.8846736179936365,2.8832900334964506,2.8855661804846022,0.002429846279798369,0.0008030809694901109,3.0,"[2.8836915739811957, 2.8874407869880088, 2.8828884930117056]",2.883693310985109,3.0,1.0,22.0,0.1,0.045454545454545456,0.09090909090909091,0.09090909090909091,exact_dense,1600.0,1600.0,0.0,0.00010093901073560119,0.0,3.0085443889838643,0.002695354021852836,3.011805532994913,2560000.0,,2378069.0,2560000,,,,,,1.0,1.0,22.0,22.0,True,exact_fit,1600.0,1600.0,7.788999937474728e-06,0.0,0.0,0.0,0.0,7.788999937474728e-06,0.0,,,,,,,,,1.0,1.0,,,2.1360174287110567e-06,2.8900032799865585,2.890005416003987,22.0,22.0,0.0,isolated,1,True,1200.0,17.67242227299721,17.439743819006253,0.23267845399095677,160763904.0,153.31640625,resource.ru_maxrss_kib_converted_to_bytes,0.0,"{""BLIS_NUM_THREADS"": ""1"", ""MKL_DYNAMIC"": ""FALSE"", ""MKL_NUM_THREADS"": ""1"", ""NUMBA_NUM_THREADS"": ""1"", ""NUMEXPR_NUM_THREADS"": ""1"", ""OMP_DYNAMIC"": ""FALSE"", ""OMP_NUM_THREADS"": ""1"", ""OPENBLAS_NUM_THREADS"": ""1"", ""PYTHONHASHSEED"": ""0"", ""VECLIB_MAXIMUM_THREADS"": ""1""}",tree_tree,0,1,0,0.07222045300295576,8,10,11,11,22,13,medium,medium,8,uniform,"{""kind"": ""categorical"", ""probs"": [0.5, 0.35, 0.15], ""values"": [3, 4, 5]}",uniform,12,background,fast_dense,Almost every pair shares a token; the specialized dense Numba kernel should dominate sparse enumeration.,21,21,180,175,24,18,22.0,True,exact_agreement,2,0.0,2.2e-05,1.0,0.0,1.0,100.0,True,0.01702700331794495,0.019741288641736094,0.03348387655862847,0.03871822953845653,,,,,,,,,,,,,,,,,,,,,,
dense_overlap_size,size,dense_common_overlap,n1600,nodes_per_tree,1600.0,dense_overlap_size__n1600,2,exact_dense,generic,True,"{""method"": ""exact""}",overlap,1600,1600,2560000,4282646,6.0,22.0,ok,,22.0,1.54701410792768e-06,8.443021215498447e-06,2.7767625720007345,2.77418531497824,2.777608827018412,2.776185571332462,2.7754739434894873,2.777185699509573,0.001783201054477691,0.000846255017677322,3.0,"[2.7767625720007345, 2.77418531497824, 2.777608827018412]",2.7767641190148424,3.0,1.0,22.0,0.0,0.0,0.125,0.0,exact_dense,1600.0,1600.0,0.0,9.62470076046884e-05,0.0,2.874365753988968,0.0018399280088488013,2.8765082719910424,2560000.0,,2373953.0,2560000,,,,,,1.0,1.0,22.0,22.0,True,exact_fit,1600.0,1600.0,7.367983926087618e-06,0.0,0.0,0.0,0.0,7.367983926087618e-06,0.0,,,,,,,,,1.0,1.0,,,2.176006091758609e-06,2.765573566983221,2.765575742989313,22.0,22.0,0.0,isolated,1,True,1200.0,16.972704743995564,16.74397673099884,0.22872801299672574,160780288.0,153.33203125,resource.ru_maxrss_kib_converted_to_bytes,0.0,"{""BLIS_NUM_THREADS"": ""1"", ""MKL_DYNAMIC"": ""FALSE"", ""MKL_NUM_THREADS"": ""1"", ""NUMBA_NUM_THREADS"": ""1"", ""NUMEXPR_NUM_THREADS"": ""1"", ""OMP_DYNAMIC"": ""FALSE"", ""OMP_NUM_THREADS"": ""1"", ""OPENBLAS_NUM_THREADS"": ""1"", ""PYTHONHASHSEED"": ""0"", ""VECLIB_MAXIMUM_THREADS"": ""1""}",tree_tree,0,0,1,0.07175253398600034,8,6,8,10,19,16,medium,medium,8,uniform,"{""kind"": ""categorical"", ""probs"": [0.5, 0.35, 0.15], ""values"": [3, 4, 5]}",uniform,12,background,fast_dense,Almost every pair shares a token; the specialized dense Numba kernel should dominate sparse enumeration.,21,21,182,155,21,26,22.0,True,exact_agreement,2,0.0,2.2e-05,1.0,0.0,1.0,100.0,True,0.01825633833768049,0.021137428490867468,0.035858040162036704,0.041399772256132734,,,,,,,,,,,,,,,,,,,,,,
dense_overlap_size,size,dense_common_overlap,n1600,nodes_per_tree,1600.0,dense_overlap_size__n1600,2,fast_dense,fast_dense,True,{},overlap,1600,1600,2560000,4282646,6.0,22.0,ok,,22.0,0.008000136003829539,0.008044632995733991,0.050693516997853294,0.05054881700198166,0.05081220300053246,0.05068484566678914,0.05062116699991748,0.05075285999919288,0.00013190693706158506,0.00011868600267916918,3.0,"[0.05054881700198166, 0.05081220300053246, 0.050693516997853294]",0.05869365300168283,3.0,1.0,22.0,0.0,0.0,0.125,0.0,fast_dense_overlap,1600.0,1600.0,0.0,1.9896018784493208e-05,0.0,0.05465506200562231,6.246499833650887e-05,0.05475114597356878,2560000.0,,,2560000,,,,,,1.0,1.0,22.0,22.0,,fast_dense_fit,1600.0,1600.0,0.008043459005421028,0.0,0.0,0.0,0.0,0.008043459005421028,0.0,,,,,,,,,1.0,1.0,,,0.008364671986782923,0.15102470299461856,0.1593893749814015,22.0,22.0,0.0,isolated,1,True,1200.0,0.6945898980193306,0.4336349710065406,0.26095492701279,213311488.0,203.4296875,resource.ru_maxrss_kib_converted_to_bytes,0.0,"{""BLIS_NUM_THREADS"": ""1"", ""MKL_DYNAMIC"": ""FALSE"", ""MKL_NUM_THREADS"": ""1"", ""NUMBA_NUM_THREADS"": ""1"", ""NUMEXPR_NUM_THREADS"": ""1"", ""OMP_DYNAMIC"": ""FALSE"", ""OMP_NUM_THREADS"": ""1"", ""OPENBLAS_NUM_THREADS"": ""1"", ""PYTHONHASHSEED"": ""0"", ""VECLIB_MAXIMUM_THREADS"": ""1""}",tree_tree,1,1,1,0.07175253398600034,8,6,8,10,19,16,medium,medium,8,uniform,"{""kind"": ""categorical"", ""probs"": [0.5, 0.35, 0.15], ""values"": [3, 4, 5]}",uniform,12,background,fast_dense,Almost every pair shares a token; the specialized dense Numba kernel should dominate sparse enumeration.,21,21,182,155,21,26,22.0,True,exact_agreement,2,0.0,2.2e-05,1.0,0.0,1.0,100.0,True,1.0,1.0,1.0,1.0,,,,,,,,,,,,,,,,,,,,,,
dense_overlap_size,size,dense_common_overlap,n1600,nodes_per_tree,1600.0,dense_overlap_size__n1600,3,fast_dense,fast_dense,True,{},overlap,1600,1600,2560000,4251397,9.0,22.0,ok,,22.0,0.007758444000501186,0.007867795007769018,0.04883793499902822,0.048826482001459226,0.04903663898585364,0.04890035199544703,0.04883220850024372,0.04893728699244093,0.00011816683377283969,1.145299756899476e-05,3.0,"[0.04903663898585364, 0.04883793499902822, 0.048826482001459226]",0.056596378999529406,3.0,1.0,22.0,0.1111111111111111,0.045454545454545456,0.09090909090909091,0.1,fast_dense_overlap,1600.0,1600.0,0.0,1.9383995095267892e-05,0.0,0.05266230899724178,6.644098903052509e-05,0.0527609100099653,2560000.0,,,2560000,,,,,,1.0,1.0,22.0,22.0,,fast_dense_fit,1600.0,1600.0,0.007866769999964163,0.0,0.0,0.0,0.0,0.007866769999964163,0.0,,,,,,,,,1.0,1.0,,,0.008060187014052644,0.1460409450228326,0.15410113203688525,22.0,22.0,0.0,isolated,1,True,1200.0,0.6764794850023463,0.4186571740137879,0.25782231098855846,213282816.0,203.40234375,resource.ru_maxrss_kib_converted_to_bytes,0.0,"{""BLIS_NUM_THREADS"": ""1"", ""MKL_DYNAMIC"": ""FALSE"", ""MKL_NUM_THREADS"": ""1"", ""NUMBA_NUM_THREADS"": ""1"", ""NUMEXPR_NUM_THREADS"": ""1"", ""OMP_DYNAMIC"": ""FALSE"", ""OMP_NUM_THREADS"": ""1"", ""OPENBLAS_NUM_THREADS"": ""1"", ""PYTHONHASHSEED"": ""0"", ""VECLIB_MAXIMUM_THREADS"": ""1""}",tree_tree,1,0,1,0.07141604798380286,8,9,11,10,15,14,medium,medium,8,uniform,"{""kind"": ""categorical"", ""probs"": [0.5, 0.35, 0.15], ""values"": [3, 4, 5]}",uniform,12,background,fast_dense,Almost every pair shares a token; the specialized dense Numba kernel should dominate sparse enumeration.,21,21,155,174,21,23,22.0,True,exact_agreement,2,0.0,2.2e-05,1.0,0.0,1.0,100.0,True,1.0,1.0,1.0,1.0,,,,,,,,,,,,,,,,,,,,,,
dense_overlap_size,size,dense_common_overlap,n1600,nodes_per_tree,1600.0,dense_overlap_size__n1600,3,exact_dense,generic,True,"{""method"": ""exact""}",overlap,1600,1600,2560000,4251397,9.0,22.0,ok,,22.0,1.7030106391757727e-06,8.02599242888391e-06,2.8193177490029484,2.78752829899895,2.8643666119896807,2.8237375533305262,2.8034230240009492,2.8418421804963145,0.03860935882057521,0.031789450003998354,3.0,"[2.78752829899895, 2.8193177490029484, 2.8643666119896807]",2.8193194520135876,3.0,1.0,22.0,0.1111111111111111,0.045454545454545456,0.09090909090909091,0.1,exact_dense,1600.0,1600.0,0.0,9.323400445282459e-05,0.0,2.895334308006568,0.002471687999786809,2.8981316309946124,2560000.0,,2369013.0,2560000,,,,,,1.0,1.0,22.0,22.0,True,exact_fit,1600.0,1600.0,7.168011507019401e-06,0.0,0.0,0.0,0.0,7.168011507019401e-06,0.0,,,,,,,,,1.0,1.0,,,2.141983713954687e-06,2.790500064002117,2.790502205985831,22.0,22.0,0.0,isolated,1,True,1200.0,17.179565649974393,16.953405829000985,0.22615982097340748,160706560.0,153.26171875,resource.ru_maxrss_kib_converted_to_bytes,0.0,"{""BLIS_NUM_THREADS"": ""1"", ""MKL_DYNAMIC"": ""FALSE"", ""MKL_NUM_THREADS"": ""1"", ""NUMBA_NUM_THREADS"": ""1"", ""NUMEXPR_NUM_THREADS"": ""1"", ""OMP_DYNAMIC"": ""FALSE"", ""OMP_NUM_THREADS"": ""1"", ""OPENBLAS_NUM_THREADS"": ""1"", ""PYTHONHASHSEED"": ""0"", ""VECLIB_MAXIMUM_THREADS"": ""1""}",tree_tree,0,1,1,0.07141604798380286,8,9,11,10,15,14,medium,medium,8,uniform,"{""kind"": ""categorical"", ""probs"": [0.5, 0.35, 0.15], ""values"": [3, 4, 5]}",uniform,12,background,fast_dense,Almost every pair shares a token; the specialized dense Numba kernel should dominate sparse enumeration.,21,21,155,174,21,23,22.0,True,exact_agreement,2,0.0,2.2e-05,1.0,0.0,1.0,100.0,True,0.017322607576354156,0.02007448249935199,0.034055288749796166,0.039358856326189386,,,,,,,,,,,,,,,,,,,,,,
dense_overlap_size,size,dense_common_overlap,n1600,nodes_per_tree,1600.0,dense_overlap_size__n1600,4,exact_dense,generic,True,"{""method"": ""exact""}",overlap,1600,1600,2560000,4238644,9.0,22.0,ok,,22.0,1.8660211935639381e-06,9.213021257892251e-06,2.8512402449850924,2.8451633749937173,2.8610380629834253,2.8524805609874115,2.848201809989405,2.856139153984259,0.008009695220908974,0.006076869991375133,3.0,"[2.8451633749937173, 2.8512402449850924, 2.8610380629834253]",2.851242111006286,3.0,1.0,22.0,0.1111111111111111,0.045454545454545456,0.3,0.09090909090909091,exact_dense,1600.0,1600.0,0.0,9.638600749894977e-05,0.0,2.949666202010121,0.001949013996636495,2.951928598980885,2560000.0,,2367906.0,2560000,,,,,,1.0,1.0,22.0,22.0,True,exact_fit,1600.0,1600.0,8.036993676796556e-06,0.0,0.0,0.0,0.0,8.036993676796556e-06,0.0,,,,,,,,,1.0,1.0,,,2.2339809220284224e-06,2.855702344008023,2.855704577988945,22.0,22.0,0.0,isolated,1,True,1200.0,17.455640345986467,17.220381067018025,0.23525927896844223,160542720.0,153.10546875,resource.ru_maxrss_kib_converted_to_bytes,0.0,"{""BLIS_NUM_THREADS"": ""1"", ""MKL_DYNAMIC"": ""FALSE"", ""MKL_NUM_THREADS"": ""1"", ""NUMBA_NUM_THREADS"": ""1"", ""NUMEXPR_NUM_THREADS"": ""1"", ""OMP_DYNAMIC"": ""FALSE"", ""OMP_NUM_THREADS"": ""1"", ""OPENBLAS_NUM_THREADS"": ""1"", ""PYTHONHASHSEED"": ""0"", ""VECLIB_MAXIMUM_THREADS"": ""1""}",tree_tree,0,0,2,0.07374924802570604,8,9,10,11,20,19,medium,medium,8,uniform,"{""kind"": ""categorical"", ""probs"": [0.5, 0.35, 0.15], ""values"": [3, 4, 5]}",uniform,12,background,fast_dense,Almost every pair shares a token; the specialized dense Numba kernel should dominate sparse enumeration.,21,21,182,192,22,23,22.0,True,exact_agreement,2,0.0,2.2e-05,1.0,0.0,1.0,100.0,True,0.017161823206663485,0.019952533936160585,0.033744528776276345,0.03912443623069507,,,,,,,,,,,,,,,,,,,,,,
dense_overlap_size,size,dense_common_overlap,n1600,nodes_per_tree,1600.0,dense_overlap_size__n1600,4,fast_dense,fast_dense,True,{},overlap,1600,1600,2560000,4238644,9.0,22.0,ok,,22.0,0.007957023975905031,0.00807245701435022,0.048932481004158035,0.04892564000329003,0.049024851992726326,0.04896099100005813,0.04892906050372403,0.04897866649844218,5.541091599716261e-05,6.841000868007541e-06,3.0,"[0.04892564000329003, 0.048932481004158035, 0.049024851992726326]",0.056889504980063066,3.0,1.0,22.0,0.1111111111111111,0.045454545454545456,0.3,0.09090909090909091,fast_dense_overlap,1600.0,1600.0,0.0,1.8440012354403734e-05,0.0,0.05266619098256342,6.718499935232103e-05,0.05276563300867565,2560000.0,,,2560000,,,,,,1.0,1.0,22.0,22.0,,fast_dense_fit,1600.0,1600.0,0.008071427000686526,0.0,0.0,0.0,0.0,0.008071427000686526,0.0,,,,,,,,,1.0,1.0,,,0.007996491010999307,0.14682655900833197,0.15482305001933128,22.0,22.0,0.0,isolated,1,True,1200.0,0.6813927630137186,0.4200116599968169,0.26138110301690176,213311488.0,203.4296875,resource.ru_maxrss_kib_converted_to_bytes,0.0,"{""BLIS_NUM_THREADS"": ""1"", ""MKL_DYNAMIC"": ""FALSE"", ""MKL_NUM_THREADS"": ""1"", ""NUMBA_NUM_THREADS"": ""1"", ""NUMEXPR_NUM_THREADS"": ""1"", ""OMP_DYNAMIC"": ""FALSE"", ""OMP_NUM_THREADS"": ""1"", ""OPENBLAS_NUM_THREADS"": ""1"", ""PYTHONHASHSEED"": ""0"", ""VECLIB_MAXIMUM_THREADS"": ""1""}",tree_tree,1,1,2,0.07374924802570604,8,9,10,11,20,19,medium,medium,8,uniform,"{""kind"": ""categorical"", ""probs"": [0.5, 0.35, 0.15], ""values"": [3, 4, 5]}",uniform,12,background,fast_dense,Almost every pair shares a token; the specialized dense Numba kernel should dominate sparse enumeration.,21,21,182,192,22,23,22.0,True,exact_agreement,2,0.0,2.2e-05,1.0,0.0,1.0,100.0,True,1.0,1.0,1.0,1.0,,,,,,,,,,,,,,,,,,,,,,
dense_overlap_size,size,dense_common_overlap,n2400,nodes_per_tree,2400.0,dense_overlap_size__n2400,0,exact_dense,generic,True,"{""method"": ""exact""}",overlap,2400,2400,5760000,9611829,10.0,23.0,ok,,23.0,1.648993929848075e-06,8.598988642916083e-06,6.436073286982719,6.402053400990553,6.455876939988229,6.4313345426538335,6.419063343986636,6.445975113485474,0.027222878446620927,0.01980365300551057,3.0,"[6.436073286982719, 6.402053400990553, 6.455876939988229]",6.436074935976649,3.0,1.0,23.0,0.1,0.043478260869565216,0.2727272727272727,0.09090909090909091,exact_dense,2400.0,2400.0,0.0,0.00013004898210056126,0.0,6.618830660998356,0.003933831991162151,6.623155078996206,5760000.0,,5337043.0,5760000,,,,,,1.0,1.0,23.0,23.0,True,exact_fit,2400.0,2400.0,7.360999006778002e-06,0.0,0.0,0.0,0.0,7.360999006778002e-06,0.0,,,,,,,,,1.0,1.0,,,2.007000148296356e-06,6.434836617001565,6.4348386240017135,23.0,23.0,0.0,isolated,1,True,1200.0,38.982535557996016,38.757124864001526,0.22541069399449043,189509632.0,180.73046875,resource.ru_maxrss_kib_converted_to_bytes,0.0,"{""BLIS_NUM_THREADS"": ""1"", ""MKL_DYNAMIC"": ""FALSE"", ""MKL_NUM_THREADS"": ""1"", ""NUMBA_NUM_THREADS"": ""1"", ""NUMEXPR_NUM_THREADS"": ""1"", ""OMP_DYNAMIC"": ""FALSE"", ""OMP_NUM_THREADS"": ""1"", ""OPENBLAS_NUM_THREADS"": ""1"", ""PYTHONHASHSEED"": ""0"", ""VECLIB_MAXIMUM_THREADS"": ""1""}",tree_tree,0,0,0,0.10817544799647294,8,10,11,11,23,23,medium,medium,8,uniform,"{""kind"": ""categorical"", ""probs"": [0.5, 0.35, 0.15], ""values"": [3, 4, 5]}",uniform,12,background,fast_dense,Almost every pair shares a token; the specialized dense Numba kernel should dominate sparse enumeration.,22,22,265,273,31,31,23.0,True,exact_agreement,2,0.0,2.3e-05,1.0,0.0,1.0,100.0,True,0.017627840757464493,0.01949393804078269,0.034644965578660515,0.03824238146672114,,,,,,,,,,,,,,,,,,,,,,
dense_overlap_size,size,dense_common_overlap,n2400,nodes_per_tree,2400.0,dense_overlap_size__n2400,0,fast_dense,fast_dense,True,{},overlap,2400,2400,5760000,9611829,10.0,23.0,ok,,23.0,0.012010371021460742,0.012129096983699128,0.11345407500630245,0.11317469802452251,0.1140113829751499,0.11354671866865829,0.11331438651541248,0.11373272899072617,0.0004259666216766465,0.000279376981779933,3.0,"[0.11317469802452251, 0.11345407500630245, 0.1140113829751499]",0.1254644460277632,3.0,1.0,23.0,0.1,0.043478260869565216,0.2727272727272727,0.09090909090909091,fast_dense_overlap,2400.0,2400.0,0.0,2.173098619095981e-05,0.0,0.1223431850085035,0.00010956899495795369,0.12249233899638057,5760000.0,,,5760000,,,,,,1.0,1.0,23.0,23.0,,fast_dense_fit,2400.0,2400.0,0.012127905996749178,0.0,0.0,0.0,0.0,0.012127905996749178,0.0,,,,,,,,,1.0,1.0,,,0.012604279996594414,0.22003934500389732,0.23264362500049174,23.0,23.0,0.0,isolated,1,True,1200.0,1.0963270119973458,0.8340779410209507,0.26224907097639516,229744640.0,219.1015625,resource.ru_maxrss_kib_converted_to_bytes,0.0,"{""BLIS_NUM_THREADS"": ""1"", ""MKL_DYNAMIC"": ""FALSE"", ""MKL_NUM_THREADS"": ""1"", ""NUMBA_NUM_THREADS"": ""1"", ""NUMEXPR_NUM_THREADS"": ""1"", ""OMP_DYNAMIC"": ""FALSE"", ""OMP_NUM_THREADS"": ""1"", ""OPENBLAS_NUM_THREADS"": ""1"", ""PYTHONHASHSEED"": ""0"", ""VECLIB_MAXIMUM_THREADS"": ""1""}",tree_tree,1,1,0,0.10817544799647294,8,10,11,11,23,23,medium,medium,8,uniform,"{""kind"": ""categorical"", ""probs"": [0.5, 0.35, 0.15], ""values"": [3, 4, 5]}",uniform,12,background,fast_dense,Almost every pair shares a token; the specialized dense Numba kernel should dominate sparse enumeration.,22,22,265,273,31,31,23.0,True,exact_agreement,2,0.0,2.3e-05,1.0,0.0,1.0,100.0,True,1.0,1.0,1.0,1.0,,,,,,,,,,,,,,,,,,,,,,
dense_overlap_size,size,dense_common_overlap,n2400,nodes_per_tree,2400.0,dense_overlap_size__n2400,1,fast_dense,fast_dense,True,{},overlap,2400,2400,5760000,9676277,12.0,23.0,ok,,23.0,0.01160671198158525,0.011759932996938005,0.10901352000655606,0.10890822199871764,0.10921756899915636,0.10904643700147669,0.10896087100263685,0.10911554450285621,0.00015727853663504603,0.00010529800783842802,3.0,"[0.10901352000655606, 0.10890822199871764, 0.10921756899915636]",0.12062023198814131,3.0,1.0,23.0,0.08333333333333333,0.043478260869565216,0.08333333333333333,0.08333333333333333,fast_dense_overlap,2400.0,2400.0,0.0,2.094599767588079e-05,0.0,0.11763912299647927,0.00011192701640538871,0.11779162599123083,5760000.0,,,5760000,,,,,,1.0,1.0,23.0,23.0,,fast_dense_fit,2400.0,2400.0,0.011758818000089377,0.0,0.0,0.0,0.0,0.011758818000089377,0.0,,,,,,,,,1.0,1.0,,,0.012084198999218643,0.21332511102082208,0.22540931002004072,23.0,23.0,0.0,isolated,1,True,1200.0,1.0617873680021148,0.803710856998805,0.25807651100330986,229711872.0,219.0703125,resource.ru_maxrss_kib_converted_to_bytes,0.0,"{""BLIS_NUM_THREADS"": ""1"", ""MKL_DYNAMIC"": ""FALSE"", ""MKL_NUM_THREADS"": ""1"", ""NUMBA_NUM_THREADS"": ""1"", ""NUMEXPR_NUM_THREADS"": ""1"", ""OMP_DYNAMIC"": ""FALSE"", ""OMP_NUM_THREADS"": ""1"", ""OPENBLAS_NUM_THREADS"": ""1"", ""PYTHONHASHSEED"": ""0"", ""VECLIB_MAXIMUM_THREADS"": ""1""}",tree_tree,1,0,0,0.11178996198577806,8,12,12,12,17,23,medium,medium,8,uniform,"{""kind"": ""categorical"", ""probs"": [0.5, 0.35, 0.15], ""values"": [3, 4, 5]}",uniform,12,background,fast_dense,Almost every pair shares a token; the specialized dense Numba kernel should dominate sparse enumeration.,22,22,257,265,39,38,23.0,True,exact_agreement,2,0.0,2.3e-05,1.0,0.0,1.0,100.0,True,1.0,1.0,1.0,1.0,,,,,,,,,,,,,,,,,,,,,,
dense_overlap_size,size,dense_common_overlap,n2400,nodes_per_tree,2400.0,dense_overlap_size__n2400,1,exact_dense,generic,True,"{""method"": ""exact""}",overlap,2400,2400,5760000,9676277,12.0,23.0,ok,,23.0,2.115993993356824e-06,9.190989658236504e-06,6.400885466020554,6.389994904980995,6.401197344006505,6.397359238336018,6.3954401855007745,6.40104140501353,0.006379605888490351,0.0003118779859505594,3.0,"[6.400885466020554, 6.401197344006505, 6.389994904980995]",6.400887582014548,3.0,1.0,23.0,0.08333333333333333,0.043478260869565216,0.08333333333333333,0.08333333333333333,exact_dense,2400.0,2400.0,0.0,0.00013096898328512907,0.0,6.622381827008212,0.00401156599400565,6.626970682002138,5760000.0,,5343558.0,5760000,,,,,,1.0,1.0,23.0,23.0,True,exact_fit,2400.0,2400.0,8.247006917372346e-06,0.0,0.0,0.0,0.0,8.247006917372346e-06,0.0,,,,,,,,,1.0,1.0,,,2.0510051399469376e-06,6.4418805739842355,6.4418826249893755,23.0,23.0,0.0,isolated,1,True,1200.0,38.87473497600877,38.64340103499126,0.23133394101751037,189534208.0,180.75390625,resource.ru_maxrss_kib_converted_to_bytes,0.0,"{""BLIS_NUM_THREADS"": ""1"", ""MKL_DYNAMIC"": ""FALSE"", ""MKL_NUM_THREADS"": ""1"", ""NUMBA_NUM_THREADS"": ""1"", ""NUMEXPR_NUM_THREADS"": ""1"", ""OMP_DYNAMIC"": ""FALSE"", ""OMP_NUM_THREADS"": ""1"", ""OPENBLAS_NUM_THREADS"": ""1"", ""PYTHONHASHSEED"": ""0"", ""VECLIB_MAXIMUM_THREADS"": ""1""}",tree_tree,0,1,0,0.11178996198577806,8,12,12,12,17,23,medium,medium,8,uniform,"{""kind"": ""categorical"", ""probs"": [0.5, 0.35, 0.15], ""values"": [3, 4, 5]}",uniform,12,background,fast_dense,Almost every pair shares a token; the specialized dense Numba kernel should dominate sparse enumeration.,22,22,257,265,39,38,23.0,True,exact_agreement,2,0.0,2.3e-05,1.0,0.0,1.0,100.0,True,0.017031006192074552,0.018844297832548183,0.03349161645688924,0.03699151651069127,,,,,,,,,,,,,,,,,,,,,,
dense_overlap_size,size,dense_common_overlap,n2400,nodes_per_tree,2400.0,dense_overlap_size__n2400,2,exact_dense,generic,True,"{""method"": ""exact""}",overlap,2400,2400,5760000,9678939,11.0,23.0,ok,,23.0,2.0269944798201323e-06,1.0718998964875937e-05,6.361129648023052,6.33505081399926,6.432272245991044,6.376150902671118,6.348090231011156,6.396700947007048,0.05032127063215722,0.026078834023792297,3.0,"[6.361129648023052, 6.33505081399926, 6.432272245991044]",6.361131675017532,3.0,1.0,23.0,0.09090909090909091,0.043478260869565216,0.09090909090909091,0.08333333333333333,exact_dense,2400.0,2400.0,0.0,0.00013072500587441027,0.0,6.558281300996896,0.004005484981462359,6.563059214997338,5760000.0,,5344018.0,5760000,,,,,,1.0,1.0,23.0,23.0,True,exact_fit,2400.0,2400.0,9.787996532395482e-06,0.0,0.0,0.0,0.0,9.787996532395482e-06,0.0,,,,,,,,,1.0,1.0,,,1.9450089894235134e-06,6.246962662000442,6.246964607009431,23.0,23.0,0.0,isolated,1,True,1200.0,38.510231153981294,38.28096734001883,0.22926381396246143,189710336.0,180.921875,resource.ru_maxrss_kib_converted_to_bytes,0.0,"{""BLIS_NUM_THREADS"": ""1"", ""MKL_DYNAMIC"": ""FALSE"", ""MKL_NUM_THREADS"": ""1"", ""NUMBA_NUM_THREADS"": ""1"", ""NUMEXPR_NUM_THREADS"": ""1"", ""OMP_DYNAMIC"": ""FALSE"", ""OMP_NUM_THREADS"": ""1"", ""OPENBLAS_NUM_THREADS"": ""1"", ""PYTHONHASHSEED"": ""0"", ""VECLIB_MAXIMUM_THREADS"": ""1""}",tree_tree,0,0,1,0.1115845040185377,8,11,11,12,20,23,medium,medium,8,uniform,"{""kind"": ""categorical"", ""probs"": [0.5, 0.35, 0.15], ""values"": [3, 4, 5]}",uniform,12,background,fast_dense,Almost every pair shares a token; the specialized dense Numba kernel should dominate sparse enumeration.,22,22,240,267,33,27,23.0,True,exact_agreement,2,0.0,2.3e-05,1.0,0.0,1.0,100.0,True,0.01724071872125678,0.019090910585197282,0.033897028311901584,0.03746655060289885,,,,,,,,,,,,,,,,,,,,,,
dense_overlap_size,size,dense_common_overlap,n2400,nodes_per_tree,2400.0,dense_overlap_size__n2400,2,fast_dense,fast_dense,True,{},overlap,2400,2400,5760000,9678939,11.0,23.0,ok,,23.0,0.011769349017413333,0.011777597013860941,0.10967044701101258,0.10960660499404185,0.10972492801374756,0.109667326672934,0.10963852600252721,0.10969768751238007,5.922319334824103e-05,5.448100273497403e-05,3.0,"[0.10972492801374756, 0.10967044701101258, 0.10960660499404185]",0.12143979602842592,3.0,1.0,23.0,0.09090909090909091,0.043478260869565216,0.09090909090909091,0.08333333333333333,fast_dense_overlap,2400.0,2400.0,0.0,2.0929990569129586e-05,0.0,0.11793841701000929,0.00010911899153143167,0.1180860809981823,5760000.0,,,5760000,,,,,,1.0,1.0,23.0,23.0,,fast_dense_fit,2400.0,2400.0,0.011776589002693072,0.0,0.0,0.0,0.0,0.011776589002693072,0.0,,,,,,,,,1.0,1.0,,,0.012402660999214277,0.21291444601956755,0.22531710701878183,23.0,23.0,0.0,isolated,1,True,1200.0,1.0650256149820052,0.8064235729980282,0.25860204198397696,229748736.0,219.10546875,resource.ru_maxrss_kib_converted_to_bytes,0.0,"{""BLIS_NUM_THREADS"": ""1"", ""MKL_DYNAMIC"": ""FALSE"", ""MKL_NUM_THREADS"": ""1"", ""NUMBA_NUM_THREADS"": ""1"", ""NUMEXPR_NUM_THREADS"": ""1"", ""OMP_DYNAMIC"": ""FALSE"", ""OMP_NUM_THREADS"": ""1"", ""OPENBLAS_NUM_THREADS"": ""1"", ""PYTHONHASHSEED"": ""0"", ""VECLIB_MAXIMUM_THREADS"": ""1""}",tree_tree,1,1,1,0.1115845040185377,8,11,11,12,20,23,medium,medium,8,uniform,"{""kind"": ""categorical"", ""probs"": [0.5, 0.35, 0.15], ""values"": [3, 4, 5]}",uniform,12,background,fast_dense,Almost every pair shares a token; the specialized dense Numba kernel should dominate sparse enumeration.,22,22,240,267,33,27,23.0,True,exact_agreement,2,0.0,2.3e-05,1.0,0.0,1.0,100.0,True,1.0,1.0,1.0,1.0,,,,,,,,,,,,,,,,,,,,,,
dense_overlap_size,size,dense_common_overlap,n2400,nodes_per_tree,2400.0,dense_overlap_size__n2400,3,fast_dense,fast_dense,True,{},overlap,2400,2400,5760000,9671768,9.0,23.0,ok,,23.0,0.011545581015525386,0.011686626996379346,0.10925618102191947,0.10910347200115211,0.10934859199915081,0.10923608167407413,0.1091798265115358,0.10930238651053514,0.00012378990747462663,9.241097723133862e-05,3.0,"[0.10934859199915081, 0.10925618102191947, 0.10910347200115211]",0.12080176203744486,3.0,1.0,23.0,0.0,0.0,0.09090909090909091,0.0,fast_dense_overlap,2400.0,2400.0,0.0,2.164402394555509e-05,0.0,0.11770743801025674,0.00012036602129228413,0.11786871802178212,5760000.0,,,5760000,,,,,,1.0,1.0,23.0,23.0,,fast_dense_fit,2400.0,2400.0,0.011685133998980746,0.0,0.0,0.0,0.0,0.011685133998980746,0.0,,,,,,,,,1.0,1.0,,,0.012069607997545972,0.2120634489983786,0.22413305699592456,23.0,23.0,0.0,isolated,1,True,1200.0,1.0592836950090714,0.8029088090115692,0.25637488599750213,229625856.0,218.98828125,resource.ru_maxrss_kib_converted_to_bytes,0.0,"{""BLIS_NUM_THREADS"": ""1"", ""MKL_DYNAMIC"": ""FALSE"", ""MKL_NUM_THREADS"": ""1"", ""NUMBA_NUM_THREADS"": ""1"", ""NUMEXPR_NUM_THREADS"": ""1"", ""OMP_DYNAMIC"": ""FALSE"", ""OMP_NUM_THREADS"": ""1"", ""OPENBLAS_NUM_THREADS"": ""1"", ""PYTHONHASHSEED"": ""0"", ""VECLIB_MAXIMUM_THREADS"": ""1""}",tree_tree,1,0,1,0.11131091800052673,8,9,11,10,20,17,medium,medium,8,uniform,"{""kind"": ""categorical"", ""probs"": [0.5, 0.35, 0.15], ""values"": [3, 4, 5]}",uniform,12,background,fast_dense,Almost every pair shares a token; the specialized dense Numba kernel should dominate sparse enumeration.,22,22,244,254,41,41,23.0,True,exact_agreement,2,0.0,2.3e-05,1.0,0.0,1.0,100.0,True,1.0,1.0,1.0,1.0,,,,,,,,,,,,,,,,,,,,,,
dense_overlap_size,size,dense_common_overlap,n2400,nodes_per_tree,2400.0,dense_overlap_size__n2400,3,exact_dense,generic,True,"{""method"": ""exact""}",overlap,2400,2400,5760000,9671768,9.0,23.0,ok,,23.0,1.949985744431615e-06,9.365001460537314e-06,6.205829921993427,6.201354864984751,6.2112830269907136,6.206155937989631,6.203592393489089,6.20855647449207,0.004972103682194915,0.004475057008676231,3.0,"[6.205829921993427, 6.201354864984751, 6.2112830269907136]",6.205831871979171,3.0,1.0,23.0,0.0,0.0,0.09090909090909091,0.0,exact_dense,2400.0,2400.0,0.0,0.00012585800141096115,0.0,6.5846076179877855,0.003955456020776182,6.58905039698584,5760000.0,,5343350.0,5760000,,,,,,1.0,1.0,23.0,23.0,True,exact_fit,2400.0,2400.0,8.386996341869235e-06,0.0,0.0,0.0,0.0,8.386996341869235e-06,0.0,,,,,,,,,1.0,1.0,,,2.140994183719158e-06,6.3139409750001505,6.313943115994334,23.0,23.0,0.0,isolated,1,True,1200.0,38.09398008498829,37.871586263994686,0.22239382099360228,189886464.0,181.08984375,resource.ru_maxrss_kib_converted_to_bytes,0.0,"{""BLIS_NUM_THREADS"": ""1"", ""MKL_DYNAMIC"": ""FALSE"", ""MKL_NUM_THREADS"": ""1"", ""NUMBA_NUM_THREADS"": ""1"", ""NUMEXPR_NUM_THREADS"": ""1"", ""OMP_DYNAMIC"": ""FALSE"", ""OMP_NUM_THREADS"": ""1"", ""OPENBLAS_NUM_THREADS"": ""1"", ""PYTHONHASHSEED"": ""0"", ""VECLIB_MAXIMUM_THREADS"": ""1""}",tree_tree,0,1,1,0.11131091800052673,8,9,11,10,20,17,medium,medium,8,uniform,"{""kind"": ""categorical"", ""probs"": [0.5, 0.35, 0.15], ""values"": [3, 4, 5]}",uniform,12,background,fast_dense,Almost every pair shares a token; the specialized dense Numba kernel should dominate sparse enumeration.,22,22,244,254,41,41,23.0,True,exact_agreement,2,0.0,2.3e-05,1.0,0.0,1.0,100.0,True,0.017605410137766776,0.019465845116251695,0.034601644139024966,0.03818832226602347,,,,,,,,,,,,,,,,,,,,,,
dense_overlap_size,size,dense_common_overlap,n2400,nodes_per_tree,2400.0,dense_overlap_size__n2400,4,exact_dense,generic,True,"{""method"": ""exact""}",overlap,2400,2400,5760000,9622144,9.0,23.0,ok,,23.0,2.2309832274913788e-06,8.792005246505141e-06,6.320199028996285,6.277141207974637,6.33443995701964,6.310593397996854,6.298670118485461,6.327319493007963,0.029832662816173257,0.014240928023355082,3.0,"[6.33443995701964, 6.320199028996285, 6.277141207974637]",6.3202012599795125,3.0,1.0,23.0,0.0,0.0,0.0,0.08333333333333333,exact_dense,2400.0,2400.0,0.0,0.00013335898984223604,0.0,6.479928179003764,0.0039324460085481405,6.484369785990566,5760000.0,,5336428.0,5760000,,,,,,1.0,1.0,23.0,23.0,True,exact_fit,2400.0,2400.0,7.779017323628068e-06,0.0,0.0,0.0,0.0,7.779017323628068e-06,0.0,,,,,,,,,1.0,1.0,,,1.962005626410246e-06,6.275679097016109,6.275681059021736,23.0,23.0,0.0,isolated,1,True,1200.0,38.22168783500092,37.99643273599213,0.22525509900879115,189513728.0,180.734375,resource.ru_maxrss_kib_converted_to_bytes,0.0,"{""BLIS_NUM_THREADS"": ""1"", ""MKL_DYNAMIC"": ""FALSE"", ""MKL_NUM_THREADS"": ""1"", ""NUMBA_NUM_THREADS"": ""1"", ""NUMEXPR_NUM_THREADS"": ""1"", ""OMP_DYNAMIC"": ""FALSE"", ""OMP_NUM_THREADS"": ""1"", ""OPENBLAS_NUM_THREADS"": ""1"", ""PYTHONHASHSEED"": ""0"", ""VECLIB_MAXIMUM_THREADS"": ""1""}",tree_tree,0,0,2,0.11461898000561632,8,9,9,12,15,21,medium,medium,8,uniform,"{""kind"": ""categorical"", ""probs"": [0.5, 0.35, 0.15], ""values"": [3, 4, 5]}",uniform,12,background,fast_dense,Almost every pair shares a token; the specialized dense Numba kernel should dominate sparse enumeration.,22,22,274,228,34,44,23.0,True,exact_agreement,2,0.0,2.3e-05,1.0,0.0,1.0,100.0,True,0.017912113126646704,0.019813467777706654,0.035193830382128706,0.03885704279015363,,,,,,,,,,,,,,,,,,,,,,
dense_overlap_size,size,dense_common_overlap,n2400,nodes_per_tree,2400.0,dense_overlap_size__n2400,4,fast_dense,fast_dense,True,{},overlap,2400,2400,5760000,9622144,9.0,23.0,ok,,23.0,0.012016984022920951,0.012186281994218007,0.11320811999030411,0.1130856639938429,0.11338403800618835,0.11322594066344512,0.1131468919920735,0.11329607899824623,0.00014998314940078896,0.00012245599646121264,3.0,"[0.1130856639938429, 0.11320811999030411, 0.11338403800618835]",0.12522510401322506,3.0,1.0,23.0,0.0,0.0,0.0,0.08333333333333333,fast_dense_overlap,2400.0,2400.0,0.0,2.0765000954270363e-05,0.0,0.12296817501191981,0.0001232390059158206,0.12313218199415132,5760000.0,,,5760000,,,,,,1.0,1.0,23.0,23.0,,fast_dense_fit,2400.0,2400.0,0.012185029016109183,0.0,0.0,0.0,0.0,0.012185029016109183,0.0,,,,,,,,,1.0,1.0,,,0.012498717987909913,0.22042273401166312,0.23292145199957304,23.0,23.0,0.0,isolated,1,True,1200.0,1.097862267983146,0.8339279829815496,0.26393428500159644,229773312.0,219.12890625,resource.ru_maxrss_kib_converted_to_bytes,0.0,"{""BLIS_NUM_THREADS"": ""1"", ""MKL_DYNAMIC"": ""FALSE"", ""MKL_NUM_THREADS"": ""1"", ""NUMBA_NUM_THREADS"": ""1"", ""NUMEXPR_NUM_THREADS"": ""1"", ""OMP_DYNAMIC"": ""FALSE"", ""OMP_NUM_THREADS"": ""1"", ""OPENBLAS_NUM_THREADS"": ""1"", ""PYTHONHASHSEED"": ""0"", ""VECLIB_MAXIMUM_THREADS"": ""1""}",tree_tree,1,1,2,0.11461898000561632,8,9,9,12,15,21,medium,medium,8,uniform,"{""kind"": ""categorical"", ""probs"": [0.5, 0.35, 0.15], ""values"": [3, 4, 5]}",uniform,12,background,fast_dense,Almost every pair shares a token; the specialized dense Numba kernel should dominate sparse enumeration.,22,22,274,228,34,44,23.0,True,exact_agreement,2,0.0,2.3e-05,1.0,0.0,1.0,100.0,True,1.0,1.0,1.0,1.0,,,,,,,,,,,,,,,,,,,,,,
sparse_jaccard_size,size,generic_sparse_jaccard,n400,nodes_per_tree,400.0,sparse_jaccard_size__n400,0,exact_dense,generic,True,"{""method"": ""exact""}",jaccard,400,400,160000,294,2.083333333333407,2.6666667461395264,ok,,2.6666666666667034,9.34989657253027e-07,6.080983439460397e-06,0.11082454098504968,0.11076062900247052,0.1112836489919573,0.11095627299315917,0.1107925849937601,0.1110540949885035,0.00028531117892768924,6.391198257915676e-05,3.0,"[0.11076062900247052, 0.11082454098504968, 0.1112836489919573]",0.11082547597470693,3.0,1.0,4.0,0.14285714285714285,0.25,0.25,0.15384615384615385,exact_dense,400.0,400.0,0.0,1.7565995221957564e-05,0.0,0.11297213000943884,4.149301094003022e-05,0.1130427879979834,160000.0,,294.0,160000.0,,,,,,1.0,1.0,2.6666667461395264,4.0,True,exact_fit,400.0,400.0,5.26200165040791e-06,0.0,0.0,0.0,0.0,5.26200165040791e-06,0.0,,,,,,,,,1.0,1.0,,,2.154993126168847e-06,0.11159463902004063,0.1115967940131668,2.6666667461395264,2.6666666666667034,0.0,isolated,1,True,1200.0,0.8930653890129179,0.6690702839987352,0.22399510501418263,143785984.0,137.125,resource.ru_maxrss_kib_converted_to_bytes,0.0,"{""BLIS_NUM_THREADS"": ""1"", ""MKL_DYNAMIC"": ""FALSE"", ""MKL_NUM_THREADS"": ""1"", ""NUMBA_NUM_THREADS"": ""1"", ""NUMEXPR_NUM_THREADS"": ""1"", ""OMP_DYNAMIC"": ""FALSE"", ""OMP_NUM_THREADS"": ""1"", ""OPENBLAS_NUM_THREADS"": ""1"", ""PYTHONHASHSEED"": ""0"", ""VECLIB_MAXIMUM_THREADS"": ""1""}",tree_tree,0,0,0,0.01626891500200145,169,7,8,13,18,18,medium,medium,1000,uniform,"{""kind"": ""categorical"", ""probs"": [0.8, 0.2], ""values"": [1, 2]}",inverse_sqrt,14,tail,sparse_chain,Generic score with an exact token blocking rule and very few positive node pairs.,17,17,51,47,6,6,2.6666667461395264,True,exact_agreement,3,7.947282298914615e-08,1e-05,1.0,0.0,1.0,100.0,True,0.012596082059126754,0.019433699487255263,0.024878788852337776,0.03812646079294776,,,,,,,,,,,,,,,,,,,,,,
sparse_jaccard_size,size,generic_sparse_jaccard,n400,nodes_per_tree,400.0,sparse_jaccard_size__n400,0,beam_local,generic,False,"{""beam_local_child_cap"": null, ""beam_width"": 200, ""method"": ""beam_local""}",jaccard,400,400,160000,294,2.083333333333407,2.6666666666667034,ok,,2.6666666666667034,9.850191418081522e-07,6.146990926936269e-06,0.02028413600055501,0.020280639990232885,0.020414019003510475,0.020326264998099457,0.020282387995393947,0.020349077502032742,7.601729817154088e-05,3.496010322123766e-06,3.0,"[0.020414019003510475, 0.02028413600055501, 0.020280639990232885]",0.020285121019696817,3.0,1.0,5.0,0.2857142857142857,0.4,0.25,0.15384615384615385,beam_local,400.0,400.0,0.0,0.00010199099779129028,0.018801925907609984,0.0031717140809632838,2.315995516255498e-06,0.022158926993142813,9939.0,9939.0,38.0,,25725.0,11005.0,6331.0,200.0,37.0,1.0,1.0,2.6666666666667034,5.0,True,beam_local_fit,400.0,400.0,5.073001375421882e-06,0.0,0.0,0.0,0.0,5.073001375421882e-06,0.0,,,,,,,,,1.0,1.0,,,2.001994289457798e-06,0.020752691983943805,0.020754693978233263,2.6666666666667034,2.6666666666667034,0.0,isolated,1,True,1200.0,0.35188890699646436,0.12469787598820403,0.22719103100826032,143785984.0,137.125,resource.ru_maxrss_kib_converted_to_bytes,0.0,"{""BLIS_NUM_THREADS"": ""1"", ""MKL_DYNAMIC"": ""FALSE"", ""MKL_NUM_THREADS"": ""1"", ""NUMBA_NUM_THREADS"": ""1"", ""NUMEXPR_NUM_THREADS"": ""1"", ""OMP_DYNAMIC"": ""FALSE"", ""OMP_NUM_THREADS"": ""1"", ""OPENBLAS_NUM_THREADS"": ""1"", ""PYTHONHASHSEED"": ""0"", ""VECLIB_MAXIMUM_THREADS"": ""1""}",tree_tree,3,1,0,0.01626891500200145,169,7,8,13,18,18,medium,medium,1000,uniform,"{""kind"": ""categorical"", ""probs"": [0.8, 0.2], ""values"": [1, 2]}",inverse_sqrt,14,tail,sparse_chain,Generic score with an exact token blocking rule and very few positive node pairs.,17,17,51,47,6,6,2.6666667461395264,True,exact_agreement,3,7.947282298914615e-08,1e-05,1.0,7.947282298914615e-08,1.0,100.0,True,0.06882003810142794,0.1061738302440097,0.1287775970661529,0.1919659050704335,200.0,,36.0,6332.0,,,,,,,,,,,,,,,,,,
sparse_jaccard_size,size,generic_sparse_jaccard,n400,nodes_per_tree,400.0,sparse_jaccard_size__n400,0,sparse_chain,generic_sparse,True,"{""method"": ""sparse_chain""}",jaccard,400,400,160000,294,2.083333333333407,2.6666666666667034,ok,,2.6666666666667034,0.0007577939832117409,0.0007549459987785667,0.0013959550124127418,0.0013920020137447864,0.0013972280139569193,0.0013950616800381492,0.001393978513078764,0.0013965915131848305,2.725124144497793e-06,1.2730015441775322e-06,3.0,"[0.0013959550124127418, 0.0013972280139569193, 0.0013920020137447864]",0.0021537489956244826,3.0,1.0,5.0,0.2857142857142857,0.4,0.25,0.15384615384615385,sparse_chain,400.0,400.0,0.0,0.0003004149766638875,0.0005481420084834099,0.0007090479775797576,8.589995559304953e-07,0.0016161800012923777,294.0,294.0,294.0,,,,,,,1.0,1.0,2.6666666666667034,5.0,True,sparse_chain_fit,400.0,400.0,0.0007534970063716173,0.0,0.0,0.0,0.0,0.0007534970063716173,0.0,,,,,,,,,1.0,1.0,,,0.0009511579992249608,0.0016002129996195436,0.0025513709988445044,2.6666666666667034,2.6666666666667034,0.0,isolated,1,True,1200.0,0.24313540899311192,0.011906174011528492,0.23122923498158343,143785984.0,137.125,resource.ru_maxrss_kib_converted_to_bytes,0.0,"{""BLIS_NUM_THREADS"": ""1"", ""MKL_DYNAMIC"": ""FALSE"", ""MKL_NUM_THREADS"": ""1"", ""NUMBA_NUM_THREADS"": ""1"", ""NUMEXPR_NUM_THREADS"": ""1"", ""OMP_DYNAMIC"": ""FALSE"", ""OMP_NUM_THREADS"": ""1"", ""OPENBLAS_NUM_THREADS"": ""1"", ""PYTHONHASHSEED"": ""0"", ""VECLIB_MAXIMUM_THREADS"": ""1""}",tree_tree,2,2,0,0.01626891500200145,169,7,8,13,18,18,medium,medium,1000,uniform,"{""kind"": ""categorical"", ""probs"": [0.8, 0.2], ""values"": [1, 2]}",inverse_sqrt,14,tail,sparse_chain,Generic score with an exact token blocking rule and very few positive node pairs.,17,17,51,47,6,6,2.6666667461395264,True,exact_agreement,3,7.947282298914615e-08,1e-05,1.0,7.947282298914615e-08,1.0,100.0,True,1.0,1.0,1.0,1.0,,,,,294.0,294.0,True,224.0,741.0,124.0,294.0,675.0,False,,,,,,,,,
sparse_jaccard_size,size,generic_sparse_jaccard,n400,nodes_per_tree,400.0,sparse_jaccard_size__n400,0,sparse_closure,generic_sparse,True,"{""method"": ""sparse""}",jaccard,400,400,160000,294,2.083333333333407,2.6666666666667034,ok,,2.6666666666667034,0.0007677379762753844,0.0007436140149366111,0.009887783002341166,0.009803927998291329,0.009951240004738793,0.009880983668457096,0.009845855500316247,0.00991951150353998,7.389100091922383e-05,6.345700239762664e-05,3.0,"[0.009803927998291329, 0.009887783002341166, 0.009951240004738793]",0.01065552097861655,3.0,1.0,4.0,0.14285714285714285,0.25,0.25,0.15384615384615385,sparse_closure,400.0,400.0,0.0,0.0001293070090468973,0.00011823300155811012,0.011001453996868804,4.205998266115785e-06,0.011358270014170557,294.0,294.0,294.0,16450.0,,,,,,1.0,1.0,2.6666666666667034,4.0,True,sparse_fit,400.0,400.0,0.0007422199996653944,0.0,0.0,0.0,0.0,0.0007422199996653944,0.0,,,,,,,,,1.0,1.0,,,0.00093028400442563,0.01042648998554796,0.01135677398997359,2.6666666666667034,2.6666666666667034,0.0,isolated,1,True,1200.0,0.2865471429831814,0.06425842197495513,0.22228872100822628,143785984.0,137.125,resource.ru_maxrss_kib_converted_to_bytes,0.0,"{""BLIS_NUM_THREADS"": ""1"", ""MKL_DYNAMIC"": ""FALSE"", ""MKL_NUM_THREADS"": ""1"", ""NUMBA_NUM_THREADS"": ""1"", ""NUMEXPR_NUM_THREADS"": ""1"", ""OMP_DYNAMIC"": ""FALSE"", ""OMP_NUM_THREADS"": ""1"", ""OPENBLAS_NUM_THREADS"": ""1"", ""PYTHONHASHSEED"": ""0"", ""VECLIB_MAXIMUM_THREADS"": ""1""}",tree_tree,1,3,0,0.01626891500200145,169,7,8,13,18,18,medium,medium,1000,uniform,"{""kind"": ""categorical"", ""probs"": [0.8, 0.2], ""values"": [1, 2]}",inverse_sqrt,14,tail,sparse_chain,Generic score with an exact token blocking rule and very few positive node pairs.,17,17,51,47,6,6,2.6666667461395264,True,exact_agreement,3,7.947282298914615e-08,1e-05,1.0,7.947282298914615e-08,1.0,100.0,True,0.14117977832667003,0.2021251705990365,0.24742776030203442,0.3362797411492758,,,,,,,True,,,,,,False,17072.0,,,,,,,,
sparse_jaccard_size,size,generic_sparse_jaccard,n400,nodes_per_tree,400.0,sparse_jaccard_size__n400,1,beam_local,generic,False,"{""beam_local_child_cap"": null, ""beam_width"": 200, ""method"": ""beam_local""}",jaccard,400,400,160000,318,4.066666666666666,4.4,ok,,4.3999999999999995,9.109789971262217e-07,5.819019861519337e-06,0.018331724975723773,0.018275034002726898,0.018413318000966683,0.018340025659805786,0.018303379489225335,0.018372521488345228,6.951468952291496e-05,5.6690972996875644e-05,3.0,"[0.018275034002726898, 0.018413318000966683, 0.018331724975723773]",0.0183326359547209,3.0,1.0,12.0,0.8461538461538461,0.9166666666666666,0.7857142857142857,0.8461538461538461,beam_local,400.0,400.0,0.0,9.866399341262877e-05,0.016926947137108073,0.0028858808800578117,2.173997927457094e-06,0.019981216988526285,9039.0,9039.0,49.0,,24013.0,9680.0,6224.0,200.0,37.0,1.0,1.0,4.4,12.0,True,beam_local_fit,400.0,400.0,5.084002623334527e-06,0.0,0.0,0.0,0.0,5.084002623334527e-06,0.0,,,,,,,,,1.0,1.0,,,1.9069993868470192e-06,0.018821395991835743,0.01882330299122259,4.4,4.3999999999999995,0.0,isolated,1,True,1200.0,0.3344900990196038,0.11269164600525983,0.22179845301434398,143785984.0,137.125,resource.ru_maxrss_kib_converted_to_bytes,0.0,"{""BLIS_NUM_THREADS"": ""1"", ""MKL_DYNAMIC"": ""FALSE"", ""MKL_NUM_THREADS"": ""1"", ""NUMBA_NUM_THREADS"": ""1"", ""NUMEXPR_NUM_THREADS"": ""1"", ""OMP_DYNAMIC"": ""FALSE"", ""OMP_NUM_THREADS"": ""1"", ""OPENBLAS_NUM_THREADS"": ""1"", ""PYTHONHASHSEED"": ""0"", ""VECLIB_MAXIMUM_THREADS"": ""1""}",tree_tree,3,0,0,0.019138275005389005,153,13,14,13,18,14,medium,medium,1000,uniform,"{""kind"": ""categorical"", ""probs"": [0.8, 0.2], ""values"": [1, 2]}",inverse_sqrt,14,tail,sparse_chain,Generic score with an exact token blocking rule and very few positive node pairs.,17,17,65,51,5,8,4.4,True,exact_agreement,3,3.8146972691777137e-07,1e-05,1.0,0.0,1.0,100.0,True,0.0766711797332109,0.11745855790934683,0.1424226470930694,0.21022445454997463,200.0,,36.0,6225.0,,,,,,,,,,,,,,,,,,
sparse_jaccard_size,size,generic_sparse_jaccard,n400,nodes_per_tree,400.0,sparse_jaccard_size__n400,1,sparse_chain,generic_sparse,True,"{""method"": ""sparse_chain""}",jaccard,400,400,160000,318,4.066666666666666,4.4,ok,,4.3999999999999995,0.0007478100014850497,0.0007299899880308658,0.0014055149804335088,0.0013928409898653626,0.0014340979978442192,0.0014108179893810302,0.0013991779851494357,0.001419806489138864,2.1133542172692632e-05,1.267399056814611e-05,3.0,"[0.0014340979978442192, 0.0014055149804335088, 0.0013928409898653626]",0.0021533249819185585,3.0,1.0,12.0,0.8461538461538461,0.9166666666666666,0.7857142857142857,0.8461538461538461,sparse_chain,400.0,400.0,0.0,0.0003002689918503165,0.0005555940151680261,0.0007018939941190183,1.068983692675829e-06,0.0016155400080606341,318.0,318.0,318.0,,,,,,,1.0,1.0,4.4,12.0,True,sparse_chain_fit,400.0,400.0,0.0007285069732461125,0.0,0.0,0.0,0.0,0.0007285069732461125,0.0,,,,,,,,,1.0,1.0,,,0.0009152499842457473,0.0016230600012931973,0.0025383099855389446,4.4,4.3999999999999995,0.0,isolated,1,True,1200.0,0.23441703701973893,0.01190959897940047,0.22250743804033846,143785984.0,137.125,resource.ru_maxrss_kib_converted_to_bytes,0.0,"{""BLIS_NUM_THREADS"": ""1"", ""MKL_DYNAMIC"": ""FALSE"", ""MKL_NUM_THREADS"": ""1"", ""NUMBA_NUM_THREADS"": ""1"", ""NUMEXPR_NUM_THREADS"": ""1"", ""OMP_DYNAMIC"": ""FALSE"", ""OMP_NUM_THREADS"": ""1"", ""OPENBLAS_NUM_THREADS"": ""1"", ""PYTHONHASHSEED"": ""0"", ""VECLIB_MAXIMUM_THREADS"": ""1""}",tree_tree,2,1,0,0.019138275005389005,153,13,14,13,18,14,medium,medium,1000,uniform,"{""kind"": ""categorical"", ""probs"": [0.8, 0.2], ""values"": [1, 2]}",inverse_sqrt,14,tail,sparse_chain,Generic score with an exact token blocking rule and very few positive node pairs.,17,17,65,51,5,8,4.4,True,exact_agreement,3,3.8146972691777137e-07,1e-05,1.0,0.0,1.0,100.0,True,1.0,1.0,1.0,1.0,,,,,318.0,318.0,True,229.0,783.0,132.0,318.0,576.0,False,,,,,,,,,
sparse_jaccard_size,size,generic_sparse_jaccard,n400,nodes_per_tree,400.0,sparse_jaccard_size__n400,1,sparse_closure,generic_sparse,True,"{""method"": ""sparse""}",jaccard,400,400,160000,318,4.066666666666666,4.4,ok,,4.3999999999999995,0.0008096499950625002,0.0007618370000272989,0.009758058993611485,0.009733928018249571,0.009795480000320822,0.009762489004060626,0.009745993505930528,0.009776769496966153,3.101419624397055e-05,2.4130975361913443e-05,3.0,"[0.009795480000320822, 0.009733928018249571, 0.009758058993611485]",0.010567708988673985,3.0,1.0,12.0,0.8461538461538461,0.9166666666666666,0.7857142857142857,0.8461538461538461,sparse_closure,400.0,400.0,0.0,0.00013706699246540666,0.00011886897846125066,0.010177841992117465,4.478992195799947e-06,0.010542660020291805,318.0,318.0,318.0,15576.0,,,,,,1.0,1.0,4.4,12.0,True,sparse_fit,400.0,400.0,0.0007602690020576119,0.0,0.0,0.0,0.0,0.0007602690020576119,0.0,,,,,,,,,1.0,1.0,,,0.000941906007938087,0.010235140012810007,0.011177046020748094,4.4,4.3999999999999995,0.0,isolated,1,True,1200.0,0.29005538701312616,0.06293349401676096,0.2271218929963652,143785984.0,137.125,resource.ru_maxrss_kib_converted_to_bytes,0.0,"{""BLIS_NUM_THREADS"": ""1"", ""MKL_DYNAMIC"": ""FALSE"", ""MKL_NUM_THREADS"": ""1"", ""NUMBA_NUM_THREADS"": ""1"", ""NUMEXPR_NUM_THREADS"": ""1"", ""OMP_DYNAMIC"": ""FALSE"", ""OMP_NUM_THREADS"": ""1"", ""OPENBLAS_NUM_THREADS"": ""1"", ""PYTHONHASHSEED"": ""0"", ""VECLIB_MAXIMUM_THREADS"": ""1""}",tree_tree,1,2,0,0.019138275005389005,153,13,14,13,18,14,medium,medium,1000,uniform,"{""kind"": ""categorical"", ""probs"": [0.8, 0.2], ""values"": [1, 2]}",inverse_sqrt,14,tail,sparse_chain,Generic score with an exact token blocking rule and very few positive node pairs.,17,17,65,51,5,8,4.4,True,exact_agreement,3,3.8146972691777137e-07,1e-05,1.0,0.0,1.0,100.0,True,0.1440363274452109,0.20376459876274028,0.25180376529976745,0.3385455910103598,,,,,,,True,,,,,,False,16191.0,,,,,,,,
sparse_jaccard_size,size,generic_sparse_jaccard,n400,nodes_per_tree,400.0,sparse_jaccard_size__n400,1,exact_dense,generic,True,"{""method"": ""exact""}",jaccard,400,400,160000,318,4.066666666666666,4.399999618530273,ok,,4.3999999999999995,8.990173228085041e-07,5.484005669131875e-06,0.11251008999533951,0.11226993601303548,0.11348693401669152,0.11275565334168884,0.1123900130041875,0.11299851200601552,0.0006445906088583729,0.00024015398230403662,3.0,"[0.11251008999533951, 0.11348693401669152, 0.11226993601303548]",0.11251098901266232,3.0,1.0,12.0,0.8461538461538461,0.9166666666666666,0.7857142857142857,0.8461538461538461,exact_dense,400.0,400.0,0.0,1.6525998944416642e-05,0.0,0.11300563500844873,5.4715987062081695e-05,0.11308868697960861,160000.0,,318.0,160000.0,,,,,,1.0,1.0,4.399999618530273,12.0,True,exact_fit,400.0,400.0,4.8009969759732485e-06,0.0,0.0,0.0,0.0,4.8009969759732485e-06,0.0,,,,,,,,,1.0,1.0,,,2.2180029191076756e-06,0.11297888102126308,0.11298109902418219,4.399999618530273,4.3999999999999995,0.0,isolated,1,True,1200.0,0.8977261520049069,0.6770438179955818,0.22068233400932513,143785984.0,137.125,resource.ru_maxrss_kib_converted_to_bytes,0.0,"{""BLIS_NUM_THREADS"": ""1"", ""MKL_DYNAMIC"": ""FALSE"", ""MKL_NUM_THREADS"": ""1"", ""NUMBA_NUM_THREADS"": ""1"", ""NUMEXPR_NUM_THREADS"": ""1"", ""OMP_DYNAMIC"": ""FALSE"", ""OMP_NUM_THREADS"": ""1"", ""OPENBLAS_NUM_THREADS"": ""1"", ""PYTHONHASHSEED"": ""0"", ""VECLIB_MAXIMUM_THREADS"": ""1""}",tree_tree,0,3,0,0.019138275005389005,153,13,14,13,18,14,medium,medium,1000,uniform,"{""kind"": ""categorical"", ""probs"": [0.8, 0.2], ""values"": [1, 2]}",inverse_sqrt,14,tail,sparse_chain,Generic score with an exact token blocking rule and very few positive node pairs.,17,17,65,51,5,8,4.4,True,exact_agreement,3,3.8146972691777137e-07,1e-05,1.0,3.8146972691777137e-07,1.0,100.0,True,0.012492346068621304,0.019138797026095087,0.02467642568781382,0.03755876448221417,,,,,,,,,,,,,,,,,,,,,,
sparse_jaccard_size,size,generic_sparse_jaccard,n400,nodes_per_tree,400.0,sparse_jaccard_size__n400,2,sparse_chain,generic_sparse,True,"{""method"": ""sparse_chain""}",jaccard,400,400,160000,271,3.6166666666666667,3.616666666666667,ok,,3.6166666666666667,0.0007656950037926435,0.0007509250135626644,0.001314547989750281,0.0013046930253040045,0.0013213829952292144,0.0013135413367611666,0.0013096205075271428,0.0013179654924897477,8.390398483175408e-06,6.8350054789334536e-06,3.0,"[0.0013213829952292144, 0.001314547989750281, 0.0013046930253040045]",0.0020802429935429245,3.0,1.0,12.0,0.9166666666666666,0.9166666666666666,0.9230769230769231,0.9230769230769231,sparse_chain,400.0,400.0,0.0,0.0002909909817390144,0.0005073570064269006,0.0006649259885307401,1.1960219126194715e-06,0.0015220940113067627,271.0,271.0,271.0,,,,,,,1.0,1.0,3.616666666666667,12.0,True,sparse_chain_fit,400.0,400.0,0.0007493979937862605,0.0,0.0,0.0,0.0,0.0007493979937862605,0.0,,,,,,,,,1.0,1.0,,,0.0009416779794264585,0.0015192159917205572,0.0024608939711470157,3.616666666666667,3.6166666666666667,0.0,isolated,1,True,1200.0,0.23885589698329568,0.011403736978536472,0.2274521600047592,143785984.0,137.125,resource.ru_maxrss_kib_converted_to_bytes,0.0,"{""BLIS_NUM_THREADS"": ""1"", ""MKL_DYNAMIC"": ""FALSE"", ""MKL_NUM_THREADS"": ""1"", ""NUMBA_NUM_THREADS"": ""1"", ""NUMEXPR_NUM_THREADS"": ""1"", ""OMP_DYNAMIC"": ""FALSE"", ""OMP_NUM_THREADS"": ""1"", ""OPENBLAS_NUM_THREADS"": ""1"", ""PYTHONHASHSEED"": ""0"", ""VECLIB_MAXIMUM_THREADS"": ""1""}",tree_tree,2,0,0,0.01867723898612894,136,12,13,13,18,18,medium,medium,1000,uniform,"{""kind"": ""categorical"", ""probs"": [0.8, 0.2], ""values"": [1, 2]}",inverse_sqrt,14,tail,sparse_chain,Generic score with an exact token blocking rule and very few positive node pairs.,17,17,51,45,10,8,3.616666666666667,True,exact_agreement,3,1.1126200405442432e-07,1e-05,1.0,0.0,1.0,100.0,True,1.0,1.0,1.0,1.0,,,,,271.0,271.0,True,204.0,701.0,139.0,271.0,594.0,False,,,,,,,,,
sparse_jaccard_size,size,generic_sparse_jaccard,n400,nodes_per_tree,400.0,sparse_jaccard_size__n400,2,sparse_closure,generic_sparse,True,"{""method"": ""sparse""}",jaccard,400,400,160000,271,3.6166666666666667,3.616666666666667,ok,,3.6166666666666667,0.0007765050104353577,0.0007364539778791368,0.008507767983246595,0.008479887008434162,0.008570442005293444,0.008519365665658066,0.008493827495840378,0.00853910499427002,4.637813646573329e-05,2.7880974812433124e-05,3.0,"[0.008479887008434162, 0.008507767983246595, 0.008570442005293444]",0.009284272993681952,3.0,1.0,12.0,1.0,1.0,0.9230769230769231,0.9230769230769231,sparse_closure,400.0,400.0,0.0,0.00013236000086180866,0.00011331800487823784,0.008669573027873412,4.998990334570408e-06,0.009016895026434213,271.0,271.0,271.0,14054.0,,,,,,1.0,1.0,3.616666666666667,12.0,True,sparse_fit,400.0,400.0,0.0007350319938268512,0.0,0.0,0.0,0.0,0.0007350319938268512,0.0,,,,,,,,,1.0,1.0,,,0.0009670360013842583,0.008896435989299789,0.009863471990684047,3.616666666666667,3.6166666666666667,0.0,isolated,1,True,1200.0,0.2753251270041801,0.05512543598888442,0.22019969101529568,143785984.0,137.125,resource.ru_maxrss_kib_converted_to_bytes,0.0,"{""BLIS_NUM_THREADS"": ""1"", ""MKL_DYNAMIC"": ""FALSE"", ""MKL_NUM_THREADS"": ""1"", ""NUMBA_NUM_THREADS"": ""1"", ""NUMEXPR_NUM_THREADS"": ""1"", ""OMP_DYNAMIC"": ""FALSE"", ""OMP_NUM_THREADS"": ""1"", ""OPENBLAS_NUM_THREADS"": ""1"", ""PYTHONHASHSEED"": ""0"", ""VECLIB_MAXIMUM_THREADS"": ""1""}",tree_tree,1,1,0,0.01867723898612894,136,12,13,13,18,18,medium,medium,1000,uniform,"{""kind"": ""categorical"", ""probs"": [0.8, 0.2], ""values"": [1, 2]}",inverse_sqrt,14,tail,sparse_chain,Generic score with an exact token blocking rule and very few positive node pairs.,17,17,51,45,10,8,3.616666666666667,True,exact_agreement,3,1.1126200405442432e-07,1e-05,1.0,0.0,1.0,100.0,True,0.15451149964818914,0.22406094639381588,0.26766558790496753,0.36609442863759,,,,,,,True,,,,,,False,14631.0,,,,,,,,
sparse_jaccard_size,size,generic_sparse_jaccard,n400,nodes_per_tree,400.0,sparse_jaccard_size__n400,2,exact_dense,generic,True,"{""method"": ""exact""}",jaccard,400,400,160000,271,3.6166666666666667,3.616666555404663,ok,,3.6166666666666667,9.479990694671869e-07,6.678979843854904e-06,0.1140991130087059,0.11396388499997556,0.1143284110003151,0.11413046966966552,0.11403149900434073,0.1142137620045105,0.00018427487992341135,0.00013522800873033702,3.0,"[0.11396388499997556, 0.1143284110003151, 0.1140991130087059]",0.11410006100777537,3.0,1.0,12.0,1.0,1.0,0.9230769230769231,0.9230769230769231,exact_dense,400.0,400.0,0.0,1.8026999896392226e-05,0.0,0.11613553200731985,6.206199759617448e-05,0.11622883100062609,160000.0,,271.0,160000.0,,,,,,1.0,1.0,3.616666555404663,12.0,True,exact_fit,400.0,400.0,5.832989700138569e-06,0.0,0.0,0.0,0.0,5.832989700138569e-06,0.0,,,,,,,,,1.0,1.0,,,1.828011590987444e-06,0.116004604002228,0.116006432013819,3.616666555404663,3.6166666666666667,0.0,isolated,1,True,1200.0,0.9195003480126616,0.6895987540192436,0.22990159399341792,143785984.0,137.125,resource.ru_maxrss_kib_converted_to_bytes,0.0,"{""BLIS_NUM_THREADS"": ""1"", ""MKL_DYNAMIC"": ""FALSE"", ""MKL_NUM_THREADS"": ""1"", ""NUMBA_NUM_THREADS"": ""1"", ""NUMEXPR_NUM_THREADS"": ""1"", ""OMP_DYNAMIC"": ""FALSE"", ""OMP_NUM_THREADS"": ""1"", ""OPENBLAS_NUM_THREADS"": ""1"", ""PYTHONHASHSEED"": ""0"", ""VECLIB_MAXIMUM_THREADS"": ""1""}",tree_tree,0,2,0,0.01867723898612894,136,12,13,13,18,18,medium,medium,1000,uniform,"{""kind"": ""categorical"", ""probs"": [0.8, 0.2], ""values"": [1, 2]}",inverse_sqrt,14,tail,sparse_chain,Generic score with an exact token blocking rule and very few positive node pairs.,17,17,51,45,10,8,3.616666666666667,True,exact_agreement,3,1.1126200405442432e-07,1e-05,1.0,1.1126200405442432e-07,1.0,100.0,True,0.011521106125075481,0.018231743043513063,0.02277976416964825,0.035810596493521314,,,,,,,,,,,,,,,,,,,,,,
sparse_jaccard_size,size,generic_sparse_jaccard,n400,nodes_per_tree,400.0,sparse_jaccard_size__n400,2,beam_local,generic,False,"{""beam_local_child_cap"": null, ""beam_width"": 200, ""method"": ""beam_local""}",jaccard,400,400,160000,271,3.6166666666666667,3.616666666666667,ok,,3.6166666666666667,9.029754437506199e-07,5.604990292340517e-06,0.020173701021121815,0.020073145016795024,0.02102098599425517,0.02042261067739067,0.02012342301895842,0.020597343507688493,0.0005206415680447162,0.00010055600432679057,3.0,"[0.020073145016795024, 0.020173701021121815, 0.02102098599425517]",0.020174603996565565,3.0,1.0,12.0,1.0,1.0,0.9230769230769231,0.9230769230769231,beam_local,400.0,400.0,0.0,9.938402217812836e-05,0.018781522929202765,0.003049322054721415,2.087006578221917e-06,0.02200082500348799,10320.0,10320.0,52.0,,26619.0,11181.0,6387.0,200.0,37.0,1.0,1.0,3.616666666666667,12.0,True,beam_local_fit,400.0,400.0,4.7869980335235596e-06,0.0,0.0,0.0,0.0,4.7869980335235596e-06,0.0,,,,,,,,,1.0,1.0,,,2.073997166007757e-06,0.020742958993650973,0.02074503299081698,3.616666666666667,3.6166666666666667,0.0,isolated,1,True,1200.0,0.34771631701732986,0.1246113559755031,0.22310496104182675,143785984.0,137.125,resource.ru_maxrss_kib_converted_to_bytes,0.0,"{""BLIS_NUM_THREADS"": ""1"", ""MKL_DYNAMIC"": ""FALSE"", ""MKL_NUM_THREADS"": ""1"", ""NUMBA_NUM_THREADS"": ""1"", ""NUMEXPR_NUM_THREADS"": ""1"", ""OMP_DYNAMIC"": ""FALSE"", ""OMP_NUM_THREADS"": ""1"", ""OPENBLAS_NUM_THREADS"": ""1"", ""PYTHONHASHSEED"": ""0"", ""VECLIB_MAXIMUM_THREADS"": ""1""}",tree_tree,3,3,0,0.01867723898612894,136,12,13,13,18,18,medium,medium,1000,uniform,"{""kind"": ""categorical"", ""probs"": [0.8, 0.2], ""values"": [1, 2]}",inverse_sqrt,14,tail,sparse_chain,Generic score with an exact token blocking rule and very few positive node pairs.,17,17,51,45,10,8,3.616666666666667,True,exact_agreement,3,1.1126200405442432e-07,1e-05,1.0,0.0,1.0,100.0,True,0.06516146880406092,0.1031119616472797,0.12235040547837828,0.18694740920640976,200.0,,36.0,6388.0,,,,,,,,,,,,,,,,,,
sparse_jaccard_size,size,generic_sparse_jaccard,n400,nodes_per_tree,400.0,sparse_jaccard_size__n400,3,sparse_closure,generic_sparse,True,"{""method"": ""sparse""}",jaccard,400,400,160000,297,4.083333333333333,4.083333333333333,ok,,4.083333333333333,0.0008035840000957251,0.0007733909878879786,0.009057793009560555,0.009053312009200454,0.009085523983230814,0.009065543000663942,0.009055552509380504,0.009071658496395685,1.7448483868522113e-05,4.481000360101461e-06,3.0,"[0.009057793009560555, 0.009053312009200454, 0.009085523983230814]",0.00986137700965628,3.0,1.0,13.0,1.0,1.0,1.0,0.9285714285714286,sparse_closure,400.0,400.0,0.0,0.00013835998834110796,0.00011620199074968696,0.009450301993638277,4.287023330107331e-06,0.009809584997128695,297.0,297.0,297.0,14712.0,,,,,,1.0,1.0,4.083333333333333,13.0,True,sparse_fit,400.0,400.0,0.0007719249988440424,0.0,0.0,0.0,0.0,0.0007719249988440424,0.0,,,,,,,,,1.0,1.0,,,0.0009489860094618052,0.009527590998914093,0.010476577008375898,4.083333333333333,4.083333333333333,0.0,isolated,1,True,1200.0,0.28474321198882535,0.05875802499940619,0.22598518698941916,143982592.0,137.3125,resource.ru_maxrss_kib_converted_to_bytes,0.0,"{""BLIS_NUM_THREADS"": ""1"", ""MKL_DYNAMIC"": ""FALSE"", ""MKL_NUM_THREADS"": ""1"", ""NUMBA_NUM_THREADS"": ""1"", ""NUMEXPR_NUM_THREADS"": ""1"", ""OMP_DYNAMIC"": ""FALSE"", ""OMP_NUM_THREADS"": ""1"", ""OPENBLAS_NUM_THREADS"": ""1"", ""PYTHONHASHSEED"": ""0"", ""VECLIB_MAXIMUM_THREADS"": ""1""}",tree_tree,1,0,0,0.019562591012800112,147,13,13,14,17,16,medium,medium,1000,uniform,"{""kind"": ""categorical"", ""probs"": [0.8, 0.2], ""values"": [1, 2]}",inverse_sqrt,14,tail,sparse_chain,Generic score with an exact token blocking rule and very few positive node pairs.,17,17,46,58,11,6,4.083333333333333,True,exact_agreement,3,3.1789143850602386e-07,1e-05,1.0,0.0,1.0,100.0,True,0.15362572450288586,0.21907721429434598,0.26633546953728937,0.3594148290617625,,,,,,,True,,,,,,False,15306.0,,,,,,,,
sparse_jaccard_size,size,generic_sparse_jaccard,n400,nodes_per_tree,400.0,sparse_jaccard_size__n400,3,exact_dense,generic,True,"{""method"": ""exact""}",jaccard,400,400,160000,297,4.083333333333333,4.0833330154418945,ok,,4.083333333333333,8.750066626816988e-07,5.26200165040791e-06,0.11086207299376838,0.11070444798679091,0.111401231988566,0.11098925098970842,0.11078326049027964,0.11113165249116719,0.00036538701163413176,0.00015762500697746873,3.0,"[0.11086207299376838, 0.11070444798679091, 0.111401231988566]",0.11086294800043106,3.0,1.0,13.0,1.0,1.0,1.0,0.9285714285714286,exact_dense,400.0,400.0,0.0,1.5525991329923272e-05,0.0,0.11275288599426858,5.716897430829704e-05,0.1128373620158527,160000.0,,297.0,160000.0,,,,,,1.0,1.0,4.0833330154418945,13.0,True,exact_fit,400.0,400.0,4.565023118630052e-06,0.0,0.0,0.0,0.0,4.565023118630052e-06,0.0,,,,,,,,,1.0,1.0,,,5.026988219469786e-06,0.11247383599402383,0.1124788629822433,4.0833330154418945,4.083333333333333,0.0,isolated,1,True,1200.0,0.891621157003101,0.6696765870146919,0.22194456998840906,143982592.0,137.3125,resource.ru_maxrss_kib_converted_to_bytes,0.0,"{""BLIS_NUM_THREADS"": ""1"", ""MKL_DYNAMIC"": ""FALSE"", ""MKL_NUM_THREADS"": ""1"", ""NUMBA_NUM_THREADS"": ""1"", ""NUMEXPR_NUM_THREADS"": ""1"", ""OMP_DYNAMIC"": ""FALSE"", ""OMP_NUM_THREADS"": ""1"", ""OPENBLAS_NUM_THREADS"": ""1"", ""PYTHONHASHSEED"": ""0"", ""VECLIB_MAXIMUM_THREADS"": ""1""}",tree_tree,0,1,0,0.019562591012800112,147,13,13,14,17,16,medium,medium,1000,uniform,"{""kind"": ""categorical"", ""probs"": [0.8, 0.2], ""values"": [1, 2]}",inverse_sqrt,14,tail,sparse_chain,Generic score with an exact token blocking rule and very few positive node pairs.,17,17,46,58,11,6,4.083333333333333,True,exact_agreement,3,3.1789143850602386e-07,1e-05,1.0,3.1789143850602386e-07,1.0,100.0,True,0.012551722838243634,0.019487150967457637,0.024792260099188605,0.03822932137784181,,,,,,,,,,,,,,,,,,,,,,
sparse_jaccard_size,size,generic_sparse_jaccard,n400,nodes_per_tree,400.0,sparse_jaccard_size__n400,3,beam_local,generic,False,"{""beam_local_child_cap"": null, ""beam_width"": 200, ""method"": ""beam_local""}",jaccard,400,400,160000,297,4.083333333333333,4.083333333333333,ok,,4.083333333333333,9.529758244752884e-07,5.1670067477971315e-06,0.021143160993233323,0.021096545999171212,0.021171859989408404,0.021137188993937645,0.021119853496202268,0.021157510491320863,3.801049674830112e-05,2.8698996175080538e-05,3.0,"[0.021171859989408404, 0.021096545999171212, 0.021143160993233323]",0.0211441139690578,3.0,1.0,13.0,1.0,1.0,1.0,0.9285714285714286,beam_local,400.0,400.0,0.0,0.00010313800885342062,0.019850036915158853,0.0032521270914003253,2.2609892766922712e-06,0.023280388006241992,10414.0,10414.0,57.0,,26735.0,11413.0,6450.0,200.0,37.0,1.0,1.0,4.083333333333333,13.0,True,beam_local_fit,400.0,400.0,4.443980287760496e-06,0.0,0.0,0.0,0.0,4.443980287760496e-06,0.0,,,,,,,,,1.0,1.0,,,2.3399770725518465e-06,0.021823707007570192,0.021826046984642744,4.083333333333333,4.083333333333333,0.0,isolated,1,True,1200.0,0.3565043930138927,0.13017943198792636,0.22632496102596633,143982592.0,137.3125,resource.ru_maxrss_kib_converted_to_bytes,0.0,"{""BLIS_NUM_THREADS"": ""1"", ""MKL_DYNAMIC"": ""FALSE"", ""MKL_NUM_THREADS"": ""1"", ""NUMBA_NUM_THREADS"": ""1"", ""NUMEXPR_NUM_THREADS"": ""1"", ""OMP_DYNAMIC"": ""FALSE"", ""OMP_NUM_THREADS"": ""1"", ""OPENBLAS_NUM_THREADS"": ""1"", ""PYTHONHASHSEED"": ""0"", ""VECLIB_MAXIMUM_THREADS"": ""1""}",tree_tree,3,2,0,0.019562591012800112,147,13,13,14,17,16,medium,medium,1000,uniform,"{""kind"": ""categorical"", ""probs"": [0.8, 0.2], ""values"": [1, 2]}",inverse_sqrt,14,tail,sparse_chain,Generic score with an exact token blocking rule and very few positive node pairs.,17,17,46,58,11,6,4.083333333333333,True,exact_agreement,3,3.1789143850602386e-07,1e-05,1.0,0.0,1.0,100.0,True,0.06581371697147155,0.10217514943134197,0.1234994744831815,0.18540637481086086,200.0,,36.0,6451.0,,,,,,,,,,,,,,,,,,
sparse_jaccard_size,size,generic_sparse_jaccard,n400,nodes_per_tree,400.0,sparse_jaccard_size__n400,3,sparse_chain,generic_sparse,True,"{""method"": ""sparse_chain""}",jaccard,400,400,160000,297,4.083333333333333,4.083333333333333,ok,,4.083333333333333,0.0007688929908908904,0.0007552659953944385,0.0013915100134909153,0.001384799979859963,0.0013930250133853406,0.0013897783355787396,0.0013881549966754392,0.001392267513438128,4.3774222342645654e-06,1.514999894425273e-06,3.0,"[0.0013915100134909153, 0.0013930250133853406, 0.001384799979859963]",0.0021604030043818057,3.0,1.0,13.0,1.0,1.0,1.0,0.9285714285714286,sparse_chain,400.0,400.0,0.0,0.0003026000049430877,0.0005402450042311102,0.0006829740013927221,1.2050149962306023e-06,0.0015854010125622153,297.0,297.0,297.0,,,,,,,1.0,1.0,4.083333333333333,13.0,True,sparse_chain_fit,400.0,400.0,0.0007538520148955286,0.0,0.0,0.0,0.0,0.0007538520148955286,0.0,,,,,,,,,1.0,1.0,,,0.0009566489898134023,0.0015958209987729788,0.002552469988586381,4.083333333333333,4.083333333333333,0.0,isolated,1,True,1200.0,0.2382483640103601,0.01187600800767541,0.22637235600268468,143982592.0,137.3125,resource.ru_maxrss_kib_converted_to_bytes,0.0,"{""BLIS_NUM_THREADS"": ""1"", ""MKL_DYNAMIC"": ""FALSE"", ""MKL_NUM_THREADS"": ""1"", ""NUMBA_NUM_THREADS"": ""1"", ""NUMEXPR_NUM_THREADS"": ""1"", ""OMP_DYNAMIC"": ""FALSE"", ""OMP_NUM_THREADS"": ""1"", ""OPENBLAS_NUM_THREADS"": ""1"", ""PYTHONHASHSEED"": ""0"", ""VECLIB_MAXIMUM_THREADS"": ""1""}",tree_tree,2,3,0,0.019562591012800112,147,13,13,14,17,16,medium,medium,1000,uniform,"{""kind"": ""categorical"", ""probs"": [0.8, 0.2], ""values"": [1, 2]}",inverse_sqrt,14,tail,sparse_chain,Generic score with an exact token blocking rule and very few positive node pairs.,17,17,46,58,11,6,4.083333333333333,True,exact_agreement,3,3.1789143850602386e-07,1e-05,1.0,0.0,1.0,100.0,True,1.0,1.0,1.0,1.0,,,,,297.0,297.0,True,210.0,677.0,143.0,297.0,562.0,False,,,,,,,,,
sparse_jaccard_size,size,generic_sparse_jaccard,n800,nodes_per_tree,800.0,sparse_jaccard_size__n800,0,exact_dense,generic,True,"{""method"": ""exact""}",jaccard,800,800,640000,988,3.75,3.75,ok,,3.75,9.890063665807247e-07,6.333022611215711e-06,0.4454422180133406,0.4437313970120158,0.4482626020035241,0.44581207234296016,0.4445868075126782,0.44685241000843234,0.002288132172235932,0.0017108210013248026,3.0,"[0.4437313970120158, 0.4454422180133406, 0.4482626020035241]",0.4454432070197072,3.0,1.0,12.0,0.9166666666666666,0.9166666666666666,1.0,0.8571428571428571,exact_dense,800.0,800.0,0.0,0.00012144801439717412,0.0,0.45040974600124173,0.0008202590106520802,0.4514536309870891,640000.0,,988.0,640000.0,,,,,,1.0,1.0,3.75,12.0,True,exact_fit,800.0,800.0,5.555019015446305e-06,0.0,0.0,0.0,0.0,5.555019015446305e-06,0.0,,,,,,,,,1.0,1.0,,,2.115993993356824e-06,0.4464034530101344,0.44640556900412776,3.75,3.75,0.0,isolated,1,True,1200.0,2.9280094180139713,2.6809123439888936,0.24709707402507775,144375808.0,137.6875,resource.ru_maxrss_kib_converted_to_bytes,0.0,"{""BLIS_NUM_THREADS"": ""1"", ""MKL_DYNAMIC"": ""FALSE"", ""MKL_NUM_THREADS"": ""1"", ""NUMBA_NUM_THREADS"": ""1"", ""NUMEXPR_NUM_THREADS"": ""1"", ""OMP_DYNAMIC"": ""FALSE"", ""OMP_NUM_THREADS"": ""1"", ""OPENBLAS_NUM_THREADS"": ""1"", ""PYTHONHASHSEED"": ""0"", ""VECLIB_MAXIMUM_THREADS"": ""1""}",tree_tree,0,0,0,0.0326591540069785,368,12,12,14,20,15,medium,medium,1000,uniform,"{""kind"": ""categorical"", ""probs"": [0.8, 0.2], ""values"": [1, 2]}",inverse_sqrt,14,tail,sparse_chain,Generic score with an exact token blocking rule and very few positive node pairs.,19,19,104,100,10,14,3.75,True,exact_agreement,3,0.0,1e-05,1.0,0.0,1.0,100.0,True,0.009359505743978914,0.013547289353466838,0.018545435379003456,0.026732426786141447,,,,,,,,,,,,,,,,,,,,,,
sparse_jaccard_size,size,generic_sparse_jaccard,n800,nodes_per_tree,800.0,sparse_jaccard_size__n800,0,beam_local,generic,False,"{""beam_local_child_cap"": null, ""beam_width"": 200, ""method"": ""beam_local""}",jaccard,800,800,640000,988,3.75,3.75,ok,,3.75,9.319919627159834e-07,5.704991053789854e-06,0.018995868013007566,0.01896328097791411,0.019403482001507655,0.019120876997476444,0.018979574495460838,0.01919967500725761,0.00024528487507723785,3.258703509345651e-05,3.0,"[0.018995868013007566, 0.01896328097791411, 0.019403482001507655]",0.018996800004970282,3.0,1.0,12.0,0.9166666666666666,0.9166666666666666,1.0,0.8571428571428571,beam_local,800.0,800.0,0.0,0.00020066098659299314,0.017783839051844552,0.0027171079418621957,2.2300228010863066e-06,0.020780347025720403,9702.0,9702.0,52.0,,24674.0,10612.0,5832.0,200.0,37.0,1.0,1.0,3.75,12.0,True,beam_local_fit,800.0,800.0,4.9209920689463615e-06,0.0,0.0,0.0,0.0,4.9209920689463615e-06,0.0,,,,,,,,,1.0,1.0,,,1.8849968910217285e-06,0.019339089980348945,0.019340974977239966,3.75,3.75,0.0,isolated,1,True,1200.0,0.3393965130089782,0.11694914498366416,0.22244736802531406,144375808.0,137.6875,resource.ru_maxrss_kib_converted_to_bytes,0.0,"{""BLIS_NUM_THREADS"": ""1"", ""MKL_DYNAMIC"": ""FALSE"", ""MKL_NUM_THREADS"": ""1"", ""NUMBA_NUM_THREADS"": ""1"", ""NUMEXPR_NUM_THREADS"": ""1"", ""OMP_DYNAMIC"": ""FALSE"", ""OMP_NUM_THREADS"": ""1"", ""OPENBLAS_NUM_THREADS"": ""1"", ""PYTHONHASHSEED"": ""0"", ""VECLIB_MAXIMUM_THREADS"": ""1""}",tree_tree,3,1,0,0.0326591540069785,368,12,12,14,20,15,medium,medium,1000,uniform,"{""kind"": ""categorical"", ""probs"": [0.8, 0.2], ""values"": [1, 2]}",inverse_sqrt,14,tail,sparse_chain,Generic score with an exact token blocking rule and very few positive node pairs.,19,19,104,100,10,14,3.75,True,exact_agreement,3,0.0,1e-05,1.0,0.0,1.0,100.0,True,0.2194750455863208,0.3176612910834108,0.3599500397825651,0.482159251748562,200.0,,40.0,5833.0,,,,,,,,,,,,,,,,,,
sparse_jaccard_size,size,generic_sparse_jaccard,n800,nodes_per_tree,800.0,sparse_jaccard_size__n800,0,sparse_chain,generic_sparse,True,"{""method"": ""sparse_chain""}",jaccard,800,800,640000,988,3.75,3.75,ok,,3.75,0.001865429017925635,0.0014292339910753071,0.004169118998106569,0.004166690981946886,0.004169537016423419,0.004168448998825625,0.004167904990026727,0.004169328007264994,1.536766845606044e-06,4.180183168500662e-07,3.0,"[0.004166690981946886, 0.004169537016423419, 0.004169118998106569]",0.006034548016032204,3.0,1.0,12.0,0.9166666666666666,0.9166666666666666,1.0,0.8571428571428571,sparse_chain,800.0,800.0,0.0,0.0006042339955456555,0.0016300120041705668,0.0021609299874398857,1.4500110410153866e-06,0.004497349000303075,988.0,988.0,988.0,,,,,,,1.0,1.0,3.75,12.0,True,sparse_chain_fit,800.0,800.0,0.0014277200098149478,0.0,0.0,0.0,0.0,0.0014277200098149478,0.0,,,,,,,,,1.0,1.0,,,0.0016996600024867803,0.0045197129948064685,0.006219372997293249,3.75,3.75,0.0,isolated,1,True,1200.0,0.2584105819987599,0.03144860899192281,0.22696197300683707,144375808.0,137.6875,resource.ru_maxrss_kib_converted_to_bytes,0.0,"{""BLIS_NUM_THREADS"": ""1"", ""MKL_DYNAMIC"": ""FALSE"", ""MKL_NUM_THREADS"": ""1"", ""NUMBA_NUM_THREADS"": ""1"", ""NUMEXPR_NUM_THREADS"": ""1"", ""OMP_DYNAMIC"": ""FALSE"", ""OMP_NUM_THREADS"": ""1"", ""OPENBLAS_NUM_THREADS"": ""1"", ""PYTHONHASHSEED"": ""0"", ""VECLIB_MAXIMUM_THREADS"": ""1""}",tree_tree,2,2,0,0.0326591540069785,368,12,12,14,20,15,medium,medium,1000,uniform,"{""kind"": ""categorical"", ""probs"": [0.8, 0.2], ""values"": [1, 2]}",inverse_sqrt,14,tail,sparse_chain,Generic score with an exact token blocking rule and very few positive node pairs.,19,19,104,100,10,14,3.75,True,exact_agreement,3,0.0,1e-05,1.0,0.0,1.0,100.0,True,1.0,1.0,1.0,1.0,,,,,988.0,988.0,True,694.0,2066.0,115.0,988.0,1859.0,False,,,,,,,,,
sparse_jaccard_size,size,generic_sparse_jaccard,n800,nodes_per_tree,800.0,sparse_jaccard_size__n800,0,sparse_closure,generic_sparse,True,"{""method"": ""sparse""}",jaccard,800,800,640000,988,3.75,3.75,ok,,3.75,0.0015116700087673962,0.0014723689819220454,0.04024355800356716,0.04016822099220008,0.04029211899614893,0.04023463266397206,0.04020588949788362,0.040267838499858044,6.242936096736386e-05,4.8560992581769824e-05,3.0,"[0.04024355800356716, 0.04029211899614893, 0.04016822099220008]",0.041755228012334555,3.0,1.0,12.0,0.9166666666666666,0.9166666666666666,1.0,0.8571428571428571,sparse_closure,800.0,800.0,0.0,0.00017158500850200653,0.0003640220093075186,0.041366001998540014,5.4349948186427355e-06,0.04231956900912337,988.0,988.0,988.0,60929.0,,,,,,1.0,1.0,3.75,12.0,True,sparse_fit,800.0,800.0,0.0014708499948028475,0.0,0.0,0.0,0.0,0.0014708499948028475,0.0,,,,,,,,,1.0,1.0,,,0.0017108619795180857,0.041611468011979014,0.0433223299914971,3.75,3.75,0.0,isolated,1,True,1200.0,0.479242597008124,0.2513420360046439,0.2279005610034801,144683008.0,137.98046875,resource.ru_maxrss_kib_converted_to_bytes,0.0,"{""BLIS_NUM_THREADS"": ""1"", ""MKL_DYNAMIC"": ""FALSE"", ""MKL_NUM_THREADS"": ""1"", ""NUMBA_NUM_THREADS"": ""1"", ""NUMEXPR_NUM_THREADS"": ""1"", ""OMP_DYNAMIC"": ""FALSE"", ""OMP_NUM_THREADS"": ""1"", ""OPENBLAS_NUM_THREADS"": ""1"", ""PYTHONHASHSEED"": ""0"", ""VECLIB_MAXIMUM_THREADS"": ""1""}",tree_tree,1,3,0,0.0326591540069785,368,12,12,14,20,15,medium,medium,1000,uniform,"{""kind"": ""categorical"", ""probs"": [0.8, 0.2], ""values"": [1, 2]}",inverse_sqrt,14,tail,sparse_chain,Generic score with an exact token blocking rule and very few positive node pairs.,19,19,104,100,10,14,3.75,True,exact_agreement,3,0.0,1e-05,1.0,0.0,1.0,100.0,True,0.10359717691306075,0.14452197493088983,0.18774454860937348,0.25254556591561567,,,,,,,True,,,,,,False,62320.0,,,,,,,,
sparse_jaccard_size,size,generic_sparse_jaccard,n800,nodes_per_tree,800.0,sparse_jaccard_size__n800,1,beam_local,generic,False,"{""beam_local_child_cap"": null, ""beam_width"": 200, ""method"": ""beam_local""}",jaccard,800,800,640000,940,3.15,3.2,ok,,3.1999999999999997,9.8699820227921e-07,5.569017957895994e-06,0.022609145002206787,0.022563237987924367,0.023017611994873732,0.02272999832833496,0.022586191495065577,0.02281337849854026,0.0002501361216917454,4.590701428242028e-05,3.0,"[0.022609145002206787, 0.022563237987924367, 0.023017611994873732]",0.022610132000409067,3.0,1.0,11.0,0.9090909090909091,0.9090909090909091,0.9166666666666666,0.8461538461538461,beam_local,800.0,800.0,0.0,0.00019617500947788358,0.020808357978239655,0.0034441260213498026,2.162996679544449e-06,0.02454365897574462,11036.0,11036.0,55.0,,28683.0,12274.0,7060.0,200.0,41.0,1.0,1.0,3.2,11.0,True,beam_local_fit,800.0,800.0,4.7670037019997835e-06,0.0,0.0,0.0,0.0,4.7670037019997835e-06,0.0,,,,,,,,,1.0,1.0,,,1.901003997772932e-06,0.022985605988651514,0.022987506992649287,3.2,3.1999999999999997,0.0,isolated,1,True,1200.0,0.36474585699033923,0.13866817697999068,0.22607768001034856,144375808.0,137.6875,resource.ru_maxrss_kib_converted_to_bytes,0.0,"{""BLIS_NUM_THREADS"": ""1"", ""MKL_DYNAMIC"": ""FALSE"", ""MKL_NUM_THREADS"": ""1"", ""NUMBA_NUM_THREADS"": ""1"", ""NUMEXPR_NUM_THREADS"": ""1"", ""OMP_DYNAMIC"": ""FALSE"", ""OMP_NUM_THREADS"": ""1"", ""OPENBLAS_NUM_THREADS"": ""1"", ""PYTHONHASHSEED"": ""0"", ""VECLIB_MAXIMUM_THREADS"": ""1""}",tree_tree,3,0,0,0.036300895997555926,366,11,12,13,18,18,medium,medium,1000,uniform,"{""kind"": ""categorical"", ""probs"": [0.8, 0.2], ""values"": [1, 2]}",inverse_sqrt,14,tail,sparse_chain,Generic score with an exact token blocking rule and very few positive node pairs.,19,19,119,91,10,15,3.200000047683716,True,exact_agreement,3,4.7683715642676816e-08,1e-05,1.0,4.7683715642676816e-08,1.0,100.0,True,0.1783705663430961,0.2610977239135369,0.30274104163454035,0.4140800811269059,200.0,,40.0,7061.0,,,,,,,,,,,,,,,,,,
sparse_jaccard_size,size,generic_sparse_jaccard,n800,nodes_per_tree,800.0,sparse_jaccard_size__n800,1,sparse_chain,generic_sparse,True,"{""method"": ""sparse_chain""}",jaccard,800,800,640000,940,3.15,3.2,ok,,3.1999999999999997,0.0018706480041146278,0.001434600999346003,0.004032805998576805,0.004016252001747489,0.004053781012771651,0.004034279671031982,0.004024529000162147,0.004043293505674228,1.8807856071115107e-05,1.655399682931602e-05,3.0,"[0.004053781012771651, 0.004032805998576805, 0.004016252001747489]",0.005903454002691433,3.0,1.0,11.0,0.8181818181818182,0.8181818181818182,0.9166666666666666,0.8461538461538461,sparse_chain,800.0,800.0,0.0,0.0005906670121476054,0.0015850109921302646,0.0020702279871329665,1.2420059647411108e-06,0.004345829976955429,940.0,940.0,940.0,,,,,,,1.0,1.0,3.2,11.0,True,sparse_chain_fit,800.0,800.0,0.0014331309939734638,0.0,0.0,0.0,0.0,0.0014331309939734638,0.0,,,,,,,,,1.0,1.0,,,0.0017031600000336766,0.004405359999509528,0.006108519999543205,3.2,3.1999999999999997,0.0,isolated,1,True,1200.0,0.2579850229958538,0.03068288101349026,0.22730214198236354,144375808.0,137.6875,resource.ru_maxrss_kib_converted_to_bytes,0.0,"{""BLIS_NUM_THREADS"": ""1"", ""MKL_DYNAMIC"": ""FALSE"", ""MKL_NUM_THREADS"": ""1"", ""NUMBA_NUM_THREADS"": ""1"", ""NUMEXPR_NUM_THREADS"": ""1"", ""OMP_DYNAMIC"": ""FALSE"", ""OMP_NUM_THREADS"": ""1"", ""OPENBLAS_NUM_THREADS"": ""1"", ""PYTHONHASHSEED"": ""0"", ""VECLIB_MAXIMUM_THREADS"": ""1""}",tree_tree,2,1,0,0.036300895997555926,366,11,12,13,18,18,medium,medium,1000,uniform,"{""kind"": ""categorical"", ""probs"": [0.8, 0.2], ""values"": [1, 2]}",inverse_sqrt,14,tail,sparse_chain,Generic score with an exact token blocking rule and very few positive node pairs.,19,19,119,91,10,15,3.200000047683716,True,exact_agreement,3,4.7683715642676816e-08,1e-05,1.0,4.7683715642676816e-08,1.0,100.0,True,1.0,1.0,1.0,1.0,,,,,940.0,940.0,True,644.0,2007.0,166.0,940.0,1840.0,False,,,,,,,,,
sparse_jaccard_size,size,generic_sparse_jaccard,n800,nodes_per_tree,800.0,sparse_jaccard_size__n800,1,sparse_closure,generic_sparse,True,"{""method"": ""sparse""}",jaccard,800,800,640000,940,3.15,3.2,ok,,3.1999999999999997,0.0014874550106469542,0.0014607119956053793,0.037743397988379,0.03773428301792592,0.037808963999850675,0.03776221500205187,0.03773884050315246,0.03777618099411484,4.074153001526859e-05,9.114970453083515e-06,3.0,"[0.03773428301792592, 0.037743397988379, 0.037808963999850675]",0.039230852999025956,3.0,1.0,11.0,0.9090909090909091,0.9090909090909091,0.9166666666666666,0.8461538461538461,sparse_closure,800.0,800.0,0.0,0.00016613199841231108,0.0003632720035966486,0.03971808499773033,5.6610151659697294e-06,0.04061614497913979,940.0,940.0,940.0,57467.0,,,,,,1.0,1.0,3.2,11.0,True,sparse_fit,800.0,800.0,0.0014591870130971074,0.0,0.0,0.0,0.0,0.0014591870130971074,0.0,,,,,,,,,1.0,1.0,,,0.0017319839971605688,0.03928150300635025,0.04101348700351082,3.2,3.1999999999999997,0.0,isolated,1,True,1200.0,0.4674687260121573,0.23689244498382322,0.23057628102833405,144408576.0,137.71875,resource.ru_maxrss_kib_converted_to_bytes,0.0,"{""BLIS_NUM_THREADS"": ""1"", ""MKL_DYNAMIC"": ""FALSE"", ""MKL_NUM_THREADS"": ""1"", ""NUMBA_NUM_THREADS"": ""1"", ""NUMEXPR_NUM_THREADS"": ""1"", ""OMP_DYNAMIC"": ""FALSE"", ""OMP_NUM_THREADS"": ""1"", ""OPENBLAS_NUM_THREADS"": ""1"", ""PYTHONHASHSEED"": ""0"", ""VECLIB_MAXIMUM_THREADS"": ""1""}",tree_tree,1,2,0,0.036300895997555926,366,11,12,13,18,18,medium,medium,1000,uniform,"{""kind"": ""categorical"", ""probs"": [0.8, 0.2], ""values"": [1, 2]}",inverse_sqrt,14,tail,sparse_chain,Generic score with an exact token blocking rule and very few positive node pairs.,19,19,119,91,10,15,3.200000047683716,True,exact_agreement,3,4.7683715642676816e-08,1e-05,1.0,4.7683715642676816e-08,1.0,100.0,True,0.1068479843764593,0.15047987875354144,0.19306713457431446,0.2615949770743928,,,,,,,True,,,,,,False,58830.0,,,,,,,,
sparse_jaccard_size,size,generic_sparse_jaccard,n800,nodes_per_tree,800.0,sparse_jaccard_size__n800,1,exact_dense,generic,True,"{""method"": ""exact""}",jaccard,800,800,640000,940,3.15,3.200000047683716,ok,,3.1999999999999997,2.0659936126321554e-06,6.092013791203499e-06,0.46600106699042954,0.4641991199750919,0.46648944000480697,0.46556320899010945,0.4651000934827607,0.46624525349761825,0.0012063089077685432,0.0004883730143774301,3.0,"[0.46600106699042954, 0.4641991199750919, 0.46648944000480697]",0.46600313298404217,3.0,1.0,11.0,0.9090909090909091,0.9090909090909091,0.9166666666666666,0.8461538461538461,exact_dense,800.0,800.0,0.0,0.00011585699394345284,0.0,0.48189207701943815,0.0010881099733524024,0.4832481680205092,640000.0,,940.0,640000.0,,,,,,1.0,1.0,3.200000047683716,11.0,True,exact_fit,800.0,800.0,5.242996849119663e-06,0.0,0.0,0.0,0.0,5.242996849119663e-06,0.0,,,,,,,,,1.0,1.0,,,2.155982656404376e-06,0.4604317329940386,0.460433888976695,3.200000047683716,3.1999999999999997,0.0,isolated,1,True,1200.0,3.0354507229931187,2.8062594039947726,0.2291913189983461,144375808.0,137.6875,resource.ru_maxrss_kib_converted_to_bytes,0.0,"{""BLIS_NUM_THREADS"": ""1"", ""MKL_DYNAMIC"": ""FALSE"", ""MKL_NUM_THREADS"": ""1"", ""NUMBA_NUM_THREADS"": ""1"", ""NUMEXPR_NUM_THREADS"": ""1"", ""OMP_DYNAMIC"": ""FALSE"", ""OMP_NUM_THREADS"": ""1"", ""OPENBLAS_NUM_THREADS"": ""1"", ""PYTHONHASHSEED"": ""0"", ""VECLIB_MAXIMUM_THREADS"": ""1""}",tree_tree,0,3,0,0.036300895997555926,366,11,12,13,18,18,medium,medium,1000,uniform,"{""kind"": ""categorical"", ""probs"": [0.8, 0.2], ""values"": [1, 2]}",inverse_sqrt,14,tail,sparse_chain,Generic score with an exact token blocking rule and very few positive node pairs.,19,19,119,91,10,15,3.200000047683716,True,exact_agreement,3,4.7683715642676816e-08,1e-05,1.0,0.0,1.0,100.0,True,0.008654070310657956,0.012668271058369882,0.017159639891191965,0.025019587204267578,,,,,,,,,,,,,,,,,,,,,,
sparse_jaccard_size,size,generic_sparse_jaccard,n800,nodes_per_tree,800.0,sparse_jaccard_size__n800,2,sparse_chain,generic_sparse,True,"{""method"": ""sparse_chain""}",jaccard,800,800,640000,893,2.75,3.5,ok,,3.5,0.0018665759998839349,0.0014326050004456192,0.003911792009603232,0.003911188978236169,0.003936630004318431,0.003919870330719277,0.0039114904939197,0.003924211006960832,1.4517434555390432e-05,6.030313670635223e-07,3.0,"[0.003936630004318431, 0.003911792009603232, 0.003911188978236169]",0.005778368009487167,3.0,1.0,9.0,0.7777777777777778,0.7777777777777778,0.6153846153846154,0.7,sparse_chain,800.0,800.0,0.0,0.0005745820235460997,0.0015572199772577733,0.0019999020150862634,1.1429947335273027e-06,0.004232054023304954,892.0,892.0,892.0,,,,,,,1.0,1.0,3.5,9.0,True,sparse_chain_fit,800.0,800.0,0.0014309870020952076,0.0,0.0,0.0,0.0,0.0014309870020952076,0.0,,,,,,,,,1.0,1.0,,,0.0017027120047714561,0.004256379004800692,0.005959091009572148,3.5,3.5,0.0,isolated,1,True,1200.0,0.2620544059900567,0.029947263014037162,0.23210714297601953,144375808.0,137.6875,resource.ru_maxrss_kib_converted_to_bytes,0.0,"{""BLIS_NUM_THREADS"": ""1"", ""MKL_DYNAMIC"": ""FALSE"", ""MKL_NUM_THREADS"": ""1"", ""NUMBA_NUM_THREADS"": ""1"", ""NUMEXPR_NUM_THREADS"": ""1"", ""OMP_DYNAMIC"": ""FALSE"", ""OMP_NUM_THREADS"": ""1"", ""OPENBLAS_NUM_THREADS"": ""1"", ""PYTHONHASHSEED"": ""0"", ""VECLIB_MAXIMUM_THREADS"": ""1""}",tree_tree,2,0,0,0.03586885202093981,366,9,13,10,20,14,medium,medium,1000,uniform,"{""kind"": ""categorical"", ""probs"": [0.8, 0.2], ""values"": [1, 2]}",inverse_sqrt,14,tail,sparse_chain,Generic score with an exact token blocking rule and very few positive node pairs.,19,19,88,92,17,15,3.5,True,exact_agreement,3,0.0,1e-05,1.0,0.0,1.0,100.0,True,1.0,1.0,1.0,1.0,,,,,892.0,892.0,True,639.0,2044.0,142.0,892.0,1891.0,False,,,,,,,,,
sparse_jaccard_size,size,generic_sparse_jaccard,n800,nodes_per_tree,800.0,sparse_jaccard_size__n800,2,sparse_closure,generic_sparse,True,"{""method"": ""sparse""}",jaccard,800,800,640000,893,2.75,3.5,ok,,3.5,0.0015875530079938471,0.0015149560058489442,0.03958100298768841,0.039418330998159945,0.03969309901003726,0.03956414433196187,0.039499666992924176,0.03963705099886283,0.00013815761214074404,0.00011209602234885097,3.0,"[0.03958100298768841, 0.039418330998159945, 0.03969309901003726]",0.041168555995682254,3.0,1.0,9.0,0.7777777777777778,0.7777777777777778,0.6153846153846154,0.7,sparse_closure,800.0,800.0,0.0,0.00017849402502179146,0.0003638270136434585,0.04167576599866152,4.992994945496321e-06,0.04268175901961513,892.0,892.0,892.0,59592.0,,,,,,1.0,1.0,3.5,9.0,True,sparse_fit,800.0,800.0,0.0015131320105865598,0.0,0.0,0.0,0.0,0.0015131320105865598,0.0,,,,,,,,,1.0,1.0,,,0.001719285995932296,0.04134777601575479,0.043067062011687085,3.5,3.5,0.0,isolated,1,True,1200.0,0.4926163939817343,0.24904957599937916,0.24356681798235513,144404480.0,137.71484375,resource.ru_maxrss_kib_converted_to_bytes,0.0,"{""BLIS_NUM_THREADS"": ""1"", ""MKL_DYNAMIC"": ""FALSE"", ""MKL_NUM_THREADS"": ""1"", ""NUMBA_NUM_THREADS"": ""1"", ""NUMEXPR_NUM_THREADS"": ""1"", ""OMP_DYNAMIC"": ""FALSE"", ""OMP_NUM_THREADS"": ""1"", ""OPENBLAS_NUM_THREADS"": ""1"", ""PYTHONHASHSEED"": ""0"", ""VECLIB_MAXIMUM_THREADS"": ""1""}",tree_tree,1,1,0,0.03586885202093981,366,9,13,10,20,14,medium,medium,1000,uniform,"{""kind"": ""categorical"", ""probs"": [0.8, 0.2], ""values"": [1, 2]}",inverse_sqrt,14,tail,sparse_chain,Generic score with an exact token blocking rule and very few positive node pairs.,19,19,88,92,17,15,3.5,True,exact_agreement,3,0.0,1e-05,1.0,0.0,1.0,100.0,True,0.09883003750107058,0.14035877309112324,0.17988230049813192,0.24616598986765983,,,,,,,True,,,,,,False,60956.0,,,,,,,,
sparse_jaccard_size,size,generic_sparse_jaccard,n800,nodes_per_tree,800.0,sparse_jaccard_size__n800,2,exact_dense,generic,True,"{""method"": ""exact""}",jaccard,800,800,640000,893,2.75,3.5,ok,,3.5,1.0200019460171461e-06,6.846996257081628e-06,0.46035971099627204,0.459213608992286,0.46037219400750473,0.4599818379986876,0.45978665999427903,0.4603659525018884,0.0006653351118796607,1.2483011232689023e-05,3.0,"[0.459213608992286, 0.46037219400750473, 0.46035971099627204]",0.46036073099821806,3.0,1.0,9.0,0.7777777777777778,0.7777777777777778,0.6153846153846154,0.7,exact_dense,800.0,800.0,0.0,0.0001227830071002245,0.0,0.457905524992384,0.0008295970037579536,0.45896174098015763,640000.0,,892.0,640000.0,,,,,,1.0,1.0,3.5,9.0,True,exact_fit,800.0,800.0,6.01599458605051e-06,0.0,0.0,0.0,0.0,6.01599458605051e-06,0.0,,,,,,,,,1.0,1.0,,,2.075976226478815e-06,0.46429986399016343,0.4643019399663899,3.5,3.5,0.0,isolated,1,True,1200.0,3.0036627399967983,2.763962110999273,0.2397006289975252,144375808.0,137.6875,resource.ru_maxrss_kib_converted_to_bytes,0.0,"{""BLIS_NUM_THREADS"": ""1"", ""MKL_DYNAMIC"": ""FALSE"", ""MKL_NUM_THREADS"": ""1"", ""NUMBA_NUM_THREADS"": ""1"", ""NUMEXPR_NUM_THREADS"": ""1"", ""OMP_DYNAMIC"": ""FALSE"", ""OMP_NUM_THREADS"": ""1"", ""OPENBLAS_NUM_THREADS"": ""1"", ""PYTHONHASHSEED"": ""0"", ""VECLIB_MAXIMUM_THREADS"": ""1""}",tree_tree,0,2,0,0.03586885202093981,366,9,13,10,20,14,medium,medium,1000,uniform,"{""kind"": ""categorical"", ""probs"": [0.8, 0.2], ""values"": [1, 2]}",inverse_sqrt,14,tail,sparse_chain,Generic score with an exact token blocking rule and very few positive node pairs.,19,19,88,92,17,15,3.5,True,exact_agreement,3,0.0,1e-05,1.0,0.0,1.0,100.0,True,0.008497250989096457,0.012551826470858422,0.016851312149364157,0.024792462257673224,,,,,,,,,,,,,,,,,,,,,,
sparse_jaccard_size,size,generic_sparse_jaccard,n800,nodes_per_tree,800.0,sparse_jaccard_size__n800,2,beam_local,generic,False,"{""beam_local_child_cap"": null, ""beam_width"": 200, ""method"": ""beam_local""}",jaccard,800,800,640000,893,2.75,3.5,ok,,3.5,9.789946489036083e-07,5.8559817261993885e-06,0.0270678740052972,0.02706593001494184,0.027133452997077256,0.027089085672438767,0.02706690201011952,0.027100663501187228,3.843552258404145e-05,1.9439903553575277e-06,3.0,"[0.027133452997077256, 0.0270678740052972, 0.02706593001494184]",0.027068852999946102,3.0,1.0,9.0,0.7777777777777778,0.7777777777777778,0.6153846153846154,0.7,beam_local,800.0,800.0,0.0,0.00020939999376423657,0.02526976095396094,0.0038929010333959013,2.2110179997980595e-06,0.02946869799052365,13860.0,13860.0,46.0,,33926.0,14746.0,6914.0,200.0,41.0,1.0,1.0,3.5,9.0,True,beam_local_fit,800.0,800.0,4.9539958126842976e-06,0.0,0.0,0.0,0.0,4.9539958126842976e-06,0.0,,,,,,,,,1.0,1.0,,,2.107000909745693e-06,0.027931978984270245,0.02793408598517999,3.5,3.5,0.0,isolated,1,True,1200.0,0.395074978005141,0.16657834700890817,0.22849663099623285,144375808.0,137.6875,resource.ru_maxrss_kib_converted_to_bytes,0.0,"{""BLIS_NUM_THREADS"": ""1"", ""MKL_DYNAMIC"": ""FALSE"", ""MKL_NUM_THREADS"": ""1"", ""NUMBA_NUM_THREADS"": ""1"", ""NUMEXPR_NUM_THREADS"": ""1"", ""OMP_DYNAMIC"": ""FALSE"", ""OMP_NUM_THREADS"": ""1"", ""OPENBLAS_NUM_THREADS"": ""1"", ""PYTHONHASHSEED"": ""0"", ""VECLIB_MAXIMUM_THREADS"": ""1""}",tree_tree,3,3,0,0.03586885202093981,366,9,13,10,20,14,medium,medium,1000,uniform,"{""kind"": ""categorical"", ""probs"": [0.8, 0.2], ""values"": [1, 2]}",inverse_sqrt,14,tail,sparse_chain,Generic score with an exact token blocking rule and very few positive node pairs.,19,19,88,92,17,15,3.5,True,exact_agreement,3,0.0,1e-05,1.0,0.0,1.0,100.0,True,0.14451788894974507,0.21346925965051686,0.2525393274234628,0.3518329911579247,200.0,,40.0,6915.0,,,,,,,,,,,,,,,,,,
sparse_jaccard_size,size,generic_sparse_jaccard,n800,nodes_per_tree,800.0,sparse_jaccard_size__n800,3,sparse_closure,generic_sparse,True,"{""method"": ""sparse""}",jaccard,800,800,640000,974,3.1666666666667345,3.250000000000031,ok,,3.250000000000031,0.0015019669954199344,0.0016851540131028742,0.04171711401431821,0.04171646499889903,0.041869852982927114,0.041767810665381454,0.04171678950660862,0.04179348349862266,8.83718350653698e-05,6.490154191851616e-07,3.0,"[0.04171711401431821, 0.04171646499889903, 0.041869852982927114]",0.04321908100973815,3.0,1.0,4.0,0.1,0.25,0.09090909090909091,0.08333333333333333,sparse_closure,800.0,800.0,0.0,0.00017066698637790978,0.0003700520028360188,0.043317803007084876,5.453010089695454e-06,0.044256908004172146,974.0,974.0,974.0,64302.0,,,,,,1.0,1.0,3.250000000000031,4.0,True,sparse_fit,800.0,800.0,0.0016836209979373962,0.0,0.0,0.0,0.0,0.0016836209979373962,0.0,,,,,,,,,1.0,1.0,,,0.001708305993815884,0.043717872991692275,0.04542617898550816,3.250000000000031,3.250000000000031,0.0,isolated,1,True,1200.0,0.48841566301416606,0.261080029013101,0.22733563400106505,145223680.0,138.49609375,resource.ru_maxrss_kib_converted_to_bytes,0.0,"{""BLIS_NUM_THREADS"": ""1"", ""MKL_DYNAMIC"": ""FALSE"", ""MKL_NUM_THREADS"": ""1"", ""NUMBA_NUM_THREADS"": ""1"", ""NUMEXPR_NUM_THREADS"": ""1"", ""OMP_DYNAMIC"": ""FALSE"", ""OMP_NUM_THREADS"": ""1"", ""OPENBLAS_NUM_THREADS"": ""1"", ""PYTHONHASHSEED"": ""0"", ""VECLIB_MAXIMUM_THREADS"": ""1""}",tree_tree,1,0,0,0.03579249800532125,386,10,11,12,14,18,medium,medium,1000,uniform,"{""kind"": ""categorical"", ""probs"": [0.8, 0.2], ""values"": [1, 2]}",inverse_sqrt,14,tail,sparse_chain,Generic score with an exact token blocking rule and very few positive node pairs.,19,19,110,109,18,14,3.250000000000031,True,exact_agreement,3,3.108624468950438e-14,1e-05,1.0,0.0,1.0,100.0,True,0.09486804372799751,0.13371443542355563,0.17329584925133854,0.23588732972884824,,,,,,,True,,,,,,False,65708.0,,,,,,,,
sparse_jaccard_size,size,generic_sparse_jaccard,n800,nodes_per_tree,800.0,sparse_jaccard_size__n800,3,exact_dense,generic,True,"{""method"": ""exact""}",jaccard,800,800,640000,974,3.1666666666667345,3.25,ok,,3.250000000000031,1.1850206647068262e-06,6.626010872423649e-06,0.4558035449881572,0.4549171130056493,0.45602040499215946,0.45558035432865535,0.45536032899690326,0.45591197499015834,0.0005845287458637533,0.00021686000400222838,3.0,"[0.4558035449881572, 0.4549171130056493, 0.45602040499215946]",0.45580473000882193,3.0,1.0,4.0,0.1,0.25,0.09090909090909091,0.08333333333333333,exact_dense,800.0,800.0,0.0,0.0001264129823539406,0.0,0.46559242997318506,0.0008571390062570572,0.46669177399598993,640000.0,,974.0,640000.0,,,,,,1.0,1.0,3.25,4.0,True,exact_fit,800.0,800.0,5.918001988902688e-06,0.0,0.0,0.0,0.0,5.918001988902688e-06,0.0,,,,,,,,,1.0,1.0,,,2.109009074047208e-06,0.45639894300256856,0.4564010520116426,3.25,3.250000000000031,0.0,isolated,1,True,1200.0,2.9783147429989185,2.746124753000913,0.23218998999800533,144375808.0,137.6875,resource.ru_maxrss_kib_converted_to_bytes,0.0,"{""BLIS_NUM_THREADS"": ""1"", ""MKL_DYNAMIC"": ""FALSE"", ""MKL_NUM_THREADS"": ""1"", ""NUMBA_NUM_THREADS"": ""1"", ""NUMEXPR_NUM_THREADS"": ""1"", ""OMP_DYNAMIC"": ""FALSE"", ""OMP_NUM_THREADS"": ""1"", ""OPENBLAS_NUM_THREADS"": ""1"", ""PYTHONHASHSEED"": ""0"", ""VECLIB_MAXIMUM_THREADS"": ""1""}",tree_tree,0,1,0,0.03579249800532125,386,10,11,12,14,18,medium,medium,1000,uniform,"{""kind"": ""categorical"", ""probs"": [0.8, 0.2], ""values"": [1, 2]}",inverse_sqrt,14,tail,sparse_chain,Generic score with an exact token blocking rule and very few positive node pairs.,19,19,110,109,18,14,3.250000000000031,True,exact_agreement,3,3.108624468950438e-14,1e-05,1.0,3.108624468950438e-14,1.0,100.0,True,0.00868273412972035,0.01267870786823603,0.017215986426518365,0.025039941631488736,,,,,,,,,,,,,,,,,,,,,,
sparse_jaccard_size,size,generic_sparse_jaccard,n800,nodes_per_tree,800.0,sparse_jaccard_size__n800,3,beam_local,generic,False,"{""beam_local_child_cap"": null, ""beam_width"": 200, ""method"": ""beam_local""}",jaccard,800,800,640000,974,3.1666666666667345,3.166666666666735,ok,,3.1666666666667345,9.390059858560562e-07,5.809997674077749e-06,0.017476125998655334,0.01744393998524174,0.017993641988141462,0.017637902657346178,0.017460032991948538,0.017734883993398398,0.0003084993330152788,3.218601341359317e-05,3.0,"[0.01744393998524174, 0.017476125998655334, 0.017993641988141462]",0.01747706500464119,3.0,1.0,10.0,1.0,1.0,0.9090909090909091,0.8333333333333334,beam_local,800.0,800.0,0.0,0.0001960709923878312,0.016138231061631814,0.0026642789598554373,2.0989973563700914e-06,0.019079634017543867,8720.0,8720.0,32.0,,23051.0,9625.0,5962.0,200.0,41.0,1.0,1.0,3.166666666666735,10.0,True,beam_local_fit,800.0,800.0,4.989007720723748e-06,0.0,0.0,0.0,0.0,4.989007720723748e-06,0.0,,,,,,,,,1.0,1.0,,,2.1589803509414196e-06,0.01783423201413825,0.017836390994489193,3.166666666666735,3.1666666666667345,0.0,isolated,1,True,1200.0,0.3303243569971528,0.10867329899338074,0.22165105800377205,144375808.0,137.6875,resource.ru_maxrss_kib_converted_to_bytes,0.0,"{""BLIS_NUM_THREADS"": ""1"", ""MKL_DYNAMIC"": ""FALSE"", ""MKL_NUM_THREADS"": ""1"", ""NUMBA_NUM_THREADS"": ""1"", ""NUMEXPR_NUM_THREADS"": ""1"", ""OMP_DYNAMIC"": ""FALSE"", ""OMP_NUM_THREADS"": ""1"", ""OPENBLAS_NUM_THREADS"": ""1"", ""PYTHONHASHSEED"": ""0"", ""VECLIB_MAXIMUM_THREADS"": ""1""}",tree_tree,3,2,0,0.03579249800532125,386,10,11,12,14,18,medium,medium,1000,uniform,"{""kind"": ""categorical"", ""probs"": [0.8, 0.2], ""values"": [1, 2]}",inverse_sqrt,14,tail,sparse_chain,Generic score with an exact token blocking rule and very few positive node pairs.,19,19,110,109,18,14,3.250000000000031,True,exact_agreement,3,3.108624468950438e-14,1e-05,0.974358974358986,0.08333333333329618,0.974358974358986,97.4358974358986,True,0.22645871269300238,0.33066278664108545,0.36750304632156394,0.49376073760393735,200.0,,40.0,5963.0,,,,,,,,,,,,,,,,,,
sparse_jaccard_size,size,generic_sparse_jaccard,n800,nodes_per_tree,800.0,sparse_jaccard_size__n800,3,sparse_chain,generic_sparse,True,"{""method"": ""sparse_chain""}",jaccard,800,800,640000,974,3.1666666666667345,3.250000000000031,ok,,3.250000000000031,0.0018213940202258527,0.0013720749993808568,0.003957620996516198,0.003933006984880194,0.003968281002016738,0.00395296966113771,0.003945313990698196,0.003962950999266468,1.8091165298003323e-05,1.0660005500540137e-05,3.0,"[0.003968281002016738, 0.003957620996516198, 0.003933006984880194]",0.005779015016742051,3.0,1.0,4.0,0.1,0.25,0.09090909090909091,0.08333333333333333,sparse_chain,800.0,800.0,0.0,0.0005747319955844432,0.001557426992803812,0.0020032880129292607,9.039940778166056e-07,0.004230985010508448,974.0,974.0,974.0,,,,,,,1.0,1.0,3.250000000000031,4.0,True,sparse_chain_fit,800.0,800.0,0.0013705559831578285,0.0,0.0,0.0,0.0,0.0013705559831578285,0.0,,,,,,,,,1.0,1.0,,,0.001652939012274146,0.00429514201823622,0.005948081030510366,3.250000000000031,3.250000000000031,0.0,isolated,1,True,1200.0,0.2538392209971789,0.02993769498425536,0.22390152601292357,144375808.0,137.6875,resource.ru_maxrss_kib_converted_to_bytes,0.0,"{""BLIS_NUM_THREADS"": ""1"", ""MKL_DYNAMIC"": ""FALSE"", ""MKL_NUM_THREADS"": ""1"", ""NUMBA_NUM_THREADS"": ""1"", ""NUMEXPR_NUM_THREADS"": ""1"", ""OMP_DYNAMIC"": ""FALSE"", ""OMP_NUM_THREADS"": ""1"", ""OPENBLAS_NUM_THREADS"": ""1"", ""PYTHONHASHSEED"": ""0"", ""VECLIB_MAXIMUM_THREADS"": ""1""}",tree_tree,2,3,0,0.03579249800532125,386,10,11,12,14,18,medium,medium,1000,uniform,"{""kind"": ""categorical"", ""probs"": [0.8, 0.2], ""values"": [1, 2]}",inverse_sqrt,14,tail,sparse_chain,Generic score with an exact token blocking rule and very few positive node pairs.,19,19,110,109,18,14,3.250000000000031,True,exact_agreement,3,3.108624468950438e-14,1e-05,1.0,0.0,1.0,100.0,True,1.0,1.0,1.0,1.0,,,,,974.0,974.0,True,611.0,1895.0,141.0,974.0,1727.0,False,,,,,,,,,
sparse_jaccard_size,size,generic_sparse_jaccard,n1600,nodes_per_tree,1600.0,sparse_jaccard_size__n1600,0,exact_dense,generic,True,"{""method"": ""exact""}",jaccard,1600,1600,2560000,3776,3.333333333333333,3.4166667461395264,ok,,3.4166666666666665,2.015993231907487e-06,8.403992978855968e-06,1.8375705720100086,1.8370620320201851,1.8618004719901364,1.8454776920067768,1.8373163020150969,1.8496855220000725,0.014138228779418886,0.0005085399898234755,3.0,"[1.8618004719901364, 1.8370620320201851, 1.8375705720100086]",1.8375725880032405,3.0,1.0,9.0,0.6363636363636364,0.7777777777777778,0.6666666666666666,0.5384615384615384,exact_dense,1600.0,1600.0,0.0,0.00012418700498528779,0.0,1.8479066689906176,0.0024187169910874218,1.8507344550162088,2560000.0,,3776.0,2560000.0,,,,,,1.0,1.0,3.4166667461395264,9.0,True,exact_fit,1600.0,1600.0,7.312017260119319e-06,0.0,0.0,0.0,0.0,7.312017260119319e-06,0.0,,,,,,,,,1.0,1.0,,,2.080021658912301e-06,1.8336850249907002,1.833687105012359,3.4166667461395264,3.4166666666666665,0.0,isolated,1,True,1200.0,11.294642255001236,11.060580826015212,0.2340614289860241,160616448.0,153.17578125,resource.ru_maxrss_kib_converted_to_bytes,0.0,"{""BLIS_NUM_THREADS"": ""1"", ""MKL_DYNAMIC"": ""FALSE"", ""MKL_NUM_THREADS"": ""1"", ""NUMBA_NUM_THREADS"": ""1"", ""NUMEXPR_NUM_THREADS"": ""1"", ""OMP_DYNAMIC"": ""FALSE"", ""OMP_NUM_THREADS"": ""1"", ""OPENBLAS_NUM_THREADS"": ""1"", ""PYTHONHASHSEED"": ""0"", ""VECLIB_MAXIMUM_THREADS"": ""1""}",tree_tree,0,0,0,0.06786598500912078,743,11,12,13,18,22,medium,medium,1000,uniform,"{""kind"": ""categorical"", ""probs"": [0.8, 0.2], ""values"": [1, 2]}",inverse_sqrt,14,tail,sparse_chain,Generic score with an exact token blocking rule and very few positive node pairs.,21,21,193,176,19,35,3.4166667461395264,True,exact_agreement,3,7.947285984855057e-08,1e-05,1.0,0.0,1.0,100.0,True,0.008120194794371921,0.00974122007802315,0.016109576687982553,0.019294488299230653,,,,,,,,,,,,,,,,,,,,,,
sparse_jaccard_size,size,generic_sparse_jaccard,n1600,nodes_per_tree,1600.0,sparse_jaccard_size__n1600,0,beam_local,generic,False,"{""beam_local_child_cap"": null, ""beam_width"": 200, ""method"": ""beam_local""}",jaccard,1600,1600,2560000,3776,3.333333333333333,3.4166666666666665,ok,,3.4166666666666665,1.000997144728899e-06,5.712005076929927e-06,0.03179486299632117,0.03177144401706755,0.031807143008336425,0.03179115000724172,0.03178315350669436,0.0318010030023288,1.8136819190031328e-05,1.2280012015253305e-05,3.0,"[0.03177144401706755, 0.03179486299632117, 0.031807143008336425]",0.0317958639934659,3.0,1.0,9.0,0.6363636363636364,0.7777777777777778,0.6666666666666666,0.5384615384615384,beam_local,1600.0,1600.0,0.0,0.00040210297447629273,0.03007065795827657,0.004515744047239423,2.2609892766922712e-06,0.03510656100115739,16063.0,16063.0,49.0,,39104.0,17806.0,8208.0,200.0,45.0,1.0,1.0,3.4166666666666665,9.0,True,beam_local_fit,1600.0,1600.0,4.9219815991818905e-06,0.0,0.0,0.0,0.0,4.9219815991818905e-06,0.0,,,,,,,,,1.0,1.0,,,1.975015038624406e-06,0.032432241016067564,0.03243421603110619,3.4166666666666665,3.4166666666666665,0.0,isolated,1,True,1200.0,0.42391361901536584,0.19606847199611366,0.22784514701925218,144572416.0,137.875,resource.ru_maxrss_kib_converted_to_bytes,0.0,"{""BLIS_NUM_THREADS"": ""1"", ""MKL_DYNAMIC"": ""FALSE"", ""MKL_NUM_THREADS"": ""1"", ""NUMBA_NUM_THREADS"": ""1"", ""NUMEXPR_NUM_THREADS"": ""1"", ""OMP_DYNAMIC"": ""FALSE"", ""OMP_NUM_THREADS"": ""1"", ""OPENBLAS_NUM_THREADS"": ""1"", ""PYTHONHASHSEED"": ""0"", ""VECLIB_MAXIMUM_THREADS"": ""1""}",tree_tree,3,1,0,0.06786598500912078,743,11,12,13,18,22,medium,medium,1000,uniform,"{""kind"": ""categorical"", ""probs"": [0.8, 0.2], ""values"": [1, 2]}",inverse_sqrt,14,tail,sparse_chain,Generic score with an exact token blocking rule and very few positive node pairs.,21,21,193,176,19,35,3.4166667461395264,True,exact_agreement,3,7.947285984855057e-08,1e-05,1.0,7.947285984855057e-08,1.0,100.0,True,0.46930320142763915,0.5629725612350288,0.6388105613213715,0.720387005118221,200.0,,44.0,8209.0,,,,,,,,,,,,,,,,,,
sparse_jaccard_size,size,generic_sparse_jaccard,n1600,nodes_per_tree,1600.0,sparse_jaccard_size__n1600,0,sparse_chain,generic_sparse,True,"{""method"": ""sparse_chain""}",jaccard,1600,1600,2560000,3776,3.333333333333333,3.4166666666666665,ok,,3.4166666666666665,0.0029787679959554225,0.0029807510145474225,0.014921430993126705,0.014717705023940653,0.014949406002415344,0.014862847339827567,0.014819568008533679,0.014935418497771025,0.00012647280016642932,2.797500928863883e-05,3.0,"[0.014949406002415344, 0.014717705023940653, 0.014921430993126705]",0.017900198989082128,3.0,1.0,9.0,0.6363636363636364,0.7777777777777778,0.6666666666666666,0.5384615384615384,sparse_chain,1600.0,1600.0,0.0,0.0019400769961066544,0.00545739202061668,0.008091861993307248,1.1449737939983606e-06,0.01570158899994567,3776.0,3776.0,3776.0,,,,,,,1.0,1.0,3.4166666666666665,9.0,True,sparse_chain_fit,1600.0,1600.0,0.002979098993819207,0.0,0.0,0.0,0.0,0.002979098993819207,0.0,,,,,,,,,1.0,1.0,,,0.003284589998656884,0.015971424989402294,0.019256014988059178,3.4166666666666665,3.4166666666666665,0.0,isolated,1,True,1200.0,0.3289964949944988,0.10123877300065942,0.22775772199383937,144572416.0,137.875,resource.ru_maxrss_kib_converted_to_bytes,0.0,"{""BLIS_NUM_THREADS"": ""1"", ""MKL_DYNAMIC"": ""FALSE"", ""MKL_NUM_THREADS"": ""1"", ""NUMBA_NUM_THREADS"": ""1"", ""NUMEXPR_NUM_THREADS"": ""1"", ""OMP_DYNAMIC"": ""FALSE"", ""OMP_NUM_THREADS"": ""1"", ""OPENBLAS_NUM_THREADS"": ""1"", ""PYTHONHASHSEED"": ""0"", ""VECLIB_MAXIMUM_THREADS"": ""1""}",tree_tree,2,2,0,0.06786598500912078,743,11,12,13,18,22,medium,medium,1000,uniform,"{""kind"": ""categorical"", ""probs"": [0.8, 0.2], ""values"": [1, 2]}",inverse_sqrt,14,tail,sparse_chain,Generic score with an exact token blocking rule and very few positive node pairs.,21,21,193,176,19,35,3.4166667461395264,True,exact_agreement,3,7.947285984855057e-08,1e-05,1.0,7.947285984855057e-08,1.0,100.0,True,1.0,1.0,1.0,1.0,,,,,3776.0,3776.0,True,2619.0,7951.0,278.0,3776.0,7511.0,False,,,,,,,,,
sparse_jaccard_size,size,generic_sparse_jaccard,n1600,nodes_per_tree,1600.0,sparse_jaccard_size__n1600,0,sparse_closure,generic_sparse,True,"{""method"": ""sparse""}",jaccard,1600,1600,2560000,3776,3.333333333333333,3.4166666666666665,ok,,3.4166666666666665,0.00306139700114727,0.0030361160170286894,0.18609359199763276,0.18589305799105205,0.18632297599106096,0.18610320865991525,0.1859933249943424,0.18620828399434686,0.00021512027293587923,0.0002005340065807104,3.0,"[0.18632297599106096, 0.18589305799105205, 0.18609359199763276]",0.18915498899878003,3.0,1.0,9.0,0.6363636363636364,0.7777777777777778,0.6666666666666666,0.5384615384615384,sparse_closure,1600.0,1600.0,0.0,0.0004465400124900043,0.0005864550184924155,0.19949494599131867,6.554997526109219e-06,0.2025373530050274,3776.0,3776.0,3776.0,274548.0,,,,,,1.0,1.0,3.4166666666666665,9.0,True,sparse_fit,1600.0,1600.0,0.0030344140250235796,0.0,0.0,0.0,0.0,0.0030344140250235796,0.0,,,,,,,,,1.0,1.0,,,0.003259493998484686,0.19627924499218352,0.1995387389906682,3.4166666666666665,3.4166666666666665,0.0,isolated,1,True,1200.0,1.3826586870127358,1.1535779319819994,0.22908075503073633,165842944.0,158.16015625,resource.ru_maxrss_kib_converted_to_bytes,0.0,"{""BLIS_NUM_THREADS"": ""1"", ""MKL_DYNAMIC"": ""FALSE"", ""MKL_NUM_THREADS"": ""1"", ""NUMBA_NUM_THREADS"": ""1"", ""NUMEXPR_NUM_THREADS"": ""1"", ""OMP_DYNAMIC"": ""FALSE"", ""OMP_NUM_THREADS"": ""1"", ""OPENBLAS_NUM_THREADS"": ""1"", ""PYTHONHASHSEED"": ""0"", ""VECLIB_MAXIMUM_THREADS"": ""1""}",tree_tree,1,3,0,0.06786598500912078,743,11,12,13,18,22,medium,medium,1000,uniform,"{""kind"": ""categorical"", ""probs"": [0.8, 0.2], ""values"": [1, 2]}",inverse_sqrt,14,tail,sparse_chain,Generic score with an exact token blocking rule and very few positive node pairs.,21,21,193,176,19,35,3.4166667461395264,True,exact_agreement,3,7.947285984855057e-08,1e-05,1.0,7.947285984855057e-08,1.0,100.0,True,0.080182400871259,0.09463244445113513,0.14846085403092119,0.1729026851539838,,,,,,,True,,,,,,False,277622.0,,,,,,,,
sparse_jaccard_size,size,generic_sparse_jaccard,n1600,nodes_per_tree,1600.0,sparse_jaccard_size__n1600,1,beam_local,generic,False,"{""beam_local_child_cap"": null, ""beam_width"": 200, ""method"": ""beam_local""}",jaccard,1600,1600,2560000,3797,4.416666666666666,4.75,ok,,4.75,9.990180842578411e-07,6.1429745983332396e-06,0.02881992800394073,0.02880942402407527,0.028912805020809174,0.028847385682941724,0.028814676014008,0.028866366512374952,5.689772160214382e-05,1.0503979865461588e-05,3.0,"[0.028912805020809174, 0.02880942402407527, 0.02881992800394073]",0.02882092702202499,3.0,1.0,13.0,0.8571428571428571,0.9230769230769231,0.8571428571428571,0.8571428571428571,beam_local,1600.0,1600.0,0.0,0.0004210849874652922,0.027025964052882046,0.004172187938820571,2.9049988370388746e-06,0.031736901990370825,13991.0,13991.0,59.0,,34863.0,15299.0,7803.0,200.0,45.0,1.0,1.0,4.75,13.0,True,beam_local_fit,1600.0,1600.0,5.014997441321611e-06,0.0,0.0,0.0,0.0,5.014997441321611e-06,0.0,,,,,,,,,1.0,1.0,,,2.0669831428676844e-06,0.02926003999891691,0.029262106982059777,4.75,4.75,0.0,isolated,1,True,1200.0,0.404880761023378,0.17678191099548712,0.22809885002789088,144572416.0,137.875,resource.ru_maxrss_kib_converted_to_bytes,0.0,"{""BLIS_NUM_THREADS"": ""1"", ""MKL_DYNAMIC"": ""FALSE"", ""MKL_NUM_THREADS"": ""1"", ""NUMBA_NUM_THREADS"": ""1"", ""NUMEXPR_NUM_THREADS"": ""1"", ""OMP_DYNAMIC"": ""FALSE"", ""OMP_NUM_THREADS"": ""1"", ""OPENBLAS_NUM_THREADS"": ""1"", ""PYTHONHASHSEED"": ""0"", ""VECLIB_MAXIMUM_THREADS"": ""1""}",tree_tree,3,0,0,0.07144911898649298,725,14,14,14,22,16,medium,medium,1000,uniform,"{""kind"": ""categorical"", ""probs"": [0.8, 0.2], ""values"": [1, 2]}",inverse_sqrt,14,tail,sparse_chain,Generic score with an exact token blocking rule and very few positive node pairs.,21,21,172,195,19,26,4.75,True,exact_agreement,3,0.0,1e-05,1.0,0.0,1.0,100.0,True,0.5148078447714868,0.6192899000418782,0.6797005264375919,0.7648907092249042,200.0,,44.0,7804.0,,,,,,,,,,,,,,,,,,
sparse_jaccard_size,size,generic_sparse_jaccard,n1600,nodes_per_tree,1600.0,sparse_jaccard_size__n1600,1,sparse_chain,generic_sparse,True,"{""method"": ""sparse_chain""}",jaccard,1600,1600,2560000,3797,4.416666666666666,4.75,ok,,4.75,0.003011783992405981,0.0029691209783777595,0.014836725022178143,0.014761277008801699,0.014927684998838231,0.014841895676606024,0.014799001015489921,0.014882205010508187,8.332440541287458e-05,7.544801337644458e-05,3.0,"[0.014927684998838231, 0.014761277008801699, 0.014836725022178143]",0.017848509014584124,3.0,1.0,13.0,0.8571428571428571,0.9230769230769231,0.8571428571428571,0.8571428571428571,sparse_chain,1600.0,1600.0,0.0,0.0019070249982178211,0.005458117026137188,0.007994353014510125,1.369975507259369e-06,0.015577040001517162,3797.0,3797.0,3797.0,,,,,,,1.0,1.0,4.75,13.0,True,sparse_chain_fit,1600.0,1600.0,0.002967551990877837,0.0,0.0,0.0,0.0,0.002967551990877837,0.0,,,,,,,,,1.0,1.0,,,0.0032734620035625994,0.015989792009349912,0.019263254012912512,4.75,4.75,0.0,isolated,1,True,1200.0,0.33129599201492965,0.10105245499289595,0.2302435370220337,144572416.0,137.875,resource.ru_maxrss_kib_converted_to_bytes,0.0,"{""BLIS_NUM_THREADS"": ""1"", ""MKL_DYNAMIC"": ""FALSE"", ""MKL_NUM_THREADS"": ""1"", ""NUMBA_NUM_THREADS"": ""1"", ""NUMEXPR_NUM_THREADS"": ""1"", ""OMP_DYNAMIC"": ""FALSE"", ""OMP_NUM_THREADS"": ""1"", ""OPENBLAS_NUM_THREADS"": ""1"", ""PYTHONHASHSEED"": ""0"", ""VECLIB_MAXIMUM_THREADS"": ""1""}",tree_tree,2,1,0,0.07144911898649298,725,14,14,14,22,16,medium,medium,1000,uniform,"{""kind"": ""categorical"", ""probs"": [0.8, 0.2], ""values"": [1, 2]}",inverse_sqrt,14,tail,sparse_chain,Generic score with an exact token blocking rule and very few positive node pairs.,21,21,172,195,19,26,4.75,True,exact_agreement,3,0.0,1e-05,1.0,0.0,1.0,100.0,True,1.0,1.0,1.0,1.0,,,,,3797.0,3797.0,True,2555.0,7852.0,333.0,3797.0,7233.0,False,,,,,,,,,
sparse_jaccard_size,size,generic_sparse_jaccard,n1600,nodes_per_tree,1600.0,sparse_jaccard_size__n1600,1,sparse_closure,generic_sparse,True,"{""method"": ""sparse""}",jaccard,1600,1600,2560000,3797,4.416666666666666,4.75,ok,,4.75,0.0030539290164597332,0.003037418005988002,0.1773677350138314,0.1772880159842316,0.1780623490049038,0.17757270000098893,0.1773278754990315,0.1777150420093676,0.00042591770472263793,7.97190295998007e-05,3.0,"[0.1780623490049038, 0.1772880159842316, 0.1773677350138314]",0.18042166403029114,3.0,1.0,13.0,0.8571428571428571,0.9230769230769231,0.8571428571428571,0.8571428571428571,sparse_closure,1600.0,1600.0,0.0,0.00045373098691925406,0.0005859980010427535,0.1857963100192137,6.009999196976423e-06,0.18854532501427457,3797.0,3797.0,3797.0,262572.0,,,,,,1.0,1.0,4.75,13.0,True,sparse_fit,1600.0,1600.0,0.003035711997654289,0.0,0.0,0.0,0.0,0.003035711997654289,0.0,,,,,,,,,1.0,1.0,,,0.0032370350090786815,0.18515765701886266,0.18839469202794135,4.75,4.75,0.0,isolated,1,True,1200.0,1.3307724969927222,1.096231267991243,0.23454122900147922,164917248.0,157.27734375,resource.ru_maxrss_kib_converted_to_bytes,0.0,"{""BLIS_NUM_THREADS"": ""1"", ""MKL_DYNAMIC"": ""FALSE"", ""MKL_NUM_THREADS"": ""1"", ""NUMBA_NUM_THREADS"": ""1"", ""NUMEXPR_NUM_THREADS"": ""1"", ""OMP_DYNAMIC"": ""FALSE"", ""OMP_NUM_THREADS"": ""1"", ""OPENBLAS_NUM_THREADS"": ""1"", ""PYTHONHASHSEED"": ""0"", ""VECLIB_MAXIMUM_THREADS"": ""1""}",tree_tree,1,2,0,0.07144911898649298,725,14,14,14,22,16,medium,medium,1000,uniform,"{""kind"": ""categorical"", ""probs"": [0.8, 0.2], ""values"": [1, 2]}",inverse_sqrt,14,tail,sparse_chain,Generic score with an exact token blocking rule and very few positive node pairs.,21,21,172,195,19,26,4.75,True,exact_agreement,3,0.0,1e-05,1.0,0.0,1.0,100.0,True,0.08364951506552842,0.09892664004909922,0.1543848152056251,0.18004230026615656,,,,,,,True,,,,,,False,265621.0,,,,,,,,
sparse_jaccard_size,size,generic_sparse_jaccard,n1600,nodes_per_tree,1600.0,sparse_jaccard_size__n1600,1,exact_dense,generic,True,"{""method"": ""exact""}",jaccard,1600,1600,2560000,3797,4.416666666666666,4.75,ok,,4.75,1.8909922800958157e-06,8.374016033485532e-06,1.8000093259906862,1.7996381069824565,1.8016399659973104,1.800429132990151,1.7998237164865714,1.8008246459939983,0.0010649123515283497,0.0003712190082296729,3.0,"[1.8016399659973104, 1.7996381069824565, 1.8000093259906862]",1.8000112169829663,3.0,1.0,13.0,0.8571428571428571,0.9230769230769231,0.8571428571428571,0.8571428571428571,exact_dense,1600.0,1600.0,0.0,0.00010994100011885166,0.0,1.8158185779757332,0.0018650479905772954,1.8179795909964014,2560000.0,,3797.0,2560000.0,,,,,,1.0,1.0,4.75,13.0,True,exact_fit,1600.0,1600.0,7.394002750515938e-06,0.0,0.0,0.0,0.0,7.394002750515938e-06,0.0,,,,,,,,,1.0,1.0,,,2.115993993356824e-06,1.7912583199795336,1.791260435973527,4.75,4.75,0.0,isolated,1,True,1200.0,11.033046219992684,10.8102192869992,0.22282693299348466,160956416.0,153.5,resource.ru_maxrss_kib_converted_to_bytes,0.0,"{""BLIS_NUM_THREADS"": ""1"", ""MKL_DYNAMIC"": ""FALSE"", ""MKL_NUM_THREADS"": ""1"", ""NUMBA_NUM_THREADS"": ""1"", ""NUMEXPR_NUM_THREADS"": ""1"", ""OMP_DYNAMIC"": ""FALSE"", ""OMP_NUM_THREADS"": ""1"", ""OPENBLAS_NUM_THREADS"": ""1"", ""PYTHONHASHSEED"": ""0"", ""VECLIB_MAXIMUM_THREADS"": ""1""}",tree_tree,0,3,0,0.07144911898649298,725,14,14,14,22,16,medium,medium,1000,uniform,"{""kind"": ""categorical"", ""probs"": [0.8, 0.2], ""values"": [1, 2]}",inverse_sqrt,14,tail,sparse_chain,Generic score with an exact token blocking rule and very few positive node pairs.,21,21,172,195,19,26,4.75,True,exact_agreement,3,0.0,1e-05,1.0,0.0,1.0,100.0,True,0.008242582306629068,0.00991577654971526,0.016350395135606988,0.01963683859577202,,,,,,,,,,,,,,,,,,,,,,
sparse_jaccard_size,size,generic_sparse_jaccard,n1600,nodes_per_tree,1600.0,sparse_jaccard_size__n1600,2,sparse_chain,generic_sparse,True,"{""method"": ""sparse_chain""}",jaccard,1600,1600,2560000,3764,3.1666666666666665,3.333333333333333,ok,,3.3333333333333335,0.002862631983589381,0.0028403059986885637,0.014189410983817652,0.014174470998113975,0.01420589501503855,0.014189925665656725,0.014181940990965813,0.014197652999428101,1.5718329522108823e-05,1.4939985703676939e-05,3.0,"[0.014174470998113975, 0.01420589501503855, 0.014189410983817652]",0.017052042967407033,3.0,1.0,4.0,0.1,0.25,0.07692307692307693,0.09090909090909091,sparse_chain,1600.0,1600.0,0.0,0.0018552599940449,0.005252651986666024,0.00765175701235421,8.079805411398411e-07,0.014960608998080716,3763.0,3763.0,3763.0,,,,,,,1.0,1.0,3.333333333333333,4.0,True,sparse_chain_fit,1600.0,1600.0,0.0028387740021571517,0.0,0.0,0.0,0.0,0.0028387740021571517,0.0,,,,,,,,,1.0,1.0,,,0.0031454220006708056,0.01528799399966374,0.018433416000334546,3.333333333333333,3.3333333333333335,0.0,isolated,1,True,1200.0,0.32097820899798535,0.09656534600071609,0.22441286299726926,144572416.0,137.875,resource.ru_maxrss_kib_converted_to_bytes,0.0,"{""BLIS_NUM_THREADS"": ""1"", ""MKL_DYNAMIC"": ""FALSE"", ""MKL_NUM_THREADS"": ""1"", ""NUMBA_NUM_THREADS"": ""1"", ""NUMEXPR_NUM_THREADS"": ""1"", ""OMP_DYNAMIC"": ""FALSE"", ""OMP_NUM_THREADS"": ""1"", ""OPENBLAS_NUM_THREADS"": ""1"", ""PYTHONHASHSEED"": ""0"", ""VECLIB_MAXIMUM_THREADS"": ""1""}",tree_tree,2,0,0,0.07108942899503745,731,10,13,11,22,22,medium,medium,1000,uniform,"{""kind"": ""categorical"", ""probs"": [0.8, 0.2], ""values"": [1, 2]}",inverse_sqrt,14,tail,sparse_chain,Generic score with an exact token blocking rule and very few positive node pairs.,21,21,166,176,28,24,3.3333334922790527,True,exact_agreement,3,1.5894571969710114e-07,1e-05,1.0,1.5894571969710114e-07,1.0,100.0,True,1.0,1.0,1.0,1.0,,,,,3763.0,3763.0,True,2609.0,7736.0,184.0,3763.0,7352.0,False,,,,,,,,,
sparse_jaccard_size,size,generic_sparse_jaccard,n1600,nodes_per_tree,1600.0,sparse_jaccard_size__n1600,2,sparse_closure,generic_sparse,True,"{""method"": ""sparse""}",jaccard,1600,1600,2560000,3764,3.1666666666666665,3.333333333333333,ok,,3.3333333333333335,0.002941179001936689,0.002917447010986507,0.1749903179879766,0.1748344129882753,0.1755667090183124,0.1751304799981881,0.17491236548812594,0.1752785135031445,0.0003857439704414343,0.00015590499970130622,3.0,"[0.1755667090183124, 0.1749903179879766, 0.1748344129882753]",0.17793149698991328,3.0,1.0,4.0,0.1,0.25,0.07692307692307693,0.09090909090909091,sparse_closure,1600.0,1600.0,0.0,0.0004408899985719472,0.0005759189953096211,0.1816141369927209,6.0280144680291414e-06,0.18454508698778227,3763.0,3763.0,3763.0,267550.0,,,,,,1.0,1.0,3.333333333333333,4.0,True,sparse_fit,1600.0,1600.0,0.002915719000156969,0.0,0.0,0.0,0.0,0.002915719000156969,0.0,,,,,,,,,1.0,1.0,,,0.0031430620001628995,0.18013741399045102,0.18328047599061392,3.333333333333333,3.3333333333333335,0.0,isolated,1,True,1200.0,1.3043729600030929,1.0764210119959898,0.22795194800710306,164487168.0,156.8671875,resource.ru_maxrss_kib_converted_to_bytes,0.0,"{""BLIS_NUM_THREADS"": ""1"", ""MKL_DYNAMIC"": ""FALSE"", ""MKL_NUM_THREADS"": ""1"", ""NUMBA_NUM_THREADS"": ""1"", ""NUMEXPR_NUM_THREADS"": ""1"", ""OMP_DYNAMIC"": ""FALSE"", ""OMP_NUM_THREADS"": ""1"", ""OPENBLAS_NUM_THREADS"": ""1"", ""PYTHONHASHSEED"": ""0"", ""VECLIB_MAXIMUM_THREADS"": ""1""}",tree_tree,1,1,0,0.07108942899503745,731,10,13,11,22,22,medium,medium,1000,uniform,"{""kind"": ""categorical"", ""probs"": [0.8, 0.2], ""values"": [1, 2]}",inverse_sqrt,14,tail,sparse_chain,Generic score with an exact token blocking rule and very few positive node pairs.,21,21,166,176,28,24,3.3333334922790527,True,exact_agreement,3,1.5894571969710114e-07,1e-05,1.0,1.5894571969710114e-07,1.0,100.0,True,0.08108683467157647,0.09583487609489225,0.1500098457793353,0.17490751240991453,,,,,,,True,,,,,,False,270626.0,,,,,,,,
sparse_jaccard_size,size,generic_sparse_jaccard,n1600,nodes_per_tree,1600.0,sparse_jaccard_size__n1600,2,exact_dense,generic,True,"{""method"": ""exact""}",jaccard,1600,1600,2560000,3764,3.1666666666666665,3.3333334922790527,ok,,3.3333333333333335,1.854990841820836e-06,8.400995284318924e-06,1.8341530590259936,1.833608016022481,1.836962034984026,1.834907703344167,1.8338805375242373,1.8355575470050098,0.0017998546701926937,0.0005450430035125464,3.0,"[1.8341530590259936, 1.836962034984026, 1.833608016022481]",1.8341549140168354,3.0,1.0,4.0,0.1,0.25,0.07692307692307693,0.09090909090909091,exact_dense,1600.0,1600.0,0.0,0.00011213199468329549,0.0,1.8547451840131544,0.0024952169915195554,1.8576391479873564,2560000.0,,3763.0,2560000.0,,,,,,1.0,1.0,3.3333334922790527,4.0,True,exact_fit,1600.0,1600.0,7.557013304904103e-06,0.0,0.0,0.0,0.0,7.557013304904103e-06,0.0,,,,,,,,,1.0,1.0,,,2.1129962988197803e-06,1.8644080850062892,1.864410198002588,3.3333334922790527,3.3333333333333335,0.0,isolated,1,True,1200.0,11.296312323975144,11.06518181899446,0.23113050498068333,160612352.0,153.171875,resource.ru_maxrss_kib_converted_to_bytes,0.0,"{""BLIS_NUM_THREADS"": ""1"", ""MKL_DYNAMIC"": ""FALSE"", ""MKL_NUM_THREADS"": ""1"", ""NUMBA_NUM_THREADS"": ""1"", ""NUMEXPR_NUM_THREADS"": ""1"", ""OMP_DYNAMIC"": ""FALSE"", ""OMP_NUM_THREADS"": ""1"", ""OPENBLAS_NUM_THREADS"": ""1"", ""PYTHONHASHSEED"": ""0"", ""VECLIB_MAXIMUM_THREADS"": ""1""}",tree_tree,0,2,0,0.07108942899503745,731,10,13,11,22,22,medium,medium,1000,uniform,"{""kind"": ""categorical"", ""probs"": [0.8, 0.2], ""values"": [1, 2]}",inverse_sqrt,14,tail,sparse_chain,Generic score with an exact token blocking rule and very few positive node pairs.,21,21,166,176,28,24,3.3333334922790527,True,exact_agreement,3,1.5894571969710114e-07,1e-05,1.0,0.0,1.0,100.0,True,0.007736219675882873,0.009296948058799855,0.01535366006467658,0.0184226219581479,,,,,,,,,,,,,,,,,,,,,,
sparse_jaccard_size,size,generic_sparse_jaccard,n1600,nodes_per_tree,1600.0,sparse_jaccard_size__n1600,2,beam_local,generic,False,"{""beam_local_child_cap"": null, ""beam_width"": 200, ""method"": ""beam_local""}",jaccard,1600,1600,2560000,3764,3.1666666666666665,1.3333333333333333,ok,,1.3333333333333333,1.0640069376677275e-06,5.766982212662697e-06,0.03429639700334519,0.03429208599845879,0.034308497997699305,0.0342989936665011,0.03429424150090199,0.03430244750052225,8.508550077810403e-06,4.31100488640368e-06,3.0,"[0.034308497997699305, 0.03429208599845879, 0.03429639700334519]",0.03429746101028286,3.0,1.0,2.0,0.1,0.5,0.07692307692307693,0.09090909090909091,beam_local,1600.0,1600.0,0.0,0.0003930879756808281,0.031727216934086755,0.004821095062652603,1.047999830916524e-06,0.03704640700016171,17822.0,17822.0,23.0,,41805.0,22439.0,7687.0,200.0,45.0,1.0,1.0,1.3333333333333333,2.0,True,beam_local_fit,1600.0,1600.0,4.820001777261496e-06,0.0,0.0,0.0,0.0,4.820001777261496e-06,0.0,,,,,,,,,1.0,1.0,,,1.982989488169551e-06,0.03519008701550774,0.03519207000499591,1.3333333333333333,1.3333333333333333,0.0,isolated,1,True,1200.0,0.43335640599252656,0.2098585249914322,0.22349788100109436,144572416.0,137.875,resource.ru_maxrss_kib_converted_to_bytes,0.0,"{""BLIS_NUM_THREADS"": ""1"", ""MKL_DYNAMIC"": ""FALSE"", ""MKL_NUM_THREADS"": ""1"", ""NUMBA_NUM_THREADS"": ""1"", ""NUMEXPR_NUM_THREADS"": ""1"", ""OMP_DYNAMIC"": ""FALSE"", ""OMP_NUM_THREADS"": ""1"", ""OPENBLAS_NUM_THREADS"": ""1"", ""PYTHONHASHSEED"": ""0"", ""VECLIB_MAXIMUM_THREADS"": ""1""}",tree_tree,3,3,0,0.07108942899503745,731,10,13,11,22,22,medium,medium,1000,uniform,"{""kind"": ""categorical"", ""probs"": [0.8, 0.2], ""values"": [1, 2]}",inverse_sqrt,14,tail,sparse_chain,Generic score with an exact token blocking rule and very few positive node pairs.,21,21,166,176,28,24,3.3333334922790527,True,exact_agreement,3,1.5894571969710114e-07,1e-05,0.39999998092651456,2.0000001589457197,0.39999998092651456,39.99999809265146,True,0.41372891101166254,0.49718091267148296,0.40674863127751854,0.4433272197495762,200.0,,44.0,7688.0,,,,,,,,,,,,,,,,,,
sparse_jaccard_size,size,generic_sparse_jaccard,n1600,nodes_per_tree,1600.0,sparse_jaccard_size__n1600,3,sparse_closure,generic_sparse,True,"{""method"": ""sparse""}",jaccard,1600,1600,2560000,3718,3.0,3.0,ok,,3.0,0.002940388018032536,0.0029237739800009876,0.169746456987923,0.1685272110044025,0.16976840299321339,0.16934735699517964,0.16913683399616275,0.1697574299905682,0.0007103520193734326,2.194600529037416e-05,3.0,"[0.169746456987923, 0.16976840299321339, 0.1685272110044025]",0.17268684500595555,3.0,1.0,3.0,0.0,0.0,0.0,0.0,sparse_closure,1600.0,1600.0,0.0,0.0004288440104573965,0.0005895130161661655,0.18048713999451138,5.02000330016017e-06,0.18333701501251198,3718.0,3718.0,3718.0,259407.0,,,,,,1.0,1.0,3.0,3.0,True,sparse_fit,1600.0,1600.0,0.0029221320000942796,0.0,0.0,0.0,0.0,0.0029221320000942796,0.0,,,,,,,,,1.0,1.0,,,0.003150393022224307,0.17809704199316911,0.18124743501539342,3.0,3.0,0.0,isolated,1,True,1200.0,1.2740979270020034,1.0503704260045197,0.22372750099748373,164270080.0,156.66015625,resource.ru_maxrss_kib_converted_to_bytes,0.0,"{""BLIS_NUM_THREADS"": ""1"", ""MKL_DYNAMIC"": ""FALSE"", ""MKL_NUM_THREADS"": ""1"", ""NUMBA_NUM_THREADS"": ""1"", ""NUMEXPR_NUM_THREADS"": ""1"", ""OMP_DYNAMIC"": ""FALSE"", ""OMP_NUM_THREADS"": ""1"", ""OPENBLAS_NUM_THREADS"": ""1"", ""PYTHONHASHSEED"": ""0"", ""VECLIB_MAXIMUM_THREADS"": ""1""}",tree_tree,1,0,0,0.07087165498523973,735,10,12,12,17,22,medium,medium,1000,uniform,"{""kind"": ""categorical"", ""probs"": [0.8, 0.2], ""values"": [1, 2]}",inverse_sqrt,14,tail,sparse_chain,Generic score with an exact token blocking rule and very few positive node pairs.,21,21,193,178,30,24,3.0,True,exact_agreement,3,0.0,1e-05,1.0,0.0,1.0,100.0,True,0.08670138554583746,0.10279516086608605,0.15956800405161603,0.18642657224820489,,,,,,,True,,,,,,False,262484.0,,,,,,,,
sparse_jaccard_size,size,generic_sparse_jaccard,n1600,nodes_per_tree,1600.0,sparse_jaccard_size__n1600,3,exact_dense,generic,True,"{""method"": ""exact""}",jaccard,1600,1600,2560000,3718,3.0,3.0,ok,,3.0,1.7569982446730137e-06,8.609989890828729e-06,1.789800764003303,1.7883337140083313,1.796742379985517,1.7916256193323836,1.789067239005817,1.79327157199441,0.004491546349312847,0.0014670499949716032,3.0,"[1.7883337140083313, 1.789800764003303, 1.796742379985517]",1.7898025210015476,3.0,1.0,3.0,0.0,0.0,0.0,0.0,exact_dense,1600.0,1600.0,0.0,0.00011530000483617187,0.0,1.8047091240005102,0.001983524998649955,1.8070788710028864,2560000.0,,3718.0,2560000.0,,,,,,1.0,1.0,3.0,3.0,True,exact_fit,1600.0,1600.0,7.733004167675972e-06,0.0,0.0,0.0,0.0,7.733004167675972e-06,0.0,,,,,,,,,1.0,1.0,,,2.4129985831677914e-06,1.7831786109891254,1.7831810239877086,3.0,3.0,0.0,isolated,1,True,1200.0,10.979944060003618,10.75201333698351,0.22793072302010842,160718848.0,153.2734375,resource.ru_maxrss_kib_converted_to_bytes,0.0,"{""BLIS_NUM_THREADS"": ""1"", ""MKL_DYNAMIC"": ""FALSE"", ""MKL_NUM_THREADS"": ""1"", ""NUMBA_NUM_THREADS"": ""1"", ""NUMEXPR_NUM_THREADS"": ""1"", ""OMP_DYNAMIC"": ""FALSE"", ""OMP_NUM_THREADS"": ""1"", ""OPENBLAS_NUM_THREADS"": ""1"", ""PYTHONHASHSEED"": ""0"", ""VECLIB_MAXIMUM_THREADS"": ""1""}",tree_tree,0,1,0,0.07087165498523973,735,10,12,12,17,22,medium,medium,1000,uniform,"{""kind"": ""categorical"", ""probs"": [0.8, 0.2], ""values"": [1, 2]}",inverse_sqrt,14,tail,sparse_chain,Generic score with an exact token blocking rule and very few positive node pairs.,21,21,193,178,30,24,3.0,True,exact_agreement,3,0.0,1e-05,1.0,0.0,1.0,100.0,True,0.008222844301078122,0.009918061799304349,0.016311561174312362,0.01964131977525779,,,,,,,,,,,,,,,,,,,,,,
sparse_jaccard_size,size,generic_sparse_jaccard,n1600,nodes_per_tree,1600.0,sparse_jaccard_size__n1600,3,beam_local,generic,False,"{""beam_local_child_cap"": null, ""beam_width"": 200, ""method"": ""beam_local""}",jaccard,1600,1600,2560000,3718,3.0,2.0,ok,,2.0,1.2269883882254362e-06,6.842979928478599e-06,0.03676971100503579,0.036740368988830596,0.036911025003064424,0.03680703499897694,0.03675503999693319,0.036840368004050106,9.12451598241421e-05,2.9342016205191612e-05,3.0,"[0.036740368988830596, 0.03676971100503579, 0.036911025003064424]",0.03677093799342401,3.0,1.0,3.0,0.0,0.0,0.0,0.0,beam_local,1600.0,1600.0,0.0,0.00041916000191122293,0.0346900470321998,0.005175809987122193,2.796004991978407e-06,0.04039482498774305,18872.0,18872.0,30.0,,44338.0,22472.0,8071.0,200.0,45.0,1.0,1.0,2.0,3.0,True,beam_local_fit,1600.0,1600.0,6.0010061133652925e-06,0.0,0.0,0.0,0.0,6.0010061133652925e-06,0.0,,,,,,,,,1.0,1.0,,,2.4519977159798145e-06,0.038002956978743896,0.038005408976459876,2.0,2.0,0.0,isolated,1,True,1200.0,0.4558472700009588,0.22616641799686477,0.22968085200409405,144572416.0,137.875,resource.ru_maxrss_kib_converted_to_bytes,0.0,"{""BLIS_NUM_THREADS"": ""1"", ""MKL_DYNAMIC"": ""FALSE"", ""MKL_NUM_THREADS"": ""1"", ""NUMBA_NUM_THREADS"": ""1"", ""NUMEXPR_NUM_THREADS"": ""1"", ""OMP_DYNAMIC"": ""FALSE"", ""OMP_NUM_THREADS"": ""1"", ""OPENBLAS_NUM_THREADS"": ""1"", ""PYTHONHASHSEED"": ""0"", ""VECLIB_MAXIMUM_THREADS"": ""1""}",tree_tree,3,2,0,0.07087165498523973,735,10,12,12,17,22,medium,medium,1000,uniform,"{""kind"": ""categorical"", ""probs"": [0.8, 0.2], ""values"": [1, 2]}",inverse_sqrt,14,tail,sparse_chain,Generic score with an exact token blocking rule and very few positive node pairs.,21,21,193,178,30,24,3.0,True,exact_agreement,3,0.0,1e-05,0.6666666666666666,1.0,0.6666666666666666,66.66666666666666,True,0.4002547915139782,0.4827554851882936,0.500199008333763,0.5599978904289292,200.0,,44.0,8072.0,,,,,,,,,,,,,,,,,,
sparse_jaccard_size,size,generic_sparse_jaccard,n1600,nodes_per_tree,1600.0,sparse_jaccard_size__n1600,3,sparse_chain,generic_sparse,True,"{""method"": ""sparse_chain""}",jaccard,1600,1600,2560000,3718,3.0,3.0,ok,,3.0,0.0030341189994942397,0.0029669959913007915,0.014717253012349829,0.014627047989051789,0.01473997300490737,0.014694758002102995,0.014672150500700809,0.0147286130086286,5.972883655320625e-05,2.2719992557540536e-05,3.0,"[0.01473997300490737, 0.014627047989051789, 0.014717253012349829]",0.01775137201184407,3.0,1.0,10.0,1.0,1.0,0.8333333333333334,0.8333333333333334,sparse_chain,1600.0,1600.0,0.0,0.0017629229987505823,0.005329567997250706,0.007967377983732149,1.1750089470297098e-06,0.015271804004441947,3718.0,3718.0,3718.0,,,,,,,1.0,1.0,3.0,10.0,True,sparse_chain_fit,1600.0,1600.0,0.0029653210076503456,0.0,0.0,0.0,0.0,0.0029653210076503456,0.0,,,,,,,,,1.0,1.0,,,0.003243675018893555,0.015774544997839257,0.019018220016732812,3.0,3.0,0.0,isolated,1,True,1200.0,0.3312166740070097,0.09983363901847042,0.2313830349885393,144572416.0,137.875,resource.ru_maxrss_kib_converted_to_bytes,0.0,"{""BLIS_NUM_THREADS"": ""1"", ""MKL_DYNAMIC"": ""FALSE"", ""MKL_NUM_THREADS"": ""1"", ""NUMBA_NUM_THREADS"": ""1"", ""NUMEXPR_NUM_THREADS"": ""1"", ""OMP_DYNAMIC"": ""FALSE"", ""OMP_NUM_THREADS"": ""1"", ""OPENBLAS_NUM_THREADS"": ""1"", ""PYTHONHASHSEED"": ""0"", ""VECLIB_MAXIMUM_THREADS"": ""1""}",tree_tree,2,3,0,0.07087165498523973,735,10,12,12,17,22,medium,medium,1000,uniform,"{""kind"": ""categorical"", ""probs"": [0.8, 0.2], ""values"": [1, 2]}",inverse_sqrt,14,tail,sparse_chain,Generic score with an exact token blocking rule and very few positive node pairs.,21,21,193,178,30,24,3.0,True,exact_agreement,3,0.0,1e-05,1.0,0.0,1.0,100.0,True,1.0,1.0,1.0,1.0,,,,,3718.0,3718.0,True,2685.0,7763.0,217.0,3718.0,7383.0,False,,,,,,,,,
sparse_jaccard_size,size,generic_sparse_jaccard,n2400,nodes_per_tree,2400.0,sparse_jaccard_size__n2400,0,exact_dense,generic,True,"{""method"": ""exact""}",jaccard,2400,2400,5760000,8527,2.7666666666666666,3.5333333015441895,ok,,3.533333333333333,1.9930012058466673e-06,8.439004886895418e-06,4.139571364998119,4.138255031983135,4.203719829994952,4.160515408992069,4.138913198490627,4.171645597496536,0.037421914419192695,0.0013163330149836838,3.0,"[4.138255031983135, 4.139571364998119, 4.203719829994952]",4.139573357999325,3.0,1.0,5.0,0.2,0.4,0.15384615384615385,0.18181818181818182,exact_dense,2400.0,2400.0,0.0,0.00011195297702215612,0.0,4.147466449998319,0.003932038991479203,4.151892172987573,5760000.0,,8527.0,5760000.0,,,,,,1.0,1.0,3.5333333015441895,5.0,True,exact_fit,2400.0,2400.0,7.519003702327609e-06,0.0,0.0,0.0,0.0,7.519003702327609e-06,0.0,,,,,,,,,1.0,1.0,,,2.115004463121295e-06,4.034348985995166,4.034351100999629,3.5333333015441895,3.533333333333333,0.0,isolated,1,True,1200.0,25.010370417003287,24.781449508998776,0.22892090800451115,189636608.0,180.8515625,resource.ru_maxrss_kib_converted_to_bytes,0.0,"{""BLIS_NUM_THREADS"": ""1"", ""MKL_DYNAMIC"": ""FALSE"", ""MKL_NUM_THREADS"": ""1"", ""NUMBA_NUM_THREADS"": ""1"", ""NUMEXPR_NUM_THREADS"": ""1"", ""OMP_DYNAMIC"": ""FALSE"", ""OMP_NUM_THREADS"": ""1"", ""OPENBLAS_NUM_THREADS"": ""1"", ""PYTHONHASHSEED"": ""0"", ""VECLIB_MAXIMUM_THREADS"": ""1""}",tree_tree,0,0,0,0.10741175300790928,892,10,13,11,20,18,medium,medium,1000,uniform,"{""kind"": ""categorical"", ""probs"": [0.8, 0.2], ""values"": [1, 2]}",inverse_sqrt,14,tail,sparse_chain,Generic score with an exact token blocking rule and very few positive node pairs.,22,22,257,253,31,40,3.5333333333333337,True,exact_agreement,3,3.1789144205873754e-08,1e-05,1.0,3.1789144205873754e-08,1.0,100.0,True,0.007646938583723292,0.008720131242879924,0.015177813360841019,0.01728949581314599,,,,,,,,,,,,,,,,,,,,,,
sparse_jaccard_size,size,generic_sparse_jaccard,n2400,nodes_per_tree,2400.0,sparse_jaccard_size__n2400,0,beam_local,generic,False,"{""beam_local_child_cap"": null, ""beam_width"": 200, ""method"": ""beam_local""}",jaccard,2400,2400,5760000,8527,2.7666666666666666,3.033333333333333,ok,,3.033333333333333,1.1450028978288174e-06,8.076982339844108e-06,0.038472884974908084,0.0384711509977933,0.03848076399299316,0.038474933321898185,0.03847201798635069,0.03847682448395062,5.123398600734974e-06,1.7339771147817373e-06,3.0,"[0.038472884974908084, 0.0384711509977933, 0.03848076399299316]",0.03847402997780591,3.0,1.0,5.0,0.2,0.4,0.15384615384615385,0.18181818181818182,beam_local,2400.0,2400.0,0.0,0.0006875160033814609,0.03577533722273074,0.00487574576982297,2.7139903977513313e-06,0.04148691697628237,20354.0,20354.0,40.0,,46999.0,22146.0,8187.0,200.0,47.0,1.0,1.0,3.033333333333333,5.0,True,beam_local_fit,2400.0,2400.0,7.138994988054037e-06,0.0,0.0,0.0,0.0,7.138994988054037e-06,0.0,,,,,,,,,1.0,1.0,,,2.321001375094056e-06,0.03914355000597425,0.03914587100734934,3.033333333333333,3.033333333333333,0.0,isolated,1,True,1200.0,0.48036660498473793,0.23499806999461725,0.24536853499012068,145358848.0,138.625,resource.ru_maxrss_kib_converted_to_bytes,0.0,"{""BLIS_NUM_THREADS"": ""1"", ""MKL_DYNAMIC"": ""FALSE"", ""MKL_NUM_THREADS"": ""1"", ""NUMBA_NUM_THREADS"": ""1"", ""NUMEXPR_NUM_THREADS"": ""1"", ""OMP_DYNAMIC"": ""FALSE"", ""OMP_NUM_THREADS"": ""1"", ""OPENBLAS_NUM_THREADS"": ""1"", ""PYTHONHASHSEED"": ""0"", ""VECLIB_MAXIMUM_THREADS"": ""1""}",tree_tree,3,1,0,0.10741175300790928,892,10,13,11,20,18,medium,medium,1000,uniform,"{""kind"": ""categorical"", ""probs"": [0.8, 0.2], ""values"": [1, 2]}",inverse_sqrt,14,tail,sparse_chain,Generic score with an exact token blocking rule and very few positive node pairs.,22,22,257,253,31,40,3.5333333333333337,True,exact_agreement,3,3.1789144205873754e-08,1e-05,0.8584905660377358,0.5000000000000004,0.8584905660377358,85.84905660377358,True,0.8227885174643271,0.9382334783256786,0.8402604743240808,0.8965924315536663,200.0,,46.0,8188.0,,,,,,,,,,,,,,,,,,
sparse_jaccard_size,size,generic_sparse_jaccard,n2400,nodes_per_tree,2400.0,sparse_jaccard_size__n2400,0,sparse_chain,generic_sparse,True,"{""method"": ""sparse_chain""}",jaccard,2400,2400,5760000,8527,2.7666666666666666,3.5333333333333337,ok,,3.533333333333333,0.004442574980203062,0.004278086009435356,0.03165504799108021,0.03163253198727034,0.04546267102705315,0.0362500836684679,0.031643789989175275,0.03855885950906668,0.007978342630037922,2.251600380986929e-05,3.0,"[0.04546267102705315, 0.03165504799108021, 0.03163253198727034]",0.03609762297128327,3.0,1.0,5.0,0.1,0.2,0.07692307692307693,0.09090909090909091,sparse_chain,2400.0,2400.0,0.0,0.0035502650134731084,0.011509262985782698,0.01800390999414958,1.3060052879154682e-06,0.03346815600525588,8527.0,8527.0,8527.0,,,,,,,1.0,1.0,3.5333333333333337,5.0,True,sparse_chain_fit,2400.0,2400.0,0.004276342981029302,0.0,0.0,0.0,0.0,0.004276342981029302,0.0,,,,,,,,,1.0,1.0,,,0.005167723982594907,0.03294908898533322,0.038116812967928126,3.5333333333333337,3.533333333333333,0.0,isolated,1,True,1200.0,0.46221762799541466,0.22211949998745695,0.2400981280079577,145358848.0,138.625,resource.ru_maxrss_kib_converted_to_bytes,0.0,"{""BLIS_NUM_THREADS"": ""1"", ""MKL_DYNAMIC"": ""FALSE"", ""MKL_NUM_THREADS"": ""1"", ""NUMBA_NUM_THREADS"": ""1"", ""NUMEXPR_NUM_THREADS"": ""1"", ""OMP_DYNAMIC"": ""FALSE"", ""OMP_NUM_THREADS"": ""1"", ""OPENBLAS_NUM_THREADS"": ""1"", ""PYTHONHASHSEED"": ""0"", ""VECLIB_MAXIMUM_THREADS"": ""1""}",tree_tree,2,2,0,0.10741175300790928,892,10,13,11,20,18,medium,medium,1000,uniform,"{""kind"": ""categorical"", ""probs"": [0.8, 0.2], ""values"": [1, 2]}",inverse_sqrt,14,tail,sparse_chain,Generic score with an exact token blocking rule and very few positive node pairs.,22,22,257,253,31,40,3.5333333333333337,True,exact_agreement,3,3.1789144205873754e-08,1e-05,1.0,0.0,1.0,100.0,True,1.0,1.0,1.0,1.0,,,,,8527.0,8527.0,True,5714.0,17362.0,301.0,8527.0,16702.0,False,,,,,,,,,
sparse_jaccard_size,size,generic_sparse_jaccard,n2400,nodes_per_tree,2400.0,sparse_jaccard_size__n2400,0,sparse_closure,generic_sparse,True,"{""method"": ""sparse""}",jaccard,2400,2400,5760000,8527,2.7666666666666666,3.5333333333333337,ok,,3.533333333333333,0.004590538010234013,0.004570093005895615,0.48575872101355344,0.4786837249994278,0.4869297269906383,0.48379072433453985,0.4822212230064906,0.48634422400209587,0.004461378195828987,0.0011710059770848602,3.0,"[0.4786837249994278, 0.4869297269906383, 0.48575872101355344]",0.49034925902378745,3.0,1.0,5.0,0.1,0.2,0.07692307692307693,0.09090909090909091,sparse_closure,2400.0,2400.0,0.0,0.0012261160009074956,0.0011332279827911407,0.4931331539992243,1.2571981642395258e-05,0.5022447280061897,8527.0,8527.0,8527.0,647261.0,,,,,,1.0,1.0,3.5333333333333337,5.0,True,sparse_fit,2400.0,2400.0,0.004568058997392654,0.0,0.0,0.0,0.0,0.004568058997392654,0.0,,,,,,,,,1.0,1.0,,,0.005266296007903293,0.48698672599857673,0.49225302200648,3.5333333333333337,3.533333333333333,0.0,isolated,1,True,1200.0,3.181796656019287,2.9377529099874664,0.24404374603182077,200323072.0,191.04296875,resource.ru_maxrss_kib_converted_to_bytes,0.0,"{""BLIS_NUM_THREADS"": ""1"", ""MKL_DYNAMIC"": ""FALSE"", ""MKL_NUM_THREADS"": ""1"", ""NUMBA_NUM_THREADS"": ""1"", ""NUMEXPR_NUM_THREADS"": ""1"", ""OMP_DYNAMIC"": ""FALSE"", ""OMP_NUM_THREADS"": ""1"", ""OPENBLAS_NUM_THREADS"": ""1"", ""PYTHONHASHSEED"": ""0"", ""VECLIB_MAXIMUM_THREADS"": ""1""}",tree_tree,1,3,0,0.10741175300790928,892,10,13,11,20,18,medium,medium,1000,uniform,"{""kind"": ""categorical"", ""probs"": [0.8, 0.2], ""values"": [1, 2]}",inverse_sqrt,14,tail,sparse_chain,Generic score with an exact token blocking rule and very few positive node pairs.,22,22,257,253,31,40,3.5333333333333337,True,exact_agreement,3,3.1789144205873754e-08,1e-05,1.0,0.0,1.0,100.0,True,0.06516619593577401,0.07361614666890347,0.12235873835354667,0.13713680983154258,,,,,,,True,,,,,,False,651997.0,,,,,,,,
sparse_jaccard_size,size,generic_sparse_jaccard,n2400,nodes_per_tree,2400.0,sparse_jaccard_size__n2400,1,beam_local,generic,False,"{""beam_local_child_cap"": null, ""beam_width"": 200, ""method"": ""beam_local""}",jaccard,2400,2400,5760000,8257,2.9166666666666665,2.75,ok,,2.75,9.890063665807247e-07,7.097987690940499e-06,0.02844067898695357,0.028417428024113178,0.028582048980752006,0.02848005199727292,0.028429053505533375,0.02851136398385279,8.909371637425548e-05,2.3250962840393186e-05,3.0,"[0.028417428024113178, 0.028582048980752006, 0.02844067898695357]",0.028441667993320152,3.0,1.0,4.0,0.1,0.25,0.09090909090909091,0.07692307692307693,beam_local,2400.0,2400.0,0.0,0.0006949229864403605,0.026683137053623796,0.0036379409430082887,2.3040047381073236e-06,0.031135542987613007,14801.0,14801.0,18.0,,33956.0,17016.0,5953.0,200.0,35.0,1.0,1.0,2.75,4.0,True,beam_local_fit,2400.0,2400.0,6.27199187874794e-06,0.0,0.0,0.0,0.0,6.27199187874794e-06,0.0,,,,,,,,,1.0,1.0,,,2.2519961930811405e-06,0.029678566992515698,0.02968081898870878,2.75,2.75,0.0,isolated,1,True,1200.0,0.4160626310040243,0.17529122598352842,0.24077140502049588,145358848.0,138.625,resource.ru_maxrss_kib_converted_to_bytes,0.0,"{""BLIS_NUM_THREADS"": ""1"", ""MKL_DYNAMIC"": ""FALSE"", ""MKL_NUM_THREADS"": ""1"", ""NUMBA_NUM_THREADS"": ""1"", ""NUMEXPR_NUM_THREADS"": ""1"", ""OMP_DYNAMIC"": ""FALSE"", ""OMP_NUM_THREADS"": ""1"", ""OPENBLAS_NUM_THREADS"": ""1"", ""PYTHONHASHSEED"": ""0"", ""VECLIB_MAXIMUM_THREADS"": ""1""}",tree_tree,3,0,0,0.11642555700382218,878,10,11,13,23,23,medium,medium,1000,uniform,"{""kind"": ""categorical"", ""probs"": [0.8, 0.2], ""values"": [1, 2]}",inverse_sqrt,14,tail,sparse_chain,Generic score with an exact token blocking rule and very few positive node pairs.,22,22,240,257,34,33,3.75,True,exact_agreement,3,0.0,1e-05,0.7333333333333333,1.0,0.7333333333333333,73.33333333333333,True,1.0,1.0,0.846153846153846,0.846153846153846,200.0,,46.0,5954.0,,,,,,,,,,,,,,,,,,
sparse_jaccard_size,size,generic_sparse_jaccard,n2400,nodes_per_tree,2400.0,sparse_jaccard_size__n2400,1,sparse_chain,generic_sparse,True,"{""method"": ""sparse_chain""}",jaccard,2400,2400,5760000,8257,2.9166666666666665,3.75,ok,,3.75,0.004326565016526729,0.004312456992920488,0.03074467700207606,0.030714980006450787,0.04187654500128701,0.03444540066993795,0.030729828504263423,0.036310611001681536,0.006435576899773108,2.9696995625272393e-05,3.0,"[0.04187654500128701, 0.03074467700207606, 0.030714980006450787]",0.03507124201860279,3.0,1.0,5.0,0.1,0.2,0.09090909090909091,0.07692307692307693,sparse_chain,2400.0,2400.0,0.0,0.0035482639796100557,0.010980630002450198,0.01692468300461769,1.2899981811642647e-06,0.03186391800409183,8256.0,8256.0,8256.0,,,,,,,1.0,1.0,3.75,5.0,True,sparse_chain_fit,2400.0,2400.0,0.004310499003622681,0.0,0.0,0.0,0.0,0.004310499003622681,0.0,,,,,,,,,1.0,1.0,,,0.004977474978659302,0.031997558020520955,0.03697503299918026,3.75,3.75,0.0,isolated,1,True,1200.0,0.44863785401685163,0.21303581801475957,0.23560203600209206,145358848.0,138.625,resource.ru_maxrss_kib_converted_to_bytes,0.0,"{""BLIS_NUM_THREADS"": ""1"", ""MKL_DYNAMIC"": ""FALSE"", ""MKL_NUM_THREADS"": ""1"", ""NUMBA_NUM_THREADS"": ""1"", ""NUMEXPR_NUM_THREADS"": ""1"", ""OMP_DYNAMIC"": ""FALSE"", ""OMP_NUM_THREADS"": ""1"", ""OPENBLAS_NUM_THREADS"": ""1"", ""PYTHONHASHSEED"": ""0"", ""VECLIB_MAXIMUM_THREADS"": ""1""}",tree_tree,2,1,0,0.11642555700382218,878,10,11,13,23,23,medium,medium,1000,uniform,"{""kind"": ""categorical"", ""probs"": [0.8, 0.2], ""values"": [1, 2]}",inverse_sqrt,14,tail,sparse_chain,Generic score with an exact token blocking rule and very few positive node pairs.,22,22,240,257,34,33,3.75,True,exact_agreement,3,0.0,1e-05,1.0,0.0,1.0,100.0,True,0.9250602627906317,0.8109683705593853,0.9610714850553649,0.895618480966498,,,,,8256.0,8256.0,True,5674.0,16519.0,314.0,8256.0,15684.0,False,,,,,,,,,
sparse_jaccard_size,size,generic_sparse_jaccard,n2400,nodes_per_tree,2400.0,sparse_jaccard_size__n2400,1,sparse_closure,generic_sparse,True,"{""method"": ""sparse""}",jaccard,2400,2400,5760000,8257,2.9166666666666665,3.75,ok,,3.75,0.004657526995288208,0.004551329999230802,0.4503170329844579,0.44889500201679766,0.4512956449761987,0.45016922665915143,0.4496060175006278,0.4508063389803283,0.0012071274526663988,0.0009786119917407632,3.0,"[0.44889500201679766, 0.4503170329844579, 0.4512956449761987]",0.4549745599797461,3.0,1.0,5.0,0.1,0.2,0.09090909090909091,0.07692307692307693,sparse_closure,2400.0,2400.0,0.0,0.0010867860110010952,0.0010840260074473917,0.45367813200573437,1.2614007573574781e-05,0.4632977610162925,8256.0,8256.0,8256.0,598334.0,,,,,,1.0,1.0,3.75,5.0,True,sparse_fit,2400.0,2400.0,0.00454887401429005,0.0,0.0,0.0,0.0,0.00454887401429005,0.0,,,,,,,,,1.0,1.0,,,0.005208393995417282,0.44703036500141025,0.45223875899682753,3.75,3.75,0.0,isolated,1,True,1200.0,2.9624563789984677,2.7181281259981915,0.24432825300027616,196329472.0,187.234375,resource.ru_maxrss_kib_converted_to_bytes,0.0,"{""BLIS_NUM_THREADS"": ""1"", ""MKL_DYNAMIC"": ""FALSE"", ""MKL_NUM_THREADS"": ""1"", ""NUMBA_NUM_THREADS"": ""1"", ""NUMEXPR_NUM_THREADS"": ""1"", ""OMP_DYNAMIC"": ""FALSE"", ""OMP_NUM_THREADS"": ""1"", ""OPENBLAS_NUM_THREADS"": ""1"", ""PYTHONHASHSEED"": ""0"", ""VECLIB_MAXIMUM_THREADS"": ""1""}",tree_tree,1,2,0,0.11642555700382218,878,10,11,13,23,23,medium,medium,1000,uniform,"{""kind"": ""categorical"", ""probs"": [0.8, 0.2], ""values"": [1, 2]}",inverse_sqrt,14,tail,sparse_chain,Generic score with an exact token blocking rule and very few positive node pairs.,22,22,240,257,34,33,3.75,True,exact_agreement,3,0.0,1e-05,1.0,0.0,1.0,100.0,True,0.06315701362318925,0.06251265564075995,0.11881032211404619,0.117669479622454,,,,,,,True,,,,,,False,603065.0,,,,,,,,
sparse_jaccard_size,size,generic_sparse_jaccard,n2400,nodes_per_tree,2400.0,sparse_jaccard_size__n2400,1,exact_dense,generic,True,"{""method"": ""exact""}",jaccard,2400,2400,5760000,8257,2.9166666666666665,3.75,ok,,3.75,1.8420105334371328e-06,9.266019333153963e-06,4.111548838001909,4.109153852012241,4.118142558989348,4.1129484163345,4.110351345007075,4.114845698495628,0.004654925124195242,0.0023949859896674752,3.0,"[4.118142558989348, 4.111548838001909, 4.109153852012241]",4.111550680012442,3.0,1.0,5.0,0.1,0.2,0.09090909090909091,0.07692307692307693,exact_dense,2400.0,2400.0,0.0,0.00011266500223428011,0.0,4.15972253200016,0.00416460499400273,4.164173202996608,5760000.0,,8256.0,5760000.0,,,,,,1.0,1.0,3.75,5.0,True,exact_fit,2400.0,2400.0,8.383009117096663e-06,0.0,0.0,0.0,0.0,8.383009117096663e-06,0.0,,,,,,,,,1.0,1.0,,,2.381013473495841e-06,4.143476557015674,4.143478938029148,3.75,3.75,0.0,isolated,1,True,1200.0,25.002582134999102,24.751669780991506,0.25091235400759615,189779968.0,180.98828125,resource.ru_maxrss_kib_converted_to_bytes,0.0,"{""BLIS_NUM_THREADS"": ""1"", ""MKL_DYNAMIC"": ""FALSE"", ""MKL_NUM_THREADS"": ""1"", ""NUMBA_NUM_THREADS"": ""1"", ""NUMEXPR_NUM_THREADS"": ""1"", ""OMP_DYNAMIC"": ""FALSE"", ""OMP_NUM_THREADS"": ""1"", ""OPENBLAS_NUM_THREADS"": ""1"", ""PYTHONHASHSEED"": ""0"", ""VECLIB_MAXIMUM_THREADS"": ""1""}",tree_tree,0,3,0,0.11642555700382218,878,10,11,13,23,23,medium,medium,1000,uniform,"{""kind"": ""categorical"", ""probs"": [0.8, 0.2], ""values"": [1, 2]}",inverse_sqrt,14,tail,sparse_chain,Generic score with an exact token blocking rule and very few positive node pairs.,22,22,240,257,34,33,3.75,True,exact_agreement,3,0.0,1e-05,1.0,0.0,1.0,100.0,True,0.006917266487043579,0.006917503931444689,0.013739493237963233,0.013739961624335141,,,,,,,,,,,,,,,,,,,,,,
sparse_jaccard_size,size,generic_sparse_jaccard,n2400,nodes_per_tree,2400.0,sparse_jaccard_size__n2400,2,sparse_chain,generic_sparse,True,"{""method"": ""sparse_chain""}",jaccard,2400,2400,5760000,8468,4.083333333333333,4.083333333333333,ok,,4.083333333333333,0.0044747639913111925,0.004460386000573635,0.03283298300812021,0.03271930600749329,0.04566169099416584,0.03707132666992644,0.03277614450780675,0.03924733700114302,0.00743969085597591,0.00011367700062692165,3.0,"[0.04566169099416584, 0.03271930600749329, 0.03283298300812021]",0.0373077469994314,3.0,1.0,13.0,0.8461538461538461,0.8461538461538461,1.0,0.9285714285714286,sparse_chain,2400.0,2400.0,0.0,0.0035557799856178463,0.012041010981192812,0.018131896998966113,1.5160185284912586e-06,0.034229493991006166,8468.0,8468.0,8468.0,,,,,,,1.0,1.0,4.083333333333333,13.0,True,sparse_chain_fit,2400.0,2400.0,0.004458267998415977,0.0,0.0,0.0,0.0,0.004458267998415977,0.0,,,,,,,,,1.0,1.0,,,0.005301674013026059,0.033979693020228297,0.039281367033254355,4.083333333333333,4.083333333333333,0.0,isolated,1,True,1200.0,0.4785036250250414,0.22812952200183645,0.25037410302320495,145358848.0,138.625,resource.ru_maxrss_kib_converted_to_bytes,0.0,"{""BLIS_NUM_THREADS"": ""1"", ""MKL_DYNAMIC"": ""FALSE"", ""MKL_NUM_THREADS"": ""1"", ""NUMBA_NUM_THREADS"": ""1"", ""NUMEXPR_NUM_THREADS"": ""1"", ""OMP_DYNAMIC"": ""FALSE"", ""OMP_NUM_THREADS"": ""1"", ""OPENBLAS_NUM_THREADS"": ""1"", ""PYTHONHASHSEED"": ""0"", ""VECLIB_MAXIMUM_THREADS"": ""1""}",tree_tree,2,0,0,0.1119076980103273,898,13,13,14,15,22,medium,medium,1000,uniform,"{""kind"": ""categorical"", ""probs"": [0.8, 0.2], ""values"": [1, 2]}",inverse_sqrt,14,tail,sparse_chain,Generic score with an exact token blocking rule and very few positive node pairs.,22,22,231,249,32,37,4.083333492279053,True,exact_agreement,3,1.5894571969710114e-07,1e-05,1.0,1.5894571969710114e-07,1.0,100.0,True,1.0,0.9690567221229349,1.0,0.9842852277796733,,,,,8468.0,8468.0,True,5916.0,17657.0,311.0,8468.0,16813.0,False,,,,,,,,,
sparse_jaccard_size,size,generic_sparse_jaccard,n2400,nodes_per_tree,2400.0,sparse_jaccard_size__n2400,2,sparse_closure,generic_sparse,True,"{""method"": ""sparse""}",jaccard,2400,2400,5760000,8468,4.083333333333333,4.083333333333333,ok,,4.083333333333333,0.004544912982964888,0.004610828997101635,0.44514313101535663,0.4439702910021879,0.4488348879967816,0.4459827700047754,0.44455671100877225,0.4469890095060691,0.0025386652407055777,0.0011728400131687522,3.0,"[0.44514313101535663, 0.4488348879967816, 0.4439702910021879]",0.4496880439983215,3.0,1.0,13.0,0.8461538461538461,0.8461538461538461,1.0,0.9285714285714286,sparse_closure,2400.0,2400.0,0.0,0.0011295450094621629,0.001114913000492379,0.47062584801460616,1.325600896961987e-05,0.47885903500718996,8468.0,8468.0,8468.0,611530.0,,,,,,1.0,1.0,4.083333333333333,13.0,True,sparse_fit,2400.0,2400.0,0.004608714982168749,0.0,0.0,0.0,0.0,0.004608714982168749,0.0,,,,,,,,,1.0,1.0,,,0.005131430021720007,0.46110445298836567,0.46623588301008567,4.083333333333333,4.083333333333333,0.0,isolated,1,True,1200.0,2.9887847030186094,2.746249578980496,0.24253512403811328,197877760.0,188.7109375,resource.ru_maxrss_kib_converted_to_bytes,0.0,"{""BLIS_NUM_THREADS"": ""1"", ""MKL_DYNAMIC"": ""FALSE"", ""MKL_NUM_THREADS"": ""1"", ""NUMBA_NUM_THREADS"": ""1"", ""NUMEXPR_NUM_THREADS"": ""1"", ""OMP_DYNAMIC"": ""FALSE"", ""OMP_NUM_THREADS"": ""1"", ""OPENBLAS_NUM_THREADS"": ""1"", ""PYTHONHASHSEED"": ""0"", ""VECLIB_MAXIMUM_THREADS"": ""1""}",tree_tree,1,1,0,0.1119076980103273,898,13,13,14,15,22,medium,medium,1000,uniform,"{""kind"": ""categorical"", ""probs"": [0.8, 0.2], ""values"": [1, 2]}",inverse_sqrt,14,tail,sparse_chain,Generic score with an exact token blocking rule and very few positive node pairs.,22,22,231,249,32,37,4.083333492279053,True,exact_agreement,3,1.5894571969710114e-07,1e-05,1.0,1.5894571969710114e-07,1.0,100.0,True,0.0737582604795659,0.08039645149470707,0.13738336307955148,0.1488276852140345,,,,,,,True,,,,,,False,616261.0,,,,,,,,
sparse_jaccard_size,size,generic_sparse_jaccard,n2400,nodes_per_tree,2400.0,sparse_jaccard_size__n2400,2,exact_dense,generic,True,"{""method"": ""exact""}",jaccard,2400,2400,5760000,8468,4.083333333333333,4.083333492279053,ok,,4.083333333333333,1.9000144675374031e-06,1.0401010513305664e-05,4.1336237200011965,4.049497656000312,4.2174560989951715,4.133525824998894,4.0915606880007545,4.175539909498184,0.08397926429118047,0.083832378993975,3.0,"[4.049497656000312, 4.1336237200011965, 4.2174560989951715]",4.133625620015664,3.0,1.0,13.0,0.8461538461538461,0.8461538461538461,1.0,0.9285714285714286,exact_dense,2400.0,2400.0,0.0,0.00012104801135137677,0.0,4.24956317798933,0.0050072260200977325,4.2549954100104515,5760000.0,,8468.0,5760000.0,,,,,,1.0,1.0,4.083333492279053,13.0,True,exact_fit,2400.0,2400.0,9.365990990772843e-06,0.0,0.0,0.0,0.0,9.365990990772843e-06,0.0,,,,,,,,,1.0,1.0,,,2.176006091758609e-06,4.069490310008405,4.0694924860144965,4.083333492279053,4.083333333333333,0.0,isolated,1,True,1200.0,25.042265580996173,24.79797724200762,0.24428833898855373,189755392.0,180.96484375,resource.ru_maxrss_kib_converted_to_bytes,0.0,"{""BLIS_NUM_THREADS"": ""1"", ""MKL_DYNAMIC"": ""FALSE"", ""MKL_NUM_THREADS"": ""1"", ""NUMBA_NUM_THREADS"": ""1"", ""NUMEXPR_NUM_THREADS"": ""1"", ""OMP_DYNAMIC"": ""FALSE"", ""OMP_NUM_THREADS"": ""1"", ""OPENBLAS_NUM_THREADS"": ""1"", ""PYTHONHASHSEED"": ""0"", ""VECLIB_MAXIMUM_THREADS"": ""1""}",tree_tree,0,2,0,0.1119076980103273,898,13,13,14,15,22,medium,medium,1000,uniform,"{""kind"": ""categorical"", ""probs"": [0.8, 0.2], ""values"": [1, 2]}",inverse_sqrt,14,tail,sparse_chain,Generic score with an exact token blocking rule and very few positive node pairs.,22,22,231,249,32,37,4.083333492279053,True,exact_agreement,3,1.5894571969710114e-07,1e-05,1.0,0.0,1.0,100.0,True,0.00794290560344247,0.008746153217650068,0.015760626041982317,0.017340642518937015,,,,,,,,,,,,,,,,,,,,,,
sparse_jaccard_size,size,generic_sparse_jaccard,n2400,nodes_per_tree,2400.0,sparse_jaccard_size__n2400,2,beam_local,generic,False,"{""beam_local_child_cap"": null, ""beam_width"": 200, ""method"": ""beam_local""}",jaccard,2400,2400,5760000,8468,4.083333333333333,4.083333333333333,ok,,4.083333333333333,1.814012648537755e-06,9.247014531865716e-06,0.03615150900441222,0.035999819985590875,0.03616805700585246,0.03610646199861852,0.03607566449500155,0.03615978300513234,9.272458301258396e-05,1.6548001440241933e-05,3.0,"[0.03616805700585246, 0.03615150900441222, 0.035999819985590875]",0.03615332301706076,3.0,1.0,13.0,0.8461538461538461,0.8461538461538461,1.0,0.9285714285714286,beam_local,2400.0,2400.0,0.0,0.0007109669968485832,0.03386594000039622,0.004415833012899384,3.3790129236876965e-06,0.039140370005043224,18990.0,18990.0,60.0,,42733.0,20479.0,6929.0,200.0,39.0,1.0,1.0,4.083333333333333,13.0,True,beam_local_fit,2400.0,2400.0,7.933995220810175e-06,0.0,0.0,0.0,0.0,7.933995220810175e-06,0.0,,,,,,,,,1.0,1.0,,,2.654007403180003e-06,0.03721566702006385,0.03721832102746703,4.083333333333333,4.083333333333333,0.0,isolated,1,True,1200.0,0.47434414699091576,0.22129931297968142,0.25304483401123434,145358848.0,138.625,resource.ru_maxrss_kib_converted_to_bytes,0.0,"{""BLIS_NUM_THREADS"": ""1"", ""MKL_DYNAMIC"": ""FALSE"", ""MKL_NUM_THREADS"": ""1"", ""NUMBA_NUM_THREADS"": ""1"", ""NUMEXPR_NUM_THREADS"": ""1"", ""OMP_DYNAMIC"": ""FALSE"", ""OMP_NUM_THREADS"": ""1"", ""OPENBLAS_NUM_THREADS"": ""1"", ""PYTHONHASHSEED"": ""0"", ""VECLIB_MAXIMUM_THREADS"": ""1""}",tree_tree,3,3,0,0.1119076980103273,898,13,13,14,15,22,medium,medium,1000,uniform,"{""kind"": ""categorical"", ""probs"": [0.8, 0.2], ""values"": [1, 2]}",inverse_sqrt,14,tail,sparse_chain,Generic score with an exact token blocking rule and very few positive node pairs.,22,22,231,249,32,37,4.083333492279053,True,exact_agreement,3,1.5894571969710114e-07,1e-05,1.0,1.5894571969710114e-07,1.0,100.0,True,0.9082050490371788,1.0,0.9518946084912949,1.0,200.0,,46.0,6930.0,,,,,,,,,,,,,,,,,,
sparse_jaccard_size,size,generic_sparse_jaccard,n2400,nodes_per_tree,2400.0,sparse_jaccard_size__n2400,3,sparse_closure,generic_sparse,True,"{""method"": ""sparse""}",jaccard,2400,2400,5760000,8576,3.583333333333333,3.9166666666666665,ok,,3.9166666666666665,0.004674130002968013,0.004620085994247347,0.47721288999309763,0.4765517089981586,0.47855903799063526,0.47744121232729714,0.4768822994956281,0.47788596399186645,0.001022956859906666,0.000661180994939059,3.0,"[0.4765517089981586, 0.47855903799063526, 0.47721288999309763]",0.48188701999606565,3.0,1.0,13.0,1.0,0.9230769230769231,1.0,1.0,sparse_closure,2400.0,2400.0,0.0,0.0010500260104890913,0.0011941110133193433,0.49281709600472823,1.414900179952383e-05,0.5028430389938876,8575.0,8575.0,8575.0,625699.0,,,,,,1.0,1.0,3.9166666666666665,13.0,True,sparse_fit,2400.0,2400.0,0.004617920989403501,0.0,0.0,0.0,0.0,0.004617920989403501,0.0,,,,,,,,,1.0,1.0,,,0.0053250160126481205,0.4856258229992818,0.49095083901192993,3.9166666666666665,3.9166666666666665,0.0,isolated,1,True,1200.0,3.1790748709754553,2.9188273919862695,0.26024747898918577,199274496.0,190.04296875,resource.ru_maxrss_kib_converted_to_bytes,0.0,"{""BLIS_NUM_THREADS"": ""1"", ""MKL_DYNAMIC"": ""FALSE"", ""MKL_NUM_THREADS"": ""1"", ""NUMBA_NUM_THREADS"": ""1"", ""NUMEXPR_NUM_THREADS"": ""1"", ""OMP_DYNAMIC"": ""FALSE"", ""OMP_NUM_THREADS"": ""1"", ""OPENBLAS_NUM_THREADS"": ""1"", ""PYTHONHASHSEED"": ""0"", ""VECLIB_MAXIMUM_THREADS"": ""1""}",tree_tree,1,0,0,0.1179503119783476,901,12,13,13,17,22,medium,medium,1000,uniform,"{""kind"": ""categorical"", ""probs"": [0.8, 0.2], ""values"": [1, 2]}",inverse_sqrt,14,tail,sparse_chain,Generic score with an exact token blocking rule and very few positive node pairs.,22,22,251,242,41,39,3.9166667461395264,True,exact_agreement,3,7.947285984855057e-08,1e-05,1.0,7.947285984855057e-08,1.0,100.0,True,0.07095942227748195,0.07968986171221197,0.13251561319957575,0.1476162082060062,,,,,,,True,,,,,,False,630430.0,,,,,,,,
sparse_jaccard_size,size,generic_sparse_jaccard,n2400,nodes_per_tree,2400.0,sparse_jaccard_size__n2400,3,exact_dense,generic,True,"{""method"": ""exact""}",jaccard,2400,2400,5760000,8576,3.583333333333333,3.9166667461395264,ok,,3.9166666666666665,2.449000021442771e-06,8.86802445165813e-06,4.18661817300017,4.172187724005198,4.190196533978451,4.18300081032794,4.179402948502684,4.1884073534893105,0.009533797443307524,0.0035783609782811254,3.0,"[4.190196533978451, 4.172187724005198, 4.18661817300017]",4.186620622000191,3.0,1.0,13.0,1.0,0.9230769230769231,1.0,1.0,exact_dense,2400.0,2400.0,0.0,0.00012414698721840978,0.0,4.246169511025073,0.005061235016910359,4.251833540998632,5760000.0,,8575.0,5760000.0,,,,,,1.0,1.0,3.9166667461395264,13.0,True,exact_fit,2400.0,2400.0,7.755996193736792e-06,0.0,0.0,0.0,0.0,7.755996193736792e-06,0.0,,,,,,,,,1.0,1.0,,,2.2260064724832773e-06,4.210185153991915,4.210187379998388,3.9166667461395264,3.9166666666666665,0.0,isolated,1,True,1200.0,25.469843817001674,25.211339544999646,0.2585042720020283,189673472.0,180.88671875,resource.ru_maxrss_kib_converted_to_bytes,0.0,"{""BLIS_NUM_THREADS"": ""1"", ""MKL_DYNAMIC"": ""FALSE"", ""MKL_NUM_THREADS"": ""1"", ""NUMBA_NUM_THREADS"": ""1"", ""NUMEXPR_NUM_THREADS"": ""1"", ""OMP_DYNAMIC"": ""FALSE"", ""OMP_NUM_THREADS"": ""1"", ""OPENBLAS_NUM_THREADS"": ""1"", ""PYTHONHASHSEED"": ""0"", ""VECLIB_MAXIMUM_THREADS"": ""1""}",tree_tree,0,1,0,0.1179503119783476,901,12,13,13,17,22,medium,medium,1000,uniform,"{""kind"": ""categorical"", ""probs"": [0.8, 0.2], ""values"": [1, 2]}",inverse_sqrt,14,tail,sparse_chain,Generic score with an exact token blocking rule and very few positive node pairs.,22,22,251,242,41,39,3.9166667461395264,True,exact_agreement,3,7.947285984855057e-08,1e-05,1.0,0.0,1.0,100.0,True,0.008088330384571801,0.009172436065164599,0.01604686839591966,0.018178134355172407,,,,,,,,,,,,,,,,,,,,,,
sparse_jaccard_size,size,generic_sparse_jaccard,n2400,nodes_per_tree,2400.0,sparse_jaccard_size__n2400,3,beam_local,generic,False,"{""beam_local_child_cap"": null, ""beam_width"": 200, ""method"": ""beam_local""}",jaccard,2400,2400,5760000,8576,3.583333333333333,3.9166666666666665,ok,,3.9166666666666665,1.9400031305849552e-06,1.0146992281079292e-05,0.04831477100378834,0.04816890199435875,0.0611684919858817,0.052550721661342926,0.04824183649907354,0.05474163149483502,0.007463564394232411,0.00014586900942958891,3.0,"[0.04816890199435875, 0.0611684919858817, 0.04831477100378834]",0.04831671100691892,3.0,1.0,13.0,1.0,0.9230769230769231,1.0,1.0,beam_local,2400.0,2400.0,0.0,0.0007053939916659147,0.04589217808097601,0.005639543931465596,3.864988684654236e-06,0.052407273004064336,25777.0,25777.0,72.0,,57357.0,27702.0,8101.0,200.0,47.0,1.0,1.0,3.9166666666666665,13.0,True,beam_local_fit,2400.0,2400.0,9.045004844665527e-06,0.0,0.0,0.0,0.0,9.045004844665527e-06,0.0,,,,,,,,,1.0,1.0,,,2.4710025172680616e-06,0.04957587897661142,0.04957834997912869,3.9166666666666665,3.9166666666666665,0.0,isolated,1,True,1200.0,0.5665487000078429,0.3085808340110816,0.25796786599676125,145358848.0,138.625,resource.ru_maxrss_kib_converted_to_bytes,0.0,"{""BLIS_NUM_THREADS"": ""1"", ""MKL_DYNAMIC"": ""FALSE"", ""MKL_NUM_THREADS"": ""1"", ""NUMBA_NUM_THREADS"": ""1"", ""NUMEXPR_NUM_THREADS"": ""1"", ""OMP_DYNAMIC"": ""FALSE"", ""OMP_NUM_THREADS"": ""1"", ""OPENBLAS_NUM_THREADS"": ""1"", ""PYTHONHASHSEED"": ""0"", ""VECLIB_MAXIMUM_THREADS"": ""1""}",tree_tree,3,2,0,0.1179503119783476,901,12,13,13,17,22,medium,medium,1000,uniform,"{""kind"": ""categorical"", ""probs"": [0.8, 0.2], ""values"": [1, 2]}",inverse_sqrt,14,tail,sparse_chain,Generic score with an exact token blocking rule and very few positive node pairs.,22,22,251,242,41,39,3.9166667461395264,True,exact_agreement,3,7.947285984855057e-08,1e-05,1.0,7.947285984855057e-08,1.0,100.0,True,0.7008778117694606,0.794787335149889,0.824136580440569,0.8856618492725362,200.0,,46.0,8102.0,,,,,,,,,,,,,,,,,,
sparse_jaccard_size,size,generic_sparse_jaccard,n2400,nodes_per_tree,2400.0,sparse_jaccard_size__n2400,3,sparse_chain,generic_sparse,True,"{""method"": ""sparse_chain""}",jaccard,2400,2400,5760000,8576,3.583333333333333,3.9166666666666665,ok,,3.9166666666666665,0.004538759007118642,0.004577079002046958,0.033862750977277756,0.03372146000037901,0.04734048299724236,0.03830823132496638,0.03379210548882838,0.04060161698726006,0.007822478410870656,0.0001412909768987447,3.0,"[0.04734048299724236, 0.03372146000037901, 0.033862750977277756]",0.0384015099843964,3.0,1.0,13.0,1.0,0.9230769230769231,1.0,1.0,sparse_chain,2400.0,2400.0,0.0,0.0038153369969222695,0.01227011697483249,0.018762970983516425,1.8260034266859293e-06,0.03532086400082335,8575.0,8575.0,8575.0,,,,,,,1.0,1.0,3.9166666666666665,13.0,True,sparse_chain_fit,2400.0,2400.0,0.004575094993924722,0.0,0.0,0.0,0.0,0.004575094993924722,0.0,,,,,,,,,1.0,1.0,,,0.005283222999423742,0.03475711101782508,0.040040334017248824,3.9166666666666665,3.9166666666666665,0.0,isolated,1,True,1200.0,0.49112318200059235,0.2346229850081727,0.25650019699241966,145358848.0,138.625,resource.ru_maxrss_kib_converted_to_bytes,0.0,"{""BLIS_NUM_THREADS"": ""1"", ""MKL_DYNAMIC"": ""FALSE"", ""MKL_NUM_THREADS"": ""1"", ""NUMBA_NUM_THREADS"": ""1"", ""NUMEXPR_NUM_THREADS"": ""1"", ""OMP_DYNAMIC"": ""FALSE"", ""OMP_NUM_THREADS"": ""1"", ""OPENBLAS_NUM_THREADS"": ""1"", ""PYTHONHASHSEED"": ""0"", ""VECLIB_MAXIMUM_THREADS"": ""1""}",tree_tree,2,3,0,0.1179503119783476,901,12,13,13,17,22,medium,medium,1000,uniform,"{""kind"": ""categorical"", ""probs"": [0.8, 0.2], ""values"": [1, 2]}",inverse_sqrt,14,tail,sparse_chain,Generic score with an exact token blocking rule and very few positive node pairs.,22,22,251,242,41,39,3.9166667461395264,True,exact_agreement,3,7.947285984855057e-08,1e-05,1.0,7.947285984855057e-08,1.0,100.0,True,1.0,1.0,1.0,1.0,,,,,8575.0,8575.0,True,5985.0,17631.0,291.0,8575.0,16843.0,False,,,,,,,,,
sparse_jaccard_size,size,generic_sparse_jaccard,n3200,nodes_per_tree,3200.0,sparse_jaccard_size__n3200,0,exact_dense,generic,True,"{""method"": ""exact""}",jaccard,3200,3200,10240000,14770,3.833333333333333,4.4166669845581055,ok,,4.416666666666667,2.2139865905046463e-06,8.772010914981365e-06,7.44059798901435,7.308427622978343,7.446337258006679,7.3984542899997905,7.374512805996346,7.443467623510514,0.07801817341738111,0.005739268992329016,3.0,"[7.44059798901435, 7.308427622978343, 7.446337258006679]",7.44060020300094,3.0,1.0,10.0,0.6153846153846154,0.8,0.5714285714285714,0.6153846153846154,exact_dense,3200.0,3200.0,0.0,6.41109945718199e-05,0.0,7.5639864440017845,0.008600893983384594,7.572910313989269,10240000.0,,14770.0,10240000.0,,,,,,1.0,1.0,4.4166669845581055,10.0,True,exact_fit,3200.0,3200.0,7.76999513618648e-06,0.0,0.0,0.0,0.0,7.76999513618648e-06,0.0,,,,,,,,,1.0,1.0,,,2.30100704357028e-06,7.481470599013846,7.48147290002089,4.4166669845581055,4.416666666666667,0.0,isolated,1,True,1200.0,44.91937170099118,44.66497933800565,0.25439236298552714,229974016.0,219.3203125,resource.ru_maxrss_kib_converted_to_bytes,0.0,"{""BLIS_NUM_THREADS"": ""1"", ""MKL_DYNAMIC"": ""FALSE"", ""MKL_NUM_THREADS"": ""1"", ""NUMBA_NUM_THREADS"": ""1"", ""NUMEXPR_NUM_THREADS"": ""1"", ""OMP_DYNAMIC"": ""FALSE"", ""OMP_NUM_THREADS"": ""1"", ""OPENBLAS_NUM_THREADS"": ""1"", ""PYTHONHASHSEED"": ""0"", ""VECLIB_MAXIMUM_THREADS"": ""1""}",tree_tree,0,0,0,0.16036628698930144,961,13,14,13,24,21,medium,medium,1000,uniform,"{""kind"": ""categorical"", ""probs"": [0.8, 0.2], ""values"": [1, 2]}",inverse_sqrt,14,tail,sparse_chain,Generic score with an exact token blocking rule and very few positive node pairs.,23,23,318,308,39,36,4.4166669845581055,True,exact_agreement,3,3.178914393942023e-07,1e-05,1.0,0.0,1.0,100.0,True,0.007032097159731406,0.0070322989497817985,0.013965984161905028,0.013966382125212217,,,,,,,,,,,,,,,,,,,,,,
sparse_jaccard_size,size,generic_sparse_jaccard,n3200,nodes_per_tree,3200.0,sparse_jaccard_size__n3200,0,beam_local,generic,False,"{""beam_local_child_cap"": null, ""beam_width"": 200, ""method"": ""beam_local""}",jaccard,3200,3200,10240000,14770,3.833333333333333,2.833333333333333,ok,,2.8333333333333335,1.5170080587267876e-06,7.594993803650141e-06,0.052323007985251024,0.05232099400018342,0.06605715199839324,0.05690038466127589,0.05232200099271722,0.05919007999182213,0.00792999319442383,2.0139850676059723e-06,3.0,"[0.06605715199839324, 0.05232099400018342, 0.052323007985251024]",0.05232452499330975,3.0,1.0,4.0,0.07692307692307693,0.25,0.07142857142857142,0.07692307692307693,beam_local,3200.0,3200.0,0.0,0.0009336310031358153,0.05000005092006177,0.0059364730841480196,5.304988007992506e-06,0.057049381983233616,27923.0,27923.0,51.0,,59539.0,31864.0,7420.0,200.0,49.0,1.0,1.0,2.833333333333333,4.0,True,beam_local_fit,3200.0,3200.0,6.56701740808785e-06,0.0,0.0,0.0,0.0,6.56701740808785e-06,0.0,,,,,,,,,1.0,1.0,,,2.3790053091943264e-06,0.054459935025079176,0.05446231403038837,2.833333333333333,2.8333333333333335,0.0,isolated,1,True,1200.0,0.5874060049827676,0.3357173470139969,0.2516886579687707,145752064.0,139.0,resource.ru_maxrss_kib_converted_to_bytes,0.0,"{""BLIS_NUM_THREADS"": ""1"", ""MKL_DYNAMIC"": ""FALSE"", ""MKL_NUM_THREADS"": ""1"", ""NUMBA_NUM_THREADS"": ""1"", ""NUMEXPR_NUM_THREADS"": ""1"", ""OMP_DYNAMIC"": ""FALSE"", ""OMP_NUM_THREADS"": ""1"", ""OPENBLAS_NUM_THREADS"": ""1"", ""PYTHONHASHSEED"": ""0"", ""VECLIB_MAXIMUM_THREADS"": ""1""}",tree_tree,3,1,0,0.16036628698930144,961,13,14,13,24,21,medium,medium,1000,uniform,"{""kind"": ""categorical"", ""probs"": [0.8, 0.2], ""values"": [1, 2]}",inverse_sqrt,14,tail,sparse_chain,Generic score with an exact token blocking rule and very few positive node pairs.,23,23,318,308,39,36,4.4166669845581055,True,exact_agreement,3,3.178914393942023e-07,1e-05,0.6415093877893564,1.5833336512247724,0.6415093877893564,64.15093877893564,True,1.0,1.0,0.7816091611310078,0.7816091611310078,200.0,,48.0,7421.0,,,,,,,,,,,,,,,,,,
sparse_jaccard_size,size,generic_sparse_jaccard,n3200,nodes_per_tree,3200.0,sparse_jaccard_size__n3200,0,sparse_chain,generic_sparse,True,"{""method"": ""sparse_chain""}",jaccard,3200,3200,10240000,14770,3.833333333333333,4.416666666666666,ok,,4.416666666666667,0.00610996299656108,0.0060692149854730815,0.05824657098855823,0.057882319000782445,0.05843545499374159,0.05818811499436075,0.05806444499467034,0.05834101299114991,0.00028116309167445076,0.00018888400518335402,3.0,"[0.057882319000782445, 0.05824657098855823, 0.05843545499374159]",0.06435653398511931,3.0,1.0,10.0,0.6153846153846154,0.8,0.5714285714285714,0.6153846153846154,sparse_chain,3200.0,3200.0,0.0,0.019637710007373244,0.020894167013466358,0.032465692987898365,2.1370069589465857e-06,0.07377958600409329,14770.0,14770.0,14770.0,,,,,,,1.0,1.0,4.416666666666666,10.0,True,sparse_chain_fit,3200.0,3200.0,0.006066905974876136,0.0,0.0,0.0,0.0,0.006066905974876136,0.0,,,,,,,,,1.0,1.0,,,0.006917846971191466,0.05974636200699024,0.0666642089781817,4.416666666666666,4.416666666666667,0.0,isolated,1,True,1200.0,0.6406945000053383,0.3871038360230159,0.25359066398232244,147779584.0,140.93359375,resource.ru_maxrss_kib_converted_to_bytes,0.0,"{""BLIS_NUM_THREADS"": ""1"", ""MKL_DYNAMIC"": ""FALSE"", ""MKL_NUM_THREADS"": ""1"", ""NUMBA_NUM_THREADS"": ""1"", ""NUMEXPR_NUM_THREADS"": ""1"", ""OMP_DYNAMIC"": ""FALSE"", ""OMP_NUM_THREADS"": ""1"", ""OPENBLAS_NUM_THREADS"": ""1"", ""PYTHONHASHSEED"": ""0"", ""VECLIB_MAXIMUM_THREADS"": ""1""}",tree_tree,2,2,0,0.16036628698930144,961,13,14,13,24,21,medium,medium,1000,uniform,"{""kind"": ""categorical"", ""probs"": [0.8, 0.2], ""values"": [1, 2]}",inverse_sqrt,14,tail,sparse_chain,Generic score with an exact token blocking rule and very few positive node pairs.,23,23,318,308,39,36,4.4166669845581055,True,exact_agreement,3,3.178914393942023e-07,1e-05,1.0,3.178914393942023e-07,1.0,100.0,True,0.8983019445990938,0.8130413767374167,0.9464268286242609,0.8968812153647497,,,,,14770.0,14770.0,True,10280.0,30596.0,465.0,14770.0,28970.0,False,,,,,,,,,
sparse_jaccard_size,size,generic_sparse_jaccard,n3200,nodes_per_tree,3200.0,sparse_jaccard_size__n3200,0,sparse_closure,generic_sparse,True,"{""method"": ""sparse""}",jaccard,3200,3200,10240000,14770,3.833333333333333,4.416666666666666,ok,,4.416666666666667,0.006257225992158055,0.006242622010177001,0.867950543994084,0.864092450006865,0.8885751240013633,0.8735393726674374,0.8660214970004745,0.8782628339977236,0.013163456458517808,0.0038580939872190356,3.0,"[0.864092450006865, 0.867950543994084, 0.8885751240013633]",0.8742077699862421,3.0,1.0,10.0,0.5384615384615384,0.7,0.5714285714285714,0.6153846153846154,sparse_closure,3200.0,3200.0,0.0,0.001422315981471911,0.0017249730008188635,0.9054016629816033,1.3785000192001462e-05,0.9228765679872595,14770.0,14770.0,14770.0,1128430.0,,,,,,1.0,1.0,4.416666666666666,10.0,True,sparse_fit,3200.0,3200.0,0.006240178016014397,0.0,0.0,0.0,0.0,0.006240178016014397,0.0,,,,,,,,,1.0,1.0,,,0.006791091000195593,0.8862850160221569,0.8930761070223525,4.416666666666666,4.416666666666667,0.0,isolated,1,True,1200.0,5.573021866002819,5.321377043001121,0.25164482300169766,247861248.0,236.37890625,resource.ru_maxrss_kib_converted_to_bytes,0.0,"{""BLIS_NUM_THREADS"": ""1"", ""MKL_DYNAMIC"": ""FALSE"", ""MKL_NUM_THREADS"": ""1"", ""NUMBA_NUM_THREADS"": ""1"", ""NUMEXPR_NUM_THREADS"": ""1"", ""OMP_DYNAMIC"": ""FALSE"", ""OMP_NUM_THREADS"": ""1"", ""OPENBLAS_NUM_THREADS"": ""1"", ""PYTHONHASHSEED"": ""0"", ""VECLIB_MAXIMUM_THREADS"": ""1""}",tree_tree,1,3,0,0.16036628698930144,961,13,14,13,24,21,medium,medium,1000,uniform,"{""kind"": ""categorical"", ""probs"": [0.8, 0.2], ""values"": [1, 2]}",inverse_sqrt,14,tail,sparse_chain,Generic score with an exact token blocking rule and very few positive node pairs.,23,23,318,308,39,36,4.4166669845581055,True,exact_agreement,3,3.178914393942023e-07,1e-05,1.0,3.178914393942023e-07,1.0,100.0,True,0.060283397881720394,0.0598536489719523,0.11371185855056705,0.11294700740995656,,,,,,,True,,,,,,False,1134792.0,,,,,,,,
sparse_jaccard_size,size,generic_sparse_jaccard,n3200,nodes_per_tree,3200.0,sparse_jaccard_size__n3200,1,beam_local,generic,False,"{""beam_local_child_cap"": null, ""beam_width"": 200, ""method"": ""beam_local""}",jaccard,3200,3200,10240000,15032,3.2333333333333334,3.2833333333333337,ok,,3.283333333333333,1.6619742382317781e-06,8.283997885882854e-06,0.06583972601220012,0.06583579300786369,0.0660631570208352,0.065912892013633,0.0658377595100319,0.06595144151651766,0.00013014817103165993,3.9330043364316225e-06,3.0,"[0.0660631570208352, 0.06583972601220012, 0.06583579300786369]",0.06584138798643835,3.0,1.0,10.0,0.5454545454545454,0.6,0.75,0.6923076923076923,beam_local,3200.0,3200.0,0.0,0.0009741980175022036,0.06319795403396711,0.007264775951625779,3.642984665930271e-06,0.07164614897919819,36698.0,36698.0,76.0,,78220.0,39499.0,9117.0,200.0,49.0,1.0,1.0,3.2833333333333337,10.0,True,beam_local_fit,3200.0,3200.0,7.3169940151274204e-06,0.0,0.0,0.0,0.0,7.3169940151274204e-06,0.0,,,,,,,,,1.0,1.0,,,2.2389867808669806e-06,0.06750224498682655,0.06750448397360742,3.2833333333333337,3.283333333333333,0.0,isolated,1,True,1200.0,0.6641731949930545,0.41639827098697424,0.24777492400608025,145752064.0,139.0,resource.ru_maxrss_kib_converted_to_bytes,0.0,"{""BLIS_NUM_THREADS"": ""1"", ""MKL_DYNAMIC"": ""FALSE"", ""MKL_NUM_THREADS"": ""1"", ""NUMBA_NUM_THREADS"": ""1"", ""NUMEXPR_NUM_THREADS"": ""1"", ""OMP_DYNAMIC"": ""FALSE"", ""OMP_NUM_THREADS"": ""1"", ""OPENBLAS_NUM_THREADS"": ""1"", ""PYTHONHASHSEED"": ""0"", ""VECLIB_MAXIMUM_THREADS"": ""1""}",tree_tree,3,0,0,0.16369311200105585,961,11,12,13,14,24,medium,medium,1000,uniform,"{""kind"": ""categorical"", ""probs"": [0.8, 0.2], ""values"": [1, 2]}",inverse_sqrt,14,tail,sparse_chain,Generic score with an exact token blocking rule and very few positive node pairs.,23,23,304,343,43,39,4.333333492279053,True,exact_agreement,3,1.5894571969710114e-07,1e-05,0.7576922799003206,1.050000158945719,0.7576922799003206,75.76922799003206,True,0.8802838422994428,0.9722852438912678,0.8144004816572479,0.8516792999053598,200.0,,48.0,9118.0,,,,,,,,,,,,,,,,,,
sparse_jaccard_size,size,generic_sparse_jaccard,n3200,nodes_per_tree,3200.0,sparse_jaccard_size__n3200,1,sparse_chain,generic_sparse,True,"{""method"": ""sparse_chain""}",jaccard,3200,3200,10240000,15032,3.2333333333333334,4.333333333333333,ok,,4.333333333333333,0.006058962986571714,0.006186504993820563,0.057957646989962086,0.05768931901548058,0.058364956988953054,0.05800397433146524,0.05782348300272133,0.05816130198945757,0.00034019308447933046,0.00026832797448150814,3.0,"[0.057957646989962086, 0.05768931901548058, 0.058364956988953054]",0.0640166099765338,3.0,1.0,5.0,0.09090909090909091,0.2,0.08333333333333333,0.07692307692307693,sparse_chain,3200.0,3200.0,0.0,0.02022590400883928,0.020896433998132125,0.03308884601574391,1.501000951975584e-06,0.07500512700062245,15031.0,15031.0,15031.0,,,,,,,1.0,1.0,4.333333333333333,5.0,True,sparse_chain_fit,3200.0,3200.0,0.006184289988595992,0.0,0.0,0.0,0.0,0.006184289988595992,0.0,,,,,,,,,1.0,1.0,,,0.006876322004245594,0.06032146999496035,0.06719779199920595,4.333333333333333,4.333333333333333,0.0,isolated,1,True,1200.0,0.6412332830077503,0.38831170098274015,0.25292158202501014,147263488.0,140.44140625,resource.ru_maxrss_kib_converted_to_bytes,0.0,"{""BLIS_NUM_THREADS"": ""1"", ""MKL_DYNAMIC"": ""FALSE"", ""MKL_NUM_THREADS"": ""1"", ""NUMBA_NUM_THREADS"": ""1"", ""NUMEXPR_NUM_THREADS"": ""1"", ""OMP_DYNAMIC"": ""FALSE"", ""OMP_NUM_THREADS"": ""1"", ""OPENBLAS_NUM_THREADS"": ""1"", ""PYTHONHASHSEED"": ""0"", ""VECLIB_MAXIMUM_THREADS"": ""1""}",tree_tree,2,1,0,0.16369311200105585,961,11,12,13,14,24,medium,medium,1000,uniform,"{""kind"": ""categorical"", ""probs"": [0.8, 0.2], ""values"": [1, 2]}",inverse_sqrt,14,tail,sparse_chain,Generic score with an exact token blocking rule and very few positive node pairs.,23,23,304,343,43,39,4.333333492279053,True,exact_agreement,3,1.5894571969710114e-07,1e-05,1.0,1.5894571969710114e-07,1.0,100.0,True,1.0,1.0,1.0,1.0,,,,,15031.0,15031.0,True,10248.0,31009.0,392.0,15031.0,29540.0,False,,,,,,,,,
sparse_jaccard_size,size,generic_sparse_jaccard,n3200,nodes_per_tree,3200.0,sparse_jaccard_size__n3200,1,sparse_closure,generic_sparse,True,"{""method"": ""sparse""}",jaccard,3200,3200,10240000,15032,3.2333333333333334,4.333333333333333,ok,,4.333333333333333,0.006358045997330919,0.006162998994113877,0.8868015110201668,0.8863079170114361,0.9043095990200527,0.8924730090172185,0.8865547140158014,0.8955555550201098,0.01025375813703245,0.0004935940087307245,3.0,"[0.8868015110201668, 0.8863079170114361, 0.9043095990200527]",0.8931595570174977,3.0,1.0,5.0,0.09090909090909091,0.2,0.08333333333333333,0.07692307692307693,sparse_closure,3200.0,3200.0,0.0,0.0014162839797791094,0.001720747008221224,0.9221841760154348,1.9055005395784974e-05,0.9389479700184893,15031.0,15031.0,15031.0,1135715.0,,,,,,1.0,1.0,4.333333333333333,5.0,True,sparse_fit,3200.0,3200.0,0.006160744000226259,0.0,0.0,0.0,0.0,0.006160744000226259,0.0,,,,,,,,,1.0,1.0,,,0.006952672003535554,0.9149947660043836,0.9219474380079191,4.333333333333333,4.333333333333333,0.0,isolated,1,True,1200.0,5.6859631029947195,5.435351563006407,0.25061153998831287,247492608.0,236.02734375,resource.ru_maxrss_kib_converted_to_bytes,0.0,"{""BLIS_NUM_THREADS"": ""1"", ""MKL_DYNAMIC"": ""FALSE"", ""MKL_NUM_THREADS"": ""1"", ""NUMBA_NUM_THREADS"": ""1"", ""NUMEXPR_NUM_THREADS"": ""1"", ""OMP_DYNAMIC"": ""FALSE"", ""OMP_NUM_THREADS"": ""1"", ""OPENBLAS_NUM_THREADS"": ""1"", ""PYTHONHASHSEED"": ""0"", ""VECLIB_MAXIMUM_THREADS"": ""1""}",tree_tree,1,2,0,0.16369311200105585,961,11,12,13,14,24,medium,medium,1000,uniform,"{""kind"": ""categorical"", ""probs"": [0.8, 0.2], ""values"": [1, 2]}",inverse_sqrt,14,tail,sparse_chain,Generic score with an exact token blocking rule and very few positive node pairs.,23,23,304,343,43,39,4.333333492279053,True,exact_agreement,3,1.5894571969710114e-07,1e-05,1.0,1.5894571969710114e-07,1.0,100.0,True,0.06535582796119534,0.07167432680259576,0.1226929561858573,0.1337613956218218,,,,,,,True,,,,,,False,1142082.0,,,,,,,,
sparse_jaccard_size,size,generic_sparse_jaccard,n3200,nodes_per_tree,3200.0,sparse_jaccard_size__n3200,1,exact_dense,generic,True,"{""method"": ""exact""}",jaccard,3200,3200,10240000,15032,3.2333333333333334,4.333333492279053,ok,,4.333333333333333,2.147018676623702e-06,8.858012733981013e-06,7.486394490988459,7.471803569002077,7.486564708990045,7.481587589660194,7.479099029995268,7.486479599989252,0.008473637868168427,0.00017021800158545375,3.0,"[7.486394490988459, 7.471803569002077, 7.486564708990045]",7.486396638007136,3.0,1.0,5.0,0.09090909090909091,0.2,0.08333333333333333,0.07692307692307693,exact_dense,3200.0,3200.0,0.0,6.056297570466995e-05,0.0,7.550345979019767,0.009157328982837498,7.559736288007116,10240000.0,,15031.0,10240000.0,,,,,,1.0,1.0,4.333333492279053,5.0,True,exact_fit,3200.0,3200.0,7.847003871574998e-06,0.0,0.0,0.0,0.0,7.847003871574998e-06,0.0,,,,,,,,,1.0,1.0,,,2.229004167020321e-06,7.432713384012459,7.432715613016626,4.333333492279053,4.333333333333333,0.0,isolated,1,True,1200.0,45.20411832400714,44.95151157601504,0.2526067479921039,229908480.0,219.2578125,resource.ru_maxrss_kib_converted_to_bytes,0.0,"{""BLIS_NUM_THREADS"": ""1"", ""MKL_DYNAMIC"": ""FALSE"", ""MKL_NUM_THREADS"": ""1"", ""NUMBA_NUM_THREADS"": ""1"", ""NUMEXPR_NUM_THREADS"": ""1"", ""OMP_DYNAMIC"": ""FALSE"", ""OMP_NUM_THREADS"": ""1"", ""OPENBLAS_NUM_THREADS"": ""1"", ""PYTHONHASHSEED"": ""0"", ""VECLIB_MAXIMUM_THREADS"": ""1""}",tree_tree,0,3,0,0.16369311200105585,961,11,12,13,14,24,medium,medium,1000,uniform,"{""kind"": ""categorical"", ""probs"": [0.8, 0.2], ""values"": [1, 2]}",inverse_sqrt,14,tail,sparse_chain,Generic score with an exact token blocking rule and very few positive node pairs.,23,23,304,343,43,39,4.333333492279053,True,exact_agreement,3,1.5894571969710114e-07,1e-05,1.0,0.0,1.0,100.0,True,0.007741730289490756,0.008551057748067019,0.015364512665892708,0.016957114233086348,,,,,,,,,,,,,,,,,,,,,,
sparse_jaccard_size,size,generic_sparse_jaccard,n3200,nodes_per_tree,3200.0,sparse_jaccard_size__n3200,2,sparse_chain,generic_sparse,True,"{""method"": ""sparse_chain""}",jaccard,3200,3200,10240000,14837,3.6666666666666665,4.083333333333334,ok,,4.083333333333333,0.0060079090180806816,0.005976404994726181,0.05679857701761648,0.05661317001795396,0.0572733829903882,0.056895043341986216,0.05670587351778522,0.05703598000400234,0.0003405137384095799,0.0001854069996625185,3.0,"[0.05661317001795396, 0.05679857701761648, 0.0572733829903882]",0.06280648603569716,3.0,1.0,11.0,0.75,0.8181818181818182,0.8333333333333334,0.8333333333333334,sparse_chain,3200.0,3200.0,0.0,0.018810129986377433,0.020590797998011112,0.03259935902315192,2.1939922589808702e-06,0.0729462819872424,14836.0,14836.0,14836.0,,,,,,,1.0,1.0,4.083333333333334,11.0,True,sparse_chain_fit,3200.0,3200.0,0.005974409985356033,0.0,0.0,0.0,0.0,0.005974409985356033,0.0,,,,,,,,,1.0,1.0,,,0.006779882009141147,0.05884086698642932,0.06562074899557047,4.083333333333334,4.083333333333333,0.0,isolated,1,True,1200.0,0.6253116699808743,0.37992706801742315,0.24538460196345113,147189760.0,140.37109375,resource.ru_maxrss_kib_converted_to_bytes,0.0,"{""BLIS_NUM_THREADS"": ""1"", ""MKL_DYNAMIC"": ""FALSE"", ""MKL_NUM_THREADS"": ""1"", ""NUMBA_NUM_THREADS"": ""1"", ""NUMEXPR_NUM_THREADS"": ""1"", ""OMP_DYNAMIC"": ""FALSE"", ""OMP_NUM_THREADS"": ""1"", ""OPENBLAS_NUM_THREADS"": ""1"", ""PYTHONHASHSEED"": ""0"", ""VECLIB_MAXIMUM_THREADS"": ""1""}",tree_tree,2,0,0,0.16422117600450292,948,12,12,12,21,24,medium,medium,1000,uniform,"{""kind"": ""categorical"", ""probs"": [0.8, 0.2], ""values"": [1, 2]}",inverse_sqrt,14,tail,sparse_chain,Generic score with an exact token blocking rule and very few positive node pairs.,23,23,317,322,40,46,4.083333333333334,True,exact_agreement,3,3.178914393942023e-07,1e-05,1.0,0.0,1.0,100.0,True,1.0,0.9081380062024312,1.0,0.9518577830854111,,,,,14836.0,14836.0,True,10375.0,30616.0,420.0,14836.0,28965.0,False,,,,,,,,,
sparse_jaccard_size,size,generic_sparse_jaccard,n3200,nodes_per_tree,3200.0,sparse_jaccard_size__n3200,2,sparse_closure,generic_sparse,True,"{""method"": ""sparse""}",jaccard,3200,3200,10240000,14837,3.6666666666666665,4.083333333333334,ok,,4.083333333333333,0.006310463999398053,0.006207144004292786,0.8601995130011346,0.8534568670147564,0.8623180110007524,0.8586581303388812,0.8568281900079455,0.8612587620009435,0.00462729549183538,0.00211849799961783,3.0,"[0.8534568670147564, 0.8623180110007524, 0.8601995130011346]",0.8665099770005327,3.0,1.0,11.0,0.75,0.8181818181818182,0.8333333333333334,0.8333333333333334,sparse_closure,3200.0,3200.0,0.0,0.0013690780033357441,0.0017317500023636967,0.897215981996851,1.770298695191741e-05,0.9146822629845701,14836.0,14836.0,14836.0,1109205.0,,,,,,1.0,1.0,4.083333333333334,11.0,True,sparse_fit,3200.0,3200.0,0.006204781006090343,0.0,0.0,0.0,0.0,0.006204781006090343,0.0,,,,,,,,,1.0,1.0,,,0.006963828986044973,0.8711466400127392,0.8781104689987842,4.083333333333334,4.083333333333333,0.0,isolated,1,True,1200.0,5.501223653001944,5.2477121819974855,0.25351147100445814,245665792.0,234.28515625,resource.ru_maxrss_kib_converted_to_bytes,0.0,"{""BLIS_NUM_THREADS"": ""1"", ""MKL_DYNAMIC"": ""FALSE"", ""MKL_NUM_THREADS"": ""1"", ""NUMBA_NUM_THREADS"": ""1"", ""NUMEXPR_NUM_THREADS"": ""1"", ""OMP_DYNAMIC"": ""FALSE"", ""OMP_NUM_THREADS"": ""1"", ""OPENBLAS_NUM_THREADS"": ""1"", ""PYTHONHASHSEED"": ""0"", ""VECLIB_MAXIMUM_THREADS"": ""1""}",tree_tree,1,1,0,0.16422117600450292,948,12,12,12,21,24,medium,medium,1000,uniform,"{""kind"": ""categorical"", ""probs"": [0.8, 0.2], ""values"": [1, 2]}",inverse_sqrt,14,tail,sparse_chain,Generic score with an exact token blocking rule and very few positive node pairs.,23,23,317,322,40,46,4.083333333333334,True,exact_agreement,3,3.178914393942023e-07,1e-05,1.0,0.0,1.0,100.0,True,0.06602953868161696,0.06582377412718907,0.12387937910853238,0.12351718121711565,,,,,,,True,,,,,,False,1115562.0,,,,,,,,
sparse_jaccard_size,size,generic_sparse_jaccard,n3200,nodes_per_tree,3200.0,sparse_jaccard_size__n3200,2,exact_dense,generic,True,"{""method"": ""exact""}",jaccard,3200,3200,10240000,14837,3.6666666666666665,4.0833330154418945,ok,,4.083333333333333,2.1230080164968967e-06,8.77099228091538e-06,7.505628771003103,7.456277288001729,7.50736827700166,7.489758112002164,7.480953029502416,7.506498524002382,0.0290082859212817,0.0017395059985574335,3.0,"[7.505628771003103, 7.50736827700166, 7.456277288001729]",7.505630894011119,3.0,1.0,11.0,0.8333333333333334,0.9090909090909091,0.8333333333333334,0.8333333333333334,exact_dense,3200.0,3200.0,0.0,6.022900925017893e-05,0.0,7.500508203986101,0.010736158001236618,7.511533559998497,10240000.0,,14836.0,10240000.0,,,,,,1.0,1.0,4.0833330154418945,11.0,True,exact_fit,3200.0,3200.0,7.766007911413908e-06,0.0,0.0,0.0,0.0,7.766007911413908e-06,0.0,,,,,,,,,1.0,1.0,,,2.6939960662275553e-06,7.481908793997718,7.481911487993784,4.0833330154418945,4.083333333333333,0.0,isolated,1,True,1200.0,45.20329901599325,44.955757655989146,0.24754136000410654,230232064.0,219.56640625,resource.ru_maxrss_kib_converted_to_bytes,0.0,"{""BLIS_NUM_THREADS"": ""1"", ""MKL_DYNAMIC"": ""FALSE"", ""MKL_NUM_THREADS"": ""1"", ""NUMBA_NUM_THREADS"": ""1"", ""NUMEXPR_NUM_THREADS"": ""1"", ""OMP_DYNAMIC"": ""FALSE"", ""OMP_NUM_THREADS"": ""1"", ""OPENBLAS_NUM_THREADS"": ""1"", ""PYTHONHASHSEED"": ""0"", ""VECLIB_MAXIMUM_THREADS"": ""1""}",tree_tree,0,2,0,0.16422117600450292,948,12,12,12,21,24,medium,medium,1000,uniform,"{""kind"": ""categorical"", ""probs"": [0.8, 0.2], ""values"": [1, 2]}",inverse_sqrt,14,tail,sparse_chain,Generic score with an exact token blocking rule and very few positive node pairs.,23,23,317,322,40,46,4.083333333333334,True,exact_agreement,3,3.178914393942023e-07,1e-05,1.0,3.178914393942023e-07,1.0,100.0,True,0.007567464199275277,0.007599222212026133,0.015021255584685284,0.015083819130672279,,,,,,,,,,,,,,,,,,,,,,
sparse_jaccard_size,size,generic_sparse_jaccard,n3200,nodes_per_tree,3200.0,sparse_jaccard_size__n3200,2,beam_local,generic,False,"{""beam_local_child_cap"": null, ""beam_width"": 200, ""method"": ""beam_local""}",jaccard,3200,3200,10240000,14837,3.6666666666666665,2.833333333333333,ok,,2.8333333333333335,1.0840012691915035e-06,9.982992196455598e-06,0.057035873003769666,0.056888198014348745,0.057184506993507966,0.05703619267054213,0.056962035509059206,0.057110189998638816,0.00014815474822876582,0.0001476749894209206,3.0,"[0.056888198014348745, 0.057035873003769666, 0.057184506993507966]",0.05703695700503886,3.0,1.0,4.0,0.08333333333333333,0.25,0.08333333333333333,0.08333333333333333,beam_local,3200.0,3200.0,0.0,0.000949975976254791,0.0547654990805313,0.0058474799152463675,2.562010195106268e-06,0.061715869000181556,34466.0,34466.0,35.0,,71786.0,37057.0,6649.0,200.0,38.0,1.0,1.0,2.833333333333333,4.0,True,beam_local_fit,3200.0,3200.0,8.928996976464987e-06,0.0,0.0,0.0,0.0,8.928996976464987e-06,0.0,,,,,,,,,1.0,1.0,,,2.1939922589808702e-06,0.0581475040235091,0.05814969801576808,2.833333333333333,2.8333333333333335,0.0,isolated,1,True,1200.0,0.5858221239759587,0.358737062982982,0.22708506099297665,145752064.0,139.0,resource.ru_maxrss_kib_converted_to_bytes,0.0,"{""BLIS_NUM_THREADS"": ""1"", ""MKL_DYNAMIC"": ""FALSE"", ""MKL_NUM_THREADS"": ""1"", ""NUMBA_NUM_THREADS"": ""1"", ""NUMEXPR_NUM_THREADS"": ""1"", ""OMP_DYNAMIC"": ""FALSE"", ""OMP_NUM_THREADS"": ""1"", ""OPENBLAS_NUM_THREADS"": ""1"", ""PYTHONHASHSEED"": ""0"", ""VECLIB_MAXIMUM_THREADS"": ""1""}",tree_tree,3,3,0,0.16422117600450292,948,12,12,12,21,24,medium,medium,1000,uniform,"{""kind"": ""categorical"", ""probs"": [0.8, 0.2], ""values"": [1, 2]}",inverse_sqrt,14,tail,sparse_chain,Generic score with an exact token blocking rule and very few positive node pairs.,23,23,317,322,40,46,4.083333333333334,True,exact_agreement,3,3.178914393942023e-07,1e-05,0.693877551020408,1.2500000000000009,0.693877551020408,69.3877551020408,True,0.9958395309187693,1.0,0.8178773858760107,0.8192771084337349,200.0,,48.0,6650.0,,,,,,,,,,,,,,,,,,
sparse_jaccard_size,size,generic_sparse_jaccard,n3200,nodes_per_tree,3200.0,sparse_jaccard_size__n3200,3,sparse_closure,generic_sparse,True,"{""method"": ""sparse""}",jaccard,3200,3200,10240000,14951,2.9166666666666665,3.916666666666667,ok,,3.9166666666666665,0.0062416199943982065,0.006196030008140951,0.8791219740232918,0.8725743859831709,0.8915414789807983,0.8810792796624204,0.8758481800032314,0.8853317265020451,0.009633843377327875,0.0065475880401209,3.0,"[0.8725743859831709, 0.8791219740232918, 0.8915414789807983]",0.88536359401769,3.0,1.0,10.0,0.7777777777777778,0.7,0.9,0.6923076923076923,sparse_closure,3200.0,3200.0,0.0,0.00136343200574629,0.0017243800102733076,0.953841940005077,1.314302789978683e-05,0.9697812710073777,14950.0,14950.0,14950.0,1167994.0,,,,,,1.0,1.0,3.916666666666667,10.0,True,sparse_fit,3200.0,3200.0,0.00619380600983277,0.0,0.0,0.0,0.0,0.00619380600983277,0.0,,,,,,,,,1.0,1.0,,,0.00691095000365749,0.8955787710146978,0.9024897210183553,3.916666666666667,3.9166666666666665,0.0,isolated,1,True,1200.0,5.63937767301104,5.395002004981507,0.2443756680295337,251105280.0,239.47265625,resource.ru_maxrss_kib_converted_to_bytes,0.0,"{""BLIS_NUM_THREADS"": ""1"", ""MKL_DYNAMIC"": ""FALSE"", ""MKL_NUM_THREADS"": ""1"", ""NUMBA_NUM_THREADS"": ""1"", ""NUMEXPR_NUM_THREADS"": ""1"", ""OMP_DYNAMIC"": ""FALSE"", ""OMP_NUM_THREADS"": ""1"", ""OPENBLAS_NUM_THREADS"": ""1"", ""PYTHONHASHSEED"": ""0"", ""VECLIB_MAXIMUM_THREADS"": ""1""}",tree_tree,1,0,0,0.15704714797902852,960,9,10,13,14,23,medium,medium,1000,uniform,"{""kind"": ""categorical"", ""probs"": [0.8, 0.2], ""values"": [1, 2]}",inverse_sqrt,14,tail,sparse_chain,Generic score with an exact token blocking rule and very few positive node pairs.,23,23,313,302,33,38,3.916666666666667,True,exact_agreement,3,1.5894571969710114e-07,1e-05,1.0,0.0,1.0,100.0,True,0.06538548083324805,0.06747441887226785,0.12274520726922136,0.12641880251060467,,,,,,,True,,,,,,False,1174365.0,,,,,,,,
sparse_jaccard_size,size,generic_sparse_jaccard,n3200,nodes_per_tree,3200.0,sparse_jaccard_size__n3200,3,exact_dense,generic,True,"{""method"": ""exact""}",jaccard,3200,3200,10240000,14951,2.9166666666666665,3.9166665077209473,ok,,3.9166666666666665,2.2970198187977076e-06,9.72600537352264e-06,7.642110335000325,7.640859589999309,7.662283069017576,7.648417664672404,7.641484962499817,7.6521967020089505,0.01202406624257134,0.0012507450010161847,3.0,"[7.640859589999309, 7.662283069017576, 7.642110335000325]",7.642112632020144,3.0,1.0,10.0,0.7777777777777778,0.7,0.9,0.6923076923076923,exact_dense,3200.0,3200.0,0.0,6.427400512620807e-05,0.0,7.797679732000688,0.0091528240009211,7.807119759003399,10240000.0,,14950.0,10240000.0,,,,,,1.0,1.0,3.9166665077209473,10.0,True,exact_fit,3200.0,3200.0,8.413015166297555e-06,0.0,0.0,0.0,0.0,8.413015166297555e-06,0.0,,,,,,,,,1.0,1.0,,,2.414017217233777e-06,7.682220582995797,7.682222997013014,3.9166665077209473,3.9166666666666665,0.0,isolated,1,True,1200.0,46.3191782310023,46.069708216993604,0.2494700140086934,230305792.0,219.63671875,resource.ru_maxrss_kib_converted_to_bytes,0.0,"{""BLIS_NUM_THREADS"": ""1"", ""MKL_DYNAMIC"": ""FALSE"", ""MKL_NUM_THREADS"": ""1"", ""NUMBA_NUM_THREADS"": ""1"", ""NUMEXPR_NUM_THREADS"": ""1"", ""OMP_DYNAMIC"": ""FALSE"", ""OMP_NUM_THREADS"": ""1"", ""OPENBLAS_NUM_THREADS"": ""1"", ""PYTHONHASHSEED"": ""0"", ""VECLIB_MAXIMUM_THREADS"": ""1""}",tree_tree,0,1,0,0.15704714797902852,960,9,10,13,14,23,medium,medium,1000,uniform,"{""kind"": ""categorical"", ""probs"": [0.8, 0.2], ""values"": [1, 2]}",inverse_sqrt,14,tail,sparse_chain,Generic score with an exact token blocking rule and very few positive node pairs.,23,23,313,302,33,38,3.916666666666667,True,exact_agreement,3,1.5894571969710114e-07,1e-05,1.0,1.5894571969710114e-07,1.0,100.0,True,0.007521719847373114,0.007817130795311818,0.014931131903563448,0.015512994483717466,,,,,,,,,,,,,,,,,,,,,,
sparse_jaccard_size,size,generic_sparse_jaccard,n3200,nodes_per_tree,3200.0,sparse_jaccard_size__n3200,3,beam_local,generic,False,"{""beam_local_child_cap"": null, ""beam_width"": 200, ""method"": ""beam_local""}",jaccard,3200,3200,10240000,14951,2.9166666666666665,2.333333333333333,ok,,2.3333333333333335,1.187989255413413e-06,6.306974682956934e-06,0.059738206007750705,0.059204885008512065,0.07035123999230564,0.06309811033618946,0.059471545508131385,0.06504472300002817,0.006287052185116734,0.0005333209992386401,3.0,"[0.07035123999230564, 0.059738206007750705, 0.059204885008512065]",0.05973939399700612,3.0,1.0,3.0,0.1111111111111111,0.3333333333333333,0.1,0.07692307692307693,beam_local,3200.0,3200.0,0.0,0.0009255110053345561,0.05671911087119952,0.006588175136130303,2.4129985831677914e-06,0.06440622100490145,32975.0,32975.0,55.0,,69864.0,36033.0,7817.0,200.0,44.0,1.0,1.0,2.333333333333333,3.0,True,beam_local_fit,3200.0,3200.0,5.373993190005422e-06,0.0,0.0,0.0,0.0,5.373993190005422e-06,0.0,,,,,,,,,1.0,1.0,,,2.3730099201202393e-06,0.061030394019326195,0.061032767029246315,2.333333333333333,2.3333333333333335,0.0,isolated,1,True,1200.0,0.6249296950118151,0.3744010039954446,0.25052869101637043,145752064.0,139.0,resource.ru_maxrss_kib_converted_to_bytes,0.0,"{""BLIS_NUM_THREADS"": ""1"", ""MKL_DYNAMIC"": ""FALSE"", ""MKL_NUM_THREADS"": ""1"", ""NUMBA_NUM_THREADS"": ""1"", ""NUMEXPR_NUM_THREADS"": ""1"", ""OMP_DYNAMIC"": ""FALSE"", ""OMP_NUM_THREADS"": ""1"", ""OPENBLAS_NUM_THREADS"": ""1"", ""PYTHONHASHSEED"": ""0"", ""VECLIB_MAXIMUM_THREADS"": ""1""}",tree_tree,3,2,0,0.15704714797902852,960,9,10,13,14,23,medium,medium,1000,uniform,"{""kind"": ""categorical"", ""probs"": [0.8, 0.2], ""values"": [1, 2]}",inverse_sqrt,14,tail,sparse_chain,Generic score with an exact token blocking rule and very few positive node pairs.,23,23,313,302,33,38,3.916666666666667,True,exact_agreement,3,1.5894571969710114e-07,1e-05,0.5957446808510637,1.583333333333334,0.5957446808510637,59.57446808510637,True,0.9622286443474583,1.0,0.7358824279735133,0.7466666666666665,200.0,,48.0,7818.0,,,,,,,,,,,,,,,,,,
sparse_jaccard_size,size,generic_sparse_jaccard,n3200,nodes_per_tree,3200.0,sparse_jaccard_size__n3200,3,sparse_chain,generic_sparse,True,"{""method"": ""sparse_chain""}",jaccard,3200,3200,10240000,14951,2.9166666666666665,3.916666666666667,ok,,3.9166666666666665,0.006062938016839325,0.005953798012342304,0.057481812982587144,0.05733461497584358,0.05773939998471178,0.05751860931438083,0.05740821397921536,0.05761060648364946,0.0002048858301010864,0.0001471980067435652,3.0,"[0.05733461497584358, 0.05773939998471178, 0.057481812982587144]",0.06354475099942647,3.0,1.0,10.0,0.7777777777777778,0.7,0.9,0.6923076923076923,sparse_chain,3200.0,3200.0,0.0,0.018846860009944066,0.020807357999728993,0.032954317022813484,1.6619742382317781e-06,0.07338041401817463,14950.0,14950.0,14950.0,,,,,,,1.0,1.0,3.916666666666667,10.0,True,sparse_chain_fit,3200.0,3200.0,0.0059518589987419546,0.0,0.0,0.0,0.0,0.0059518589987419546,0.0,,,,,,,,,1.0,1.0,,,0.006888025993248448,0.05899377798778005,0.0658818039810285,3.916666666666667,3.9166666666666665,0.0,isolated,1,True,1200.0,0.63424464900163,0.38276874501025304,0.251475903991377,147566592.0,140.73046875,resource.ru_maxrss_kib_converted_to_bytes,0.0,"{""BLIS_NUM_THREADS"": ""1"", ""MKL_DYNAMIC"": ""FALSE"", ""MKL_NUM_THREADS"": ""1"", ""NUMBA_NUM_THREADS"": ""1"", ""NUMEXPR_NUM_THREADS"": ""1"", ""OMP_DYNAMIC"": ""FALSE"", ""OMP_NUM_THREADS"": ""1"", ""OPENBLAS_NUM_THREADS"": ""1"", ""PYTHONHASHSEED"": ""0"", ""VECLIB_MAXIMUM_THREADS"": ""1""}",tree_tree,2,3,0,0.15704714797902852,960,9,10,13,14,23,medium,medium,1000,uniform,"{""kind"": ""categorical"", ""probs"": [0.8, 0.2], ""values"": [1, 2]}",inverse_sqrt,14,tail,sparse_chain,Generic score with an exact token blocking rule and very few positive node pairs.,23,23,313,302,33,38,3.916666666666667,True,exact_agreement,3,1.5894571969710114e-07,1e-05,1.0,0.0,1.0,100.0,True,1.0,0.940115321209541,1.0,0.9691334437000763,,,,,14950.0,14950.0,True,10298.0,31304.0,509.0,14950.0,29917.0,False,,,,,,,,,
sparse_overlap_size,size,large_sparse_overlap,n2000,nodes_per_tree,2000.0,sparse_overlap_size__n2000,0,fast_sparse,fast_sparse,True,{},overlap,2000,2000,4000000,12183,14.0,14.0,ok,,14.0,0.014733317017089576,0.014627017022576183,0.03160747801302932,0.03160732999094762,0.03168129900586791,0.03163203566994829,0.03160740400198847,0.03164438850944862,4.266336457760675e-05,1.4802208170294762e-07,3.0,"[0.03160747801302932, 0.03168129900586791, 0.03160732999094762]",0.0463407950301189,3.0,1.0,14.0,1.0,1.0,0.9333333333333333,0.9333333333333333,fast_sparse_overlap,2000.0,2000.0,0.0,0.004686503991251811,0.0033771240268833935,0.024901110999053344,1.7469865269958973e-06,0.033477216988103464,12172.0,12172.0,12172.0,,,,,,,1.0,1.0,14.0,14.0,,fast_sparse_fit,2000.0,2000.0,0.014625952986534685,0.0,0.0,0.0,0.0,0.014625952986534685,0.0,,,,,,,,,1.0,1.0,,,0.016072692000307143,0.032765787007519975,0.04883847900782712,14.0,14.0,0.0,isolated,1,True,1200.0,0.5007285769970622,0.25207570698694326,0.24865287001011893,145948672.0,139.1875,resource.ru_maxrss_kib_converted_to_bytes,0.0,"{""BLIS_NUM_THREADS"": ""1"", ""MKL_DYNAMIC"": ""FALSE"", ""MKL_NUM_THREADS"": ""1"", ""NUMBA_NUM_THREADS"": ""1"", ""NUMEXPR_NUM_THREADS"": ""1"", ""OMP_DYNAMIC"": ""FALSE"", ""OMP_NUM_THREADS"": ""1"", ""OPENBLAS_NUM_THREADS"": ""1"", ""PYTHONHASHSEED"": ""0"", ""VECLIB_MAXIMUM_THREADS"": ""1""}",tree_tree,2,0,0,0.06155191900325008,2271,14,15,15,23,17,medium,medium,3000,uniform,3,uniform,16,background,fast_sparse,Sparse multi-token overlap favors integerized posting joins while the dense table exceeds the configured work budget.,22,22,216,222,20,26,14.0,True,exact_agreement,3,0.0,1.4e-05,1.0,0.0,1.0,100.0,True,1.0,1.0,1.0,1.0,,,,,12172.0,12172.0,,8378.0,24315.0,401.0,12172.0,21827.0,,,12172.0,12183.0,,,,,,
sparse_overlap_size,size,large_sparse_overlap,n2000,nodes_per_tree,2000.0,sparse_overlap_size__n2000,0,fast_dense,fast_dense,True,{},overlap,2000,2000,4000000,12183,14.0,14.0,ok,,14.0,0.010016301006544381,0.01021556998603046,0.04682880098698661,0.04593275400111452,0.046910093020414934,0.046557216002838686,0.04638077749405056,0.04686944700370077,0.0005423252643688515,8.129203342832625e-05,3.0,"[0.04593275400111452, 0.04682880098698661, 0.046910093020414934]",0.05684510199353099,3.0,1.0,14.0,1.0,1.0,0.9333333333333333,0.9333333333333333,fast_dense_overlap,2000.0,2000.0,0.0,2.3264001356437802e-05,0.0,0.052705446985783055,9.037999552674592e-05,0.05284058200777508,4000000.0,,,4000000.0,,,,,,1.0,1.0,14.0,14.0,,fast_dense_fit,2000.0,2000.0,0.01021442998899147,0.0,0.0,0.0,0.0,0.01021442998899147,0.0,,,,,,,,,1.0,1.0,,,0.01056262498605065,0.1573138649982866,0.16787648998433724,14.0,14.0,0.0,isolated,1,True,1200.0,0.7143524330167565,0.4278372499975376,0.28651518301921897,222035968.0,211.75,resource.ru_maxrss_kib_converted_to_bytes,0.0,"{""BLIS_NUM_THREADS"": ""1"", ""MKL_DYNAMIC"": ""FALSE"", ""MKL_NUM_THREADS"": ""1"", ""NUMBA_NUM_THREADS"": ""1"", ""NUMEXPR_NUM_THREADS"": ""1"", ""OMP_DYNAMIC"": ""FALSE"", ""OMP_NUM_THREADS"": ""1"", ""OPENBLAS_NUM_THREADS"": ""1"", ""PYTHONHASHSEED"": ""0"", ""VECLIB_MAXIMUM_THREADS"": ""1""}",tree_tree,0,1,0,0.06155191900325008,2271,14,15,15,23,17,medium,medium,3000,uniform,3,uniform,16,background,fast_sparse,Sparse multi-token overlap favors integerized posting joins while the dense table exceeds the configured work budget.,22,22,216,222,20,26,14.0,True,exact_agreement,3,0.0,1.4e-05,1.0,0.0,1.0,100.0,True,0.6749580887585146,0.8152117492091493,0.8059402719250082,0.8982001681779774,,,,,,,,,,,,,,,,,,,,,,
sparse_overlap_size,size,large_sparse_overlap,n2000,nodes_per_tree,2000.0,sparse_overlap_size__n2000,0,sparse_chain,generic_sparse,True,"{""method"": ""sparse_chain""}",overlap,2000,2000,4000000,12183,14.0,14.0,ok,,14.0,0.004846823983825743,0.004844733979552984,0.043836306023877114,0.043722700007492676,0.04406685498543084,0.04387528700560021,0.043779503015684895,0.043951580504653975,0.00017535763431335432,0.00011360601638443768,3.0,"[0.04406685498543084, 0.043722700007492676, 0.043836306023877114]",0.04868313000770286,3.0,1.0,14.0,1.0,1.0,0.9333333333333333,0.9333333333333333,sparse_chain,2000.0,2000.0,0.0,0.004849928984185681,0.015824525005882606,0.02493338900967501,1.7239945009350777e-06,0.04608227201970294,12172.0,12172.0,12172.0,,,,,,,1.0,1.0,14.0,14.0,True,sparse_chain_fit,2000.0,2000.0,0.004843014990910888,0.0,0.0,0.0,0.0,0.004843014990910888,0.0,,,,,,,,,1.0,1.0,,,0.0058180830092169344,0.04516348097240552,0.05098156398162246,14.0,14.0,0.0,isolated,1,True,1200.0,0.543081194977276,0.29640591898350976,0.24667527599376626,145948672.0,139.1875,resource.ru_maxrss_kib_converted_to_bytes,0.0,"{""BLIS_NUM_THREADS"": ""1"", ""MKL_DYNAMIC"": ""FALSE"", ""MKL_NUM_THREADS"": ""1"", ""NUMBA_NUM_THREADS"": ""1"", ""NUMEXPR_NUM_THREADS"": ""1"", ""OMP_DYNAMIC"": ""FALSE"", ""OMP_NUM_THREADS"": ""1"", ""OPENBLAS_NUM_THREADS"": ""1"", ""PYTHONHASHSEED"": ""0"", ""VECLIB_MAXIMUM_THREADS"": ""1""}",tree_tree,1,2,0,0.06155191900325008,2271,14,15,15,23,17,medium,medium,3000,uniform,3,uniform,16,background,fast_sparse,Sparse multi-token overlap favors integerized posting joins while the dense table exceeds the configured work budget.,22,22,216,222,20,26,14.0,True,exact_agreement,3,0.0,1.4e-05,1.0,0.0,1.0,100.0,True,0.7210342494600961,0.951886105572642,0.837908077292815,0.9753500502462759,,,,,12172.0,12172.0,True,8378.0,24315.0,401.0,12172.0,21827.0,False,,,,,,,,,
sparse_overlap_size,size,large_sparse_overlap,n2000,nodes_per_tree,2000.0,sparse_overlap_size__n2000,1,fast_dense,fast_dense,True,{},overlap,2000,2000,4000000,11976,9.0,10.0,ok,,10.0,0.01006245199823752,0.010288057004800066,0.04626134000136517,0.04501193299074657,0.04635532997781411,0.04587620098997528,0.04563663649605587,0.04630833498958964,0.0007499519383175946,9.398997644893825e-05,3.0,"[0.04626134000136517, 0.04635532997781411, 0.04501193299074657]",0.05632379199960269,3.0,1.0,10.0,1.0,0.9,0.6428571428571429,0.9090909090909091,fast_dense_overlap,2000.0,2000.0,0.0,2.4614972062408924e-05,0.0,0.053081941994605586,9.153000428341329e-05,0.05321995398844592,4000000.0,,,4000000.0,,,,,,1.0,1.0,10.0,10.0,,fast_dense_fit,2000.0,2000.0,0.010287028009770438,0.0,0.0,0.0,0.0,0.010287028009770438,0.0,,,,,,,,,1.0,1.0,,,0.01039847798529081,0.1541683769901283,0.16456685497541912,10.0,10.0,0.0,isolated,1,True,1200.0,0.7019939990132116,0.42187000199919567,0.2801239970140159,221888512.0,211.609375,resource.ru_maxrss_kib_converted_to_bytes,0.0,"{""BLIS_NUM_THREADS"": ""1"", ""MKL_DYNAMIC"": ""FALSE"", ""MKL_NUM_THREADS"": ""1"", ""NUMBA_NUM_THREADS"": ""1"", ""NUMEXPR_NUM_THREADS"": ""1"", ""OMP_DYNAMIC"": ""FALSE"", ""OMP_NUM_THREADS"": ""1"", ""OPENBLAS_NUM_THREADS"": ""1"", ""PYTHONHASHSEED"": ""0"", ""VECLIB_MAXIMUM_THREADS"": ""1""}",tree_tree,0,0,0,0.0640015660028439,2238,9,14,11,23,17,medium,medium,3000,uniform,3,uniform,16,background,fast_sparse,Sparse multi-token overlap favors integerized posting joins while the dense table exceeds the configured work budget.,22,22,213,207,32,25,10.0,True,exact_agreement,3,0.0,1e-05,1.0,0.0,1.0,100.0,True,0.6819985111311746,0.8233313376108643,0.8109383053764039,0.903106660459954,,,,,,,,,,,,,,,,,,,,,,
sparse_overlap_size,size,large_sparse_overlap,n2000,nodes_per_tree,2000.0,sparse_overlap_size__n2000,1,sparse_chain,generic_sparse,True,"{""method"": ""sparse_chain""}",overlap,2000,2000,4000000,11976,9.0,10.0,ok,,10.0,0.004815252003027126,0.004776643996592611,0.04358710200176574,0.04346736500156112,0.04370446701068431,0.043586311338003725,0.04352723350166343,0.04364578450622503,0.00011855298201416905,0.00011736500891856849,3.0,"[0.04346736500156112, 0.04358710200176574, 0.04370446701068431]",0.04840235400479287,3.0,1.0,10.0,0.8888888888888888,0.8,0.6428571428571429,0.9090909090909091,sparse_chain,2000.0,2000.0,0.0,0.004543568997178227,0.015251861012075096,0.024883459991542622,1.5239929780364037e-06,0.0451289749762509,11967.0,11967.0,11967.0,,,,,,,1.0,1.0,10.0,10.0,True,sparse_chain_fit,2000.0,2000.0,0.004774814995471388,0.0,0.0,0.0,0.0,0.004774814995471388,0.0,,,,,,,,,1.0,1.0,,,0.00568892399314791,0.04443942100624554,0.05012834499939345,10.0,10.0,0.0,isolated,1,True,1200.0,0.540852050005924,0.29379413498099893,0.24705791502492502,146341888.0,139.5625,resource.ru_maxrss_kib_converted_to_bytes,0.0,"{""BLIS_NUM_THREADS"": ""1"", ""MKL_DYNAMIC"": ""FALSE"", ""MKL_NUM_THREADS"": ""1"", ""NUMBA_NUM_THREADS"": ""1"", ""NUMEXPR_NUM_THREADS"": ""1"", ""OMP_DYNAMIC"": ""FALSE"", ""OMP_NUM_THREADS"": ""1"", ""OPENBLAS_NUM_THREADS"": ""1"", ""PYTHONHASHSEED"": ""0"", ""VECLIB_MAXIMUM_THREADS"": ""1""}",tree_tree,1,1,0,0.0640015660028439,2238,9,14,11,23,17,medium,medium,3000,uniform,3,uniform,16,background,fast_sparse,Sparse multi-token overlap favors integerized posting joins while the dense table exceeds the configured work budget.,22,22,213,207,32,25,10.0,True,exact_agreement,3,0.0,1e-05,1.0,0.0,1.0,100.0,True,0.7238417686632613,0.9580761919504379,0.8398007077233758,0.9785892866570214,,,,,11967.0,11967.0,True,8432.0,25110.0,441.0,11967.0,22625.0,False,,,,,,,,,
sparse_overlap_size,size,large_sparse_overlap,n2000,nodes_per_tree,2000.0,sparse_overlap_size__n2000,1,fast_sparse,fast_sparse,True,{},overlap,2000,2000,4000000,11976,9.0,10.0,ok,,10.0,0.014822978002484888,0.014572404004866257,0.031550165003864095,0.03150630299933255,0.03167400599340908,0.03157682466553524,0.03152823400159832,0.03161208549863659,8.697198816787852e-05,4.386200453154743e-05,3.0,"[0.03167400599340908, 0.031550165003864095, 0.03150630299933255]",0.04637314300634898,3.0,1.0,10.0,0.8888888888888888,0.8,0.6428571428571429,0.9090909090909091,fast_sparse_overlap,2000.0,2000.0,0.0,0.004730737011414021,0.0033242389908991754,0.025041838001925498,1.401000190526247e-06,0.0336210600216873,11967.0,11967.0,11967.0,,,,,,,1.0,1.0,10.0,10.0,,fast_sparse_fit,2000.0,2000.0,0.014571270003216341,0.0,0.0,0.0,0.0,0.014571270003216341,0.0,,,,,,,,,1.0,1.0,,,0.015983530989615247,0.032679972995538265,0.04866350398515351,10.0,10.0,0.0,isolated,1,True,1200.0,0.500475909007946,0.253733799996553,0.24674210901139304,146341888.0,139.5625,resource.ru_maxrss_kib_converted_to_bytes,0.0,"{""BLIS_NUM_THREADS"": ""1"", ""MKL_DYNAMIC"": ""FALSE"", ""MKL_NUM_THREADS"": ""1"", ""NUMBA_NUM_THREADS"": ""1"", ""NUMEXPR_NUM_THREADS"": ""1"", ""OMP_DYNAMIC"": ""FALSE"", ""OMP_NUM_THREADS"": ""1"", ""OPENBLAS_NUM_THREADS"": ""1"", ""PYTHONHASHSEED"": ""0"", ""VECLIB_MAXIMUM_THREADS"": ""1""}",tree_tree,2,2,0,0.0640015660028439,2238,9,14,11,23,17,medium,medium,3000,uniform,3,uniform,16,background,fast_sparse,Sparse multi-token overlap favors integerized posting joins while the dense table exceeds the configured work budget.,22,22,213,207,32,25,10.0,True,exact_agreement,3,0.0,1e-05,1.0,0.0,1.0,100.0,True,1.0,1.0,1.0,1.0,,,,,11967.0,11967.0,,8432.0,25110.0,441.0,11967.0,22625.0,,,11967.0,11976.0,,,,,,
sparse_overlap_size,size,large_sparse_overlap,n2000,nodes_per_tree,2000.0,sparse_overlap_size__n2000,2,sparse_chain,generic_sparse,True,"{""method"": ""sparse_chain""}",overlap,2000,2000,4000000,12204,11.0,11.0,ok,,11.0,0.004803402000106871,0.004847871023230255,0.04421914499835111,0.04419163701822981,0.04456777701852843,0.044326186345036454,0.04420539100829046,0.04439346100843977,0.0002096752545755452,2.7507980121299624e-05,3.0,"[0.04456777701852843, 0.04419163701822981, 0.04421914499835111]",0.04902254699845798,3.0,1.0,11.0,0.9090909090909091,0.9090909090909091,0.9166666666666666,0.7333333333333333,sparse_chain,2000.0,2000.0,0.0,0.00472909098607488,0.015653922979254276,0.02505546700558625,1.787993824109435e-06,0.04597567499149591,12199.0,12199.0,12199.0,,,,,,,1.0,1.0,11.0,11.0,True,sparse_chain_fit,2000.0,2000.0,0.004845569026656449,0.0,0.0,0.0,0.0,0.004845569026656449,0.0,,,,,,,,,1.0,1.0,,,0.005727451993152499,0.045540063991211355,0.051267515984363854,11.0,11.0,0.0,isolated,1,True,1200.0,0.5461792350106407,0.29972887798794545,0.24645035702269524,146341888.0,139.5625,resource.ru_maxrss_kib_converted_to_bytes,0.0,"{""BLIS_NUM_THREADS"": ""1"", ""MKL_DYNAMIC"": ""FALSE"", ""MKL_NUM_THREADS"": ""1"", ""NUMBA_NUM_THREADS"": ""1"", ""NUMEXPR_NUM_THREADS"": ""1"", ""OMP_DYNAMIC"": ""FALSE"", ""OMP_NUM_THREADS"": ""1"", ""OPENBLAS_NUM_THREADS"": ""1"", ""PYTHONHASHSEED"": ""0"", ""VECLIB_MAXIMUM_THREADS"": ""1""}",tree_tree,1,0,0,0.06416361499577761,2225,11,12,15,23,22,medium,medium,3000,uniform,3,uniform,16,background,fast_sparse,Sparse multi-token overlap favors integerized posting joins while the dense table exceeds the configured work budget.,22,22,226,202,25,24,11.0,True,exact_agreement,3,0.0,1.1e-05,1.0,0.0,1.0,100.0,True,0.7222015037160561,0.9513794335337509,0.8386957068121657,0.9750840017934379,,,,,12199.0,12199.0,True,8375.0,24383.0,366.0,12199.0,22105.0,False,,,,,,,,,
sparse_overlap_size,size,large_sparse_overlap,n2000,nodes_per_tree,2000.0,sparse_overlap_size__n2000,2,fast_sparse,fast_sparse,True,{},overlap,2000,2000,4000000,12204,11.0,11.0,ok,,11.0,0.014703909982927144,0.01454003999242559,0.031935133010847494,0.031904573988867924,0.032054254988906905,0.03196465399620744,0.03191985349985771,0.0319946939998772,7.908676801863912e-05,3.055902197957039e-05,3.0,"[0.032054254988906905, 0.031904573988867924, 0.031935133010847494]",0.04663904299377464,3.0,1.0,11.0,0.9090909090909091,0.9090909090909091,0.9166666666666666,0.7333333333333333,fast_sparse_overlap,2000.0,2000.0,0.0,0.004796334978891537,0.00337015901459381,0.024918262992287055,1.6849953681230545e-06,0.033619844005443156,12199.0,12199.0,12199.0,,,,,,,1.0,1.0,11.0,11.0,,fast_sparse_fit,2000.0,2000.0,0.014538774994434789,0.0,0.0,0.0,0.0,0.014538774994434789,0.0,,,,,,,,,1.0,1.0,,,0.015880311984801665,0.033011930994689465,0.04889224297949113,11.0,11.0,0.0,isolated,1,True,1200.0,0.5038397579919547,0.2537669400044251,0.25007281798752956,146341888.0,139.5625,resource.ru_maxrss_kib_converted_to_bytes,0.0,"{""BLIS_NUM_THREADS"": ""1"", ""MKL_DYNAMIC"": ""FALSE"", ""MKL_NUM_THREADS"": ""1"", ""NUMBA_NUM_THREADS"": ""1"", ""NUMEXPR_NUM_THREADS"": ""1"", ""OMP_DYNAMIC"": ""FALSE"", ""OMP_NUM_THREADS"": ""1"", ""OPENBLAS_NUM_THREADS"": ""1"", ""PYTHONHASHSEED"": ""0"", ""VECLIB_MAXIMUM_THREADS"": ""1""}",tree_tree,2,1,0,0.06416361499577761,2225,11,12,15,23,22,medium,medium,3000,uniform,3,uniform,16,background,fast_sparse,Sparse multi-token overlap favors integerized posting joins while the dense table exceeds the configured work budget.,22,22,226,202,25,24,11.0,True,exact_agreement,3,0.0,1.1e-05,1.0,0.0,1.0,100.0,True,1.0,1.0,1.0,1.0,,,,,12199.0,12199.0,,8375.0,24383.0,366.0,12199.0,22105.0,,,12199.0,12204.0,,,,,,
sparse_overlap_size,size,large_sparse_overlap,n2000,nodes_per_tree,2000.0,sparse_overlap_size__n2000,2,fast_dense,fast_dense,True,{},overlap,2000,2000,4000000,12204,11.0,11.0,ok,,11.0,0.010010296973632649,0.01019381801597774,0.046165809995727614,0.04606073600007221,0.046437539014732465,0.04622136167017743,0.04611327299789991,0.04630167450523004,0.00019444695771571666,0.00010507399565540254,3.0,"[0.046437539014732465, 0.046165809995727614, 0.04606073600007221]",0.05617610696936026,3.0,1.0,11.0,1.0,1.0,0.9166666666666666,0.7333333333333333,fast_dense_overlap,2000.0,2000.0,0.0,2.257301821373403e-05,0.0,0.05219994901563041,0.00010274798842146993,0.052351057005580515,4000000.0,,,4000000.0,,,,,,1.0,1.0,11.0,11.0,,fast_dense_fit,2000.0,2000.0,0.010192744986852631,0.0,0.0,0.0,0.0,0.010192744986852631,0.0,,,,,,,,,1.0,1.0,,,0.010410083981696516,0.15540156202041544,0.16581164600211196,11.0,11.0,0.0,isolated,1,True,1200.0,0.7079133520019241,0.4246969110099599,0.2832164409919642,222138368.0,211.84765625,resource.ru_maxrss_kib_converted_to_bytes,0.0,"{""BLIS_NUM_THREADS"": ""1"", ""MKL_DYNAMIC"": ""FALSE"", ""MKL_NUM_THREADS"": ""1"", ""NUMBA_NUM_THREADS"": ""1"", ""NUMEXPR_NUM_THREADS"": ""1"", ""OMP_DYNAMIC"": ""FALSE"", ""OMP_NUM_THREADS"": ""1"", ""OPENBLAS_NUM_THREADS"": ""1"", ""PYTHONHASHSEED"": ""0"", ""VECLIB_MAXIMUM_THREADS"": ""1""}",tree_tree,0,2,0,0.06416361499577761,2225,11,12,15,23,22,medium,medium,3000,uniform,3,uniform,16,background,fast_sparse,Sparse multi-token overlap favors integerized posting joins while the dense table exceeds the configured work budget.,22,22,226,202,25,24,11.0,True,exact_agreement,3,0.0,1.1e-05,1.0,0.0,1.0,100.0,True,0.6917485692074483,0.8302291758881163,0.8177912271343244,0.9072406743655463,,,,,,,,,,,,,,,,,,,,,,
sparse_overlap_size,size,large_sparse_overlap,n2000,nodes_per_tree,2000.0,sparse_overlap_size__n2000,3,fast_sparse,fast_sparse,True,{},overlap,2000,2000,4000000,12148,12.0,12.0,ok,,12.0,0.014610498008551076,0.014638443011790514,0.03214627198758535,0.03211823699530214,0.03217520902398974,0.032146572668959074,0.032132254491443746,0.032160740505787544,2.8487204498887805e-05,2.803499228321016e-05,3.0,"[0.03217520902398974, 0.03211823699530214, 0.03214627198758535]",0.04675676999613643,3.0,1.0,12.0,0.75,0.75,0.8571428571428571,0.7857142857142857,fast_sparse_overlap,2000.0,2000.0,0.0,0.004635427001630887,0.0033747820125427097,0.02518029001657851,1.7049896996468306e-06,0.03370658401399851,12142.0,12142.0,12142.0,,,,,,,1.0,1.0,12.0,12.0,,fast_sparse_fit,2000.0,2000.0,0.014637409010902047,0.0,0.0,0.0,0.0,0.014637409010902047,0.0,,,,,,,,,1.0,1.0,,,0.016151465009897947,0.033033213985618204,0.04918467899551615,12.0,12.0,0.0,isolated,1,True,1200.0,0.49965731299016625,0.2544186600134708,0.24523865297669545,146563072.0,139.7734375,resource.ru_maxrss_kib_converted_to_bytes,0.0,"{""BLIS_NUM_THREADS"": ""1"", ""MKL_DYNAMIC"": ""FALSE"", ""MKL_NUM_THREADS"": ""1"", ""NUMBA_NUM_THREADS"": ""1"", ""NUMEXPR_NUM_THREADS"": ""1"", ""OMP_DYNAMIC"": ""FALSE"", ""OMP_NUM_THREADS"": ""1"", ""OPENBLAS_NUM_THREADS"": ""1"", ""PYTHONHASHSEED"": ""0"", ""VECLIB_MAXIMUM_THREADS"": ""1""}",tree_tree,2,0,1,0.06550491499365307,2236,12,14,14,20,23,medium,medium,3000,uniform,3,uniform,16,background,fast_sparse,Sparse multi-token overlap favors integerized posting joins while the dense table exceeds the configured work budget.,22,22,217,210,27,20,12.0,True,exact_agreement,3,0.0,1.2e-05,1.0,0.0,1.0,100.0,True,1.0,1.0,1.0,1.0,,,,,12142.0,12142.0,,8361.0,24854.0,371.0,12142.0,22340.0,,,12142.0,12148.0,,,,,,
sparse_overlap_size,size,large_sparse_overlap,n2000,nodes_per_tree,2000.0,sparse_overlap_size__n2000,3,fast_dense,fast_dense,True,{},overlap,2000,2000,4000000,12148,12.0,12.0,ok,,12.0,0.009996264998335391,0.01025703499908559,0.04814506199909374,0.046338366984855384,0.05006909999065101,0.04818417632486671,0.04724171449197456,0.049107080994872376,0.0018656740438762944,0.0018066950142383575,3.0,"[0.046338366984855384, 0.04814506199909374, 0.05006909999065101]",0.05814132699742913,3.0,1.0,12.0,1.0,1.0,0.8571428571428571,0.8571428571428571,fast_dense_overlap,2000.0,2000.0,0.0,2.3030006559565663e-05,0.0,0.05197709699859843,0.00010096898768097162,0.052125004993285984,4000000.0,,,4000000.0,,,,,,1.0,1.0,12.0,12.0,,fast_dense_fit,2000.0,2000.0,0.010255732020596042,0.0,0.0,0.0,0.0,0.010255732020596042,0.0,,,,,,,,,1.0,1.0,,,0.010507049009902403,0.1544114440039266,0.164918493013829,12.0,12.0,0.0,isolated,1,True,1200.0,0.7122363979869988,0.42839493800420314,0.28384145998279564,221859840.0,211.58203125,resource.ru_maxrss_kib_converted_to_bytes,0.0,"{""BLIS_NUM_THREADS"": ""1"", ""MKL_DYNAMIC"": ""FALSE"", ""MKL_NUM_THREADS"": ""1"", ""NUMBA_NUM_THREADS"": ""1"", ""NUMEXPR_NUM_THREADS"": ""1"", ""OMP_DYNAMIC"": ""FALSE"", ""OMP_NUM_THREADS"": ""1"", ""OPENBLAS_NUM_THREADS"": ""1"", ""PYTHONHASHSEED"": ""0"", ""VECLIB_MAXIMUM_THREADS"": ""1""}",tree_tree,0,1,1,0.06550491499365307,2236,12,14,14,20,23,medium,medium,3000,uniform,3,uniform,16,background,fast_sparse,Sparse multi-token overlap favors integerized posting joins while the dense table exceeds the configured work budget.,22,22,217,210,27,20,12.0,True,exact_agreement,3,0.0,1.2e-05,1.0,0.0,1.0,100.0,True,0.6676961385612186,0.8041916552438492,0.8007407622077534,0.891470319027894,,,,,,,,,,,,,,,,,,,,,,
sparse_overlap_size,size,large_sparse_overlap,n2000,nodes_per_tree,2000.0,sparse_overlap_size__n2000,3,sparse_chain,generic_sparse,True,"{""method"": ""sparse_chain""}",overlap,2000,2000,4000000,12148,12.0,12.0,ok,,12.0,0.004807669000001624,0.004894627985777333,0.04464879399165511,0.04459374799625948,0.04479763499693945,0.044680058994951345,0.044621270993957296,0.04472321449429728,0.00010547797203636287,5.50459953956306e-05,3.0,"[0.04464879399165511, 0.04459374799625948, 0.04479763499693945]",0.049456462991656736,3.0,1.0,12.0,0.75,0.75,0.8571428571428571,0.7857142857142857,sparse_chain,2000.0,2000.0,0.0,0.004715513001428917,0.01590534599381499,0.025714949995744973,1.6170088201761246e-06,0.04679397100699134,12142.0,12142.0,12142.0,,,,,,,1.0,1.0,12.0,12.0,True,sparse_chain_fit,2000.0,2000.0,0.00489263198687695,0.0,0.0,0.0,0.0,0.00489263198687695,0.0,,,,,,,,,1.0,1.0,,,0.005834871000843123,0.04606843998772092,0.051903310988564044,12.0,12.0,0.0,isolated,1,True,1200.0,0.5525004119845107,0.302172839990817,0.2503275719936937,146538496.0,139.75,resource.ru_maxrss_kib_converted_to_bytes,0.0,"{""BLIS_NUM_THREADS"": ""1"", ""MKL_DYNAMIC"": ""FALSE"", ""MKL_NUM_THREADS"": ""1"", ""NUMBA_NUM_THREADS"": ""1"", ""NUMEXPR_NUM_THREADS"": ""1"", ""OMP_DYNAMIC"": ""FALSE"", ""OMP_NUM_THREADS"": ""1"", ""OPENBLAS_NUM_THREADS"": ""1"", ""PYTHONHASHSEED"": ""0"", ""VECLIB_MAXIMUM_THREADS"": ""1""}",tree_tree,1,2,1,0.06550491499365307,2236,12,14,14,20,23,medium,medium,3000,uniform,3,uniform,16,background,fast_sparse,Sparse multi-token overlap favors integerized posting joins while the dense table exceeds the configured work budget.,22,22,217,210,27,20,12.0,True,exact_agreement,3,0.0,1.2e-05,1.0,0.0,1.0,100.0,True,0.7199807455850545,0.945412736127617,0.8371962854039412,0.971940523026985,,,,,12142.0,12142.0,True,8361.0,24854.0,371.0,12142.0,22340.0,False,,,,,,,,,
sparse_overlap_size,size,large_sparse_overlap,n5000,nodes_per_tree,5000.0,sparse_overlap_size__n5000,0,fast_sparse,fast_sparse,True,{},overlap,5000,5000,25000000,75170,15.0,15.0,ok,,15.0,0.036272705998271704,0.036546339018968865,0.2153794519836083,0.20164662398747168,0.21762909498647787,0.21155172365251929,0.20851303798554,0.21650427348504309,0.008651501195803222,0.0022496430028695613,3.0,"[0.20164662398747168, 0.2153794519836083, 0.21762909498647787]",0.25165215798188,3.0,1.0,15.0,1.0,1.0,0.9375,1.0,fast_sparse_overlap,5000.0,5000.0,0.0,0.02824519999558106,0.013269713002955541,0.16805442702025175,2.9600050766021013e-06,0.21381233798456378,75130.0,75130.0,75130.0,,,,,,,1.0,1.0,15.0,15.0,,fast_sparse_fit,5000.0,5000.0,0.036544606991810724,0.0,0.0,0.0,0.0,0.036544606991810724,0.0,,,,,,,,,1.0,1.0,,,0.03812803700566292,0.21965107502182946,0.2577791120274924,15.0,15.0,0.0,isolated,1,True,1200.0,1.6464276059996337,1.3985255480220076,0.2479020579776261,165900288.0,158.21484375,resource.ru_maxrss_kib_converted_to_bytes,0.0,"{""BLIS_NUM_THREADS"": ""1"", ""MKL_DYNAMIC"": ""FALSE"", ""MKL_NUM_THREADS"": ""1"", ""NUMBA_NUM_THREADS"": ""1"", ""NUMEXPR_NUM_THREADS"": ""1"", ""OMP_DYNAMIC"": ""FALSE"", ""OMP_NUM_THREADS"": ""1"", ""OPENBLAS_NUM_THREADS"": ""1"", ""PYTHONHASHSEED"": ""0"", ""VECLIB_MAXIMUM_THREADS"": ""1""}",tree_tree,2,0,0,0.1908220259938389,2953,15,16,15,25,26,medium,medium,3000,uniform,3,uniform,16,background,fast_sparse,Sparse multi-token overlap favors integerized posting joins while the dense table exceeds the configured work budget.,25,25,458,494,61,58,15.0,True,exact_agreement,3,0.0,1.4999999999999999e-05,1.0,0.0,1.0,100.0,True,1.0,1.0,1.0,1.0,,,,,75130.0,75130.0,,52170.0,159479.0,956.0,75130.0,142812.0,,,75130.0,75170.0,,,,,,
sparse_overlap_size,size,large_sparse_overlap,n5000,nodes_per_tree,5000.0,sparse_overlap_size__n5000,0,fast_dense,fast_dense,True,{},overlap,5000,5000,25000000,75170,15.0,15.0,ok,,15.0,0.024500233004800975,0.024308102001668885,0.34929912397637963,0.3456872899841983,0.3499206299893558,0.3483023479833112,0.34749320698028896,0.3496098769828677,0.0022859273140423486,0.0006215060129761696,3.0,"[0.3456872899841983, 0.3499206299893558, 0.34929912397637963]",0.3737993569811806,3.0,1.0,15.0,1.0,1.0,0.9375,1.0,fast_dense_overlap,5000.0,5000.0,0.0,2.994999522343278e-05,0.0,0.35595107401604764,0.00017939601093530655,0.35799699201015756,25000000.0,,,25000000.0,,,,,,1.0,1.0,15.0,15.0,,fast_dense_fit,5000.0,5000.0,0.024306706007337198,0.0,0.0,0.0,0.0,0.024306706007337198,0.0,,,,,,,,,1.0,1.0,,,0.025333389989100397,0.46269296601531096,0.48802635600441135,15.0,15.0,0.0,isolated,1,True,1200.0,2.5686148979875725,2.28299129800871,0.28562359997886233,327589888.0,312.4140625,resource.ru_maxrss_kib_converted_to_bytes,0.0,"{""BLIS_NUM_THREADS"": ""1"", ""MKL_DYNAMIC"": ""FALSE"", ""MKL_NUM_THREADS"": ""1"", ""NUMBA_NUM_THREADS"": ""1"", ""NUMEXPR_NUM_THREADS"": ""1"", ""OMP_DYNAMIC"": ""FALSE"", ""OMP_NUM_THREADS"": ""1"", ""OPENBLAS_NUM_THREADS"": ""1"", ""PYTHONHASHSEED"": ""0"", ""VECLIB_MAXIMUM_THREADS"": ""1""}",tree_tree,0,1,0,0.1908220259938389,2953,15,16,15,25,26,medium,medium,3000,uniform,3,uniform,16,background,fast_sparse,Sparse multi-token overlap favors integerized posting joins while the dense table exceeds the configured work budget.,25,25,458,494,61,58,15.0,True,exact_agreement,3,0.0,1.4999999999999999e-05,1.0,0.0,1.0,100.0,True,0.6166046153558997,0.6732279049761708,0.7628391129146351,0.8047055669750602,,,,,,,,,,,,,,,,,,,,,,
sparse_overlap_size,size,large_sparse_overlap,n5000,nodes_per_tree,5000.0,sparse_overlap_size__n5000,0,sparse_chain,generic_sparse,True,"{""method"": ""sparse_chain""}",overlap,5000,5000,25000000,75170,15.0,15.0,ok,,15.0,0.024584255006629974,0.01184676299453713,0.2910151969990693,0.27671396601363085,0.2957205929851625,0.2878165853326209,0.2838645815063501,0.2933678949921159,0.009898803192977099,0.004705395986093208,3.0,"[0.2957205929851625, 0.27671396601363085, 0.2910151969990693]",0.3155994520056993,3.0,1.0,15.0,1.0,1.0,0.9375,1.0,sparse_chain,5000.0,5000.0,0.0,0.02809816101216711,0.08973970499937423,0.16800886098644696,2.3989996407181025e-06,0.2902328589989338,75130.0,75130.0,75130.0,,,,,,,1.0,1.0,15.0,15.0,True,sparse_chain_fit,5000.0,5000.0,0.011844236985780299,0.0,0.0,0.0,0.0,0.011844236985780299,0.0,,,,,,,,,1.0,1.0,,,0.012995543016586453,0.29559774001245387,0.3085932830290403,15.0,15.0,0.0,isolated,1,True,1200.0,2.0265835919999518,1.7799615609983448,0.24662203100160696,166100992.0,158.40625,resource.ru_maxrss_kib_converted_to_bytes,0.0,"{""BLIS_NUM_THREADS"": ""1"", ""MKL_DYNAMIC"": ""FALSE"", ""MKL_NUM_THREADS"": ""1"", ""NUMBA_NUM_THREADS"": ""1"", ""NUMEXPR_NUM_THREADS"": ""1"", ""OMP_DYNAMIC"": ""FALSE"", ""OMP_NUM_THREADS"": ""1"", ""OPENBLAS_NUM_THREADS"": ""1"", ""PYTHONHASHSEED"": ""0"", ""VECLIB_MAXIMUM_THREADS"": ""1""}",tree_tree,1,2,0,0.1908220259938389,2953,15,16,15,25,26,medium,medium,3000,uniform,3,uniform,16,background,fast_sparse,Sparse multi-token overlap favors integerized posting joins while the dense table exceeds the configured work budget.,25,25,458,494,61,58,15.0,True,exact_agreement,3,0.0,1.4999999999999999e-05,1.0,0.0,1.0,100.0,True,0.7400969234754332,0.797378310965304,0.8506387356829114,0.8872682018033947,,,,,75130.0,75130.0,True,52170.0,159479.0,956.0,75130.0,142812.0,False,,,,,,,,,
sparse_overlap_size,size,large_sparse_overlap,n5000,nodes_per_tree,5000.0,sparse_overlap_size__n5000,1,fast_dense,fast_dense,True,{},overlap,5000,5000,25000000,75411,13.0,13.0,ok,,13.0,0.02431752299889922,0.024424343020655215,0.3501098720007576,0.34932737398776226,0.3505293990019709,0.3499888816634969,0.34971862299425993,0.35031963550136425,0.0006100778884524955,0.00041952700121328235,3.0,"[0.34932737398776226, 0.3501098720007576, 0.3505293990019709]",0.3744273949996568,3.0,1.0,13.0,1.0,1.0,0.8666666666666667,0.9285714285714286,fast_dense_overlap,5000.0,5000.0,0.0,3.194200689904392e-05,0.0,0.35504450200824067,0.00018674699822440743,0.3568289890245069,25000000.0,,,25000000.0,,,,,,1.0,1.0,13.0,13.0,,fast_dense_fit,5000.0,5000.0,0.024422789982054383,0.0,0.0,0.0,0.0,0.024422789982054383,0.0,,,,,,,,,1.0,1.0,,,0.02481660299235955,0.4596660479728598,0.48448265096521936,13.0,13.0,0.0,isolated,1,True,1200.0,2.576500044000568,2.2915004839887843,0.2849995600117836,327086080.0,311.93359375,resource.ru_maxrss_kib_converted_to_bytes,0.0,"{""BLIS_NUM_THREADS"": ""1"", ""MKL_DYNAMIC"": ""FALSE"", ""MKL_NUM_THREADS"": ""1"", ""NUMBA_NUM_THREADS"": ""1"", ""NUMEXPR_NUM_THREADS"": ""1"", ""OMP_DYNAMIC"": ""FALSE"", ""OMP_NUM_THREADS"": ""1"", ""OPENBLAS_NUM_THREADS"": ""1"", ""PYTHONHASHSEED"": ""0"", ""VECLIB_MAXIMUM_THREADS"": ""1""}",tree_tree,0,0,0,0.19522509298985824,2953,13,15,14,26,22,medium,medium,3000,uniform,3,uniform,16,background,fast_sparse,Sparse multi-token overlap favors integerized posting joins while the dense table exceeds the configured work budget.,25,25,487,437,63,58,13.0,True,exact_agreement,3,0.0,1.3e-05,1.0,0.0,1.0,100.0,True,0.6069260566243112,0.6636761928092568,0.7553876597150812,0.7978429885308197,,,,,,,,,,,,,,,,,,,,,,
sparse_overlap_size,size,large_sparse_overlap,n5000,nodes_per_tree,5000.0,sparse_overlap_size__n5000,1,sparse_chain,generic_sparse,True,"{""method"": ""sparse_chain""}",overlap,5000,5000,25000000,75411,13.0,13.0,ok,,13.0,0.011886912019690499,0.011906486004590988,0.28993186898878776,0.2772968510107603,0.2928014839999378,0.2866767346664953,0.283614359999774,0.29136667649436276,0.008248959669218753,0.0028696150111500174,3.0,"[0.2928014839999378, 0.2772968510107603, 0.28993186898878776]",0.30181878100847825,3.0,1.0,13.0,0.8461538461538461,0.8461538461538461,0.8666666666666667,0.9285714285714286,sparse_chain,5000.0,5000.0,0.0,0.0456608570239041,0.09882267500506714,0.16761972199310549,3.123015630990267e-06,0.3154746419750154,75361.0,75361.0,75361.0,,,,,,,1.0,1.0,13.0,13.0,True,sparse_chain_fit,5000.0,5000.0,0.011904515005880967,0.0,0.0,0.0,0.0,0.011904515005880967,0.0,,,,,,,,,1.0,1.0,,,0.013122000003932044,0.29893153300508857,0.3120535330090206,13.0,13.0,0.0,isolated,1,True,1200.0,2.0396062479994725,1.7899855180003215,0.24962072999915108,167596032.0,159.83203125,resource.ru_maxrss_kib_converted_to_bytes,0.0,"{""BLIS_NUM_THREADS"": ""1"", ""MKL_DYNAMIC"": ""FALSE"", ""MKL_NUM_THREADS"": ""1"", ""NUMBA_NUM_THREADS"": ""1"", ""NUMEXPR_NUM_THREADS"": ""1"", ""OMP_DYNAMIC"": ""FALSE"", ""OMP_NUM_THREADS"": ""1"", ""OPENBLAS_NUM_THREADS"": ""1"", ""PYTHONHASHSEED"": ""0"", ""VECLIB_MAXIMUM_THREADS"": ""1""}",tree_tree,1,1,0,0.19522509298985824,2953,13,15,14,26,22,medium,medium,3000,uniform,3,uniform,16,background,fast_sparse,Sparse multi-token overlap favors integerized posting joins while the dense table exceeds the configured work budget.,25,25,487,437,63,58,13.0,True,exact_agreement,3,0.0,1.3e-05,1.0,0.0,1.0,100.0,True,0.7328990936380285,0.823336928094874,0.8458647088323977,0.9031100236149368,,,,,75361.0,75361.0,True,52077.0,156220.0,943.0,75361.0,139928.0,False,,,,,,,,,
sparse_overlap_size,size,large_sparse_overlap,n5000,nodes_per_tree,5000.0,sparse_overlap_size__n5000,1,fast_sparse,fast_sparse,True,{},overlap,5000,5000,25000000,75411,13.0,13.0,ok,,13.0,0.03600774399819784,0.03626660801819526,0.21249080399866216,0.20080613798927516,0.21410724401357584,0.20913472866717106,0.20664847099396866,0.213299024006119,0.007257911999356586,0.0016164400149136782,3.0,"[0.20080613798927516, 0.21249080399866216, 0.21410724401357584]",0.24849854799686,3.0,1.0,13.0,0.8461538461538461,0.8461538461538461,0.8666666666666667,0.9285714285714286,fast_sparse_overlap,5000.0,5000.0,0.0,0.027512439992278814,0.013120483024977148,0.1661541759967804,4.1460152715444565e-06,0.21101791301043704,75361.0,75361.0,75361.0,,,,,,,1.0,1.0,13.0,13.0,,fast_sparse_fit,5000.0,5000.0,0.036265213013393804,0.0,0.0,0.0,0.0,0.036265213013393804,0.0,,,,,,,,,1.0,1.0,,,0.037639934016624466,0.21708824601955712,0.2547281800361816,13.0,13.0,0.0,isolated,1,True,1200.0,1.6313560429844074,1.3808595209848136,0.2504965219995938,164556800.0,156.93359375,resource.ru_maxrss_kib_converted_to_bytes,0.0,"{""BLIS_NUM_THREADS"": ""1"", ""MKL_DYNAMIC"": ""FALSE"", ""MKL_NUM_THREADS"": ""1"", ""NUMBA_NUM_THREADS"": ""1"", ""NUMEXPR_NUM_THREADS"": ""1"", ""OMP_DYNAMIC"": ""FALSE"", ""OMP_NUM_THREADS"": ""1"", ""OPENBLAS_NUM_THREADS"": ""1"", ""PYTHONHASHSEED"": ""0"", ""VECLIB_MAXIMUM_THREADS"": ""1""}",tree_tree,2,2,0,0.19522509298985824,2953,13,15,14,26,22,medium,medium,3000,uniform,3,uniform,16,background,fast_sparse,Sparse multi-token overlap favors integerized posting joins while the dense table exceeds the configured work budget.,25,25,487,437,63,58,13.0,True,exact_agreement,3,0.0,1.3e-05,1.0,0.0,1.0,100.0,True,1.0,1.0,1.0,1.0,,,,,75361.0,75361.0,,52077.0,156220.0,943.0,75361.0,139928.0,,,75361.0,75411.0,,,,,,
sparse_overlap_size,size,large_sparse_overlap,n5000,nodes_per_tree,5000.0,sparse_overlap_size__n5000,2,sparse_chain,generic_sparse,True,"{""method"": ""sparse_chain""}",overlap,5000,5000,25000000,74742,15.0,15.0,ok,,15.0,0.02558809900074266,0.011857025005156174,0.29305642397957854,0.2807092080183793,0.2951905039953999,0.28965204533111927,0.2868828159989789,0.29412346398748923,0.007817885185910742,0.0021340800158213824,3.0,"[0.2951905039953999, 0.2807092080183793, 0.29305642397957854]",0.3186445229803212,3.0,1.0,15.0,1.0,1.0,1.0,0.9375,sparse_chain,5000.0,5000.0,0.0,0.027859266003360972,0.08857257399358787,0.17010249799932353,4.483008524402976e-06,0.2910411539778579,74696.0,74696.0,74696.0,,,,,,,1.0,1.0,15.0,15.0,True,sparse_chain_fit,5000.0,5000.0,0.011854870012030005,0.0,0.0,0.0,0.0,0.011854870012030005,0.0,,,,,,,,,1.0,1.0,,,0.013112510001519695,0.29270010700565763,0.3058126170071773,15.0,15.0,0.0,isolated,1,True,1200.0,2.02869347599335,1.7828055039863102,0.24588797200703993,166383616.0,158.67578125,resource.ru_maxrss_kib_converted_to_bytes,0.0,"{""BLIS_NUM_THREADS"": ""1"", ""MKL_DYNAMIC"": ""FALSE"", ""MKL_NUM_THREADS"": ""1"", ""NUMBA_NUM_THREADS"": ""1"", ""NUMEXPR_NUM_THREADS"": ""1"", ""OMP_DYNAMIC"": ""FALSE"", ""OMP_NUM_THREADS"": ""1"", ""OPENBLAS_NUM_THREADS"": ""1"", ""PYTHONHASHSEED"": ""0"", ""VECLIB_MAXIMUM_THREADS"": ""1""}",tree_tree,1,0,0,0.19363121199421585,2964,15,15,16,26,26,medium,medium,3000,uniform,3,uniform,16,background,fast_sparse,Sparse multi-token overlap favors integerized posting joins while the dense table exceeds the configured work budget.,25,25,453,490,68,58,15.0,True,exact_agreement,3,0.0,1.4999999999999999e-05,1.0,0.0,1.0,100.0,True,0.7197103586724862,0.8122922954459877,0.8370134599038639,0.8964252593107123,,,,,74696.0,74696.0,True,51871.0,156183.0,1028.0,74696.0,139649.0,False,,,,,,,,,
sparse_overlap_size,size,large_sparse_overlap,n5000,nodes_per_tree,5000.0,sparse_overlap_size__n5000,2,fast_sparse,fast_sparse,True,{},overlap,5000,5000,25000000,74742,15.0,15.0,ok,,15.0,0.047916746989358217,0.03609205401153304,0.21091574401361868,0.19864371500443667,0.21325929398881271,0.20760625100228935,0.20477972950902767,0.2120875190012157,0.007849735362173803,0.002343549975194037,3.0,"[0.21325929398881271, 0.19864371500443667, 0.21091574401361868]",0.2588324910029769,3.0,1.0,15.0,1.0,1.0,1.0,0.9375,fast_sparse_overlap,5000.0,5000.0,0.0,0.027534892986295745,0.013191216014092788,0.16598684099153616,3.4850090742111206e-06,0.21000960899982601,74696.0,74696.0,74696.0,,,,,,,1.0,1.0,15.0,15.0,,fast_sparse_fit,5000.0,5000.0,0.03609057900030166,0.0,0.0,0.0,0.0,0.03609057900030166,0.0,,,,,,,,,1.0,1.0,,,0.038272826990578324,0.21704569100984372,0.25531851800042205,15.0,15.0,0.0,isolated,1,True,1200.0,1.6198495300195646,1.373783763992833,0.24606576602673158,165646336.0,157.97265625,resource.ru_maxrss_kib_converted_to_bytes,0.0,"{""BLIS_NUM_THREADS"": ""1"", ""MKL_DYNAMIC"": ""FALSE"", ""MKL_NUM_THREADS"": ""1"", ""NUMBA_NUM_THREADS"": ""1"", ""NUMEXPR_NUM_THREADS"": ""1"", ""OMP_DYNAMIC"": ""FALSE"", ""OMP_NUM_THREADS"": ""1"", ""OPENBLAS_NUM_THREADS"": ""1"", ""PYTHONHASHSEED"": ""0"", ""VECLIB_MAXIMUM_THREADS"": ""1""}",tree_tree,2,1,0,0.19363121199421585,2964,15,15,16,26,26,medium,medium,3000,uniform,3,uniform,16,background,fast_sparse,Sparse multi-token overlap favors integerized posting joins while the dense table exceeds the configured work budget.,25,25,453,490,68,58,15.0,True,exact_agreement,3,0.0,1.4999999999999999e-05,1.0,0.0,1.0,100.0,True,1.0,1.0,1.0,1.0,,,,,74696.0,74696.0,,51871.0,156183.0,1028.0,74696.0,139649.0,,,74696.0,74742.0,,,,,,
sparse_overlap_size,size,large_sparse_overlap,n5000,nodes_per_tree,5000.0,sparse_overlap_size__n5000,2,fast_dense,fast_dense,True,{},overlap,5000,5000,25000000,74742,15.0,15.0,ok,,15.0,0.02467010502004996,0.024891351000405848,0.3520483389729634,0.351453880983172,0.3527114090102259,0.35207120965545374,0.3517511099780677,0.35237987399159465,0.0006290758982783509,0.0005944579897914082,3.0,"[0.351453880983172, 0.3520483389729634, 0.3527114090102259]",0.37671844399301335,3.0,1.0,15.0,1.0,1.0,1.0,0.9375,fast_dense_overlap,5000.0,5000.0,0.0,3.176101017743349e-05,0.0,0.35790545100462623,0.00018310599261894822,0.3607192840136122,25000000.0,,,25000000.0,,,,,,1.0,1.0,15.0,15.0,,fast_dense_fit,5000.0,5000.0,0.024889841995900497,0.0,0.0,0.0,0.0,0.024889841995900497,0.0,,,,,,,,,1.0,1.0,,,0.02544592402409762,0.4651341350108851,0.4905800590349827,15.0,15.0,0.0,isolated,1,True,1200.0,2.597673669020878,2.311431153008016,0.2862425160128623,327483392.0,312.3125,resource.ru_maxrss_kib_converted_to_bytes,0.0,"{""BLIS_NUM_THREADS"": ""1"", ""MKL_DYNAMIC"": ""FALSE"", ""MKL_NUM_THREADS"": ""1"", ""NUMBA_NUM_THREADS"": ""1"", ""NUMEXPR_NUM_THREADS"": ""1"", ""OMP_DYNAMIC"": ""FALSE"", ""OMP_NUM_THREADS"": ""1"", ""OPENBLAS_NUM_THREADS"": ""1"", ""PYTHONHASHSEED"": ""0"", ""VECLIB_MAXIMUM_THREADS"": ""1""}",tree_tree,0,2,0,0.19363121199421585,2964,15,15,16,26,26,medium,medium,3000,uniform,3,uniform,16,background,fast_sparse,Sparse multi-token overlap favors integerized posting joins while the dense table exceeds the configured work budget.,25,25,453,490,68,58,15.0,True,exact_agreement,3,0.0,1.4999999999999999e-05,1.0,0.0,1.0,100.0,True,0.5991101808033714,0.687071459149946,0.7493044419270554,0.8145137604261723,,,,,,,,,,,,,,,,,,,,,,
sparse_overlap_size,size,large_sparse_overlap,n5000,nodes_per_tree,5000.0,sparse_overlap_size__n5000,3,fast_sparse,fast_sparse,True,{},overlap,5000,5000,25000000,75408,15.0,16.0,ok,,16.0,0.035641644994029775,0.03592324999044649,0.21064070099964738,0.20103150102659129,0.21655299799749628,0.20940840000791164,0.20583610101311933,0.21359684949857183,0.00783378205946067,0.005912296997848898,3.0,"[0.20103150102659129, 0.21064070099964738, 0.21655299799749628]",0.24628234599367715,3.0,1.0,16.0,1.0,0.9375,1.0,1.0,fast_sparse_overlap,5000.0,5000.0,0.0,0.027332711004419252,0.013073906011413783,0.16673491499386728,3.563996870070696e-06,0.21133497898699716,75356.0,75356.0,75356.0,,,,,,,1.0,1.0,16.0,16.0,,fast_sparse_fit,5000.0,5000.0,0.035921753995353356,0.0,0.0,0.0,0.0,0.035921753995353356,0.0,,,,,,,,,1.0,1.0,,,0.037366489006672055,0.2168634590052534,0.25422994801192544,16.0,16.0,0.0,isolated,1,True,1200.0,1.6234814320050646,1.379698725999333,0.2437827060057316,166080512.0,158.38671875,resource.ru_maxrss_kib_converted_to_bytes,0.0,"{""BLIS_NUM_THREADS"": ""1"", ""MKL_DYNAMIC"": ""FALSE"", ""MKL_NUM_THREADS"": ""1"", ""NUMBA_NUM_THREADS"": ""1"", ""NUMEXPR_NUM_THREADS"": ""1"", ""OMP_DYNAMIC"": ""FALSE"", ""OMP_NUM_THREADS"": ""1"", ""OPENBLAS_NUM_THREADS"": ""1"", ""PYTHONHASHSEED"": ""0"", ""VECLIB_MAXIMUM_THREADS"": ""1""}",tree_tree,2,0,1,0.19344813100178726,2966,15,15,16,26,22,medium,medium,3000,uniform,3,uniform,16,background,fast_sparse,Sparse multi-token overlap favors integerized posting joins while the dense table exceeds the configured work budget.,25,25,493,461,60,57,16.0,True,exact_agreement,3,0.0,1.6e-05,1.0,0.0,1.0,100.0,True,1.0,1.0,1.0,1.0,,,,,75356.0,75356.0,,52431.0,159557.0,986.0,75356.0,142940.0,,,75356.0,75408.0,,,,,,
sparse_overlap_size,size,large_sparse_overlap,n5000,nodes_per_tree,5000.0,sparse_overlap_size__n5000,3,fast_dense,fast_dense,True,{},overlap,5000,5000,25000000,75408,15.0,16.0,ok,,16.0,0.024637585011078045,0.024775493977358565,0.3524466830131132,0.35222084302222356,0.3525798280024901,0.35241578467927565,0.3523337630176684,0.35251325550780166,0.00018147612594965914,0.00013314498937688768,3.0,"[0.3524466830131132, 0.3525798280024901, 0.35222084302222356]",0.37708426802419126,3.0,1.0,16.0,1.0,0.9375,1.0,1.0,fast_dense_overlap,5000.0,5000.0,0.0,2.914699143730104e-05,0.0,0.3581610810069833,0.00019565699039958417,0.3600214690086432,25000000.0,,,25000000.0,,,,,,1.0,1.0,16.0,16.0,,fast_dense_fit,5000.0,5000.0,0.024773824028670788,0.0,0.0,0.0,0.0,0.024773824028670788,0.0,,,,,,,,,1.0,1.0,,,0.02537728101015091,0.4654397069825791,0.49081698799273,16.0,16.0,0.0,isolated,1,True,1200.0,2.5987566549738403,2.310416583000915,0.2883400719729252,327172096.0,312.015625,resource.ru_maxrss_kib_converted_to_bytes,0.0,"{""BLIS_NUM_THREADS"": ""1"", ""MKL_DYNAMIC"": ""FALSE"", ""MKL_NUM_THREADS"": ""1"", ""NUMBA_NUM_THREADS"": ""1"", ""NUMEXPR_NUM_THREADS"": ""1"", ""OMP_DYNAMIC"": ""FALSE"", ""OMP_NUM_THREADS"": ""1"", ""OPENBLAS_NUM_THREADS"": ""1"", ""PYTHONHASHSEED"": ""0"", ""VECLIB_MAXIMUM_THREADS"": ""1""}",tree_tree,0,1,1,0.19344813100178726,2966,15,15,16,26,22,medium,medium,3000,uniform,3,uniform,16,background,fast_sparse,Sparse multi-token overlap favors integerized posting joins while the dense table exceeds the configured work budget.,25,25,493,461,60,57,16.0,True,exact_agreement,3,0.0,1.6e-05,1.0,0.0,1.0,100.0,True,0.5976526696147406,0.6531228345433846,0.7481634537735403,0.7901685475463004,,,,,,,,,,,,,,,,,,,,,,
sparse_overlap_size,size,large_sparse_overlap,n5000,nodes_per_tree,5000.0,sparse_overlap_size__n5000,3,sparse_chain,generic_sparse,True,"{""method"": ""sparse_chain""}",overlap,5000,5000,25000000,75408,15.0,16.0,ok,,16.0,0.012047566997352988,0.011881659011123702,0.2934080729901325,0.2803702319797594,0.2969517379824538,0.2902433476507819,0.28688915248494595,0.29517990548629314,0.008732021540542211,0.0035436649923212826,3.0,"[0.2969517379824538, 0.2803702319797594, 0.2934080729901325]",0.3054556399874855,3.0,1.0,16.0,1.0,0.9375,1.0,1.0,sparse_chain,5000.0,5000.0,0.0,0.04316985298646614,0.08944938701461069,0.16827723299502395,2.6710040401667356e-06,0.30483414500486106,75356.0,75356.0,75356.0,,,,,,,1.0,1.0,16.0,16.0,True,sparse_chain_fit,5000.0,5000.0,0.011879300000146031,0.0,0.0,0.0,0.0,0.011879300000146031,0.0,,,,,,,,,1.0,1.0,,,0.01291501199011691,0.29711305498494767,0.3100280669750646,16.0,16.0,0.0,isolated,1,True,1200.0,2.04030698799761,1.7904631159908604,0.24984387200674973,166273024.0,158.5703125,resource.ru_maxrss_kib_converted_to_bytes,0.0,"{""BLIS_NUM_THREADS"": ""1"", ""MKL_DYNAMIC"": ""FALSE"", ""MKL_NUM_THREADS"": ""1"", ""NUMBA_NUM_THREADS"": ""1"", ""NUMEXPR_NUM_THREADS"": ""1"", ""OMP_DYNAMIC"": ""FALSE"", ""OMP_NUM_THREADS"": ""1"", ""OPENBLAS_NUM_THREADS"": ""1"", ""PYTHONHASHSEED"": ""0"", ""VECLIB_MAXIMUM_THREADS"": ""1""}",tree_tree,1,2,1,0.19344813100178726,2966,15,15,16,26,22,medium,medium,3000,uniform,3,uniform,16,background,fast_sparse,Sparse multi-token overlap favors integerized posting joins while the dense table exceeds the configured work budget.,25,25,493,461,60,57,16.0,True,exact_agreement,3,0.0,1.6e-05,1.0,0.0,1.0,100.0,True,0.717910379400949,0.8062786007283,0.8357949145767323,0.8927510965398192,,,,,75356.0,75356.0,True,52431.0,159557.0,986.0,75356.0,142940.0,False,,,,,,,,,
sparse_overlap_size,size,large_sparse_overlap,n10000,nodes_per_tree,10000.0,sparse_overlap_size__n10000,0,fast_sparse,fast_sparse,True,{},overlap,10000,10000,100000000,300361,11.0,12.0,ok,,12.0,0.0818506600044202,0.07112370198592544,0.8479734479915351,0.8427039399975911,0.8486168739909772,0.8464314206600344,0.8453386939945631,0.8482951609912561,0.0032440843578514476,0.0006434259994421154,3.0,"[0.8479734479915351, 0.8427039399975911, 0.8486168739909772]",0.9298241079959553,3.0,1.0,12.0,0.7272727272727273,0.6666666666666666,0.7857142857142857,0.8461538461538461,fast_sparse_overlap,10000.0,10000.0,0.0,0.10797593701863661,0.056373111001448706,0.7034957800060511,5.025998689234257e-06,0.8837341699982062,300172.0,300172.0,300172.0,,,,,,,1.0,1.0,12.0,12.0,,fast_sparse_fit,10000.0,10000.0,0.07112194297951646,0.0,0.0,0.0,0.0,0.07112194297951646,0.0,,,,,,,,,1.0,1.0,,,0.07307838197448291,0.8508638759958558,0.9239422579703387,12.0,12.0,0.0,isolated,1,True,1200.0,5.601561057002982,5.3503839089826215,0.2511771480203606,226611200.0,216.11328125,resource.ru_maxrss_kib_converted_to_bytes,0.0,"{""BLIS_NUM_THREADS"": ""1"", ""MKL_DYNAMIC"": ""FALSE"", ""MKL_NUM_THREADS"": ""1"", ""NUMBA_NUM_THREADS"": ""1"", ""NUMEXPR_NUM_THREADS"": ""1"", ""OMP_DYNAMIC"": ""FALSE"", ""OMP_NUM_THREADS"": ""1"", ""OPENBLAS_NUM_THREADS"": ""1"", ""PYTHONHASHSEED"": ""0"", ""VECLIB_MAXIMUM_THREADS"": ""1""}",tree_tree,2,0,0,0.5196392059733626,3000,11,14,13,28,27,medium,medium,3000,uniform,3,uniform,16,background,fast_sparse,Sparse multi-token overlap favors integerized posting joins while the dense table exceeds the configured work budget.,27,27,875,951,111,101,12.0,True,exact_agreement,2,0.0,1.2e-05,1.0,0.0,1.0,100.0,True,1.0,1.0,1.0,1.0,,,,,300172.0,300172.0,,209328.0,631515.0,1849.0,300172.0,563648.0,,,300172.0,300361.0,,,,,,
sparse_overlap_size,size,large_sparse_overlap,n10000,nodes_per_tree,10000.0,sparse_overlap_size__n10000,0,fast_dense,fast_dense,True,{},overlap,10000,10000,100000000,300361,11.0,,skipped,dense_cell_limit:100000000>30000000,,,,,,,,,,,,,,,,,,,,,,,,,,,,,,,,,,,,,,,,,,,,,,,,,,,,,,,,,,,,,,,,,,,,,,,,,isolated,1,False,1200.0,,,,,,,,,tree_tree,0,1,0,0.5196392059733626,3000,11,14,13,28,27,medium,medium,3000,uniform,3,uniform,16,background,fast_sparse,Sparse multi-token overlap favors integerized posting joins while the dense table exceeds the configured work budget.,27,27,875,951,111,101,12.0,True,exact_agreement,2,0.0,1.2e-05,,,,,,,,,,,,,,,,,,,,,,,,,,True,,,,,
sparse_overlap_size,size,large_sparse_overlap,n10000,nodes_per_tree,10000.0,sparse_overlap_size__n10000,0,sparse_chain,generic_sparse,True,"{""method"": ""sparse_chain""}",overlap,10000,10000,100000000,300361,11.0,12.0,ok,,12.0,0.024078201997326687,0.03861481699277647,1.163055926997913,1.1568276660109404,1.1632710059930105,1.1610515330006212,1.1599417965044267,1.1631634664954618,0.0036595565309774725,0.00021507899509742856,3.0,"[1.1632710059930105, 1.1568276660109404, 1.163055926997913]",1.1871341289952397,3.0,1.0,12.0,0.7272727272727273,0.6666666666666666,0.7857142857142857,0.8461538461538461,sparse_chain,10000.0,10000.0,0.0,0.13276790900272317,0.36239056300837547,0.7059447480132803,5.280977347865701e-06,1.2210457769979257,300172.0,300172.0,300172.0,,,,,,,1.0,1.0,12.0,12.0,True,sparse_chain_fit,10000.0,10000.0,0.038609762996202335,0.0,0.0,0.0,0.0,0.038609762996202335,0.0,,,,,,,,,1.0,1.0,,,0.02589501198963262,1.1720385819789954,1.197933593968628,12.0,12.0,0.0,isolated,1,True,1200.0,7.392912504990818,7.137721965991659,0.2551905389991589,233996288.0,223.15625,resource.ru_maxrss_kib_converted_to_bytes,0.0,"{""BLIS_NUM_THREADS"": ""1"", ""MKL_DYNAMIC"": ""FALSE"", ""MKL_NUM_THREADS"": ""1"", ""NUMBA_NUM_THREADS"": ""1"", ""NUMEXPR_NUM_THREADS"": ""1"", ""OMP_DYNAMIC"": ""FALSE"", ""OMP_NUM_THREADS"": ""1"", ""OPENBLAS_NUM_THREADS"": ""1"", ""PYTHONHASHSEED"": ""0"", ""VECLIB_MAXIMUM_THREADS"": ""1""}",tree_tree,1,2,0,0.5196392059733626,3000,11,14,13,28,27,medium,medium,3000,uniform,3,uniform,16,background,fast_sparse,Sparse multi-token overlap favors integerized posting joins while the dense table exceeds the configured work budget.,27,27,875,951,111,101,12.0,True,exact_agreement,2,0.0,1.2e-05,1.0,0.0,1.0,100.0,True,0.7290908616753532,0.7832510963044546,0.8433227863675382,0.8784529536279394,,,,,300172.0,300172.0,True,209328.0,631515.0,1849.0,300172.0,563648.0,False,,,,,,,,,
sparse_overlap_size,size,large_sparse_overlap,n10000,nodes_per_tree,10000.0,sparse_overlap_size__n10000,1,fast_dense,fast_dense,True,{},overlap,10000,10000,100000000,299809,12.0,,skipped,dense_cell_limit:100000000>30000000,,,,,,,,,,,,,,,,,,,,,,,,,,,,,,,,,,,,,,,,,,,,,,,,,,,,,,,,,,,,,,,,,,,,,,,,,isolated,1,False,1200.0,,,,,,,,,tree_tree,0,0,0,0.514747551002074,2999,12,13,14,21,20,medium,medium,3000,uniform,3,uniform,16,background,fast_sparse,Sparse multi-token overlap favors integerized posting joins while the dense table exceeds the configured work budget.,27,27,930,884,112,103,12.0,True,exact_agreement,2,0.0,1.2e-05,,,,,,,,,,,,,,,,,,,,,,,,,,True,,,,,
sparse_overlap_size,size,large_sparse_overlap,n10000,nodes_per_tree,10000.0,sparse_overlap_size__n10000,1,sparse_chain,generic_sparse,True,"{""method"": ""sparse_chain""}",overlap,10000,10000,100000000,299809,12.0,12.0,ok,,12.0,0.02396212099120021,0.036135881004156545,1.146358779980801,1.1447861130000092,1.1486527570232283,1.1465992166680128,1.1455724464904051,1.1475057685020147,0.0019445028544571713,0.001572666980791837,3.0,"[1.1447861130000092, 1.1486527570232283, 1.146358779980801]",1.1703209009720013,3.0,1.0,12.0,1.0,1.0,0.9230769230769231,0.8571428571428571,sparse_chain,10000.0,10000.0,0.0,0.13247175700962543,0.3520930920203682,0.6972667399968486,5.212990799918771e-06,1.200771016010549,299623.0,299623.0,299623.0,,,,,,,1.0,1.0,12.0,12.0,True,sparse_chain_fit,10000.0,10000.0,0.036132021981757134,0.0,0.0,0.0,0.0,0.036132021981757134,0.0,,,,,,,,,1.0,1.0,,,0.025336073013022542,1.142915869015269,1.1682519420282915,12.0,12.0,0.0,isolated,1,True,1200.0,7.2702279839722905,7.020989308017306,0.2492386759549845,233865216.0,223.03125,resource.ru_maxrss_kib_converted_to_bytes,0.0,"{""BLIS_NUM_THREADS"": ""1"", ""MKL_DYNAMIC"": ""FALSE"", ""MKL_NUM_THREADS"": ""1"", ""NUMBA_NUM_THREADS"": ""1"", ""NUMEXPR_NUM_THREADS"": ""1"", ""OMP_DYNAMIC"": ""FALSE"", ""OMP_NUM_THREADS"": ""1"", ""OPENBLAS_NUM_THREADS"": ""1"", ""PYTHONHASHSEED"": ""0"", ""VECLIB_MAXIMUM_THREADS"": ""1""}",tree_tree,1,1,0,0.514747551002074,2999,12,13,14,21,20,medium,medium,3000,uniform,3,uniform,16,background,fast_sparse,Sparse multi-token overlap favors integerized posting joins while the dense table exceeds the configured work budget.,27,27,930,884,112,103,12.0,True,exact_agreement,2,0.0,1.2e-05,1.0,0.0,1.0,100.0,True,0.7318560198089068,0.7776245705003513,0.8451695885084718,0.8749030401638428,,,,,299623.0,299623.0,True,209130.0,633007.0,1939.0,299623.0,565616.0,False,,,,,,,,,
sparse_overlap_size,size,large_sparse_overlap,n10000,nodes_per_tree,10000.0,sparse_overlap_size__n10000,1,fast_sparse,fast_sparse,True,{},overlap,10000,10000,100000000,299809,12.0,12.0,ok,,12.0,0.07110071397619322,0.08367882299353369,0.8389695739897434,0.837804287992185,0.8416703190014232,0.8394813936611172,0.8383869309909642,0.8403199464955833,0.001983183923165413,0.0011652859975583851,3.0,"[0.8416703190014232, 0.837804287992185, 0.8389695739897434]",0.9100702879659366,3.0,1.0,12.0,1.0,1.0,0.9230769230769231,0.8571428571428571,fast_sparse_overlap,10000.0,10000.0,0.0,0.12618191601359285,0.04379608802264556,0.6979325800202787,4.127010470256209e-06,0.882732539990684,299623.0,299623.0,299623.0,,,,,,,1.0,1.0,12.0,12.0,,fast_sparse_fit,10000.0,10000.0,0.08367613900918514,0.0,0.0,0.0,0.0,0.08367613900918514,0.0,,,,,,,,,1.0,1.0,,,0.07374053500825539,0.8460683599987533,0.9198088950070087,12.0,12.0,0.0,isolated,1,True,1200.0,5.572635922988411,5.321271552995313,0.2513643699930981,227778560.0,217.2265625,resource.ru_maxrss_kib_converted_to_bytes,0.0,"{""BLIS_NUM_THREADS"": ""1"", ""MKL_DYNAMIC"": ""FALSE"", ""MKL_NUM_THREADS"": ""1"", ""NUMBA_NUM_THREADS"": ""1"", ""NUMEXPR_NUM_THREADS"": ""1"", ""OMP_DYNAMIC"": ""FALSE"", ""OMP_NUM_THREADS"": ""1"", ""OPENBLAS_NUM_THREADS"": ""1"", ""PYTHONHASHSEED"": ""0"", ""VECLIB_MAXIMUM_THREADS"": ""1""}",tree_tree,2,2,0,0.514747551002074,2999,12,13,14,21,20,medium,medium,3000,uniform,3,uniform,16,background,fast_sparse,Sparse multi-token overlap favors integerized posting joins while the dense table exceeds the configured work budget.,27,27,930,884,112,103,12.0,True,exact_agreement,2,0.0,1.2e-05,1.0,0.0,1.0,100.0,True,1.0,1.0,1.0,1.0,,,,,299623.0,299623.0,,209130.0,633007.0,1939.0,299623.0,565616.0,,,299623.0,299809.0,,,,,,
sparse_overlap_size,size,large_sparse_overlap,n10000,nodes_per_tree,10000.0,sparse_overlap_size__n10000,2,sparse_chain,generic_sparse,True,"{""method"": ""sparse_chain""}",overlap,10000,10000,100000000,300210,15.0,15.0,ok,,15.0,0.027179499011253938,0.03719886200269684,1.155103422992397,1.1530455100000836,1.1603977379854769,1.156182223659319,1.1540744664962403,1.157750580488937,0.003792976699969773,0.0020579129923135042,3.0,"[1.1603977379854769, 1.1530455100000836, 1.155103422992397]",1.182282922003651,3.0,1.0,15.0,0.8666666666666667,0.8666666666666667,0.875,0.9333333333333333,sparse_chain,10000.0,10000.0,0.0,0.13187106800614856,0.35225450099096633,0.6986543640086893,4.836998414248228e-06,1.201796993991593,299999.0,299999.0,299999.0,,,,,,,1.0,1.0,15.0,15.0,True,sparse_chain_fit,10000.0,10000.0,0.037194409989751875,0.0,0.0,0.0,0.0,0.037194409989751875,0.0,,,,,,,,,1.0,1.0,,,0.025442648999160156,1.1505015889997594,1.1759442379989196,15.0,15.0,0.0,isolated,1,True,1200.0,7.358498824003618,7.1051567399990745,0.2533420840045437,231604224.0,220.875,resource.ru_maxrss_kib_converted_to_bytes,0.0,"{""BLIS_NUM_THREADS"": ""1"", ""MKL_DYNAMIC"": ""FALSE"", ""MKL_NUM_THREADS"": ""1"", ""NUMBA_NUM_THREADS"": ""1"", ""NUMEXPR_NUM_THREADS"": ""1"", ""OMP_DYNAMIC"": ""FALSE"", ""OMP_NUM_THREADS"": ""1"", ""OPENBLAS_NUM_THREADS"": ""1"", ""PYTHONHASHSEED"": ""0"", ""VECLIB_MAXIMUM_THREADS"": ""1""}",tree_tree,1,0,0,0.5112653730029706,3000,15,16,15,25,23,medium,medium,3000,uniform,3,uniform,16,background,fast_sparse,Sparse multi-token overlap favors integerized posting joins while the dense table exceeds the configured work budget.,27,27,845,841,120,108,15.0,True,exact_agreement,2,0.0,1.4999999999999999e-05,1.0,0.0,1.0,100.0,True,0.7317415810430913,0.7843641836703662,0.8450932737924287,0.8791525752965522,,,,,299999.0,299999.0,True,210003.0,629387.0,2098.0,299999.0,563940.0,False,,,,,,,,,
sparse_overlap_size,size,large_sparse_overlap,n10000,nodes_per_tree,10000.0,sparse_overlap_size__n10000,2,fast_sparse,fast_sparse,True,{},overlap,10000,10000,100000000,300210,15.0,15.0,ok,,15.0,0.08210317397606559,0.0705522549978923,0.8452372050087433,0.8425423690059688,0.8454346290091053,0.8444047343412725,0.8438897870073561,0.8453359170089243,0.001615873615288426,0.0001974240003619343,3.0,"[0.8454346290091053, 0.8452372050087433, 0.8425423690059688]",0.9273403789848089,3.0,1.0,15.0,0.8666666666666667,0.8666666666666667,0.875,0.9333333333333333,fast_sparse_overlap,10000.0,10000.0,0.0,0.10955928999464959,0.0563890449993778,0.6990568070032168,6.497983122244477e-06,0.8841376200143714,299999.0,299999.0,299999.0,,,,,,,1.0,1.0,15.0,15.0,,fast_sparse_fit,10000.0,10000.0,0.07055077599943615,0.0,0.0,0.0,0.0,0.07055077599943615,0.0,,,,,,,,,1.0,1.0,,,0.07336760201724246,0.8453914670099039,0.9187590690271463,15.0,15.0,0.0,isolated,1,True,1200.0,5.599845649005147,5.344465061993105,0.25538058701204136,227053568.0,216.53515625,resource.ru_maxrss_kib_converted_to_bytes,0.0,"{""BLIS_NUM_THREADS"": ""1"", ""MKL_DYNAMIC"": ""FALSE"", ""MKL_NUM_THREADS"": ""1"", ""NUMBA_NUM_THREADS"": ""1"", ""NUMEXPR_NUM_THREADS"": ""1"", ""OMP_DYNAMIC"": ""FALSE"", ""OMP_NUM_THREADS"": ""1"", ""OPENBLAS_NUM_THREADS"": ""1"", ""PYTHONHASHSEED"": ""0"", ""VECLIB_MAXIMUM_THREADS"": ""1""}",tree_tree,2,1,0,0.5112653730029706,3000,15,16,15,25,23,medium,medium,3000,uniform,3,uniform,16,background,fast_sparse,Sparse multi-token overlap favors integerized posting joins while the dense table exceeds the configured work budget.,27,27,845,841,120,108,15.0,True,exact_agreement,2,0.0,1.4999999999999999e-05,1.0,0.0,1.0,100.0,True,1.0,1.0,1.0,1.0,,,,,299999.0,299999.0,,210003.0,629387.0,2098.0,299999.0,563940.0,,,299999.0,300210.0,,,,,,
sparse_overlap_size,size,large_sparse_overlap,n10000,nodes_per_tree,10000.0,sparse_overlap_size__n10000,2,fast_dense,fast_dense,True,{},overlap,10000,10000,100000000,300210,15.0,,skipped,dense_cell_limit:100000000>30000000,,,,,,,,,,,,,,,,,,,,,,,,,,,,,,,,,,,,,,,,,,,,,,,,,,,,,,,,,,,,,,,,,,,,,,,,,isolated,1,False,1200.0,,,,,,,,,tree_tree,0,2,0,0.5112653730029706,3000,15,16,15,25,23,medium,medium,3000,uniform,3,uniform,16,background,fast_sparse,Sparse multi-token overlap favors integerized posting joins while the dense table exceeds the configured work budget.,27,27,845,841,120,108,15.0,True,exact_agreement,2,0.0,1.4999999999999999e-05,,,,,,,,,,,,,,,,,,,,,,,,,,True,,,,,
sparse_overlap_size,size,large_sparse_overlap,n10000,nodes_per_tree,10000.0,sparse_overlap_size__n10000,3,fast_sparse,fast_sparse,True,{},overlap,10000,10000,100000000,301427,15.0,15.0,ok,,15.0,0.08307888999115676,0.07081830297829583,0.8434123219922185,0.8430788830155507,0.8443507160118315,0.8436139736732002,0.8432456025038846,0.843881519002025,0.000659459887285998,0.0003334389766678214,3.0,"[0.8443507160118315, 0.8430788830155507, 0.8434123219922185]",0.9264912119833753,3.0,1.0,15.0,0.9333333333333333,0.9333333333333333,0.9375,1.0,fast_sparse_overlap,10000.0,10000.0,0.0,0.10920144399278797,0.05724842002382502,0.7021727109968197,6.526999641209841e-06,0.8879041860054713,301224.0,301224.0,301224.0,,,,,,,1.0,1.0,15.0,15.0,,fast_sparse_fit,10000.0,10000.0,0.0708164349780418,0.0,0.0,0.0,0.0,0.0708164349780418,0.0,,,,,,,,,1.0,1.0,,,0.07428266500937752,0.8483119170123246,0.9225945820217021,15.0,15.0,0.0,isolated,1,True,1200.0,5.598163478978677,5.348486887989566,0.249676590989111,227737600.0,217.1875,resource.ru_maxrss_kib_converted_to_bytes,0.0,"{""BLIS_NUM_THREADS"": ""1"", ""MKL_DYNAMIC"": ""FALSE"", ""MKL_NUM_THREADS"": ""1"", ""NUMBA_NUM_THREADS"": ""1"", ""NUMEXPR_NUM_THREADS"": ""1"", ""OMP_DYNAMIC"": ""FALSE"", ""OMP_NUM_THREADS"": ""1"", ""OPENBLAS_NUM_THREADS"": ""1"", ""PYTHONHASHSEED"": ""0"", ""VECLIB_MAXIMUM_THREADS"": ""1""}",tree_tree,2,0,1,0.5123585829860531,3000,15,16,15,21,17,medium,medium,3000,uniform,3,uniform,16,background,fast_sparse,Sparse multi-token overlap favors integerized posting joins while the dense table exceeds the configured work budget.,27,27,855,898,107,100,15.0,True,exact_agreement,2,0.0,1.4999999999999999e-05,1.0,0.0,1.0,100.0,True,1.0,1.0,1.0,1.0,,,,,301224.0,301224.0,,210524.0,635204.0,2107.0,301224.0,568031.0,,,301224.0,301427.0,,,,,,
sparse_overlap_size,size,large_sparse_overlap,n10000,nodes_per_tree,10000.0,sparse_overlap_size__n10000,3,fast_dense,fast_dense,True,{},overlap,10000,10000,100000000,301427,15.0,,skipped,dense_cell_limit:100000000>30000000,,,,,,,,,,,,,,,,,,,,,,,,,,,,,,,,,,,,,,,,,,,,,,,,,,,,,,,,,,,,,,,,,,,,,,,,,isolated,1,False,1200.0,,,,,,,,,tree_tree,0,1,1,0.5123585829860531,3000,15,16,15,21,17,medium,medium,3000,uniform,3,uniform,16,background,fast_sparse,Sparse multi-token overlap favors integerized posting joins while the dense table exceeds the configured work budget.,27,27,855,898,107,100,15.0,True,exact_agreement,2,0.0,1.4999999999999999e-05,,,,,,,,,,,,,,,,,,,,,,,,,,True,,,,,
sparse_overlap_size,size,large_sparse_overlap,n10000,nodes_per_tree,10000.0,sparse_overlap_size__n10000,3,sparse_chain,generic_sparse,True,"{""method"": ""sparse_chain""}",overlap,10000,10000,100000000,301427,15.0,15.0,ok,,15.0,0.02407039300305769,0.03485904599074274,1.1602003079897258,1.1533664669841528,1.1653579599806108,1.159641578318163,1.1567833874869393,1.1627791339851683,0.006015239829419816,0.005157651990884915,3.0,"[1.1533664669841528, 1.1653579599806108, 1.1602003079897258]",1.1842707009927835,3.0,1.0,15.0,0.9333333333333333,0.9333333333333333,0.9375,1.0,sparse_chain,10000.0,10000.0,0.0,0.11085021399776451,0.37366328900679946,0.7018283029901795,5.423004040494561e-06,1.2036185589968227,301224.0,301224.0,301224.0,,,,,,,1.0,1.0,15.0,15.0,True,sparse_chain_fit,10000.0,10000.0,0.03485500501119532,0.0,0.0,0.0,0.0,0.03485500501119532,0.0,,,,,,,,,1.0,1.0,,,0.025398003985174,1.1509635119873565,1.1763615159725305,15.0,15.0,0.0,isolated,1,True,1200.0,7.336001829011366,7.083781502995407,0.25222032601595856,231587840.0,220.859375,resource.ru_maxrss_kib_converted_to_bytes,0.0,"{""BLIS_NUM_THREADS"": ""1"", ""MKL_DYNAMIC"": ""FALSE"", ""MKL_NUM_THREADS"": ""1"", ""NUMBA_NUM_THREADS"": ""1"", ""NUMEXPR_NUM_THREADS"": ""1"", ""OMP_DYNAMIC"": ""FALSE"", ""OMP_NUM_THREADS"": ""1"", ""OPENBLAS_NUM_THREADS"": ""1"", ""PYTHONHASHSEED"": ""0"", ""VECLIB_MAXIMUM_THREADS"": ""1""}",tree_tree,1,2,1,0.5123585829860531,3000,15,16,15,21,17,medium,medium,3000,uniform,3,uniform,16,background,fast_sparse,Sparse multi-token overlap favors integerized posting joins while the dense table exceeds the configured work budget.,27,27,855,898,107,100,15.0,True,exact_agreement,2,0.0,1.4999999999999999e-05,1.0,0.0,1.0,100.0,True,0.7269540580053762,0.7823306033043714,0.8418916005733293,0.8778737253952337,,,,,301224.0,301224.0,True,210524.0,635204.0,2107.0,301224.0,568031.0,False,,,,,,,,,
sparse_overlap_size,size,large_sparse_overlap,n15000,nodes_per_tree,15000.0,sparse_overlap_size__n15000,0,fast_sparse,fast_sparse,True,{},overlap,15000,15000,225000000,675130,15.0,15.0,ok,,15.0,0.11861878400668502,0.1058596319926437,1.9298248270060867,1.9078794039960485,1.9547260480176192,1.9308100930065848,1.9188521155010676,1.942275437511853,0.023438858245224833,0.021945423010038212,3.0,"[1.9298248270060867, 1.9547260480176192, 1.9078794039960485]",2.0484436110127717,3.0,1.0,15.0,1.0,1.0,0.9375,1.0,fast_sparse_overlap,15000.0,15000.0,0.0,0.2720330359879881,0.1073568549763877,1.5959792820212897,5.942012649029493e-06,2.0144720250100363,674662.0,674662.0,674662.0,,,,,,,1.0,1.0,15.0,15.0,,fast_sparse_fit,15000.0,15000.0,0.10585758899105713,0.0,0.0,0.0,0.0,0.10585758899105713,0.0,,,,,,,,,1.0,1.0,,,0.10932310202042572,1.9068478449771646,2.0161709469975904,15.0,15.0,0.0,isolated,1,True,1200.0,12.206666076002875,11.953709474997595,0.2529566010052804,327421952.0,312.25390625,resource.ru_maxrss_kib_converted_to_bytes,0.0,"{""BLIS_NUM_THREADS"": ""1"", ""MKL_DYNAMIC"": ""FALSE"", ""MKL_NUM_THREADS"": ""1"", ""NUMBA_NUM_THREADS"": ""1"", ""NUMEXPR_NUM_THREADS"": ""1"", ""OMP_DYNAMIC"": ""FALSE"", ""OMP_NUM_THREADS"": ""1"", ""OPENBLAS_NUM_THREADS"": ""1"", ""PYTHONHASHSEED"": ""0"", ""VECLIB_MAXIMUM_THREADS"": ""1""}",tree_tree,2,0,0,0.9456346810038667,3000,15,16,15,29,23,medium,medium,3000,uniform,3,uniform,16,background,fast_sparse,Sparse multi-token overlap favors integerized posting joins while the dense table exceeds the configured work budget.,28,28,1255,1281,159,162,15.0,True,exact_agreement,2,0.0,1.4999999999999999e-05,1.0,0.0,1.0,100.0,True,1.0,1.0,1.0,1.0,,,,,674662.0,674662.0,,473283.0,1445519.0,3242.0,674662.0,1287576.0,,,674662.0,675130.0,,,,,,
sparse_overlap_size,size,large_sparse_overlap,n15000,nodes_per_tree,15000.0,sparse_overlap_size__n15000,0,fast_dense,fast_dense,True,{},overlap,15000,15000,225000000,675130,15.0,,skipped,dense_cell_limit:225000000>30000000,,,,,,,,,,,,,,,,,,,,,,,,,,,,,,,,,,,,,,,,,,,,,,,,,,,,,,,,,,,,,,,,,,,,,,,,,isolated,1,False,1200.0,,,,,,,,,tree_tree,0,1,0,0.9456346810038667,3000,15,16,15,29,23,medium,medium,3000,uniform,3,uniform,16,background,fast_sparse,Sparse multi-token overlap favors integerized posting joins while the dense table exceeds the configured work budget.,28,28,1255,1281,159,162,15.0,True,exact_agreement,2,0.0,1.4999999999999999e-05,,,,,,,,,,,,,,,,,,,,,,,,,,True,,,,,
sparse_overlap_size,size,large_sparse_overlap,n15000,nodes_per_tree,15000.0,sparse_overlap_size__n15000,0,sparse_chain,generic_sparse,True,"{""method"": ""sparse_chain""}",overlap,15000,15000,225000000,675130,15.0,15.0,ok,,15.0,0.05028208199655637,0.03583301499020308,2.6162106300180312,2.5998939559794962,2.6517738660040777,2.6226261506672017,2.6080522929987637,2.6339922480110545,0.02652829517589883,0.016316674038534984,3.0,"[2.6517738660040777, 2.6162106300180312, 2.5998939559794962]",2.6664927120145876,3.0,1.0,15.0,1.0,1.0,0.9375,1.0,sparse_chain,15000.0,15000.0,0.0,0.282494872022653,0.8128311419859529,1.6220534250023775,6.757007213309407e-06,2.752867450006306,674662.0,674662.0,674662.0,,,,,,,1.0,1.0,15.0,15.0,True,sparse_chain_fit,15000.0,15000.0,0.035830011998768896,0.0,0.0,0.0,0.0,0.035830011998768896,0.0,,,,,,,,,1.0,1.0,,,0.03751757999998517,2.617057730007218,2.6545753100072034,15.0,15.0,0.0,isolated,1,True,1200.0,16.255533284012927,16.003180406987667,0.25235287702525966,333119488.0,317.6875,resource.ru_maxrss_kib_converted_to_bytes,0.0,"{""BLIS_NUM_THREADS"": ""1"", ""MKL_DYNAMIC"": ""FALSE"", ""MKL_NUM_THREADS"": ""1"", ""NUMBA_NUM_THREADS"": ""1"", ""NUMEXPR_NUM_THREADS"": ""1"", ""OMP_DYNAMIC"": ""FALSE"", ""OMP_NUM_THREADS"": ""1"", ""OPENBLAS_NUM_THREADS"": ""1"", ""PYTHONHASHSEED"": ""0"", ""VECLIB_MAXIMUM_THREADS"": ""1""}",tree_tree,1,2,0,0.9456346810038667,3000,15,16,15,29,23,medium,medium,3000,uniform,3,uniform,16,background,fast_sparse,Sparse multi-token overlap favors integerized posting joins while the dense table exceeds the configured work budget.,28,28,1255,1281,159,162,15.0,True,exact_agreement,2,0.0,1.4999999999999999e-05,1.0,0.0,1.0,100.0,True,0.7376412299772614,0.7682164671903912,0.8490144193769091,0.8689167660688618,,,,,674662.0,674662.0,True,473283.0,1445519.0,3242.0,674662.0,1287576.0,False,,,,,,,,,
sparse_overlap_size,size,large_sparse_overlap,n15000,nodes_per_tree,15000.0,sparse_overlap_size__n15000,1,fast_dense,fast_dense,True,{},overlap,15000,15000,225000000,676137,12.0,,skipped,dense_cell_limit:225000000>30000000,,,,,,,,,,,,,,,,,,,,,,,,,,,,,,,,,,,,,,,,,,,,,,,,,,,,,,,,,,,,,,,,,,,,,,,,,isolated,1,False,1200.0,,,,,,,,,tree_tree,0,0,0,0.9469169790099841,3000,12,13,15,23,16,medium,medium,3000,uniform,3,uniform,16,background,fast_sparse,Sparse multi-token overlap favors integerized posting joins while the dense table exceeds the configured work budget.,28,28,1317,1252,170,146,12.0,True,exact_agreement,2,0.0,1.2e-05,,,,,,,,,,,,,,,,,,,,,,,,,,True,,,,,
sparse_overlap_size,size,large_sparse_overlap,n15000,nodes_per_tree,15000.0,sparse_overlap_size__n15000,1,sparse_chain,generic_sparse,True,"{""method"": ""sparse_chain""}",overlap,15000,15000,225000000,676137,12.0,12.0,ok,,12.0,0.04990978102432564,0.03578098100842908,2.593520159018226,2.5571990509924944,2.647011934983311,2.5992437149980105,2.57535960500536,2.6202660470007686,0.045179174986682454,0.03632110802573152,3.0,"[2.647011934983311, 2.593520159018226, 2.5571990509924944]",2.6434299400425516,3.0,1.0,12.0,0.9166666666666666,0.9166666666666666,0.9230769230769231,0.8,sparse_chain,15000.0,15000.0,0.0,0.24753674402018078,0.8682857480016537,1.5948239499994088,4.892004653811455e-06,2.753641293005785,675676.0,675676.0,675676.0,,,,,,,1.0,1.0,12.0,12.0,True,sparse_chain_fit,15000.0,15000.0,0.03577817400218919,0.0,0.0,0.0,0.0,0.03577817400218919,0.0,,,,,,,,,1.0,1.0,,,0.03734870601329021,2.655226308008423,2.6925750140217133,12.0,12.0,0.0,isolated,1,True,1200.0,16.189613055990776,15.935518941987539,0.25409411400323734,333541376.0,318.08984375,resource.ru_maxrss_kib_converted_to_bytes,0.0,"{""BLIS_NUM_THREADS"": ""1"", ""MKL_DYNAMIC"": ""FALSE"", ""MKL_NUM_THREADS"": ""1"", ""NUMBA_NUM_THREADS"": ""1"", ""NUMEXPR_NUM_THREADS"": ""1"", ""OMP_DYNAMIC"": ""FALSE"", ""OMP_NUM_THREADS"": ""1"", ""OPENBLAS_NUM_THREADS"": ""1"", ""PYTHONHASHSEED"": ""0"", ""VECLIB_MAXIMUM_THREADS"": ""1""}",tree_tree,1,1,0,0.9469169790099841,3000,12,13,15,23,16,medium,medium,3000,uniform,3,uniform,16,background,fast_sparse,Sparse multi-token overlap favors integerized posting joins while the dense table exceeds the configured work budget.,28,28,1317,1252,170,146,12.0,True,exact_agreement,2,0.0,1.2e-05,1.0,0.0,1.0,100.0,True,0.735677359346903,0.7614958976159181,0.8477121112229316,0.8646013864086296,,,,,675676.0,675676.0,True,472910.0,1439759.0,3066.0,675676.0,1285522.0,False,,,,,,,,,
sparse_overlap_size,size,large_sparse_overlap,n15000,nodes_per_tree,15000.0,sparse_overlap_size__n15000,1,fast_sparse,fast_sparse,True,{},overlap,15000,15000,225000000,676137,12.0,12.0,ok,,12.0,0.1049669929780066,0.10585909799556248,1.9079940619994886,1.888785917981295,1.9150575429957826,1.9039458409921888,1.8983899899903918,1.9115258024976356,0.013595611064546589,0.007063480996293947,3.0,"[1.888785917981295, 1.9079940619994886, 1.9150575429957826]",2.0129610549774952,3.0,1.0,12.0,0.9166666666666666,0.9166666666666666,0.9230769230769231,0.8,fast_sparse_overlap,15000.0,15000.0,0.0,0.2751641199865844,0.10528354099369608,1.5797668999875896,3.3409742172807455e-06,2.0020614330132958,675676.0,675676.0,675676.0,,,,,,,1.0,1.0,12.0,12.0,,fast_sparse_fit,15000.0,15000.0,0.10585676701157354,0.0,0.0,0.0,0.0,0.10585676701157354,0.0,,,,,,,,,1.0,1.0,,,0.10831495598540641,1.884174731996609,1.9924896879820153,12.0,12.0,0.0,isolated,1,True,1200.0,12.097294061997673,11.844308622006793,0.25298543999087997,327413760.0,312.24609375,resource.ru_maxrss_kib_converted_to_bytes,0.0,"{""BLIS_NUM_THREADS"": ""1"", ""MKL_DYNAMIC"": ""FALSE"", ""MKL_NUM_THREADS"": ""1"", ""NUMBA_NUM_THREADS"": ""1"", ""NUMEXPR_NUM_THREADS"": ""1"", ""OMP_DYNAMIC"": ""FALSE"", ""OMP_NUM_THREADS"": ""1"", ""OPENBLAS_NUM_THREADS"": ""1"", ""PYTHONHASHSEED"": ""0"", ""VECLIB_MAXIMUM_THREADS"": ""1""}",tree_tree,2,2,0,0.9469169790099841,3000,12,13,15,23,16,medium,medium,3000,uniform,3,uniform,16,background,fast_sparse,Sparse multi-token overlap favors integerized posting joins while the dense table exceeds the configured work budget.,28,28,1317,1252,170,146,12.0,True,exact_agreement,2,0.0,1.2e-05,1.0,0.0,1.0,100.0,True,1.0,1.0,1.0,1.0,,,,,675676.0,675676.0,,472910.0,1439759.0,3066.0,675676.0,1285522.0,,,675676.0,676137.0,,,,,,
sparse_overlap_size,size,large_sparse_overlap,n15000,nodes_per_tree,15000.0,sparse_overlap_size__n15000,2,sparse_chain,generic_sparse,True,"{""method"": ""sparse_chain""}",overlap,15000,15000,225000000,675943,12.0,12.0,ok,,12.0,0.050616801978321746,0.03593006101436913,2.617668049002532,2.6072738289949484,2.643996066006366,2.622979314667949,2.61247093899874,2.630832057504449,0.01892849254449921,0.010394220007583499,3.0,"[2.643996066006366, 2.617668049002532, 2.6072738289949484]",2.6682848509808537,3.0,1.0,12.0,0.9166666666666666,0.9166666666666666,0.9230769230769231,0.7857142857142857,sparse_chain,15000.0,15000.0,0.0,0.24754995401599444,0.8569873049855232,1.6002329630136956,5.899026291444898e-06,2.7414239890058525,675493.0,675493.0,675493.0,,,,,,,1.0,1.0,12.0,12.0,True,sparse_chain_fit,15000.0,15000.0,0.035926845972426236,0.0,0.0,0.0,0.0,0.035926845972426236,0.0,,,,,,,,,1.0,1.0,,,0.0371469670208171,2.6123534780053888,2.649500445026206,12.0,12.0,0.0,isolated,1,True,1200.0,16.205812041007448,15.951185548008652,0.2546264929987956,331804672.0,316.43359375,resource.ru_maxrss_kib_converted_to_bytes,0.0,"{""BLIS_NUM_THREADS"": ""1"", ""MKL_DYNAMIC"": ""FALSE"", ""MKL_NUM_THREADS"": ""1"", ""NUMBA_NUM_THREADS"": ""1"", ""NUMEXPR_NUM_THREADS"": ""1"", ""OMP_DYNAMIC"": ""FALSE"", ""OMP_NUM_THREADS"": ""1"", ""OPENBLAS_NUM_THREADS"": ""1"", ""PYTHONHASHSEED"": ""0"", ""VECLIB_MAXIMUM_THREADS"": ""1""}",tree_tree,1,0,0,0.9504067380039487,3000,12,13,14,26,24,medium,medium,3000,uniform,3,uniform,16,background,fast_sparse,Sparse multi-token overlap favors integerized posting joins while the dense table exceeds the configured work budget.,28,28,1231,1245,169,149,12.0,True,exact_agreement,2,0.0,1.2e-05,1.0,0.0,1.0,100.0,True,0.7374911535230362,0.7677313927859551,0.8489150025629276,0.8686063911282424,,,,,675493.0,675493.0,True,473507.0,1427248.0,2926.0,675493.0,1269821.0,False,,,,,,,,,
sparse_overlap_size,size,large_sparse_overlap,n15000,nodes_per_tree,15000.0,sparse_overlap_size__n15000,2,fast_sparse,fast_sparse,True,{},overlap,15000,15000,225000000,675943,12.0,12.0,ok,,12.0,0.11801901599392295,0.10645603699958883,1.9305070289992727,1.8981614989752416,1.9469127619813662,1.925193763318627,1.9143342639872571,1.9387098954903195,0.024806138460428125,0.01640573298209347,3.0,"[1.9305070289992727, 1.9469127619813662, 1.8981614989752416]",2.0485260449931957,3.0,1.0,12.0,0.9166666666666666,0.9166666666666666,0.9230769230769231,0.7857142857142857,fast_sparse_overlap,15000.0,15000.0,0.0,0.26984915998764336,0.10662973200669512,1.5943756479828153,5.829002475365996e-06,2.0129649710142985,675493.0,675493.0,675493.0,,,,,,,1.0,1.0,12.0,12.0,,fast_sparse_fit,15000.0,15000.0,0.10645379999186844,0.0,0.0,0.0,0.0,0.10645379999186844,0.0,,,,,,,,,1.0,1.0,,,0.10815280099632218,1.9132314799935557,2.021384280989878,12.0,12.0,0.0,isolated,1,True,1200.0,12.19544130799477,11.944296886998927,0.25114442099584267,327372800.0,312.20703125,resource.ru_maxrss_kib_converted_to_bytes,0.0,"{""BLIS_NUM_THREADS"": ""1"", ""MKL_DYNAMIC"": ""FALSE"", ""MKL_NUM_THREADS"": ""1"", ""NUMBA_NUM_THREADS"": ""1"", ""NUMEXPR_NUM_THREADS"": ""1"", ""OMP_DYNAMIC"": ""FALSE"", ""OMP_NUM_THREADS"": ""1"", ""OPENBLAS_NUM_THREADS"": ""1"", ""PYTHONHASHSEED"": ""0"", ""VECLIB_MAXIMUM_THREADS"": ""1""}",tree_tree,2,1,0,0.9504067380039487,3000,12,13,14,26,24,medium,medium,3000,uniform,3,uniform,16,background,fast_sparse,Sparse multi-token overlap favors integerized posting joins while the dense table exceeds the configured work budget.,28,28,1231,1245,169,149,12.0,True,exact_agreement,2,0.0,1.2e-05,1.0,0.0,1.0,100.0,True,1.0,1.0,1.0,1.0,,,,,675493.0,675493.0,,473507.0,1427248.0,2926.0,675493.0,1269821.0,,,675493.0,675943.0,,,,,,
sparse_overlap_size,size,large_sparse_overlap,n15000,nodes_per_tree,15000.0,sparse_overlap_size__n15000,2,fast_dense,fast_dense,True,{},overlap,15000,15000,225000000,675943,12.0,,skipped,dense_cell_limit:225000000>30000000,,,,,,,,,,,,,,,,,,,,,,,,,,,,,,,,,,,,,,,,,,,,,,,,,,,,,,,,,,,,,,,,,,,,,,,,,isolated,1,False,1200.0,,,,,,,,,tree_tree,0,2,0,0.9504067380039487,3000,12,13,14,26,24,medium,medium,3000,uniform,3,uniform,16,background,fast_sparse,Sparse multi-token overlap favors integerized posting joins while the dense table exceeds the configured work budget.,28,28,1231,1245,169,149,12.0,True,exact_agreement,2,0.0,1.2e-05,,,,,,,,,,,,,,,,,,,,,,,,,,True,,,,,
sparse_overlap_size,size,large_sparse_overlap,n15000,nodes_per_tree,15000.0,sparse_overlap_size__n15000,3,fast_sparse,fast_sparse,True,{},overlap,15000,15000,225000000,676058,15.0,16.0,ok,,16.0,0.10602909000590444,0.10611373800202273,1.9205255619890522,1.894042961008381,1.9218801080132835,1.912149543670239,1.9072842614987167,1.9212028350011678,0.01569537990941787,0.0013545460242312402,3.0,"[1.9205255619890522, 1.894042961008381, 1.9218801080132835]",2.0265546519949567,3.0,1.0,16.0,0.9333333333333333,0.875,0.9333333333333333,0.875,fast_sparse_overlap,15000.0,15000.0,0.0,0.2806263009842951,0.10447665798710659,1.5911482050141785,7.432012353092432e-06,2.015113533998374,675629.0,675629.0,675629.0,,,,,,,1.0,1.0,16.0,16.0,,fast_sparse_fit,15000.0,15000.0,0.10611150198383257,0.0,0.0,0.0,0.0,0.10611150198383257,0.0,,,,,,,,,1.0,1.0,,,0.10998840699903667,1.9115479050087743,2.021536312007811,16.0,16.0,0.0,isolated,1,True,1200.0,12.159413899003994,11.907984771009069,0.2514291279949248,325894144.0,310.796875,resource.ru_maxrss_kib_converted_to_bytes,0.0,"{""BLIS_NUM_THREADS"": ""1"", ""MKL_DYNAMIC"": ""FALSE"", ""MKL_NUM_THREADS"": ""1"", ""NUMBA_NUM_THREADS"": ""1"", ""NUMEXPR_NUM_THREADS"": ""1"", ""OMP_DYNAMIC"": ""FALSE"", ""OMP_NUM_THREADS"": ""1"", ""OPENBLAS_NUM_THREADS"": ""1"", ""PYTHONHASHSEED"": ""0"", ""VECLIB_MAXIMUM_THREADS"": ""1""}",tree_tree,2,0,1,0.9474642080022022,3000,15,15,16,29,27,medium,medium,3000,uniform,3,uniform,16,background,fast_sparse,Sparse multi-token overlap favors integerized posting joins while the dense table exceeds the configured work budget.,28,28,1222,1301,154,180,16.0,True,exact_agreement,2,0.0,1.6e-05,1.0,0.0,1.0,100.0,True,1.0,1.0,1.0,1.0,,,,,675629.0,675629.0,,472186.0,1454884.0,2999.0,675629.0,1296053.0,,,675629.0,676058.0,,,,,,
sparse_overlap_size,size,large_sparse_overlap,n15000,nodes_per_tree,15000.0,sparse_overlap_size__n15000,3,fast_dense,fast_dense,True,{},overlap,15000,15000,225000000,676058,15.0,,skipped,dense_cell_limit:225000000>30000000,,,,,,,,,,,,,,,,,,,,,,,,,,,,,,,,,,,,,,,,,,,,,,,,,,,,,,,,,,,,,,,,,,,,,,,,,isolated,1,False,1200.0,,,,,,,,,tree_tree,0,1,1,0.9474642080022022,3000,15,15,16,29,27,medium,medium,3000,uniform,3,uniform,16,background,fast_sparse,Sparse multi-token overlap favors integerized posting joins while the dense table exceeds the configured work budget.,28,28,1222,1301,154,180,16.0,True,exact_agreement,2,0.0,1.6e-05,,,,,,,,,,,,,,,,,,,,,,,,,,True,,,,,
sparse_overlap_size,size,large_sparse_overlap,n15000,nodes_per_tree,15000.0,sparse_overlap_size__n15000,3,sparse_chain,generic_sparse,True,"{""method"": ""sparse_chain""}",overlap,15000,15000,225000000,676058,15.0,16.0,ok,,16.0,0.05022944899974391,0.035798433993477374,2.608239027002128,2.6063150460249744,2.632909956999356,2.615821343342153,2.607277036513551,2.620574492000742,0.014830406712021611,0.0019239809771534055,3.0,"[2.632909956999356, 2.608239027002128, 2.6063150460249744]",2.6584684760018717,3.0,1.0,16.0,0.9333333333333333,0.875,0.9333333333333333,0.875,sparse_chain,15000.0,15000.0,0.0,0.24747992400079966,0.8455131819937378,1.5938886369985994,6.154004950076342e-06,2.728852050990099,675629.0,675629.0,675629.0,,,,,,,1.0,1.0,16.0,16.0,True,sparse_chain_fit,15000.0,15000.0,0.03579558999626897,0.0,0.0,0.0,0.0,0.03579558999626897,0.0,,,,,,,,,1.0,1.0,,,0.03772492799907923,2.639280530012911,2.6770054580119904,16.0,16.0,0.0,isolated,1,True,1200.0,16.187220516992966,15.934743004007032,0.25247751298593357,337235968.0,321.61328125,resource.ru_maxrss_kib_converted_to_bytes,0.0,"{""BLIS_NUM_THREADS"": ""1"", ""MKL_DYNAMIC"": ""FALSE"", ""MKL_NUM_THREADS"": ""1"", ""NUMBA_NUM_THREADS"": ""1"", ""NUMEXPR_NUM_THREADS"": ""1"", ""OMP_DYNAMIC"": ""FALSE"", ""OMP_NUM_THREADS"": ""1"", ""OPENBLAS_NUM_THREADS"": ""1"", ""PYTHONHASHSEED"": ""0"", ""VECLIB_MAXIMUM_THREADS"": ""1""}",tree_tree,1,2,1,0.9474642080022022,3000,15,15,16,29,27,medium,medium,3000,uniform,3,uniform,16,background,fast_sparse,Sparse multi-token overlap favors integerized posting joins while the dense table exceeds the configured work budget.,28,28,1222,1301,154,180,16.0,True,exact_agreement,2,0.0,1.6e-05,1.0,0.0,1.0,100.0,True,0.7363303524357108,0.7623015545562293,0.8481454596503393,0.8651204472757635,,,,,675629.0,675629.0,True,472186.0,1454884.0,2999.0,675629.0,1296053.0,False,,,,,,,,,
narrow_tree_path_size,size,narrow_tree_to_path,n2000,query_tree_nodes,2000.0,narrow_tree_path_size__n2000,0,exact_dense,generic,True,"{""method"": ""exact""}",jaccard,2000,80,160000,15578,5.2,28.66666603088379,ok,,28.666666666666668,1.4300167094916105e-06,8.03900184109807e-06,0.13193838100414723,0.13173755598836578,0.13250941401929595,0.13206178367060298,0.1318379684962565,0.1322238975117216,0.0004004527045034649,0.0002008250157814473,3.0,"[0.13193838100414723, 0.13250941401929595, 0.13173755598836578]",0.13193981102085672,3.0,1.0,37.0,0.0,0.0,0.05263157894736842,0.42857142857142855,exact_dense,2000.0,80.0,0.0,2.4587003281340003e-05,0.0,0.1335248079849407,0.00013950600987300277,0.13371191700571217,160000.0,,15427.0,160000.0,,,,,,1.0,1.0,28.66666603088379,37.0,True,exact_fit,2000.0,80.0,7.055001333355904e-06,0.0,0.0,0.0,0.0,7.055001333355904e-06,0.0,,,,,,,,,1.0,1.0,,,2.2030144464224577e-06,0.13369140200666152,0.13369360502110794,28.66666603088379,28.666666666666668,0.0,isolated,1,True,1200.0,1.0442973270255607,0.7972166589752305,0.24708066805033013,153870336.0,146.7421875,resource.ru_maxrss_kib_converted_to_bytes,0.0,"{""BLIS_NUM_THREADS"": ""1"", ""MKL_DYNAMIC"": ""FALSE"", ""MKL_NUM_THREADS"": ""1"", ""NUMBA_NUM_THREADS"": ""1"", ""NUMEXPR_NUM_THREADS"": ""1"", ""OMP_DYNAMIC"": ""FALSE"", ""OMP_NUM_THREADS"": ""1"", ""OPENBLAS_NUM_THREADS"": ""1"", ""PYTHONHASHSEED"": ""0"", ""VECLIB_MAXIMUM_THREADS"": ""1""}",tree_path,0,0,0,0.02717396098887548,20,16,19,21,44,80,narrow,path,20,uniform,"{""kind"": ""categorical"", ""probs"": [0.75, 0.25], ""values"": [1, 2]}",uniform,24,background,beam_local_capped,A narrow observed tree and short template path favor local transitions; the cap is expected to remove occasional high-degree bursts.,100,79,30,1,22,1,28.666666666666668,True,exact_agreement,2,6.357828787884046e-07,2.8666666666666668e-05,1.0,6.357828787884046e-07,1.0,100.0,True,0.38978365197233483,0.403891157529546,0.5609270931042638,0.5753881351319015,,,,,,,,,,,,,,,,,,,,,,
narrow_tree_path_size,size,narrow_tree_to_path,n2000,query_tree_nodes,2000.0,narrow_tree_path_size__n2000,0,beam_partial_score,generic,False,"{""beam_balance_penalty"": 0.0, ""beam_candidate_future_weight"": 0.0, ""beam_expansion_width"": 64, ""beam_gap_penalty"": 0.0, ""beam_lookahead"": false, ""beam_n_restarts"": 1, ""beam_priority_future_weight"": 0.0, ""beam_priority_length_weight"": 0.0, ""beam_random_fraction"": 0.0, ""beam_rarity_weight"": 0.0, ""beam_symmetric"": false, ""beam_width"": 200, ""candidate_select_mode"": ""first"", ""method"": ""beam"", ""seed"": 0}",jaccard,2000,80,160000,15578,5.2,14.0,ok,,14.0,1.3659882824867964e-06,7.902999641373754e-06,1.134590401983587,1.130038556002546,1.1382576530158985,1.1342955370006773,1.1323144789930666,1.1364240274997428,0.0041174747051238286,0.0036672510323114693,3.0,"[1.130038556002546, 1.1382576530158985, 1.134590401983587]",1.1345917679718696,3.0,1.0,14.0,0.0,0.0,0.05263157894736842,0.0,beam_partial,2000.0,80.0,0.0,0.013925230014137924,1.1099194773414638,0.014170664682751521,6.237998604774475e-06,1.1387415670033079,73162.0,36887.0,36887.0,,36887.0,6052.0,2220.0,200.0,18.0,1.0,1.0,14.0,14.0,True,beam_fit,2000.0,80.0,6.80901575833559e-06,0.0,0.0,0.0,0.0,6.80901575833559e-06,0.0,,,,,,,,,1.0,1.0,,,2.229004167020321e-06,1.1326091410010122,1.1326113700051792,14.0,14.0,0.0,isolated,1,True,1200.0,7.050512232002802,6.80091210899991,0.24960012300289236,153870336.0,146.7421875,resource.ru_maxrss_kib_converted_to_bytes,0.0,"{""BLIS_NUM_THREADS"": ""1"", ""MKL_DYNAMIC"": ""FALSE"", ""MKL_NUM_THREADS"": ""1"", ""NUMBA_NUM_THREADS"": ""1"", ""NUMEXPR_NUM_THREADS"": ""1"", ""OMP_DYNAMIC"": ""FALSE"", ""OMP_NUM_THREADS"": ""1"", ""OPENBLAS_NUM_THREADS"": ""1"", ""PYTHONHASHSEED"": ""0"", ""VECLIB_MAXIMUM_THREADS"": ""1""}",tree_path,3,1,0,0.02717396098887548,20,16,19,21,44,80,narrow,path,20,uniform,"{""kind"": ""categorical"", ""probs"": [0.75, 0.25], ""values"": [1, 2]}",uniform,24,background,beam_local_capped,A narrow observed tree and short template path favor local transitions; the cap is expected to remove occasional high-degree bursts.,100,79,30,1,22,1,28.666666666666668,True,exact_agreement,2,6.357828787884046e-07,2.8666666666666668e-05,0.4883720930232558,14.666666666666668,0.4883720930232558,48.837209302325576,True,0.04532686323910731,0.046967838566906124,0.08295453761157294,0.08569426740712002,,,,,,,,,,,,,,,,,,10455.0,0.0,[14.0],0.0,"{""beam_width"": 200, ""expansion_width"": 64, ""label_pair_preprocessing_score_evaluations"": 10455, ""lookahead_enabled"": false, ""maximum_matching_length"": 80, ""positive_label_pair_types"": 1751, ""state_pool_size"": 36888}"
narrow_tree_path_size,size,narrow_tree_to_path,n2000,query_tree_nodes,2000.0,narrow_tree_path_size__n2000,0,beam_local,generic,False,"{""beam_local_child_cap"": null, ""beam_width"": 200, ""method"": ""beam_local""}",jaccard,2000,80,160000,15578,5.2,28.666666666666668,ok,,28.666666666666668,1.088978024199605e-06,7.446011295542121e-06,0.08641013200394809,0.08630099499714561,0.08654992599622346,0.08642035099910572,0.08635556350054685,0.08648002900008578,0.0001247797318157027,0.00010913700680248439,3.0,"[0.08630099499714561, 0.08654992599622346, 0.08641013200394809]",0.08641122098197229,3.0,1.0,37.0,0.0,0.0,0.05263157894736842,0.42857142857142855,beam_local,2000.0,80.0,0.0,0.0002670399844646454,0.07973802290507592,0.013576509081758559,1.19420001283288e-05,0.09407959302188829,32126.0,32126.0,3082.0,,96571.0,35188.0,32324.0,200.0,182.0,1.0,1.0,28.666666666666668,37.0,True,beam_local_fit,2000.0,80.0,6.414978997781873e-06,0.0,0.0,0.0,0.0,6.414978997781873e-06,0.0,,,,,,,,,1.0,1.0,,,2.1059822756797075e-06,0.08690111801843159,0.08690322400070727,28.666666666666668,28.666666666666668,0.0,isolated,1,True,1200.0,0.772875771013787,0.52691102999961,0.24596474101417698,153870336.0,146.7421875,resource.ru_maxrss_kib_converted_to_bytes,0.0,"{""BLIS_NUM_THREADS"": ""1"", ""MKL_DYNAMIC"": ""FALSE"", ""MKL_NUM_THREADS"": ""1"", ""NUMBA_NUM_THREADS"": ""1"", ""NUMEXPR_NUM_THREADS"": ""1"", ""OMP_DYNAMIC"": ""FALSE"", ""OMP_NUM_THREADS"": ""1"", ""OPENBLAS_NUM_THREADS"": ""1"", ""PYTHONHASHSEED"": ""0"", ""VECLIB_MAXIMUM_THREADS"": ""1""}",tree_path,2,2,0,0.02717396098887548,20,16,19,21,44,80,narrow,path,20,uniform,"{""kind"": ""categorical"", ""probs"": [0.75, 0.25], ""values"": [1, 2]}",uniform,24,background,beam_local_capped,A narrow observed tree and short template path favor local transitions; the cap is expected to remove occasional high-degree bursts.,100,79,30,1,22,1,28.666666666666668,True,exact_agreement,2,6.357828787884046e-07,2.8666666666666668e-05,1.0,0.0,1.0,100.0,True,0.5951550216445002,0.6166944800902763,0.7462033640228075,0.7629078810930808,200.0,,181.0,32325.0,,,,,,,,,,,,,,,,,,
narrow_tree_path_size,size,narrow_tree_to_path,n2000,query_tree_nodes,2000.0,narrow_tree_path_size__n2000,0,sparse_chain,generic_sparse,True,"{""method"": ""sparse_chain""}",jaccard,2000,80,160000,15578,5.2,28.666666666666668,ok,,28.666666666666668,0.0018618990143295377,0.0019005420035682619,0.05142742398311384,0.05134389299200848,0.05154885002411902,0.05144005566641378,0.05138565848756116,0.05148813700361643,0.00010306073849984245,8.353099110536277e-05,3.0,"[0.05142742398311384, 0.05134389299200848, 0.05154885002411902]",0.05328932299744338,3.0,1.0,37.0,0.0625,0.02702702702702703,0.05263157894736842,0.42857142857142855,sparse_chain,2000.0,80.0,0.0,0.005064658995252103,0.02074336100486107,0.02763410797342658,2.68299481831491e-06,0.05397715498111211,15427.0,15427.0,15427.0,,,,,,,1.0,1.0,28.666666666666668,37.0,True,sparse_chain_fit,2000.0,80.0,0.0018987759831361473,0.0,0.0,0.0,0.0,0.0018987759831361473,0.0,,,,,,,,,1.0,1.0,,,0.0021366880100686103,0.053432468994287774,0.055569157004356384,28.666666666666668,28.666666666666668,0.0,isolated,1,True,1200.0,0.5808219560130965,0.332462141988799,0.24835981402429752,153870336.0,146.7421875,resource.ru_maxrss_kib_converted_to_bytes,0.0,"{""BLIS_NUM_THREADS"": ""1"", ""MKL_DYNAMIC"": ""FALSE"", ""MKL_NUM_THREADS"": ""1"", ""NUMBA_NUM_THREADS"": ""1"", ""NUMEXPR_NUM_THREADS"": ""1"", ""OMP_DYNAMIC"": ""FALSE"", ""OMP_NUM_THREADS"": ""1"", ""OPENBLAS_NUM_THREADS"": ""1"", ""PYTHONHASHSEED"": ""0"", ""VECLIB_MAXIMUM_THREADS"": ""1""}",tree_path,1,3,0,0.02717396098887548,20,16,19,21,44,80,narrow,path,20,uniform,"{""kind"": ""categorical"", ""probs"": [0.75, 0.25], ""values"": [1, 2]}",uniform,24,background,beam_local_capped,A narrow observed tree and short template path favor local transitions; the cap is expected to remove occasional high-degree bursts.,100,79,30,1,22,1,28.666666666666668,True,exact_agreement,2,6.357828787884046e-07,2.8666666666666668e-05,1.0,0.0,1.0,100.0,True,1.0,1.0,1.0,1.0,,,,,15427.0,15427.0,True,15139.0,56234.0,1118.0,15427.0,19286.0,False,,,,,,,,,
narrow_tree_path_size,size,narrow_tree_to_path,n2000,query_tree_nodes,2000.0,narrow_tree_path_size__n2000,1,beam_partial_score,generic,False,"{""beam_balance_penalty"": 0.0, ""beam_candidate_future_weight"": 0.0, ""beam_expansion_width"": 64, ""beam_gap_penalty"": 0.0, ""beam_lookahead"": false, ""beam_n_restarts"": 1, ""beam_priority_future_weight"": 0.0, ""beam_priority_length_weight"": 0.0, ""beam_random_fraction"": 0.0, ""beam_rarity_weight"": 0.0, ""beam_symmetric"": false, ""beam_width"": 200, ""candidate_select_mode"": ""first"", ""method"": ""beam"", ""seed"": 0}",jaccard,2000,80,160000,14935,6.783333333333333,16.833333333333332,ok,,16.833333333333332,2.129003405570984e-06,8.874019840732217e-06,1.4115103369986173,1.4096344450081233,1.4126241150079295,1.41125629900489,1.4105723910033703,1.4120672260032734,0.0015109378391012789,0.0011137780093122274,3.0,"[1.4096344450081233, 1.4115103369986173, 1.4126241150079295]",1.4115124660020228,3.0,1.0,21.0,0.0,0.0,0.043478260869565216,0.14285714285714285,beam_partial,2000.0,80.0,0.0,0.013428393023787066,1.3899099764530547,0.020533022528979927,7.3529954534024e-06,1.4249278159986716,128674.0,58680.0,58680.0,,58680.0,6982.0,2805.0,200.0,22.0,1.0,1.0,16.833333333333332,21.0,True,beam_fit,2000.0,80.0,7.82302231527865e-06,0.0,0.0,0.0,0.0,7.82302231527865e-06,0.0,,,,,,,,,1.0,1.0,,,2.273998688906431e-06,1.411878990009427,1.411881264008116,16.833333333333332,16.833333333333332,0.0,isolated,1,True,1200.0,8.729249759984668,8.48224503500387,0.24700472498079762,153870336.0,146.7421875,resource.ru_maxrss_kib_converted_to_bytes,0.0,"{""BLIS_NUM_THREADS"": ""1"", ""MKL_DYNAMIC"": ""FALSE"", ""MKL_NUM_THREADS"": ""1"", ""NUMBA_NUM_THREADS"": ""1"", ""NUMEXPR_NUM_THREADS"": ""1"", ""OMP_DYNAMIC"": ""FALSE"", ""OMP_NUM_THREADS"": ""1"", ""OPENBLAS_NUM_THREADS"": ""1"", ""PYTHONHASHSEED"": ""0"", ""VECLIB_MAXIMUM_THREADS"": ""1""}",tree_path,3,0,0,0.030618902994319797,20,20,23,21,27,80,narrow,path,20,uniform,"{""kind"": ""categorical"", ""probs"": [0.75, 0.25], ""values"": [1, 2]}",uniform,24,background,beam_local_capped,A narrow observed tree and short template path favor local transitions; the cap is expected to remove occasional high-degree bursts.,100,79,29,1,26,1,26.833335876464844,True,exact_agreement,2,2.5431315151536182e-06,2.6833335876464844e-05,0.6273291330914105,10.000002543131512,0.6273291330914105,62.73291330914105,True,0.03499497362270842,0.03631076611655222,0.06629191431428978,0.06864807693741014,,,,,,,,,,,,,,,,,,9430.0,0.0,[16.833333333333332],0.0,"{""beam_width"": 200, ""expansion_width"": 64, ""label_pair_preprocessing_score_evaluations"": 9430, ""lookahead_enabled"": false, ""maximum_matching_length"": 80, ""positive_label_pair_types"": 1566, ""state_pool_size"": 58681}"
narrow_tree_path_size,size,narrow_tree_to_path,n2000,query_tree_nodes,2000.0,narrow_tree_path_size__n2000,1,beam_local,generic,False,"{""beam_local_child_cap"": null, ""beam_width"": 200, ""method"": ""beam_local""}",jaccard,2000,80,160000,14935,6.783333333333333,26.83333333333333,ok,,26.833333333333332,1.2429954949766397e-06,7.3699920903891325e-06,0.08461974901729263,0.0844275489798747,0.08470879701781087,0.08458536500499274,0.08452364899858367,0.08466427301755175,0.0001437421647851302,8.904800051823258e-05,3.0,"[0.0844275489798747, 0.08461974901729263, 0.08470879701781087]",0.08462099201278761,3.0,1.0,40.0,0.05,0.025,0.043478260869565216,0.6190476190476191,beam_local,2000.0,80.0,0.0,0.0002637020079419017,0.07750162109732628,0.013535784906707704,1.3277021935209632e-05,0.09178473701467738,31594.0,31594.0,2911.0,,95125.0,35160.0,31944.0,200.0,182.0,1.0,1.0,26.83333333333333,40.0,True,beam_local_fit,2000.0,80.0,6.529997335746884e-06,0.0,0.0,0.0,0.0,6.529997335746884e-06,0.0,,,,,,,,,1.0,1.0,,,2.267013769596815e-06,0.08452034500078298,0.08452261201455258,26.83333333333333,26.833333333333332,0.0,isolated,1,True,1200.0,0.7633136830118019,0.5154223279969301,0.2478913550148718,153870336.0,146.7421875,resource.ru_maxrss_kib_converted_to_bytes,0.0,"{""BLIS_NUM_THREADS"": ""1"", ""MKL_DYNAMIC"": ""FALSE"", ""MKL_NUM_THREADS"": ""1"", ""NUMBA_NUM_THREADS"": ""1"", ""NUMEXPR_NUM_THREADS"": ""1"", ""OMP_DYNAMIC"": ""FALSE"", ""OMP_NUM_THREADS"": ""1"", ""OPENBLAS_NUM_THREADS"": ""1"", ""PYTHONHASHSEED"": ""0"", ""VECLIB_MAXIMUM_THREADS"": ""1""}",tree_path,2,1,0,0.030618902994319797,20,20,23,21,27,80,narrow,path,20,uniform,"{""kind"": ""categorical"", ""probs"": [0.75, 0.25], ""values"": [1, 2]}",uniform,24,background,beam_local_capped,A narrow observed tree and short template path favor local transitions; the cap is expected to remove occasional high-degree bursts.,100,79,29,1,26,1,26.833335876464844,True,exact_agreement,2,2.5431315151536182e-06,2.6833335876464844e-05,1.0,2.5431315151536182e-06,1.0,100.0,True,0.5837380467927471,0.6056783051639496,0.7371648966505341,0.7544204878599342,200.0,,181.0,31945.0,,,,,,,,,,,,,,,,,,
narrow_tree_path_size,size,narrow_tree_to_path,n2000,query_tree_nodes,2000.0,narrow_tree_path_size__n2000,1,sparse_chain,generic_sparse,True,"{""method"": ""sparse_chain""}",jaccard,2000,80,160000,14935,6.783333333333333,26.83333333333333,ok,,26.833333333333332,0.0018573320121504366,0.0018760759849101305,0.04939576701144688,0.049098396993940696,0.049592271010624245,0.049362145005337275,0.04924708200269379,0.04949401901103556,0.0002486477740899992,0.0001965039991773665,3.0,"[0.049592271010624245, 0.04939576701144688, 0.049098396993940696]",0.051253099023597315,3.0,1.0,40.0,0.05,0.025,0.043478260869565216,0.5714285714285714,sparse_chain,2000.0,80.0,0.0,0.004754026012960821,0.019814778002910316,0.026516476005781442,4.215020453557372e-06,0.05163186299614608,14804.0,14804.0,14804.0,,,,,,,1.0,1.0,26.83333333333333,40.0,True,sparse_chain_fit,2000.0,80.0,0.001874427980510518,0.0,0.0,0.0,0.0,0.001874427980510518,0.0,,,,,,,,,1.0,1.0,,,0.0021781540126539767,0.05174699900089763,0.05392515301355161,26.83333333333333,26.833333333333332,0.0,isolated,1,True,1200.0,0.567094822996296,0.3200356280140113,0.24705919498228468,153870336.0,146.7421875,resource.ru_maxrss_kib_converted_to_bytes,0.0,"{""BLIS_NUM_THREADS"": ""1"", ""MKL_DYNAMIC"": ""FALSE"", ""MKL_NUM_THREADS"": ""1"", ""NUMBA_NUM_THREADS"": ""1"", ""NUMEXPR_NUM_THREADS"": ""1"", ""OMP_DYNAMIC"": ""FALSE"", ""OMP_NUM_THREADS"": ""1"", ""OPENBLAS_NUM_THREADS"": ""1"", ""PYTHONHASHSEED"": ""0"", ""VECLIB_MAXIMUM_THREADS"": ""1""}",tree_path,1,2,0,0.030618902994319797,20,20,23,21,27,80,narrow,path,20,uniform,"{""kind"": ""categorical"", ""probs"": [0.75, 0.25], ""values"": [1, 2]}",uniform,24,background,beam_local_capped,A narrow observed tree and short template path favor local transitions; the cap is expected to remove occasional high-degree bursts.,100,79,29,1,26,1,26.833335876464844,True,exact_agreement,2,2.5431315151536182e-06,2.6833335876464844e-05,1.0,2.5431315151536182e-06,1.0,100.0,True,1.0,1.0,1.0,1.0,,,,,14804.0,14804.0,True,14422.0,51788.0,1186.0,14804.0,19638.0,False,,,,,,,,,
narrow_tree_path_size,size,narrow_tree_to_path,n2000,query_tree_nodes,2000.0,narrow_tree_path_size__n2000,1,exact_dense,generic,True,"{""method"": ""exact""}",jaccard,2000,80,160000,14935,6.783333333333333,26.833335876464844,ok,,26.833333333333332,1.421984052285552e-06,8.421018719673157e-06,0.1296550550032407,0.12951083199004643,0.13098261298728175,0.13004949999352297,0.12958294349664357,0.13031883399526123,0.0008113106456375584,0.00014422301319427788,3.0,"[0.13098261298728175, 0.1296550550032407, 0.12951083199004643]",0.129656476987293,3.0,1.0,40.0,0.05,0.025,0.043478260869565216,0.6190476190476191,exact_dense,2000.0,80.0,0.0,2.2752996301278472e-05,0.0,0.1310335480084177,0.0001340449962299317,0.1312150759913493,160000.0,,14804.0,160000.0,,,,,,1.0,1.0,26.833335876464844,40.0,True,exact_fit,2000.0,80.0,7.508002454414964e-06,0.0,0.0,0.0,0.0,7.508002454414964e-06,0.0,,,,,,,,,1.0,1.0,,,2.196000423282385e-06,0.13127743700169958,0.13127963300212286,26.833335876464844,26.833333333333332,0.0,isolated,1,True,1200.0,1.0290043670102023,0.7830540889990516,0.24595027801115066,153870336.0,146.7421875,resource.ru_maxrss_kib_converted_to_bytes,0.0,"{""BLIS_NUM_THREADS"": ""1"", ""MKL_DYNAMIC"": ""FALSE"", ""MKL_NUM_THREADS"": ""1"", ""NUMBA_NUM_THREADS"": ""1"", ""NUMEXPR_NUM_THREADS"": ""1"", ""OMP_DYNAMIC"": ""FALSE"", ""OMP_NUM_THREADS"": ""1"", ""OPENBLAS_NUM_THREADS"": ""1"", ""PYTHONHASHSEED"": ""0"", ""VECLIB_MAXIMUM_THREADS"": ""1""}",tree_path,0,3,0,0.030618902994319797,20,20,23,21,27,80,narrow,path,20,uniform,"{""kind"": ""categorical"", ""probs"": [0.75, 0.25], ""values"": [1, 2]}",uniform,24,background,beam_local_capped,A narrow observed tree and short template path favor local transitions; the cap is expected to remove occasional high-degree bursts.,100,79,29,1,26,1,26.833335876464844,True,exact_agreement,2,2.5431315151536182e-06,2.6833335876464844e-05,1.0,0.0,1.0,100.0,True,0.3809783352466453,0.39529917991386104,0.5517513570241518,0.5666156557739321,,,,,,,,,,,,,,,,,,,,,,
narrow_tree_path_size,size,narrow_tree_to_path,n2000,query_tree_nodes,2000.0,narrow_tree_path_size__n2000,2,beam_local,generic,False,"{""beam_local_child_cap"": null, ""beam_width"": 200, ""method"": ""beam_local""}",jaccard,2000,80,160000,15360,7.866666666666666,26.666666666666664,ok,,26.666666666666668,1.4620018191635609e-06,8.133996743708849e-06,0.08863534301053733,0.0884713790146634,0.08871333202114329,0.08860668468211468,0.08855336101260036,0.0886743375158403,0.00012349610996768243,7.798901060596108e-05,3.0,"[0.08871333202114329, 0.0884713790146634, 0.08863534301053733]",0.08863680501235649,3.0,1.0,36.0,0.043478260869565216,0.027777777777777776,0.043478260869565216,0.4166666666666667,beam_local,2000.0,80.0,0.0,0.0002693959977477789,0.08194714796263725,0.014311740029370412,1.3405020581558347e-05,0.09707613498903811,32426.0,32426.0,2984.0,,97835.0,35677.0,32988.0,200.0,182.0,1.0,1.0,26.666666666666664,36.0,True,beam_local_fit,2000.0,80.0,7.055001333355904e-06,0.0,0.0,0.0,0.0,7.055001333355904e-06,0.0,,,,,,,,,1.0,1.0,,,2.315995516255498e-06,0.0878169979841914,0.08781931397970766,26.666666666666664,26.666666666666668,0.0,isolated,1,True,1200.0,0.7860155200178269,0.5399700349953491,0.2460454850224778,153870336.0,146.7421875,resource.ru_maxrss_kib_converted_to_bytes,0.0,"{""BLIS_NUM_THREADS"": ""1"", ""MKL_DYNAMIC"": ""FALSE"", ""MKL_NUM_THREADS"": ""1"", ""NUMBA_NUM_THREADS"": ""1"", ""NUMEXPR_NUM_THREADS"": ""1"", ""OMP_DYNAMIC"": ""FALSE"", ""OMP_NUM_THREADS"": ""1"", ""OPENBLAS_NUM_THREADS"": ""1"", ""PYTHONHASHSEED"": ""0"", ""VECLIB_MAXIMUM_THREADS"": ""1""}",tree_path,2,0,0,0.030222061002859846,20,23,23,24,99,80,narrow,path,20,uniform,"{""kind"": ""categorical"", ""probs"": [0.75, 0.25], ""values"": [1, 2]}",uniform,24,background,beam_local_capped,A narrow observed tree and short template path favor local transitions; the cap is expected to remove occasional high-degree bursts.,100,79,30,1,11,1,27.58333396911621,True,exact_agreement,2,6.357828787884046e-07,2.758333396911621e-05,0.966767349317675,0.9166673024495466,0.966767349317675,96.6767349317675,True,0.5707677012344924,0.5919092296297931,0.7177717053025201,0.7342620331823799,200.0,,181.0,32989.0,,,,,,,,,,,,,,,,,,
narrow_tree_path_size,size,narrow_tree_to_path,n2000,query_tree_nodes,2000.0,narrow_tree_path_size__n2000,2,sparse_chain,generic_sparse,True,"{""method"": ""sparse_chain""}",jaccard,2000,80,160000,15360,7.866666666666666,27.583333333333332,ok,,27.583333333333332,0.0018747519934549928,0.0019050130213145167,0.05059019097825512,0.05014750998816453,0.051048838009592146,0.05059551299200393,0.050368850483209826,0.050819514493923634,0.0004506875785124462,0.0004426809900905937,3.0,"[0.051048838009592146, 0.05014750998816453, 0.05059019097825512]",0.052464942971710116,3.0,1.0,39.0,0.043478260869565216,0.02564102564102564,0.043478260869565216,0.5,sparse_chain,2000.0,80.0,0.0,0.004840225010411814,0.020241457998054102,0.027109555987408385,2.896995283663273e-06,0.052697967999847606,15237.0,15237.0,15237.0,,,,,,,1.0,1.0,27.583333333333332,39.0,True,sparse_chain_fit,2000.0,80.0,0.0019033440039493144,0.0,0.0,0.0,0.0,0.0019033440039493144,0.0,,,,,,,,,1.0,1.0,,,0.0021419840049929917,0.05347283199080266,0.05561481599579565,27.583333333333332,27.583333333333332,0.0,isolated,1,True,1200.0,0.5767702920129523,0.3278643520025071,0.2489059400104452,153870336.0,146.7421875,resource.ru_maxrss_kib_converted_to_bytes,0.0,"{""BLIS_NUM_THREADS"": ""1"", ""MKL_DYNAMIC"": ""FALSE"", ""MKL_NUM_THREADS"": ""1"", ""NUMBA_NUM_THREADS"": ""1"", ""NUMEXPR_NUM_THREADS"": ""1"", ""OMP_DYNAMIC"": ""FALSE"", ""OMP_NUM_THREADS"": ""1"", ""OPENBLAS_NUM_THREADS"": ""1"", ""PYTHONHASHSEED"": ""0"", ""VECLIB_MAXIMUM_THREADS"": ""1""}",tree_path,1,1,0,0.030222061002859846,20,23,23,24,99,80,narrow,path,20,uniform,"{""kind"": ""categorical"", ""probs"": [0.75, 0.25], ""values"": [1, 2]}",uniform,24,background,beam_local_capped,A narrow observed tree and short template path favor local transitions; the cap is expected to remove occasional high-degree bursts.,100,79,30,1,11,1,27.58333396911621,True,exact_agreement,2,6.357828787884046e-07,2.758333396911621e-05,1.0,6.357828787884046e-07,1.0,100.0,True,1.0,1.0,1.0,1.0,,,,,15237.0,15237.0,True,14976.0,54830.0,1222.0,15237.0,19919.0,False,,,,,,,,,
narrow_tree_path_size,size,narrow_tree_to_path,n2000,query_tree_nodes,2000.0,narrow_tree_path_size__n2000,2,exact_dense,generic,True,"{""method"": ""exact""}",jaccard,2000,80,160000,15360,7.866666666666666,27.58333396911621,ok,,27.583333333333332,1.3950048014521599e-06,8.69302311912179e-06,0.13140419099363498,0.13084289198741317,0.1319157609832473,0.13138761465476514,0.13112354149052408,0.13165997598844115,0.0005366265478088889,0.000511569989612326,3.0,"[0.13140419099363498, 0.13084289198741317, 0.1319157609832473]",0.13140558599843644,3.0,1.0,39.0,0.043478260869565216,0.02564102564102564,0.043478260869565216,0.4583333333333333,exact_dense,2000.0,80.0,0.0,2.5092012947425246e-05,0.0,0.13303511901176535,0.00014249800005927682,0.1332275829918217,160000.0,,15237.0,160000.0,,,,,,1.0,1.0,27.58333396911621,39.0,True,exact_fit,2000.0,80.0,7.561990059912205e-06,0.0,0.0,0.0,0.0,7.561990059912205e-06,0.0,,,,,,,,,1.0,1.0,,,2.1830201148986816e-06,0.13287304001278244,0.13287522303289734,27.58333396911621,27.583333333333332,0.0,isolated,1,True,1200.0,1.0402236499940045,0.791432544006966,0.24879110598703846,153870336.0,146.7421875,resource.ru_maxrss_kib_converted_to_bytes,0.0,"{""BLIS_NUM_THREADS"": ""1"", ""MKL_DYNAMIC"": ""FALSE"", ""MKL_NUM_THREADS"": ""1"", ""NUMBA_NUM_THREADS"": ""1"", ""NUMEXPR_NUM_THREADS"": ""1"", ""OMP_DYNAMIC"": ""FALSE"", ""OMP_NUM_THREADS"": ""1"", ""OPENBLAS_NUM_THREADS"": ""1"", ""PYTHONHASHSEED"": ""0"", ""VECLIB_MAXIMUM_THREADS"": ""1""}",tree_path,0,2,0,0.030222061002859846,20,23,23,24,99,80,narrow,path,20,uniform,"{""kind"": ""categorical"", ""probs"": [0.75, 0.25], ""values"": [1, 2]}",uniform,24,background,beam_local_capped,A narrow observed tree and short template path favor local transitions; the cap is expected to remove occasional high-degree bursts.,100,79,30,1,11,1,27.58333396911621,True,exact_agreement,2,6.357828787884046e-07,2.758333396911621e-05,1.0,0.0,1.0,100.0,True,0.38499678431645784,0.3992596096511025,0.5559533259226541,0.57067267131459,,,,,,,,,,,,,,,,,,,,,,
narrow_tree_path_size,size,narrow_tree_to_path,n2000,query_tree_nodes,2000.0,narrow_tree_path_size__n2000,2,beam_partial_score,generic,False,"{""beam_balance_penalty"": 0.0, ""beam_candidate_future_weight"": 0.0, ""beam_expansion_width"": 64, ""beam_gap_penalty"": 0.0, ""beam_lookahead"": false, ""beam_n_restarts"": 1, ""beam_priority_future_weight"": 0.0, ""beam_priority_length_weight"": 0.0, ""beam_random_fraction"": 0.0, ""beam_rarity_weight"": 0.0, ""beam_symmetric"": false, ""beam_width"": 200, ""candidate_select_mode"": ""first"", ""method"": ""beam"", ""seed"": 0}",jaccard,2000,80,160000,15360,7.866666666666666,11.333333333333334,ok,,11.333333333333334,1.7880229279398918e-06,8.246017387136817e-06,0.9091466240060981,0.9050468330096919,0.9096357729868032,0.907943076667531,0.907096728507895,0.9093911984964507,0.0025201165003847403,0.0004891489807050675,3.0,"[0.9091466240060981, 0.9096357729868032, 0.9050468330096919]",0.9091484120290261,3.0,1.0,13.0,0.0,0.0,0.0,0.08333333333333333,beam_partial,2000.0,80.0,0.0,0.014622999995481223,0.8878266747051384,0.011607450287556276,4.906993126496673e-06,0.9147912340122275,53069.0,31509.0,31509.0,,31509.0,4896.0,1799.0,200.0,15.0,1.0,1.0,11.333333333333334,13.0,True,beam_fit,2000.0,80.0,7.288996130228043e-06,0.0,0.0,0.0,0.0,7.288996130228043e-06,0.0,,,,,,,,,1.0,1.0,,,2.2109888959676027e-06,0.9054130440053996,0.9054152549942955,11.333333333333334,11.333333333333334,0.0,isolated,1,True,1200.0,5.701647668000078,5.457423458021367,0.24422420997871086,153870336.0,146.7421875,resource.ru_maxrss_kib_converted_to_bytes,0.0,"{""BLIS_NUM_THREADS"": ""1"", ""MKL_DYNAMIC"": ""FALSE"", ""MKL_NUM_THREADS"": ""1"", ""NUMBA_NUM_THREADS"": ""1"", ""NUMEXPR_NUM_THREADS"": ""1"", ""OMP_DYNAMIC"": ""FALSE"", ""OMP_NUM_THREADS"": ""1"", ""OPENBLAS_NUM_THREADS"": ""1"", ""PYTHONHASHSEED"": ""0"", ""VECLIB_MAXIMUM_THREADS"": ""1""}",tree_path,3,3,0,0.030222061002859846,20,23,23,24,99,80,narrow,path,20,uniform,"{""kind"": ""categorical"", ""probs"": [0.75, 0.25], ""values"": [1, 2]}",uniform,24,background,beam_local_capped,A narrow observed tree and short template path favor local transitions; the cap is expected to remove occasional high-degree bursts.,100,79,30,1,11,1,27.58333396911621,True,exact_agreement,2,6.357828787884046e-07,2.758333396911621e-05,0.41087612346001195,16.250000635782875,0.41087612346001195,41.087612346001194,True,0.055645799744965876,0.05770778706484182,0.09801696061343745,0.10120173275305153,,,,,,,,,,,,,,,,,,10800.0,0.0,[11.333333333333334],0.0,"{""beam_width"": 200, ""expansion_width"": 64, ""label_pair_preprocessing_score_evaluations"": 10800, ""lookahead_enabled"": false, ""maximum_matching_length"": 80, ""positive_label_pair_types"": 1745, ""state_pool_size"": 31510}"
narrow_tree_path_size,size,narrow_tree_to_path,n2000,query_tree_nodes,2000.0,narrow_tree_path_size__n2000,3,sparse_chain,generic_sparse,True,"{""method"": ""sparse_chain""}",jaccard,2000,80,160000,15359,5.616666666666666,27.16666666666666,ok,,27.166666666666668,0.0018448800256010145,0.001856540999142453,0.05065160300000571,0.05060890599270351,0.05076533299870789,0.0506752806638057,0.05063025449635461,0.0507084679993568,8.0856823299847e-05,4.2697007302194834e-05,3.0,"[0.05065160300000571, 0.05076533299870789, 0.05060890599270351]",0.05249648302560672,3.0,1.0,35.0,0.0,0.0,0.0,0.35,sparse_chain,2000.0,80.0,0.0,0.005094732012366876,0.020374696992803365,0.027234281005803496,2.8130016289651394e-06,0.053239480999764055,15227.0,15227.0,15227.0,,,,,,,1.0,1.0,27.16666666666666,35.0,True,sparse_chain_fit,2000.0,80.0,0.0018549170054029673,0.0,0.0,0.0,0.0,0.0018549170054029673,0.0,,,,,,,,,1.0,1.0,,,0.002068340021651238,0.05285688998992555,0.05492523001157679,27.16666666666666,27.166666666666668,0.0,isolated,1,True,1200.0,0.5788565279799514,0.32835861199419014,0.2504979159857612,153870336.0,146.7421875,resource.ru_maxrss_kib_converted_to_bytes,0.0,"{""BLIS_NUM_THREADS"": ""1"", ""MKL_DYNAMIC"": ""FALSE"", ""MKL_NUM_THREADS"": ""1"", ""NUMBA_NUM_THREADS"": ""1"", ""NUMEXPR_NUM_THREADS"": ""1"", ""OMP_DYNAMIC"": ""FALSE"", ""OMP_NUM_THREADS"": ""1"", ""OPENBLAS_NUM_THREADS"": ""1"", ""PYTHONHASHSEED"": ""0"", ""VECLIB_MAXIMUM_THREADS"": ""1""}",tree_path,1,0,0,0.03141431001131423,20,18,22,20,52,80,narrow,path,20,uniform,"{""kind"": ""categorical"", ""probs"": [0.75, 0.25], ""values"": [1, 2]}",uniform,24,background,beam_local_capped,A narrow observed tree and short template path favor local transitions; the cap is expected to remove occasional high-degree bursts.,100,79,38,1,18,1,27.166669845581055,True,exact_agreement,2,3.178914393942023e-06,2.7166669845581052e-05,1.0,3.178914393942023e-06,1.0,100.0,True,1.0,1.0,1.0,1.0,,,,,15227.0,15227.0,True,15081.0,53367.0,1203.0,15227.0,21397.0,False,,,,,,,,,
narrow_tree_path_size,size,narrow_tree_to_path,n2000,query_tree_nodes,2000.0,narrow_tree_path_size__n2000,3,exact_dense,generic,True,"{""method"": ""exact""}",jaccard,2000,80,160000,15359,5.616666666666666,27.166669845581055,ok,,27.166666666666668,1.4249817468225956e-06,9.034993126988411e-06,0.13337600699742325,0.1313914580096025,0.1338946269825101,0.13288736399651194,0.13238373250351287,0.13363531698996667,0.0013211898854769166,0.0005186199850868434,3.0,"[0.1313914580096025, 0.13337600699742325, 0.1338946269825101]",0.13337743197917007,3.0,1.0,35.0,0.0,0.0,0.0,0.35,exact_dense,2000.0,80.0,0.0,3.020500298589468e-05,0.0,0.1336903799965512,0.0001341479946859181,0.13387594700907357,160000.0,,15227.0,160000.0,,,,,,1.0,1.0,27.166669845581055,35.0,True,exact_fit,2000.0,80.0,7.927010301500559e-06,0.0,0.0,0.0,0.0,7.927010301500559e-06,0.0,,,,,,,,,1.0,1.0,,,1.9049912225455046e-06,0.1331859159981832,0.13318782098940574,27.166669845581055,27.166666666666668,0.0,isolated,1,True,1200.0,1.0466765169985592,0.797851815004833,0.2488247019937262,153870336.0,146.7421875,resource.ru_maxrss_kib_converted_to_bytes,0.0,"{""BLIS_NUM_THREADS"": ""1"", ""MKL_DYNAMIC"": ""FALSE"", ""MKL_NUM_THREADS"": ""1"", ""NUMBA_NUM_THREADS"": ""1"", ""NUMEXPR_NUM_THREADS"": ""1"", ""OMP_DYNAMIC"": ""FALSE"", ""OMP_NUM_THREADS"": ""1"", ""OPENBLAS_NUM_THREADS"": ""1"", ""PYTHONHASHSEED"": ""0"", ""VECLIB_MAXIMUM_THREADS"": ""1""}",tree_path,0,1,0,0.03141431001131423,20,18,22,20,52,80,narrow,path,20,uniform,"{""kind"": ""categorical"", ""probs"": [0.75, 0.25], ""values"": [1, 2]}",uniform,24,background,beam_local_capped,A narrow observed tree and short template path favor local transitions; the cap is expected to remove occasional high-degree bursts.,100,79,38,1,18,1,27.166669845581055,True,exact_agreement,2,3.178914393942023e-06,2.7166669845581052e-05,1.0,0.0,1.0,100.0,True,0.37976547761685703,0.3935934456573226,0.55047830051929,0.5648612181462644,,,,,,,,,,,,,,,,,,,,,,
narrow_tree_path_size,size,narrow_tree_to_path,n2000,query_tree_nodes,2000.0,narrow_tree_path_size__n2000,3,beam_partial_score,generic,False,"{""beam_balance_penalty"": 0.0, ""beam_candidate_future_weight"": 0.0, ""beam_expansion_width"": 64, ""beam_gap_penalty"": 0.0, ""beam_lookahead"": false, ""beam_n_restarts"": 1, ""beam_priority_future_weight"": 0.0, ""beam_priority_length_weight"": 0.0, ""beam_random_fraction"": 0.0, ""beam_rarity_weight"": 0.0, ""beam_symmetric"": false, ""beam_width"": 200, ""candidate_select_mode"": ""first"", ""method"": ""beam"", ""seed"": 0}",jaccard,2000,80,160000,15359,5.616666666666666,15.833333333333334,ok,,15.833333333333334,1.4120014384388924e-06,8.708011591807008e-06,1.2983030899777077,1.2957035100262146,1.2990011489891913,1.2976692496643711,1.2970033000019612,1.2986521194834495,0.0017377919437157284,0.000698059011483565,3.0,"[1.2990011489891913, 1.2957035100262146, 1.2983030899777077]",1.2983045019791462,3.0,1.0,19.0,0.0,0.0,0.0,0.15,beam_partial,2000.0,80.0,0.0,0.013528964016586542,1.2735021507833153,0.015330761234508827,6.57601049169898e-06,1.3030371679924428,101164.0,40971.0,40971.0,,40971.0,7137.0,2549.0,200.0,20.0,1.0,1.0,15.833333333333334,19.0,True,beam_fit,2000.0,80.0,7.806986104696989e-06,0.0,0.0,0.0,0.0,7.806986104696989e-06,0.0,,,,,,,,,1.0,1.0,,,2.2049935068935156e-06,1.2924844390072394,1.2924866440007463,15.833333333333334,15.833333333333334,0.0,isolated,1,True,1200.0,8.029968187998747,7.782544212008361,0.24742397599038668,153870336.0,146.7421875,resource.ru_maxrss_kib_converted_to_bytes,0.0,"{""BLIS_NUM_THREADS"": ""1"", ""MKL_DYNAMIC"": ""FALSE"", ""MKL_NUM_THREADS"": ""1"", ""NUMBA_NUM_THREADS"": ""1"", ""NUMEXPR_NUM_THREADS"": ""1"", ""OMP_DYNAMIC"": ""FALSE"", ""OMP_NUM_THREADS"": ""1"", ""OPENBLAS_NUM_THREADS"": ""1"", ""PYTHONHASHSEED"": ""0"", ""VECLIB_MAXIMUM_THREADS"": ""1""}",tree_path,3,2,0,0.03141431001131423,20,18,22,20,52,80,narrow,path,20,uniform,"{""kind"": ""categorical"", ""probs"": [0.75, 0.25], ""values"": [1, 2]}",uniform,24,background,beam_local_capped,A narrow observed tree and short template path favor local transitions; the cap is expected to remove occasional high-degree bursts.,100,79,38,1,18,1,27.166669845581055,True,exact_agreement,2,3.178914393942023e-06,2.7166669845581052e-05,0.5828220176905043,11.33333651224772,0.5828220176905043,58.28220176905043,True,0.03901369671767123,0.04043464606768339,0.07313198940398334,0.07562278392232934,,,,,,,,,,,,,,,,,,9751.0,0.0,[15.833333333333334],0.0,"{""beam_width"": 200, ""expansion_width"": 64, ""label_pair_preprocessing_score_evaluations"": 9751, ""lookahead_enabled"": false, ""maximum_matching_length"": 80, ""positive_label_pair_types"": 1607, ""state_pool_size"": 40972}"
narrow_tree_path_size,size,narrow_tree_to_path,n2000,query_tree_nodes,2000.0,narrow_tree_path_size__n2000,3,beam_local,generic,False,"{""beam_local_child_cap"": null, ""beam_width"": 200, ""method"": ""beam_local""}",jaccard,2000,80,160000,15359,5.616666666666666,27.16666666666666,ok,,27.166666666666668,1.5880214050412178e-06,8.570990758016706e-06,0.08477631001733243,0.08434847602620721,0.08512426898232661,0.08474968500862208,0.08456239302176982,0.08495028949982952,0.0003885811961582035,0.0003479589649941772,3.0,"[0.08434847602620721, 0.08477631001733243, 0.08512426898232661]",0.08477789803873748,3.0,1.0,35.0,0.0,0.0,0.0,0.35,beam_local,2000.0,80.0,0.0,0.0002641460159793496,0.07796224576304667,0.012840303214034066,1.18750031106174e-05,0.09155882301274687,31489.0,31489.0,3071.0,,94872.0,33960.0,31899.0,200.0,182.0,1.0,1.0,27.16666666666666,35.0,True,beam_local_fit,2000.0,80.0,7.530994480475783e-06,0.0,0.0,0.0,0.0,7.530994480475783e-06,0.0,,,,,,,,,1.0,1.0,,,2.415996277704835e-06,0.08486183898639865,0.08486425498267636,27.16666666666666,27.166666666666668,0.0,isolated,1,True,1200.0,0.7683295749884564,0.5157278580009006,0.25260171698755585,153870336.0,146.7421875,resource.ru_maxrss_kib_converted_to_bytes,0.0,"{""BLIS_NUM_THREADS"": ""1"", ""MKL_DYNAMIC"": ""FALSE"", ""MKL_NUM_THREADS"": ""1"", ""NUMBA_NUM_THREADS"": ""1"", ""NUMEXPR_NUM_THREADS"": ""1"", ""OMP_DYNAMIC"": ""FALSE"", ""OMP_NUM_THREADS"": ""1"", ""OPENBLAS_NUM_THREADS"": ""1"", ""PYTHONHASHSEED"": ""0"", ""VECLIB_MAXIMUM_THREADS"": ""1""}",tree_path,2,3,0,0.03141431001131423,20,18,22,20,52,80,narrow,path,20,uniform,"{""kind"": ""categorical"", ""probs"": [0.75, 0.25], ""values"": [1, 2]}",uniform,24,background,beam_local_capped,A narrow observed tree and short template path favor local transitions; the cap is expected to remove occasional high-degree bursts.,100,79,38,1,18,1,27.166669845581055,True,exact_agreement,2,3.178914393942023e-06,2.7166669845581052e-05,1.0,3.178914393942023e-06,1.0,100.0,True,0.5974735511565676,0.6192236920243005,0.7480230902402083,0.7648402071614544,200.0,,181.0,31900.0,,,,,,,,,,,,,,,,,,
narrow_tree_path_size,size,narrow_tree_to_path,n5000,query_tree_nodes,5000.0,narrow_tree_path_size__n5000,0,exact_dense,generic,True,"{""method"": ""exact""}",jaccard,5000,120,600000,53631,6.033333333333333,42.166664123535156,ok,,42.166666666666664,2.027984010055661e-06,9.074981790035963e-06,0.4842237870034296,0.4797232149867341,0.48915941099403426,0.484368804328066,0.48197350099508185,0.48669159899873193,0.004719769198846532,0.004500572016695514,3.0,"[0.4797232149867341, 0.48915941099403426, 0.4842237870034296]",0.48422581498743966,3.0,1.0,54.0,0.0,0.0,0.0,0.2857142857142857,exact_dense,5000.0,120.0,0.0,0.00014243400073610246,0.0,0.48298250400694087,0.0009022399899549782,0.4842195679957513,600000.0,,53281.0,600000.0,,,,,,1.0,1.0,42.166664123535156,54.0,True,exact_fit,5000.0,120.0,8.090020855888724e-06,0.0,0.0,0.0,0.0,8.090020855888724e-06,0.0,,,,,,,,,1.0,1.0,,,2.2719905246049166e-06,0.4830368359980639,0.4830391079885885,42.166664123535156,42.166666666666664,0.0,isolated,1,True,1200.0,3.154455665004207,2.9035121549968608,0.25094351000734605,153870336.0,146.7421875,resource.ru_maxrss_kib_converted_to_bytes,0.0,"{""BLIS_NUM_THREADS"": ""1"", ""MKL_DYNAMIC"": ""FALSE"", ""MKL_NUM_THREADS"": ""1"", ""NUMBA_NUM_THREADS"": ""1"", ""NUMEXPR_NUM_THREADS"": ""1"", ""OMP_DYNAMIC"": ""FALSE"", ""OMP_NUM_THREADS"": ""1"", ""OPENBLAS_NUM_THREADS"": ""1"", ""PYTHONHASHSEED"": ""0"", ""VECLIB_MAXIMUM_THREADS"": ""1""}",tree_path,0,0,0,0.06549673900008202,20,18,21,21,25,120,narrow,path,20,uniform,"{""kind"": ""categorical"", ""probs"": [0.75, 0.25], ""values"": [1, 2]}",uniform,24,background,beam_local_capped,A narrow observed tree and short template path favor local transitions; the cap is expected to remove occasional high-degree bursts.,150,119,47,1,36,1,42.16666666666667,True,exact_agreement,2,2.5431315151536182e-06,4.216666666666667e-05,1.0,2.5431315151536182e-06,1.0,100.0,True,0.27980068442250766,0.2798035644306965,0.43725665695946064,0.4372601736816749,,,,,,,,,,,,,,,,,,,,,,
narrow_tree_path_size,size,narrow_tree_to_path,n5000,query_tree_nodes,5000.0,narrow_tree_path_size__n5000,0,beam_partial_score,generic,False,"{""beam_balance_penalty"": 0.0, ""beam_candidate_future_weight"": 0.0, ""beam_expansion_width"": 64, ""beam_gap_penalty"": 0.0, ""beam_lookahead"": false, ""beam_n_restarts"": 1, ""beam_priority_future_weight"": 0.0, ""beam_priority_length_weight"": 0.0, ""beam_random_fraction"": 0.0, ""beam_rarity_weight"": 0.0, ""beam_symmetric"": false, ""beam_width"": 200, ""candidate_select_mode"": ""first"", ""method"": ""beam"", ""seed"": 0}",jaccard,5000,120,600000,53631,6.033333333333333,25.499999999999996,ok,,25.5,1.7629936337471008e-06,1.0037998436018825e-05,3.244801307999296,3.2379550129990093,3.246767845994327,3.2431747223308776,3.2413781604991527,3.2457845769968117,0.004626104414447359,0.0019665379950311035,3.0,"[3.246767845994327, 3.2379550129990093, 3.244801307999296]",3.24480307099293,3.0,1.0,31.0,0.0,0.0,0.0,0.14285714285714285,beam_partial,5000.0,120.0,0.0,0.019420261000050232,3.1709401067637373,0.04570880625396967,1.7306010704487562e-05,3.239364018983906,384363.0,145711.0,145711.0,,145711.0,8898.0,4068.0,200.0,32.0,1.0,1.0,25.499999999999996,31.0,True,beam_fit,5000.0,120.0,8.713977877050638e-06,0.0,0.0,0.0,0.0,8.713977877050638e-06,0.0,,,,,,,,,1.0,1.0,,,2.374988980591297e-06,3.2100979030074086,3.210100277996389,25.499999999999996,25.5,0.0,isolated,1,True,1200.0,19.64373967598658,19.395790769020095,0.24794890696648508,155701248.0,148.48828125,resource.ru_maxrss_kib_converted_to_bytes,0.0,"{""BLIS_NUM_THREADS"": ""1"", ""MKL_DYNAMIC"": ""FALSE"", ""MKL_NUM_THREADS"": ""1"", ""NUMBA_NUM_THREADS"": ""1"", ""NUMEXPR_NUM_THREADS"": ""1"", ""OMP_DYNAMIC"": ""FALSE"", ""OMP_NUM_THREADS"": ""1"", ""OPENBLAS_NUM_THREADS"": ""1"", ""PYTHONHASHSEED"": ""0"", ""VECLIB_MAXIMUM_THREADS"": ""1""}",tree_path,3,1,0,0.06549673900008202,20,18,21,21,25,120,narrow,path,20,uniform,"{""kind"": ""categorical"", ""probs"": [0.75, 0.25], ""values"": [1, 2]}",uniform,24,background,beam_local_capped,A narrow observed tree and short template path favor local transitions; the cap is expected to remove occasional high-degree bursts.,150,119,47,1,36,1,42.16666666666667,True,exact_agreement,2,2.5431315151536182e-06,4.216666666666667e-05,0.6047430830039524,16.666666666666675,0.6047430830039524,60.47430830039524,True,0.04175483616923134,0.04175541814356838,0.07811610093842136,0.07811711939143,,,,,,,,,,,,,,,,,,13268.0,0.0,[25.499999999999996],0.0,"{""beam_width"": 200, ""expansion_width"": 64, ""label_pair_preprocessing_score_evaluations"": 13268, ""lookahead_enabled"": false, ""maximum_matching_length"": 120, ""positive_label_pair_types"": 2194, ""state_pool_size"": 145712}"
narrow_tree_path_size,size,narrow_tree_to_path,n5000,query_tree_nodes,5000.0,narrow_tree_path_size__n5000,0,beam_local,generic,False,"{""beam_local_child_cap"": null, ""beam_width"": 200, ""method"": ""beam_local""}",jaccard,5000,120,600000,53631,6.033333333333333,42.0,ok,,42.0,1.962005626410246e-06,8.114002412185073e-06,0.13548614701721817,0.1339044340129476,0.13591436500428244,0.13510164867814942,0.1346952905150829,0.1357002560107503,0.0010586948932728652,0.00042821798706427217,3.0,"[0.13548614701721817, 0.13591436500428244, 0.1339044340129476]",0.13548810902284458,3.0,1.0,55.0,0.0,0.0,0.0,0.47619047619047616,beam_local,5000.0,120.0,0.0,0.00122969999210909,0.12293965092976578,0.021924546075752005,1.933900057338178e-05,0.14699338100035675,50291.0,50291.0,4383.0,,151369.0,56118.0,50795.0,200.0,272.0,1.0,1.0,42.0,55.0,True,beam_local_fit,5000.0,120.0,7.138005457818508e-06,0.0,0.0,0.0,0.0,7.138005457818508e-06,0.0,,,,,,,,,1.0,1.0,,,2.5279878173023462e-06,0.1360944229818415,0.1360969509696588,42.0,42.0,0.0,isolated,1,True,1200.0,1.0731559809937607,0.8255383670039009,0.24761761398985982,153870336.0,146.7421875,resource.ru_maxrss_kib_converted_to_bytes,0.0,"{""BLIS_NUM_THREADS"": ""1"", ""MKL_DYNAMIC"": ""FALSE"", ""MKL_NUM_THREADS"": ""1"", ""NUMBA_NUM_THREADS"": ""1"", ""NUMEXPR_NUM_THREADS"": ""1"", ""OMP_DYNAMIC"": ""FALSE"", ""OMP_NUM_THREADS"": ""1"", ""OPENBLAS_NUM_THREADS"": ""1"", ""PYTHONHASHSEED"": ""0"", ""VECLIB_MAXIMUM_THREADS"": ""1""}",tree_path,2,2,0,0.06549673900008202,20,18,21,21,25,120,narrow,path,20,uniform,"{""kind"": ""categorical"", ""probs"": [0.75, 0.25], ""values"": [1, 2]}",uniform,24,background,beam_local_capped,A narrow observed tree and short template path favor local transitions; the cap is expected to remove occasional high-degree bursts.,150,119,47,1,36,1,42.16666666666667,True,exact_agreement,2,2.5431315151536182e-06,4.216666666666667e-05,0.9960474308300394,0.1666666666666714,0.9960474308300394,99.60474308300394,True,1.0,1.0,0.9980198019801979,0.9980198019801979,200.0,,271.0,50796.0,,,,,,,,,,,,,,,,,,
narrow_tree_path_size,size,narrow_tree_to_path,n5000,query_tree_nodes,5000.0,narrow_tree_path_size__n5000,0,sparse_chain,generic_sparse,True,"{""method"": ""sparse_chain""}",jaccard,5000,120,600000,53631,6.033333333333333,42.16666666666667,ok,,42.166666666666664,0.004693644004873931,0.0046688349975738674,0.18054156098514795,0.18034213699866086,0.19586990799871273,0.18558453532750718,0.1804418489919044,0.18820573449193034,0.008907952105887363,0.0001994239864870906,3.0,"[0.18054156098514795, 0.19586990799871273, 0.18034213699866086]",0.18523520499002188,3.0,1.0,55.0,0.0,0.0,0.0,0.3333333333333333,sparse_chain,5000.0,120.0,0.0,0.017878023005323485,0.06936985699576326,0.1015028530091513,7.001013727858663e-06,0.19153466998250224,53281.0,53281.0,53281.0,,,,,,,1.0,1.0,42.16666666666667,55.0,True,sparse_chain_fit,5000.0,120.0,0.004666917986469343,0.0,0.0,0.0,0.0,0.004666917986469343,0.0,,,,,,,,,1.0,1.0,,,0.004868777003139257,0.20430957397911698,0.20917835098225623,42.16666666666667,42.166666666666664,0.0,isolated,1,True,1200.0,1.4092476709920447,1.1644345660170075,0.24481310497503728,158842880.0,151.484375,resource.ru_maxrss_kib_converted_to_bytes,0.0,"{""BLIS_NUM_THREADS"": ""1"", ""MKL_DYNAMIC"": ""FALSE"", ""MKL_NUM_THREADS"": ""1"", ""NUMBA_NUM_THREADS"": ""1"", ""NUMEXPR_NUM_THREADS"": ""1"", ""OMP_DYNAMIC"": ""FALSE"", ""OMP_NUM_THREADS"": ""1"", ""OPENBLAS_NUM_THREADS"": ""1"", ""PYTHONHASHSEED"": ""0"", ""VECLIB_MAXIMUM_THREADS"": ""1""}",tree_path,1,3,0,0.06549673900008202,20,18,21,21,25,120,narrow,path,20,uniform,"{""kind"": ""categorical"", ""probs"": [0.75, 0.25], ""values"": [1, 2]}",uniform,24,background,beam_local_capped,A narrow observed tree and short template path favor local transitions; the cap is expected to remove occasional high-degree bursts.,150,119,47,1,36,1,42.16666666666667,True,exact_agreement,2,2.5431315151536182e-06,4.216666666666667e-05,1.0,0.0,1.0,100.0,True,0.7504429798763277,0.7314382221788939,0.8574320769127229,0.8448909268716849,,,,,53281.0,53281.0,True,52649.0,261053.0,2531.0,53281.0,73109.0,False,,,,,,,,,
narrow_tree_path_size,size,narrow_tree_to_path,n5000,query_tree_nodes,5000.0,narrow_tree_path_size__n5000,1,beam_partial_score,generic,False,"{""beam_balance_penalty"": 0.0, ""beam_candidate_future_weight"": 0.0, ""beam_expansion_width"": 64, ""beam_gap_penalty"": 0.0, ""beam_lookahead"": false, ""beam_n_restarts"": 1, ""beam_priority_future_weight"": 0.0, ""beam_priority_length_weight"": 0.0, ""beam_random_fraction"": 0.0, ""beam_rarity_weight"": 0.0, ""beam_symmetric"": false, ""beam_width"": 200, ""candidate_select_mode"": ""first"", ""method"": ""beam"", ""seed"": 0}",jaccard,5000,120,600000,54971,9.25,12.0,ok,,12.0,2.0529842004179955e-06,9.815004887059331e-06,1.4846397139772307,1.4819077090069186,1.5032606690074317,1.4899360306638603,1.4832737114920747,1.4939501914923312,0.011620045310999519,0.0027320049703121185,3.0,"[1.4846397139772307, 1.5032606690074317, 1.4819077090069186]",1.4846417669614311,3.0,1.0,13.0,0.0,0.0,0.043478260869565216,0.13636363636363635,beam_partial,5000.0,120.0,0.0,0.01906797001720406,1.477261167310644,0.013633866677992046,5.466979928314686e-06,1.5109149269992486,147227.0,33813.0,33813.0,,33813.0,8271.0,2008.0,200.0,15.0,1.0,1.0,12.0,13.0,True,beam_fit,5000.0,120.0,8.670991519466043e-06,0.0,0.0,0.0,0.0,8.670991519466043e-06,0.0,,,,,,,,,1.0,1.0,,,2.16200714930892e-06,1.4741519349918235,1.4741540969989728,12.0,12.0,0.0,isolated,1,True,1200.0,9.189574900985463,8.9433862369915,0.2461886639939621,153870336.0,146.7421875,resource.ru_maxrss_kib_converted_to_bytes,0.0,"{""BLIS_NUM_THREADS"": ""1"", ""MKL_DYNAMIC"": ""FALSE"", ""MKL_NUM_THREADS"": ""1"", ""NUMBA_NUM_THREADS"": ""1"", ""NUMEXPR_NUM_THREADS"": ""1"", ""OMP_DYNAMIC"": ""FALSE"", ""OMP_NUM_THREADS"": ""1"", ""OPENBLAS_NUM_THREADS"": ""1"", ""PYTHONHASHSEED"": ""0"", ""VECLIB_MAXIMUM_THREADS"": ""1""}",tree_path,3,0,0,0.07067517499672249,20,21,23,22,106,120,narrow,path,20,uniform,"{""kind"": ""categorical"", ""probs"": [0.75, 0.25], ""values"": [1, 2]}",uniform,24,background,beam_local_capped,A narrow observed tree and short template path favor local transitions; the cap is expected to remove occasional high-degree bursts.,150,119,51,1,51,1,43.833333333333336,True,exact_agreement,2,1.2715657575768091e-06,4.383333333333333e-05,0.2737642585551331,31.833333333333336,0.2737642585551331,27.376425855513308,True,0.08492581789369195,0.08492687582978074,0.12963644714141903,0.12963767968680323,,,,,,,,,,,,,,,,,,13268.0,0.0,[12.0],0.0,"{""beam_width"": 200, ""expansion_width"": 64, ""label_pair_preprocessing_score_evaluations"": 13268, ""lookahead_enabled"": false, ""maximum_matching_length"": 120, ""positive_label_pair_types"": 2142, ""state_pool_size"": 33814}"
narrow_tree_path_size,size,narrow_tree_to_path,n5000,query_tree_nodes,5000.0,narrow_tree_path_size__n5000,1,beam_local,generic,False,"{""beam_local_child_cap"": null, ""beam_width"": 200, ""method"": ""beam_local""}",jaccard,5000,120,600000,54971,9.25,43.833333333333336,ok,,43.833333333333336,1.7450074665248394e-06,8.90000956133008e-06,0.1260842419869732,0.12506073201075196,0.1271047189948149,0.12608323099751337,0.1255724869988626,0.12659448049089406,0.0010219938670703674,0.0010204770078416914,3.0,"[0.12506073201075196, 0.1271047189948149, 0.1260842419869732]",0.12608598699443974,3.0,1.0,58.0,0.047619047619047616,0.017241379310344827,0.043478260869565216,0.45454545454545453,beam_local,5000.0,120.0,0.0,0.0012581079790834337,0.11523627719725482,0.019648653804324567,3.521100734360516e-05,0.13707084098132327,47354.0,47354.0,4305.0,,142392.0,51317.0,47688.0,200.0,272.0,1.0,1.0,43.833333333333336,58.0,True,beam_local_fit,5000.0,120.0,7.844006177037954e-06,0.0,0.0,0.0,0.0,7.844006177037954e-06,0.0,,,,,,,,,1.0,1.0,,,2.168992068618536e-06,0.1264953429927118,0.12649751198478043,43.833333333333336,43.833333333333336,0.0,isolated,1,True,1200.0,1.022582331992453,0.7683350940060336,0.25424723798641935,153870336.0,146.7421875,resource.ru_maxrss_kib_converted_to_bytes,0.0,"{""BLIS_NUM_THREADS"": ""1"", ""MKL_DYNAMIC"": ""FALSE"", ""MKL_NUM_THREADS"": ""1"", ""NUMBA_NUM_THREADS"": ""1"", ""NUMEXPR_NUM_THREADS"": ""1"", ""OMP_DYNAMIC"": ""FALSE"", ""OMP_NUM_THREADS"": ""1"", ""OPENBLAS_NUM_THREADS"": ""1"", ""PYTHONHASHSEED"": ""0"", ""VECLIB_MAXIMUM_THREADS"": ""1""}",tree_path,2,1,0,0.07067517499672249,20,21,23,22,106,120,narrow,path,20,uniform,"{""kind"": ""categorical"", ""probs"": [0.75, 0.25], ""values"": [1, 2]}",uniform,24,background,beam_local_capped,A narrow observed tree and short template path favor local transitions; the cap is expected to remove occasional high-degree bursts.,150,119,51,1,51,1,43.833333333333336,True,exact_agreement,2,1.2715657575768091e-06,4.383333333333333e-05,1.0,0.0,1.0,100.0,True,1.0,1.0,1.0,1.0,200.0,,271.0,47689.0,,,,,,,,,,,,,,,,,,
narrow_tree_path_size,size,narrow_tree_to_path,n5000,query_tree_nodes,5000.0,narrow_tree_path_size__n5000,1,sparse_chain,generic_sparse,True,"{""method"": ""sparse_chain""}",jaccard,5000,120,600000,54971,9.25,43.833333333333336,ok,,43.833333333333336,0.0047037830227054656,0.0047501880035270005,0.18559996999101713,0.18531392799923196,0.2025642410153523,0.1911593796685338,0.18545694899512455,0.19408210550318472,0.009877935095979434,0.00028604199178516865,3.0,"[0.18559996999101713, 0.2025642410153523, 0.18531392799923196]",0.1903037530137226,3.0,1.0,58.0,0.047619047619047616,0.017241379310344827,0.043478260869565216,0.4090909090909091,sparse_chain,5000.0,120.0,0.0,0.01807855101651512,0.07013857300626114,0.10386061898316257,9.998999303206801e-06,0.19438365998212248,54551.0,54551.0,54551.0,,,,,,,1.0,1.0,43.833333333333336,58.0,True,sparse_chain_fit,5000.0,120.0,0.0047479839995503426,0.0,0.0,0.0,0.0,0.0047479839995503426,0.0,,,,,,,,,1.0,1.0,,,0.004928544018184766,0.2065220369840972,0.21145058100228198,43.833333333333336,43.833333333333336,0.0,isolated,1,True,1200.0,1.4342872859851923,1.1891685459995642,0.24511873998562805,158629888.0,151.28125,resource.ru_maxrss_kib_converted_to_bytes,0.0,"{""BLIS_NUM_THREADS"": ""1"", ""MKL_DYNAMIC"": ""FALSE"", ""MKL_NUM_THREADS"": ""1"", ""NUMBA_NUM_THREADS"": ""1"", ""NUMEXPR_NUM_THREADS"": ""1"", ""OMP_DYNAMIC"": ""FALSE"", ""OMP_NUM_THREADS"": ""1"", ""OPENBLAS_NUM_THREADS"": ""1"", ""PYTHONHASHSEED"": ""0"", ""VECLIB_MAXIMUM_THREADS"": ""1""}",tree_path,1,2,0,0.07067517499672249,20,21,23,22,106,120,narrow,path,20,uniform,"{""kind"": ""categorical"", ""probs"": [0.75, 0.25], ""values"": [1, 2]}",uniform,24,background,beam_local_capped,A narrow observed tree and short template path favor local transitions; the cap is expected to remove occasional high-degree bursts.,150,119,51,1,51,1,43.833333333333336,True,exact_agreement,2,1.2715657575768091e-06,4.383333333333333e-05,1.0,0.0,1.0,100.0,True,0.6793333101997568,0.6625512371547807,0.8090511943920771,0.7970295559596017,,,,,54551.0,54551.0,True,53940.0,267528.0,2476.0,54551.0,75068.0,False,,,,,,,,,
narrow_tree_path_size,size,narrow_tree_to_path,n5000,query_tree_nodes,5000.0,narrow_tree_path_size__n5000,1,exact_dense,generic,True,"{""method"": ""exact""}",jaccard,5000,120,600000,54971,9.25,43.83333206176758,ok,,43.833333333333336,1.8850259948521852e-06,8.359987987205386e-06,0.4928796619933564,0.4890891569957603,0.49409488099627197,0.49202123332846287,0.49098440949455835,0.4934872714948142,0.0026109371922468493,0.0012152190029155463,3.0,"[0.4890891569957603, 0.49409488099627197, 0.4928796619933564]",0.4928815470193513,3.0,1.0,58.0,0.047619047619047616,0.017241379310344827,0.043478260869565216,0.45454545454545453,exact_dense,5000.0,120.0,0.0,0.00014115101657807827,0.0,0.5072519690147601,0.0008549359918106347,0.5084101950051263,600000.0,,54551.0,600000.0,,,,,,1.0,1.0,43.83333206176758,58.0,True,exact_fit,5000.0,120.0,7.3830015026032925e-06,0.0,0.0,0.0,0.0,7.3830015026032925e-06,0.0,,,,,,,,,1.0,1.0,,,2.368004061281681e-06,0.4964136589842383,0.49641602698829956,43.83333206176758,43.833333333333336,0.0,isolated,1,True,1200.0,3.2175993529963307,2.9704971609753557,0.24710219202097505,153870336.0,146.7421875,resource.ru_maxrss_kib_converted_to_bytes,0.0,"{""BLIS_NUM_THREADS"": ""1"", ""MKL_DYNAMIC"": ""FALSE"", ""MKL_NUM_THREADS"": ""1"", ""NUMBA_NUM_THREADS"": ""1"", ""NUMEXPR_NUM_THREADS"": ""1"", ""OMP_DYNAMIC"": ""FALSE"", ""OMP_NUM_THREADS"": ""1"", ""OPENBLAS_NUM_THREADS"": ""1"", ""PYTHONHASHSEED"": ""0"", ""VECLIB_MAXIMUM_THREADS"": ""1""}",tree_path,0,3,0,0.07067517499672249,20,21,23,22,106,120,narrow,path,20,uniform,"{""kind"": ""categorical"", ""probs"": [0.75, 0.25], ""values"": [1, 2]}",uniform,24,background,beam_local_capped,A narrow observed tree and short template path favor local transitions; the cap is expected to remove occasional high-degree bursts.,150,119,51,1,51,1,43.833333333333336,True,exact_agreement,2,1.2715657575768091e-06,4.383333333333333e-05,1.0,1.2715657575768091e-06,1.0,100.0,True,0.2558114114042562,0.25581397347279755,0.40740418359187586,0.4074074327511674,,,,,,,,,,,,,,,,,,,,,,
narrow_tree_path_size,size,narrow_tree_to_path,n5000,query_tree_nodes,5000.0,narrow_tree_path_size__n5000,2,beam_local,generic,False,"{""beam_local_child_cap"": null, ""beam_width"": 200, ""method"": ""beam_local""}",jaccard,5000,120,600000,56796,5.5,42.583333333333336,ok,,42.583333333333336,1.4649995137006044e-06,1.175800571218133e-05,0.12561231199651957,0.12511840698425658,0.1261216530110687,0.12561745733061494,0.12536535949038807,0.12586698250379413,0.0005016428046187763,0.0004939050122629851,3.0,"[0.12561231199651957, 0.1261216530110687, 0.12511840698425658]",0.12561377699603327,3.0,1.0,58.0,0.05555555555555555,0.017241379310344827,0.047619047619047616,0.5238095238095238,beam_local,5000.0,120.0,0.0,0.0013248729810584337,0.11529587800032459,0.019618755002738908,1.8669001292437315e-05,0.13702668598853052,47285.0,47285.0,4588.0,,142201.0,50881.0,47633.0,200.0,272.0,1.0,1.0,42.583333333333336,58.0,True,beam_local_fit,5000.0,120.0,1.0629009921103716e-05,0.0,0.0,0.0,0.0,1.0629009921103716e-05,0.0,,,,,,,,,1.0,1.0,,,2.3570028133690357e-06,0.12675869901431724,0.1267610560171306,42.583333333333336,42.583333333333336,0.0,isolated,1,True,1200.0,1.010154806979699,0.7672592150047421,0.24289559197495691,153870336.0,146.7421875,resource.ru_maxrss_kib_converted_to_bytes,0.0,"{""BLIS_NUM_THREADS"": ""1"", ""MKL_DYNAMIC"": ""FALSE"", ""MKL_NUM_THREADS"": ""1"", ""NUMBA_NUM_THREADS"": ""1"", ""NUMEXPR_NUM_THREADS"": ""1"", ""OMP_DYNAMIC"": ""FALSE"", ""OMP_NUM_THREADS"": ""1"", ""OPENBLAS_NUM_THREADS"": ""1"", ""PYTHONHASHSEED"": ""0"", ""VECLIB_MAXIMUM_THREADS"": ""1""}",tree_path,2,0,0,0.06932081599370576,20,18,21,21,77,120,narrow,path,20,uniform,"{""kind"": ""categorical"", ""probs"": [0.75, 0.25], ""values"": [1, 2]}",uniform,24,background,beam_local_capped,A narrow observed tree and short template path favor local transitions; the cap is expected to remove occasional high-degree bursts.,150,119,45,1,28,1,42.583333333333336,True,exact_agreement,2,1.2715657575768091e-06,4.2583333333333336e-05,1.0,0.0,1.0,100.0,True,1.0,1.0,1.0,1.0,200.0,,271.0,47634.0,,,,,,,,,,,,,,,,,,
narrow_tree_path_size,size,narrow_tree_to_path,n5000,query_tree_nodes,5000.0,narrow_tree_path_size__n5000,2,sparse_chain,generic_sparse,True,"{""method"": ""sparse_chain""}",jaccard,5000,120,600000,56796,5.5,42.583333333333336,ok,,42.583333333333336,0.004649954003980383,0.00470145299914293,0.19469966998440214,0.19325202799518593,0.20902636999380775,0.19899268932446526,0.19397584898979403,0.20186301998910494,0.008719517054458243,0.0014476419892162085,3.0,"[0.19325202799518593, 0.20902636999380775, 0.19469966998440214]",0.19934962398838252,3.0,1.0,58.0,0.05555555555555555,0.017241379310344827,0.047619047619047616,0.5238095238095238,sparse_chain,5000.0,120.0,0.0,0.018600451003294438,0.07313766601146199,0.10771256900625303,7.346010534092784e-06,0.20192585000768304,56338.0,56338.0,56338.0,,,,,,,1.0,1.0,42.583333333333336,58.0,True,sparse_chain_fit,5000.0,120.0,0.004699653014540672,0.0,0.0,0.0,0.0,0.004699653014540672,0.0,,,,,,,,,1.0,1.0,,,0.004976478987373412,0.2093632400210481,0.21433971900842153,42.583333333333336,42.583333333333336,0.0,isolated,1,True,1200.0,1.4763930269982666,1.2301023100153543,0.24629071698291227,158519296.0,151.17578125,resource.ru_maxrss_kib_converted_to_bytes,0.0,"{""BLIS_NUM_THREADS"": ""1"", ""MKL_DYNAMIC"": ""FALSE"", ""MKL_NUM_THREADS"": ""1"", ""NUMBA_NUM_THREADS"": ""1"", ""NUMEXPR_NUM_THREADS"": ""1"", ""OMP_DYNAMIC"": ""FALSE"", ""OMP_NUM_THREADS"": ""1"", ""OPENBLAS_NUM_THREADS"": ""1"", ""PYTHONHASHSEED"": ""0"", ""VECLIB_MAXIMUM_THREADS"": ""1""}",tree_path,1,1,0,0.06932081599370576,20,18,21,21,77,120,narrow,path,20,uniform,"{""kind"": ""categorical"", ""probs"": [0.75, 0.25], ""values"": [1, 2]}",uniform,24,background,beam_local_capped,A narrow observed tree and short template path favor local transitions; the cap is expected to remove occasional high-degree bursts.,150,119,45,1,28,1,42.583333333333336,True,exact_agreement,2,1.2715657575768091e-06,4.2583333333333336e-05,1.0,0.0,1.0,100.0,True,0.6451593472479058,0.6301179529857235,0.7843122896601553,0.7730949184770337,,,,,56338.0,56338.0,True,55394.0,272873.0,2537.0,56338.0,75747.0,False,,,,,,,,,
narrow_tree_path_size,size,narrow_tree_to_path,n5000,query_tree_nodes,5000.0,narrow_tree_path_size__n5000,2,exact_dense,generic,True,"{""method"": ""exact""}",jaccard,5000,120,600000,56796,5.5,42.58333206176758,ok,,42.583333333333336,1.9360159058123827e-06,8.566974429413676e-06,0.48836507298983634,0.488103335024789,0.4897783500200603,0.4887489193448952,0.48823420400731266,0.4890717115049483,0.000901067326460653,0.00026173796504735947,3.0,"[0.48836507298983634, 0.488103335024789, 0.4897783500200603]",0.48836700900574215,3.0,1.0,58.0,0.05555555555555555,0.017241379310344827,0.047619047619047616,0.5238095238095238,exact_dense,5000.0,120.0,0.0,0.0001502030063420534,0.0,0.4927892700070515,0.0010636840015649796,0.4941514219972305,600000.0,,56338.0,600000.0,,,,,,1.0,1.0,42.58333206176758,58.0,True,exact_fit,5000.0,120.0,7.5709831435233355e-06,0.0,0.0,0.0,0.0,7.5709831435233355e-06,0.0,,,,,,,,,1.0,1.0,,,2.3570028133690357e-06,0.5099857599998359,0.5099881170026492,42.58333206176758,42.583333333333336,0.0,isolated,1,True,1200.0,3.209690525982296,2.961269056017045,0.24842146996525116,153870336.0,146.7421875,resource.ru_maxrss_kib_converted_to_bytes,0.0,"{""BLIS_NUM_THREADS"": ""1"", ""MKL_DYNAMIC"": ""FALSE"", ""MKL_NUM_THREADS"": ""1"", ""NUMBA_NUM_THREADS"": ""1"", ""NUMEXPR_NUM_THREADS"": ""1"", ""OMP_DYNAMIC"": ""FALSE"", ""OMP_NUM_THREADS"": ""1"", ""OPENBLAS_NUM_THREADS"": ""1"", ""PYTHONHASHSEED"": ""0"", ""VECLIB_MAXIMUM_THREADS"": ""1""}",tree_path,0,2,0,0.06932081599370576,20,18,21,21,77,120,narrow,path,20,uniform,"{""kind"": ""categorical"", ""probs"": [0.75, 0.25], ""values"": [1, 2]}",uniform,24,background,beam_local_capped,A narrow observed tree and short template path favor local transitions; the cap is expected to remove occasional high-degree bursts.,150,119,45,1,28,1,42.583333333333336,True,exact_agreement,2,1.2715657575768091e-06,4.2583333333333336e-05,1.0,1.2715657575768091e-06,1.0,100.0,True,0.25720985988515555,0.2572118400294241,0.4091756962654609,0.40917820185881204,,,,,,,,,,,,,,,,,,,,,,
narrow_tree_path_size,size,narrow_tree_to_path,n5000,query_tree_nodes,5000.0,narrow_tree_path_size__n5000,2,beam_partial_score,generic,False,"{""beam_balance_penalty"": 0.0, ""beam_candidate_future_weight"": 0.0, ""beam_expansion_width"": 64, ""beam_gap_penalty"": 0.0, ""beam_lookahead"": false, ""beam_n_restarts"": 1, ""beam_priority_future_weight"": 0.0, ""beam_priority_length_weight"": 0.0, ""beam_random_fraction"": 0.0, ""beam_rarity_weight"": 0.0, ""beam_symmetric"": false, ""beam_width"": 200, ""candidate_select_mode"": ""first"", ""method"": ""beam"", ""seed"": 0}",jaccard,5000,120,600000,56796,5.5,20.333333333333332,ok,,20.333333333333332,2.3449829313904047e-06,9.334995411336422e-06,2.5405351480003446,2.5340919479785953,2.5465985820046626,2.5404085593278674,2.53731354798947,2.5435668650025036,0.006254277910718065,0.006063434004317969,3.0,"[2.5405351480003446, 2.5340919479785953, 2.5465985820046626]",2.540537492983276,3.0,1.0,23.0,0.0,0.0,0.0,0.047619047619047616,beam_partial,5000.0,120.0,0.0,0.021394254988990724,2.5069879562652204,0.02814144574222155,9.979004971683025e-06,2.558429711003555,288556.0,77667.0,77667.0,,77667.0,10077.0,3240.0,200.0,24.0,1.0,1.0,20.333333333333332,23.0,True,beam_fit,5000.0,120.0,8.208997314795852e-06,0.0,0.0,0.0,0.0,8.208997314795852e-06,0.0,,,,,,,,,1.0,1.0,,,2.501008566468954e-06,2.526500734995352,2.5265032360039186,20.333333333333332,20.333333333333332,0.0,isolated,1,True,1200.0,15.485231063008541,15.237349823990371,0.24788123901817016,153870336.0,146.7421875,resource.ru_maxrss_kib_converted_to_bytes,0.0,"{""BLIS_NUM_THREADS"": ""1"", ""MKL_DYNAMIC"": ""FALSE"", ""MKL_NUM_THREADS"": ""1"", ""NUMBA_NUM_THREADS"": ""1"", ""NUMEXPR_NUM_THREADS"": ""1"", ""OMP_DYNAMIC"": ""FALSE"", ""OMP_NUM_THREADS"": ""1"", ""OPENBLAS_NUM_THREADS"": ""1"", ""PYTHONHASHSEED"": ""0"", ""VECLIB_MAXIMUM_THREADS"": ""1""}",tree_path,3,3,0,0.06932081599370576,20,18,21,21,77,120,narrow,path,20,uniform,"{""kind"": ""categorical"", ""probs"": [0.75, 0.25], ""values"": [1, 2]}",uniform,24,background,beam_local_capped,A narrow observed tree and short template path favor local transitions; the cap is expected to remove occasional high-degree bursts.,150,119,45,1,28,1,42.583333333333336,True,exact_agreement,2,1.2715657575768091e-06,4.2583333333333336e-05,0.47749510763209385,22.250000000000004,0.47749510763209385,47.749510763209386,True,0.049443249031759715,0.04944378004377681,0.08960786103168879,0.08960873310327093,,,,,,,,,,,,,,,,,,15050.0,0.0,[20.333333333333332],0.0,"{""beam_width"": 200, ""expansion_width"": 64, ""label_pair_preprocessing_score_evaluations"": 15050, ""lookahead_enabled"": false, ""maximum_matching_length"": 120, ""positive_label_pair_types"": 2570, ""state_pool_size"": 77668}"
narrow_tree_path_size,size,narrow_tree_to_path,n5000,query_tree_nodes,5000.0,narrow_tree_path_size__n5000,3,sparse_chain,generic_sparse,True,"{""method"": ""sparse_chain""}",jaccard,5000,120,600000,53946,8.166666666666666,43.666666666666664,ok,,43.666666666666664,0.004723460006061941,0.004638542013708502,0.18241481599397957,0.18192978302249685,0.196289882005658,0.18687816034071147,0.1821722995082382,0.1893523489998188,0.008154397143239603,0.00048503297148272395,3.0,"[0.18192978302249685, 0.196289882005658, 0.18241481599397957]",0.18713827600004151,3.0,1.0,55.0,0.045454545454545456,0.01818181818181818,0.041666666666666664,0.36363636363636365,sparse_chain,5000.0,120.0,0.0,0.018049348989734426,0.06967919098678976,0.1029288750141859,8.759001502767205e-06,0.1934948349953629,53573.0,53573.0,53573.0,,,,,,,1.0,1.0,43.666666666666664,55.0,True,sparse_chain_fit,5000.0,120.0,0.004636605008272454,0.0,0.0,0.0,0.0,0.004636605008272454,0.0,,,,,,,,,1.0,1.0,,,0.0050535170012153685,0.20346591001725756,0.20851942701847292,43.666666666666664,43.666666666666664,0.0,isolated,1,True,1200.0,1.430871869000839,1.169811997009674,0.261059871991165,157757440.0,150.44921875,resource.ru_maxrss_kib_converted_to_bytes,0.0,"{""BLIS_NUM_THREADS"": ""1"", ""MKL_DYNAMIC"": ""FALSE"", ""MKL_NUM_THREADS"": ""1"", ""NUMBA_NUM_THREADS"": ""1"", ""NUMEXPR_NUM_THREADS"": ""1"", ""OMP_DYNAMIC"": ""FALSE"", ""OMP_NUM_THREADS"": ""1"", ""OPENBLAS_NUM_THREADS"": ""1"", ""PYTHONHASHSEED"": ""0"", ""VECLIB_MAXIMUM_THREADS"": ""1""}",tree_path,1,0,0,0.06928860099287704,20,22,24,22,30,120,narrow,path,20,uniform,"{""kind"": ""categorical"", ""probs"": [0.75, 0.25], ""values"": [1, 2]}",uniform,24,background,beam_local_capped,A narrow observed tree and short template path favor local transitions; the cap is expected to remove occasional high-degree bursts.,150,119,52,1,30,1,43.66666793823242,True,exact_agreement,2,1.2715657575768091e-06,4.366666793823242e-05,1.0,1.2715657575768091e-06,1.0,100.0,True,0.7543537362388243,0.7353235742373257,0.8599790574232657,0.8474771911751389,,,,,53573.0,53573.0,True,52974.0,259756.0,2685.0,53573.0,74629.0,False,,,,,,,,,
narrow_tree_path_size,size,narrow_tree_to_path,n5000,query_tree_nodes,5000.0,narrow_tree_path_size__n5000,3,exact_dense,generic,True,"{""method"": ""exact""}",jaccard,5000,120,600000,53946,8.166666666666666,43.66666793823242,ok,,43.666666666666664,1.7439888324588537e-06,1.5622004866600037e-05,0.47893858200404793,0.47849714700714685,0.4800176380085759,0.4791511223399236,0.4787178645055974,0.4794781100063119,0.0007822105005286372,0.00044143499690108,3.0,"[0.47849714700714685, 0.4800176380085759, 0.47893858200404793]",0.4789403259928804,3.0,1.0,55.0,0.0,0.0,0.0,0.3181818181818182,exact_dense,5000.0,120.0,0.0,0.00014804999227635562,0.0,0.48757871001726016,0.0009359460091218352,0.48879990697605535,600000.0,,53573.0,600000.0,,,,,,1.0,1.0,43.66666793823242,55.0,True,exact_fit,5000.0,120.0,1.451201387681067e-05,0.0,0.0,0.0,0.0,1.451201387681067e-05,0.0,,,,,,,,,1.0,1.0,,,2.2649765014648438e-06,0.486362914001802,0.48636517897830345,43.66666793823242,43.666666666666664,0.0,isolated,1,True,1200.0,3.140252598997904,2.89128776700818,0.2489648319897242,153870336.0,146.7421875,resource.ru_maxrss_kib_converted_to_bytes,0.0,"{""BLIS_NUM_THREADS"": ""1"", ""MKL_DYNAMIC"": ""FALSE"", ""MKL_NUM_THREADS"": ""1"", ""NUMBA_NUM_THREADS"": ""1"", ""NUMEXPR_NUM_THREADS"": ""1"", ""OMP_DYNAMIC"": ""FALSE"", ""OMP_NUM_THREADS"": ""1"", ""OPENBLAS_NUM_THREADS"": ""1"", ""PYTHONHASHSEED"": ""0"", ""VECLIB_MAXIMUM_THREADS"": ""1""}",tree_path,0,1,0,0.06928860099287704,20,22,24,22,30,120,narrow,path,20,uniform,"{""kind"": ""categorical"", ""probs"": [0.75, 0.25], ""values"": [1, 2]}",uniform,24,background,beam_local_capped,A narrow observed tree and short template path favor local transitions; the cap is expected to remove occasional high-degree bursts.,150,119,52,1,30,1,43.66666793823242,True,exact_agreement,2,1.2715657575768091e-06,4.366666793823242e-05,1.0,0.0,1.0,100.0,True,0.28731303586899815,0.2873159316866696,0.44637633250571107,0.44637982738273413,,,,,,,,,,,,,,,,,,,,,,
narrow_tree_path_size,size,narrow_tree_to_path,n5000,query_tree_nodes,5000.0,narrow_tree_path_size__n5000,3,beam_partial_score,generic,False,"{""beam_balance_penalty"": 0.0, ""beam_candidate_future_weight"": 0.0, ""beam_expansion_width"": 64, ""beam_gap_penalty"": 0.0, ""beam_lookahead"": false, ""beam_n_restarts"": 1, ""beam_priority_future_weight"": 0.0, ""beam_priority_length_weight"": 0.0, ""beam_random_fraction"": 0.0, ""beam_rarity_weight"": 0.0, ""beam_symmetric"": false, ""beam_width"": 200, ""candidate_select_mode"": ""first"", ""method"": ""beam"", ""seed"": 0}",jaccard,5000,120,600000,53946,8.166666666666666,18.0,ok,,18.0,1.8749851733446121e-06,9.476003469899297e-06,2.0907647329731844,2.0866415500058793,2.105029814003501,2.094145365660855,2.088703141489532,2.0978972734883428,0.009649019185299016,0.004123182967305183,3.0,"[2.0907647329731844, 2.0866415500058793, 2.105029814003501]",2.090766607958358,3.0,1.0,20.0,0.0,0.0,0.0,0.13636363636363635,beam_partial,5000.0,120.0,0.0,0.019060272024944425,2.0745548288105056,0.02004158718045801,8.759001502767205e-06,2.11497235801653,242832.0,57400.0,57400.0,,57400.0,7821.0,2723.0,200.0,21.0,1.0,1.0,18.0,20.0,True,beam_fit,5000.0,120.0,8.347997209057212e-06,0.0,0.0,0.0,0.0,8.347997209057212e-06,0.0,,,,,,,,,1.0,1.0,,,2.4730106815695763e-06,2.106085538980551,2.1060880119912326,18.0,18.0,0.0,isolated,1,True,1200.0,12.859879194991663,12.609420938999392,0.250458255992271,153870336.0,146.7421875,resource.ru_maxrss_kib_converted_to_bytes,0.0,"{""BLIS_NUM_THREADS"": ""1"", ""MKL_DYNAMIC"": ""FALSE"", ""MKL_NUM_THREADS"": ""1"", ""NUMBA_NUM_THREADS"": ""1"", ""NUMEXPR_NUM_THREADS"": ""1"", ""OMP_DYNAMIC"": ""FALSE"", ""OMP_NUM_THREADS"": ""1"", ""OPENBLAS_NUM_THREADS"": ""1"", ""PYTHONHASHSEED"": ""0"", ""VECLIB_MAXIMUM_THREADS"": ""1""}",tree_path,3,2,0,0.06928860099287704,20,22,24,22,30,120,narrow,path,20,uniform,"{""kind"": ""categorical"", ""probs"": [0.75, 0.25], ""values"": [1, 2]}",uniform,24,background,beam_local_capped,A narrow observed tree and short template path favor local transitions; the cap is expected to remove occasional high-degree bursts.,150,119,52,1,30,1,43.66666793823242,True,exact_agreement,2,1.2715657575768091e-06,4.366666793823242e-05,0.41221372845442306,25.666667938232422,0.41221372845442306,41.2213728454423,True,0.06581577344414725,0.06581661743647976,0.11350833057278586,0.11350958574475731,,,,,,,,,,,,,,,,,,12900.0,0.0,[18.0],0.0,"{""beam_width"": 200, ""expansion_width"": 64, ""label_pair_preprocessing_score_evaluations"": 12900, ""lookahead_enabled"": false, ""maximum_matching_length"": 120, ""positive_label_pair_types"": 2167, ""state_pool_size"": 57401}"
narrow_tree_path_size,size,narrow_tree_to_path,n5000,query_tree_nodes,5000.0,narrow_tree_path_size__n5000,3,beam_local,generic,False,"{""beam_local_child_cap"": null, ""beam_width"": 200, ""method"": ""beam_local""}",jaccard,5000,120,600000,53946,8.166666666666666,43.666666666666664,ok,,43.666666666666664,1.887994585558772e-06,9.414012311026454e-06,0.13760529799037613,0.13701807401957922,0.13808894797693938,0.13757077332896492,0.13731168600497767,0.13784712298365775,0.0005362711276231676,0.0004836499865632504,3.0,"[0.13808894797693938, 0.13760529799037613, 0.13701807401957922]",0.1376071859849617,3.0,1.0,55.0,0.0,0.0,0.0,0.36363636363636365,beam_local,5000.0,120.0,0.0,0.001289809006266296,0.13016029895516112,0.023334428027737886,2.618500730022788e-05,0.15583162600523792,51059.0,51059.0,4643.0,,153351.0,56275.0,51235.0,200.0,272.0,1.0,1.0,43.666666666666664,55.0,True,beam_local_fit,5000.0,120.0,8.446979336440563e-06,0.0,0.0,0.0,0.0,8.446979336440563e-06,0.0,,,,,,,,,1.0,1.0,,,2.087996108457446e-06,0.13984145800350234,0.1398435459996108,43.666666666666664,43.666666666666664,0.0,isolated,1,True,1200.0,1.1012284529861063,0.847819703980349,0.25340874900575727,153870336.0,146.7421875,resource.ru_maxrss_kib_converted_to_bytes,0.0,"{""BLIS_NUM_THREADS"": ""1"", ""MKL_DYNAMIC"": ""FALSE"", ""MKL_NUM_THREADS"": ""1"", ""NUMBA_NUM_THREADS"": ""1"", ""NUMEXPR_NUM_THREADS"": ""1"", ""OMP_DYNAMIC"": ""FALSE"", ""OMP_NUM_THREADS"": ""1"", ""OPENBLAS_NUM_THREADS"": ""1"", ""PYTHONHASHSEED"": ""0"", ""VECLIB_MAXIMUM_THREADS"": ""1""}",tree_path,2,3,0,0.06928860099287704,20,22,24,22,30,120,narrow,path,20,uniform,"{""kind"": ""categorical"", ""probs"": [0.75, 0.25], ""values"": [1, 2]}",uniform,24,background,beam_local_capped,A narrow observed tree and short template path favor local transitions; the cap is expected to remove occasional high-degree bursts.,150,119,52,1,30,1,43.66666793823242,True,exact_agreement,2,1.2715657575768091e-06,4.366666793823242e-05,1.0,1.2715657575768091e-06,1.0,100.0,True,1.0,1.0,1.0,1.0,200.0,,271.0,51236.0,,,,,,,,,,,,,,,,,,
narrow_tree_path_size,size,narrow_tree_to_path,n10000,query_tree_nodes,10000.0,narrow_tree_path_size__n10000,0,exact_dense,generic,True,"{""method"": ""exact""}",jaccard,10000,180,1800000,154792,6.949999999999999,67.0,ok,,67.0,2.0919833332300186e-06,1.0351010132580996e-05,1.419460553996032,1.416774378012633,1.4222216150083113,1.4194855156723254,1.4181174660043325,1.4208410845021717,0.0027237042856621528,0.0026861759833991528,3.0,"[1.4222216150083113, 1.419460553996032, 1.416774378012633]",1.4194626459793653,3.0,1.0,85.0,0.05555555555555555,0.011764705882352941,0.045454545454545456,0.4,exact_dense,10000.0,180.0,0.0,0.00010608797310851514,0.0,1.4433196510071866,0.002055590011877939,1.4456938139919657,1800000.0,,153866.0,1800000.0,,,,,,1.0,1.0,67.0,85.0,True,exact_fit,10000.0,180.0,9.101990144699812e-06,0.0,0.0,0.0,0.0,9.101990144699812e-06,0.0,,,,,,,,,1.0,1.0,,,2.2980093490332365e-06,1.4323186860128772,1.4323209840222262,67.0,67.0,0.0,isolated,1,True,1200.0,8.802015969005879,8.553882099018665,0.24813386998721398,154562560.0,147.40234375,resource.ru_maxrss_kib_converted_to_bytes,0.0,"{""BLIS_NUM_THREADS"": ""1"", ""MKL_DYNAMIC"": ""FALSE"", ""MKL_NUM_THREADS"": ""1"", ""NUMBA_NUM_THREADS"": ""1"", ""NUMEXPR_NUM_THREADS"": ""1"", ""OMP_DYNAMIC"": ""FALSE"", ""OMP_NUM_THREADS"": ""1"", ""OPENBLAS_NUM_THREADS"": ""1"", ""PYTHONHASHSEED"": ""0"", ""VECLIB_MAXIMUM_THREADS"": ""1""}",tree_path,0,0,0,0.14908924797782674,20,18,22,20,190,180,narrow,path,20,uniform,"{""kind"": ""categorical"", ""probs"": [0.75, 0.25], ""values"": [1, 2]}",uniform,24,background,beam_local_capped,A narrow observed tree and short template path favor local transitions; the cap is expected to remove occasional high-degree bursts.,250,179,58,1,34,1,67.0,True,exact_agreement,2,0.0,6.7e-05,1.0,0.0,1.0,100.0,True,0.15116766182897276,0.15116875574903008,0.2626336142709184,0.2626352652364496,,,,,,,,,,,,,,,,,,,,,,
narrow_tree_path_size,size,narrow_tree_to_path,n10000,query_tree_nodes,10000.0,narrow_tree_path_size__n10000,0,beam_partial_score,generic,False,"{""beam_balance_penalty"": 0.0, ""beam_candidate_future_weight"": 0.0, ""beam_expansion_width"": 64, ""beam_gap_penalty"": 0.0, ""beam_lookahead"": false, ""beam_n_restarts"": 1, ""beam_priority_future_weight"": 0.0, ""beam_priority_length_weight"": 0.0, ""beam_random_fraction"": 0.0, ""beam_rarity_weight"": 0.0, ""beam_symmetric"": false, ""beam_width"": 200, ""candidate_select_mode"": ""first"", ""method"": ""beam"", ""seed"": 0}",jaccard,10000,180,1800000,154792,6.949999999999999,25.5,ok,,25.5,2.147018676623702e-06,9.593990398570895e-06,3.3469361159950495,3.343961214995943,3.366378343984252,3.352425224991748,3.3454486654954962,3.3566572299896507,0.01217496021360429,0.0029749009991064668,3.0,"[3.366378343984252, 3.343961214995943, 3.3469361159950495]",3.346938263013726,3.0,1.0,27.0,0.0,0.0,0.0,0.05,beam_partial,10000.0,180.0,0.0,0.026547374989604577,3.325882811390329,0.04195458459435031,1.4618999557569623e-05,3.3978850829880685,437241.0,133447.0,133447.0,,133447.0,8712.0,3830.0,200.0,30.0,1.0,1.0,25.5,27.0,True,beam_fit,10000.0,180.0,8.378992788493633e-06,0.0,0.0,0.0,0.0,8.378992788493633e-06,0.0,,,,,,,,,1.0,1.0,,,2.49498407356441e-06,3.3568522010173183,3.356854696001392,25.5,25.5,0.0,isolated,1,True,1200.0,20.411327862006146,20.16235512701678,0.24897273498936556,155713536.0,148.5,resource.ru_maxrss_kib_converted_to_bytes,0.0,"{""BLIS_NUM_THREADS"": ""1"", ""MKL_DYNAMIC"": ""FALSE"", ""MKL_NUM_THREADS"": ""1"", ""NUMBA_NUM_THREADS"": ""1"", ""NUMEXPR_NUM_THREADS"": ""1"", ""OMP_DYNAMIC"": ""FALSE"", ""OMP_NUM_THREADS"": ""1"", ""OPENBLAS_NUM_THREADS"": ""1"", ""PYTHONHASHSEED"": ""0"", ""VECLIB_MAXIMUM_THREADS"": ""1""}",tree_path,3,1,0,0.14908924797782674,20,18,22,20,190,180,narrow,path,20,uniform,"{""kind"": ""categorical"", ""probs"": [0.75, 0.25], ""values"": [1, 2]}",uniform,24,background,beam_local_capped,A narrow observed tree and short template path favor local transitions; the cap is expected to remove occasional high-degree bursts.,250,179,58,1,34,1,67.0,True,exact_agreement,2,0.0,6.7e-05,0.3805970149253731,41.5,0.3805970149253731,38.059701492537314,True,0.06411133214660854,0.06411184944645829,0.10973745736298843,0.10973821515851279,,,,,,,,,,,,,,,,,,16125.0,0.0,[25.5],0.0,"{""beam_width"": 200, ""expansion_width"": 64, ""label_pair_preprocessing_score_evaluations"": 16125, ""lookahead_enabled"": false, ""maximum_matching_length"": 180, ""positive_label_pair_types"": 2697, ""state_pool_size"": 133448}"
narrow_tree_path_size,size,narrow_tree_to_path,n10000,query_tree_nodes,10000.0,narrow_tree_path_size__n10000,0,beam_local,generic,False,"{""beam_local_child_cap"": null, ""beam_width"": 200, ""method"": ""beam_local""}",jaccard,10000,180,1800000,154792,6.949999999999999,66.83333333333334,ok,,66.83333333333333,1.8690188881009817e-06,8.363014785572886e-06,0.21457653300603852,0.21361180001986213,0.21633847599150613,0.21484226967246892,0.21409416651295032,0.21545750449877232,0.0013826252006597256,0.0009647329861763865,3.0,"[0.21633847599150613, 0.21457653300603852, 0.21361180001986213]",0.21457840202492662,3.0,1.0,87.0,0.05555555555555555,0.011494252873563218,0.045454545454545456,0.4,beam_local,10000.0,180.0,0.0,0.0015535069978795946,0.19915686117019504,0.03392864382476546,4.9815018428489566e-05,0.23619563598185778,80828.0,80828.0,6876.0,,243132.0,88321.0,81480.0,200.0,432.0,1.0,1.0,66.83333333333334,87.0,True,beam_local_fit,10000.0,180.0,7.550988811999559e-06,0.0,0.0,0.0,0.0,7.550988811999559e-06,0.0,,,,,,,,,1.0,1.0,,,2.296990714967251e-06,0.21999181099818088,0.21999410798889585,66.83333333333334,66.83333333333333,0.0,isolated,1,True,1200.0,1.5669192879868206,1.3171430219954345,0.24977626599138603,153870336.0,146.7421875,resource.ru_maxrss_kib_converted_to_bytes,0.0,"{""BLIS_NUM_THREADS"": ""1"", ""MKL_DYNAMIC"": ""FALSE"", ""MKL_NUM_THREADS"": ""1"", ""NUMBA_NUM_THREADS"": ""1"", ""NUMEXPR_NUM_THREADS"": ""1"", ""OMP_DYNAMIC"": ""FALSE"", ""OMP_NUM_THREADS"": ""1"", ""OPENBLAS_NUM_THREADS"": ""1"", ""PYTHONHASHSEED"": ""0"", ""VECLIB_MAXIMUM_THREADS"": ""1""}",tree_path,2,2,0,0.14908924797782674,20,18,22,20,190,180,narrow,path,20,uniform,"{""kind"": ""categorical"", ""probs"": [0.75, 0.25], ""values"": [1, 2]}",uniform,24,background,beam_local_capped,A narrow observed tree and short template path favor local transitions; the cap is expected to remove occasional high-degree bursts.,250,179,58,1,34,1,67.0,True,exact_agreement,2,0.0,6.7e-05,0.9975124378109455,0.1666666666666572,0.9975124378109455,99.75124378109454,True,1.0,1.0,0.9987546699875468,0.9987546699875468,200.0,,431.0,81481.0,,,,,,,,,,,,,,,,,,
narrow_tree_path_size,size,narrow_tree_to_path,n10000,query_tree_nodes,10000.0,narrow_tree_path_size__n10000,0,sparse_chain,generic_sparse,True,"{""method"": ""sparse_chain""}",jaccard,10000,180,1800000,154792,6.949999999999999,67.0,ok,,67.0,0.009232356998836622,0.020407592004630715,0.5806761189887766,0.5766164539963938,0.581064667989267,0.5794524136581458,0.5786462864925852,0.5808703934890218,0.0024636848385617143,0.0003885490004904568,3.0,"[0.581064667989267, 0.5806761189887766, 0.5766164539963938]",0.5899084759876132,3.0,1.0,86.0,0.05555555555555555,0.011627906976744186,0.045454545454545456,0.5,sparse_chain,10000.0,180.0,0.0,0.0688123109866865,0.1981855200137943,0.33344117901287973,1.7226004274562e-05,0.609258382988628,153866.0,153866.0,153866.0,,,,,,,1.0,1.0,67.0,86.0,True,sparse_chain_fit,10000.0,180.0,0.02040423100697808,0.0,0.0,0.0,0.0,0.02040423100697808,0.0,,,,,,,,,1.0,1.0,,,0.010203128011198714,0.5845298180065583,0.5947329460177571,67.0,67.0,0.0,isolated,1,True,1200.0,3.804668541997671,3.553466256009415,0.25120228598825634,192188416.0,183.28515625,resource.ru_maxrss_kib_converted_to_bytes,0.0,"{""BLIS_NUM_THREADS"": ""1"", ""MKL_DYNAMIC"": ""FALSE"", ""MKL_NUM_THREADS"": ""1"", ""NUMBA_NUM_THREADS"": ""1"", ""NUMEXPR_NUM_THREADS"": ""1"", ""OMP_DYNAMIC"": ""FALSE"", ""OMP_NUM_THREADS"": ""1"", ""OPENBLAS_NUM_THREADS"": ""1"", ""PYTHONHASHSEED"": ""0"", ""VECLIB_MAXIMUM_THREADS"": ""1""}",tree_path,1,3,0,0.14908924797782674,20,18,22,20,190,180,narrow,path,20,uniform,"{""kind"": ""categorical"", ""probs"": [0.75, 0.25], ""values"": [1, 2]}",uniform,24,background,beam_local_capped,A narrow observed tree and short template path favor local transitions; the cap is expected to remove occasional high-degree bursts.,250,179,58,1,34,1,67.0,True,exact_agreement,2,0.0,6.7e-05,1.0,0.0,1.0,100.0,True,0.369528771701021,0.3637486334904472,0.5396436779375557,0.5334540758577343,,,,,153866.0,153866.0,True,153277.0,879702.0,5635.0,153866.0,210202.0,False,,,,,,,,,
narrow_tree_path_size,size,narrow_tree_to_path,n10000,query_tree_nodes,10000.0,narrow_tree_path_size__n10000,1,beam_partial_score,generic,False,"{""beam_balance_penalty"": 0.0, ""beam_candidate_future_weight"": 0.0, ""beam_expansion_width"": 64, ""beam_gap_penalty"": 0.0, ""beam_lookahead"": false, ""beam_n_restarts"": 1, ""beam_priority_future_weight"": 0.0, ""beam_priority_length_weight"": 0.0, ""beam_random_fraction"": 0.0, ""beam_rarity_weight"": 0.0, ""beam_symmetric"": false, ""beam_width"": 200, ""candidate_select_mode"": ""first"", ""method"": ""beam"", ""seed"": 0}",jaccard,10000,180,1800000,157836,6.6499999999999995,25.666666666666664,ok,,25.666666666666668,2.1309824660420418e-06,9.395007509738207e-06,3.6769591349875554,3.666933992994018,3.6832243899989408,3.675705839326838,3.6719465639907867,3.680091762493248,0.008217196672489937,0.006265255011385307,3.0,"[3.6832243899989408, 3.6769591349875554, 3.666933992994018]",3.6769612659700215,3.0,1.0,28.0,0.0,0.0,0.0,0.14285714285714285,beam_partial,10000.0,180.0,0.0,0.027520567004103214,3.642461365001509,0.04223841999191791,1.3985991245135665e-05,3.715939004003303,562125.0,130561.0,130561.0,,130561.0,9090.0,3640.0,200.0,29.0,1.0,1.0,25.666666666666664,28.0,True,beam_fit,10000.0,180.0,8.417002391070127e-06,0.0,0.0,0.0,0.0,8.417002391070127e-06,0.0,,,,,,,,,1.0,1.0,,,2.154993126168847e-06,3.655630236986326,3.6556323919794522,25.666666666666664,25.666666666666668,0.0,isolated,1,True,1200.0,22.330269800004316,22.077897383016534,0.25237241698778234,155541504.0,148.3359375,resource.ru_maxrss_kib_converted_to_bytes,0.0,"{""BLIS_NUM_THREADS"": ""1"", ""MKL_DYNAMIC"": ""FALSE"", ""MKL_NUM_THREADS"": ""1"", ""NUMBA_NUM_THREADS"": ""1"", ""NUMEXPR_NUM_THREADS"": ""1"", ""OMP_DYNAMIC"": ""FALSE"", ""OMP_NUM_THREADS"": ""1"", ""OPENBLAS_NUM_THREADS"": ""1"", ""PYTHONHASHSEED"": ""0"", ""VECLIB_MAXIMUM_THREADS"": ""1""}",tree_path,3,0,0,0.13360440399264917,20,19,22,21,105,180,narrow,path,20,uniform,"{""kind"": ""categorical"", ""probs"": [0.75, 0.25], ""values"": [1, 2]}",uniform,24,background,beam_local_capped,A narrow observed tree and short template path favor local transitions; the cap is expected to remove occasional high-degree bursts.,250,179,58,1,50,1,67.66666666666667,True,exact_agreement,2,2.5431315151536182e-06,6.766666666666667e-05,0.37931034482758613,42.00000000000001,0.37931034482758613,37.93103448275861,True,0.0583979323949094,0.05839838237402282,0.101213255616235,0.10121393145291802,,,,,,,,,,,,,,,,,,16416.0,0.0,[25.666666666666664],0.0,"{""beam_width"": 200, ""expansion_width"": 64, ""label_pair_preprocessing_score_evaluations"": 16416, ""lookahead_enabled"": false, ""maximum_matching_length"": 180, ""positive_label_pair_types"": 2829, ""state_pool_size"": 130562}"
narrow_tree_path_size,size,narrow_tree_to_path,n10000,query_tree_nodes,10000.0,narrow_tree_path_size__n10000,1,beam_local,generic,False,"{""beam_local_child_cap"": null, ""beam_width"": 200, ""method"": ""beam_local""}",jaccard,10000,180,1800000,157836,6.6499999999999995,67.66666666666667,ok,,67.66666666666667,1.7790007404983044e-06,1.0610994650050998e-05,0.21472681098384783,0.21448288799729198,0.21522089399513789,0.21481019765875922,0.2146048494905699,0.21497385248949286,0.0003760029473005723,0.00024392298655584455,3.0,"[0.21472681098384783, 0.21522089399513789, 0.21448288799729198]",0.21472858998458833,3.0,1.0,92.0,0.0,0.0,0.0,0.5714285714285714,beam_local,10000.0,180.0,0.0,0.001518753997515887,0.1961898929439485,0.03428975207498297,5.402200622484088e-05,0.23400199098978192,79791.0,79791.0,7170.0,,239976.0,86655.0,80398.0,200.0,432.0,1.0,1.0,67.66666666666667,92.0,True,beam_local_fit,10000.0,180.0,9.614013833925128e-06,0.0,0.0,0.0,0.0,9.614013833925128e-06,0.0,,,,,,,,,1.0,1.0,,,2.3869797587394714e-06,0.21658012800617144,0.21658251498593017,67.66666666666667,67.66666666666667,0.0,isolated,1,True,1200.0,1.5612230740080122,1.3115147960197646,0.24970827798824757,153870336.0,146.7421875,resource.ru_maxrss_kib_converted_to_bytes,0.0,"{""BLIS_NUM_THREADS"": ""1"", ""MKL_DYNAMIC"": ""FALSE"", ""MKL_NUM_THREADS"": ""1"", ""NUMBA_NUM_THREADS"": ""1"", ""NUMEXPR_NUM_THREADS"": ""1"", ""OMP_DYNAMIC"": ""FALSE"", ""OMP_NUM_THREADS"": ""1"", ""OPENBLAS_NUM_THREADS"": ""1"", ""PYTHONHASHSEED"": ""0"", ""VECLIB_MAXIMUM_THREADS"": ""1""}",tree_path,2,1,0,0.13360440399264917,20,19,22,21,105,180,narrow,path,20,uniform,"{""kind"": ""categorical"", ""probs"": [0.75, 0.25], ""values"": [1, 2]}",uniform,24,background,beam_local_capped,A narrow observed tree and short template path favor local transitions; the cap is expected to remove occasional high-degree bursts.,250,179,58,1,50,1,67.66666666666667,True,exact_agreement,2,2.5431315151536182e-06,6.766666666666667e-05,1.0,0.0,1.0,100.0,True,1.0,1.0,1.0,1.0,200.0,,431.0,80399.0,,,,,,,,,,,,,,,,,,
narrow_tree_path_size,size,narrow_tree_to_path,n10000,query_tree_nodes,10000.0,narrow_tree_path_size__n10000,1,sparse_chain,generic_sparse,True,"{""method"": ""sparse_chain""}",jaccard,10000,180,1800000,157836,6.6499999999999995,67.66666666666667,ok,,67.66666666666667,0.009390844003064558,0.021155285998247564,0.5828089669812471,0.582655234989943,0.585880422993796,0.5837815416549953,0.582732100985595,0.5843446949875215,0.0018193090823336404,0.00015373199130408466,3.0,"[0.5828089669812471, 0.582655234989943, 0.585880422993796]",0.5921998109843116,3.0,1.0,92.0,0.0,0.0,0.0,0.6190476190476191,sparse_chain,10000.0,180.0,0.0,0.0692639620101545,0.20118173002265394,0.34023335002711974,2.5865010684356093e-05,0.6223574979812838,156775.0,156775.0,156775.0,,,,,,,1.0,1.0,67.66666666666667,92.0,True,sparse_chain_fit,10000.0,180.0,0.02115254898671992,0.0,0.0,0.0,0.0,0.02115254898671992,0.0,,,,,,,,,1.0,1.0,,,0.010182859026826918,0.591142902005231,0.6013257610320579,67.66666666666667,67.66666666666667,0.0,isolated,1,True,1200.0,3.8449019239924382,3.5953177890041843,0.24958413498825394,192319488.0,183.41015625,resource.ru_maxrss_kib_converted_to_bytes,0.0,"{""BLIS_NUM_THREADS"": ""1"", ""MKL_DYNAMIC"": ""FALSE"", ""MKL_NUM_THREADS"": ""1"", ""NUMBA_NUM_THREADS"": ""1"", ""NUMEXPR_NUM_THREADS"": ""1"", ""OMP_DYNAMIC"": ""FALSE"", ""OMP_NUM_THREADS"": ""1"", ""OPENBLAS_NUM_THREADS"": ""1"", ""PYTHONHASHSEED"": ""0"", ""VECLIB_MAXIMUM_THREADS"": ""1""}",tree_path,1,2,0,0.13360440399264917,20,19,22,21,105,180,narrow,path,20,uniform,"{""kind"": ""categorical"", ""probs"": [0.75, 0.25], ""values"": [1, 2]}",uniform,24,background,beam_local_capped,A narrow observed tree and short template path favor local transitions; the cap is expected to remove occasional high-degree bursts.,250,179,58,1,50,1,67.66666666666667,True,exact_agreement,2,2.5431315151536182e-06,6.766666666666667e-05,1.0,0.0,1.0,100.0,True,0.3684342951963487,0.3625948303287737,0.5384756820107087,0.5322122501246904,,,,,156775.0,156775.0,True,154929.0,896135.0,5708.0,156775.0,212850.0,False,,,,,,,,,
narrow_tree_path_size,size,narrow_tree_to_path,n10000,query_tree_nodes,10000.0,narrow_tree_path_size__n10000,1,exact_dense,generic,True,"{""method"": ""exact""}",jaccard,10000,180,1800000,157836,6.6499999999999995,67.66666412353516,ok,,67.66666666666667,1.8469872884452343e-06,9.7439915407449e-06,1.431071153987432,1.4301678900083061,1.4337930480251089,1.431677364006949,1.430619521997869,1.4324321010062704,0.001887077264586552,0.000903263979125768,3.0,"[1.4301678900083061, 1.431071153987432, 1.4337930480251089]",1.4310730009747203,3.0,1.0,92.0,0.0,0.0,0.0,0.5714285714285714,exact_dense,10000.0,180.0,0.0,0.00010148997534997761,0.0,1.4531213479931466,0.0018107570067513734,1.455197028000839,1800000.0,,156775.0,1800000.0,,,,,,1.0,1.0,67.66666412353516,92.0,True,exact_fit,10000.0,180.0,8.654023986309767e-06,0.0,0.0,0.0,0.0,8.654023986309767e-06,0.0,,,,,,,,,1.0,1.0,,,2.6650086510926485e-06,1.4462884919776116,1.4462911569862626,67.66666412353516,67.66666666666667,0.0,isolated,1,True,1200.0,8.871131163992686,8.624153225973714,0.24697793801897205,154796032.0,147.625,resource.ru_maxrss_kib_converted_to_bytes,0.0,"{""BLIS_NUM_THREADS"": ""1"", ""MKL_DYNAMIC"": ""FALSE"", ""MKL_NUM_THREADS"": ""1"", ""NUMBA_NUM_THREADS"": ""1"", ""NUMEXPR_NUM_THREADS"": ""1"", ""OMP_DYNAMIC"": ""FALSE"", ""OMP_NUM_THREADS"": ""1"", ""OPENBLAS_NUM_THREADS"": ""1"", ""PYTHONHASHSEED"": ""0"", ""VECLIB_MAXIMUM_THREADS"": ""1""}",tree_path,0,3,0,0.13360440399264917,20,19,22,21,105,180,narrow,path,20,uniform,"{""kind"": ""categorical"", ""probs"": [0.75, 0.25], ""values"": [1, 2]}",uniform,24,background,beam_local_capped,A narrow observed tree and short template path favor local transitions; the cap is expected to remove occasional high-degree bursts.,250,179,58,1,50,1,67.66666666666667,True,exact_agreement,2,2.5431315151536182e-06,6.766666666666667e-05,1.0,2.5431315151536182e-06,1.0,100.0,True,0.15004621565150605,0.15004726512088076,0.26093945375317673,0.2609410407234165,,,,,,,,,,,,,,,,,,,,,,
narrow_tree_path_size,size,narrow_tree_to_path,n10000,query_tree_nodes,10000.0,narrow_tree_path_size__n10000,2,beam_local,generic,False,"{""beam_local_child_cap"": null, ""beam_width"": 200, ""method"": ""beam_local""}",jaccard,10000,180,1800000,153897,6.116666666666666,68.5,ok,,68.5,1.941021764650941e-06,9.809999028220773e-06,0.21698042799835093,0.2159638130106032,0.21710509300464764,0.21668311133786725,0.21647212050447706,0.2170427605014993,0.0006260414552187433,0.00012466500629670918,3.0,"[0.2159638130106032, 0.21710509300464764, 0.21698042799835093]",0.21698236902011558,3.0,1.0,90.0,0.05263157894736842,0.011111111111111112,0.05,0.45454545454545453,beam_local,10000.0,180.0,0.0,0.0015165660006459802,0.19637210140354,0.03424100059783086,6.507002399303019e-05,0.23407497099833563,81619.0,81619.0,6887.0,,245080.0,87982.0,81844.0,200.0,432.0,1.0,1.0,68.5,90.0,True,beam_local_fit,10000.0,180.0,8.87399073690176e-06,0.0,0.0,0.0,0.0,8.87399073690176e-06,0.0,,,,,,,,,1.0,1.0,,,2.40802182815969e-06,0.22186764000798576,0.22187004802981392,68.5,68.5,0.0,isolated,1,True,1200.0,1.5688156280084513,1.3237804959935602,0.24503513201489113,153870336.0,146.7421875,resource.ru_maxrss_kib_converted_to_bytes,0.0,"{""BLIS_NUM_THREADS"": ""1"", ""MKL_DYNAMIC"": ""FALSE"", ""MKL_NUM_THREADS"": ""1"", ""NUMBA_NUM_THREADS"": ""1"", ""NUMEXPR_NUM_THREADS"": ""1"", ""OMP_DYNAMIC"": ""FALSE"", ""OMP_NUM_THREADS"": ""1"", ""OPENBLAS_NUM_THREADS"": ""1"", ""PYTHONHASHSEED"": ""0"", ""VECLIB_MAXIMUM_THREADS"": ""1""}",tree_path,2,0,0,0.13593476999085397,20,19,20,22,208,180,narrow,path,20,uniform,"{""kind"": ""categorical"", ""probs"": [0.75, 0.25], ""values"": [1, 2]}",uniform,24,background,beam_local_capped,A narrow observed tree and short template path favor local transitions; the cap is expected to remove occasional high-degree bursts.,250,179,58,1,33,1,68.5,True,exact_agreement,2,0.0,6.85e-05,1.0,0.0,1.0,100.0,True,1.0,1.0,1.0,1.0,200.0,,431.0,81845.0,,,,,,,,,,,,,,,,,,
narrow_tree_path_size,size,narrow_tree_to_path,n10000,query_tree_nodes,10000.0,narrow_tree_path_size__n10000,2,sparse_chain,generic_sparse,True,"{""method"": ""sparse_chain""}",jaccard,10000,180,1800000,153897,6.116666666666666,68.5,ok,,68.5,0.009243579988833517,0.009214043006068096,0.5693733289954253,0.5679492930066772,0.5753279929922428,0.5708835383314484,0.5686613110010512,0.572350660993834,0.003914313802980688,0.0014240359887480736,3.0,"[0.5753279929922428, 0.5679492930066772, 0.5693733289954253]",0.5786169089842588,3.0,1.0,90.0,0.05263157894736842,0.011111111111111112,0.05,0.45454545454545453,sparse_chain,10000.0,180.0,0.0,0.0508541610033717,0.2086326600110624,0.3286914229975082,2.313998993486166e-05,0.599354787991615,152904.0,152904.0,152904.0,,,,,,,1.0,1.0,68.5,90.0,True,sparse_chain_fit,10000.0,180.0,0.009211996017256752,0.0,0.0,0.0,0.0,0.009211996017256752,0.0,,,,,,,,,1.0,1.0,,,0.010332537000067532,0.5783133310033008,0.5886458680033684,68.5,68.5,0.0,isolated,1,True,1200.0,3.741334452992305,3.4901498699910007,0.2511845830013044,192655360.0,183.73046875,resource.ru_maxrss_kib_converted_to_bytes,0.0,"{""BLIS_NUM_THREADS"": ""1"", ""MKL_DYNAMIC"": ""FALSE"", ""MKL_NUM_THREADS"": ""1"", ""NUMBA_NUM_THREADS"": ""1"", ""NUMEXPR_NUM_THREADS"": ""1"", ""OMP_DYNAMIC"": ""FALSE"", ""OMP_NUM_THREADS"": ""1"", ""OPENBLAS_NUM_THREADS"": ""1"", ""PYTHONHASHSEED"": ""0"", ""VECLIB_MAXIMUM_THREADS"": ""1""}",tree_path,1,1,0,0.13593476999085397,20,19,20,22,208,180,narrow,path,20,uniform,"{""kind"": ""categorical"", ""probs"": [0.75, 0.25], ""values"": [1, 2]}",uniform,24,background,beam_local_capped,A narrow observed tree and short template path favor local transitions; the cap is expected to remove occasional high-degree bursts.,250,179,58,1,33,1,68.5,True,exact_agreement,2,0.0,6.85e-05,1.0,0.0,1.0,100.0,True,0.38108639261551064,0.37500177691146347,0.5518646692243585,0.5454564251601107,,,,,152904.0,152904.0,True,151698.0,881835.0,5516.0,152904.0,206496.0,False,,,,,,,,,
narrow_tree_path_size,size,narrow_tree_to_path,n10000,query_tree_nodes,10000.0,narrow_tree_path_size__n10000,2,exact_dense,generic,True,"{""method"": ""exact""}",jaccard,10000,180,1800000,153897,6.116666666666666,68.5,ok,,68.5,1.9189901649951935e-06,9.297014912590384e-06,1.444997226994019,1.4446815160044935,1.4528534870187286,1.4475107433390804,1.4448393714992562,1.4489253570063738,0.004629643709514039,0.00031571098952554166,3.0,"[1.4528534870187286, 1.444997226994019, 1.4446815160044935]",1.444999145984184,3.0,1.0,87.0,0.05263157894736842,0.011494252873563218,0.05,0.4090909090909091,exact_dense,10000.0,180.0,0.0,0.00010705000022426248,0.0,1.466612176009221,0.0018666649993974715,1.4688468289969023,1800000.0,,152904.0,1800000.0,,,,,,1.0,1.0,68.5,87.0,True,exact_fit,10000.0,180.0,8.085975423455238e-06,0.0,0.0,0.0,0.0,8.085975423455238e-06,0.0,,,,,,,,,1.0,1.0,,,2.2930034901946783e-06,1.4433538830198813,1.4433561760233715,68.5,68.5,0.0,isolated,1,True,1200.0,8.946074741019402,8.697367219021544,0.24870752199785784,154263552.0,147.1171875,resource.ru_maxrss_kib_converted_to_bytes,0.0,"{""BLIS_NUM_THREADS"": ""1"", ""MKL_DYNAMIC"": ""FALSE"", ""MKL_NUM_THREADS"": ""1"", ""NUMBA_NUM_THREADS"": ""1"", ""NUMEXPR_NUM_THREADS"": ""1"", ""OMP_DYNAMIC"": ""FALSE"", ""OMP_NUM_THREADS"": ""1"", ""OPENBLAS_NUM_THREADS"": ""1"", ""PYTHONHASHSEED"": ""0"", ""VECLIB_MAXIMUM_THREADS"": ""1""}",tree_path,0,2,0,0.13593476999085397,20,19,20,22,208,180,narrow,path,20,uniform,"{""kind"": ""categorical"", ""probs"": [0.75, 0.25], ""values"": [1, 2]}",uniform,24,background,beam_local_capped,A narrow observed tree and short template path favor local transitions; the cap is expected to remove occasional high-degree bursts.,250,179,58,1,33,1,68.5,True,exact_agreement,2,0.0,6.85e-05,1.0,0.0,1.0,100.0,True,0.15015975390466893,0.15016089775771432,0.2611111254673843,0.26111285481963287,,,,,,,,,,,,,,,,,,,,,,
narrow_tree_path_size,size,narrow_tree_to_path,n10000,query_tree_nodes,10000.0,narrow_tree_path_size__n10000,2,beam_partial_score,generic,False,"{""beam_balance_penalty"": 0.0, ""beam_candidate_future_weight"": 0.0, ""beam_expansion_width"": 64, ""beam_gap_penalty"": 0.0, ""beam_lookahead"": false, ""beam_n_restarts"": 1, ""beam_priority_future_weight"": 0.0, ""beam_priority_length_weight"": 0.0, ""beam_random_fraction"": 0.0, ""beam_rarity_weight"": 0.0, ""beam_symmetric"": false, ""beam_width"": 200, ""candidate_select_mode"": ""first"", ""method"": ""beam"", ""seed"": 0}",jaccard,10000,180,1800000,153897,6.116666666666666,19.166666666666668,ok,,19.166666666666668,1.701002474874258e-06,1.003599027171731e-05,2.5893972629855853,2.5828531149891205,2.6061788339866325,2.592809737320446,2.586125188987353,2.597788048486109,0.012031459907354807,0.006544147996464744,3.0,"[2.5893972629855853, 2.6061788339866325, 2.5828531149891205]",2.58939896398806,3.0,1.0,22.0,0.0,0.0,0.0,0.09090909090909091,beam_partial,10000.0,180.0,0.0,0.02692091098288074,2.5404951657692436,0.029929324227850884,1.0759016731753945e-05,2.5993194520124234,316869.0,83663.0,83663.0,,83663.0,10302.0,2941.0,200.0,23.0,1.0,1.0,19.166666666666668,22.0,True,beam_fit,10000.0,180.0,8.948001777753234e-06,0.0,0.0,0.0,0.0,8.948001777753234e-06,0.0,,,,,,,,,1.0,1.0,,,3.363995347172022e-06,2.564630759996362,2.564634123991709,19.166666666666668,19.166666666666668,0.0,isolated,1,True,1200.0,15.757344770012423,15.513475291983923,0.24386947802850045,153870336.0,146.7421875,resource.ru_maxrss_kib_converted_to_bytes,0.0,"{""BLIS_NUM_THREADS"": ""1"", ""MKL_DYNAMIC"": ""FALSE"", ""MKL_NUM_THREADS"": ""1"", ""NUMBA_NUM_THREADS"": ""1"", ""NUMEXPR_NUM_THREADS"": ""1"", ""OMP_DYNAMIC"": ""FALSE"", ""OMP_NUM_THREADS"": ""1"", ""OPENBLAS_NUM_THREADS"": ""1"", ""PYTHONHASHSEED"": ""0"", ""VECLIB_MAXIMUM_THREADS"": ""1""}",tree_path,3,3,0,0.13593476999085397,20,19,20,22,208,180,narrow,path,20,uniform,"{""kind"": ""categorical"", ""probs"": [0.75, 0.25], ""values"": [1, 2]}",uniform,24,background,beam_local_capped,A narrow observed tree and short template path favor local transitions; the cap is expected to remove occasional high-degree bursts.,250,179,58,1,33,1,68.5,True,exact_agreement,2,0.0,6.85e-05,0.2798053527980535,49.33333333333333,0.2798053527980535,27.980535279805352,True,0.08379572771625303,0.0837964222731944,0.12896822596594712,0.128969048584933,,,,,,,,,,,,,,,,,,15900.0,0.0,[19.166666666666668],0.0,"{""beam_width"": 200, ""expansion_width"": 64, ""label_pair_preprocessing_score_evaluations"": 15900, ""lookahead_enabled"": false, ""maximum_matching_length"": 180, ""positive_label_pair_types"": 2728, ""state_pool_size"": 83664}"
narrow_tree_path_size,size,narrow_tree_to_path,n10000,query_tree_nodes,10000.0,narrow_tree_path_size__n10000,3,sparse_chain,generic_sparse,True,"{""method"": ""sparse_chain""}",jaccard,10000,180,1800000,151410,6.916666666666666,71.0,ok,,71.0,0.009297554002841935,0.00945598300313577,0.558956701977877,0.5585682360106148,0.5627442359982524,0.560089724662248,0.5587624689942459,0.5608504689880647,0.002307065078549363,0.00038846596726216376,3.0,"[0.5627442359982524, 0.558956701977877, 0.5585682360106148]",0.5682542559807189,3.0,1.0,90.0,0.05,0.011111111111111112,0.043478260869565216,0.42857142857142855,sparse_chain,10000.0,180.0,0.0,0.04907084099249914,0.20677997698658146,0.32510358301806264,2.1862011635676026e-05,0.5919576779997442,150548.0,150548.0,150548.0,,,,,,,1.0,1.0,71.0,90.0,True,sparse_chain_fit,10000.0,180.0,0.009453855018364266,0.0,0.0,0.0,0.0,0.009453855018364266,0.0,,,,,,,,,1.0,1.0,,,0.01018103602109477,0.5693248239986133,0.579505860019708,71.0,71.0,0.0,isolated,1,True,1200.0,3.6884377379901707,3.4354473419953138,0.25299039599485695,189915136.0,181.1171875,resource.ru_maxrss_kib_converted_to_bytes,0.0,"{""BLIS_NUM_THREADS"": ""1"", ""MKL_DYNAMIC"": ""FALSE"", ""MKL_NUM_THREADS"": ""1"", ""NUMBA_NUM_THREADS"": ""1"", ""NUMEXPR_NUM_THREADS"": ""1"", ""OMP_DYNAMIC"": ""FALSE"", ""OMP_NUM_THREADS"": ""1"", ""OPENBLAS_NUM_THREADS"": ""1"", ""PYTHONHASHSEED"": ""0"", ""VECLIB_MAXIMUM_THREADS"": ""1""}",tree_path,1,0,0,0.13401384797180071,20,20,23,21,62,180,narrow,path,20,uniform,"{""kind"": ""categorical"", ""probs"": [0.75, 0.25], ""values"": [1, 2]}",uniform,24,background,beam_local_capped,A narrow observed tree and short template path favor local transitions; the cap is expected to remove occasional high-degree bursts.,250,179,61,1,42,1,71.0,True,exact_agreement,2,0.0,7.099999999999999e-05,1.0,0.0,1.0,100.0,True,0.38196017194685516,0.375713801998674,0.5527802894764522,0.5462092499949145,,,,,150548.0,150548.0,True,149305.0,861719.0,5433.0,150548.0,203421.0,False,,,,,,,,,
narrow_tree_path_size,size,narrow_tree_to_path,n10000,query_tree_nodes,10000.0,narrow_tree_path_size__n10000,3,exact_dense,generic,True,"{""method"": ""exact""}",jaccard,10000,180,1800000,151410,6.916666666666666,71.0,ok,,71.0,1.962995156645775e-06,8.93601099960506e-06,1.4144587490009144,1.4140663229918573,1.4149251529888716,1.4144834083272144,1.4142625359963859,1.414691950994893,0.00042994569741195733,0.0003924260090570897,3.0,"[1.4144587490009144, 1.4140663229918573, 1.4149251529888716]",1.414460711996071,3.0,1.0,90.0,0.05,0.011111111111111112,0.043478260869565216,0.42857142857142855,exact_dense,10000.0,180.0,0.0,0.00010837501031346619,0.0,1.4833991900086403,0.0017829650023486465,1.485476355010178,1800000.0,,150548.0,1800000.0,,,,,,1.0,1.0,71.0,90.0,True,exact_fit,10000.0,180.0,7.821014150977135e-06,0.0,0.0,0.0,0.0,7.821014150977135e-06,0.0,,,,,,,,,1.0,1.0,,,2.3799948394298553e-06,1.4227011330076493,1.4227035130024888,71.0,71.0,0.0,isolated,1,True,1200.0,8.821679687011056,8.576854808983626,0.2448248780274298,154529792.0,147.37109375,resource.ru_maxrss_kib_converted_to_bytes,0.0,"{""BLIS_NUM_THREADS"": ""1"", ""MKL_DYNAMIC"": ""FALSE"", ""MKL_NUM_THREADS"": ""1"", ""NUMBA_NUM_THREADS"": ""1"", ""NUMEXPR_NUM_THREADS"": ""1"", ""OMP_DYNAMIC"": ""FALSE"", ""OMP_NUM_THREADS"": ""1"", ""OPENBLAS_NUM_THREADS"": ""1"", ""PYTHONHASHSEED"": ""0"", ""VECLIB_MAXIMUM_THREADS"": ""1""}",tree_path,0,1,0,0.13401384797180071,20,20,23,21,62,180,narrow,path,20,uniform,"{""kind"": ""categorical"", ""probs"": [0.75, 0.25], ""values"": [1, 2]}",uniform,24,background,beam_local_capped,A narrow observed tree and short template path favor local transitions; the cap is expected to remove occasional high-degree bursts.,250,179,61,1,42,1,71.0,True,exact_agreement,2,0.0,7.099999999999999e-05,1.0,0.0,1.0,100.0,True,0.15094056164530745,0.15094160283543928,0.2622908022800638,0.26229237428481555,,,,,,,,,,,,,,,,,,,,,,
narrow_tree_path_size,size,narrow_tree_to_path,n10000,query_tree_nodes,10000.0,narrow_tree_path_size__n10000,3,beam_partial_score,generic,False,"{""beam_balance_penalty"": 0.0, ""beam_candidate_future_weight"": 0.0, ""beam_expansion_width"": 64, ""beam_gap_penalty"": 0.0, ""beam_lookahead"": false, ""beam_n_restarts"": 1, ""beam_priority_future_weight"": 0.0, ""beam_priority_length_weight"": 0.0, ""beam_random_fraction"": 0.0, ""beam_rarity_weight"": 0.0, ""beam_symmetric"": false, ""beam_width"": 200, ""candidate_select_mode"": ""first"", ""method"": ""beam"", ""seed"": 0}",jaccard,10000,180,1800000,151410,6.916666666666666,27.5,ok,,27.5,2.1240266505628824e-06,9.374984074383974e-06,3.9764827309991233,3.9548116750083864,3.9984333030006383,3.976575903002716,3.965647203003755,3.987458016999881,0.021810963251087594,0.02167105599073693,3.0,"[3.9548116750083864, 3.9764827309991233, 3.9984333030006383]",3.976484855025774,3.0,1.0,29.0,0.0,0.0,0.0,0.047619047619047616,beam_partial,10000.0,180.0,0.0,0.0254123609920498,3.916676855267724,0.04739064973546192,1.4730001566931605e-05,3.992368298000656,598821.0,148176.0,148176.0,,148176.0,9634.0,3969.0,200.0,30.0,1.0,1.0,27.5,29.0,True,beam_fit,10000.0,180.0,8.264003554359078e-06,0.0,0.0,0.0,0.0,8.264003554359078e-06,0.0,,,,,,,,,1.0,1.0,,,2.5840126909315586e-06,3.9386715540022124,3.9386741380149033,27.5,27.5,0.0,isolated,1,True,1200.0,24.075481512991246,23.831762970017735,0.24371854297351092,157851648.0,150.5390625,resource.ru_maxrss_kib_converted_to_bytes,0.0,"{""BLIS_NUM_THREADS"": ""1"", ""MKL_DYNAMIC"": ""FALSE"", ""MKL_NUM_THREADS"": ""1"", ""NUMBA_NUM_THREADS"": ""1"", ""NUMEXPR_NUM_THREADS"": ""1"", ""OMP_DYNAMIC"": ""FALSE"", ""OMP_NUM_THREADS"": ""1"", ""OPENBLAS_NUM_THREADS"": ""1"", ""PYTHONHASHSEED"": ""0"", ""VECLIB_MAXIMUM_THREADS"": ""1""}",tree_path,3,2,0,0.13401384797180071,20,20,23,21,62,180,narrow,path,20,uniform,"{""kind"": ""categorical"", ""probs"": [0.75, 0.25], ""values"": [1, 2]}",uniform,24,background,beam_local_capped,A narrow observed tree and short template path favor local transitions; the cap is expected to remove occasional high-degree bursts.,250,179,61,1,42,1,71.0,True,exact_agreement,2,0.0,7.099999999999999e-05,0.3873239436619718,43.5,0.3873239436619718,38.732394366197184,True,0.0536904627634768,0.05369087895471433,0.09430803833888579,0.09430868038416222,,,,,,,,,,,,,,,,,,14756.0,0.0,[27.5],0.0,"{""beam_width"": 200, ""expansion_width"": 64, ""label_pair_preprocessing_score_evaluations"": 14756, ""lookahead_enabled"": false, ""maximum_matching_length"": 180, ""positive_label_pair_types"": 2477, ""state_pool_size"": 148177}"
narrow_tree_path_size,size,narrow_tree_to_path,n10000,query_tree_nodes,10000.0,narrow_tree_path_size__n10000,3,beam_local,generic,False,"{""beam_local_child_cap"": null, ""beam_width"": 200, ""method"": ""beam_local""}",jaccard,10000,180,1800000,151410,6.916666666666666,70.66666666666667,ok,,70.66666666666667,1.7690181266516447e-06,9.356997907161713e-06,0.21349919799831696,0.2114587649994064,0.21359270601533353,0.2128502230043523,0.21247898149886169,0.21354595200682525,0.0012059446388444158,9.350801701657474e-05,3.0,"[0.2114587649994064, 0.21359270601533353, 0.21349919799831696]",0.2135009670164436,3.0,1.0,89.0,0.05,0.011235955056179775,0.043478260869565216,0.38095238095238093,beam_local,10000.0,180.0,0.0,0.001623793999897316,0.19222214096225798,0.034828220057534054,5.6698976550251245e-05,0.23035543801961467,80164.0,80164.0,6773.0,,240751.0,87059.0,80430.0,200.0,432.0,1.0,1.0,70.66666666666667,89.0,True,beam_local_fit,10000.0,180.0,8.270988473668694e-06,0.0,0.0,0.0,0.0,8.270988473668694e-06,0.0,,,,,,,,,1.0,1.0,,,2.3590109776705503e-06,0.21667768899351358,0.21668004800449125,70.66666666666667,70.66666666666667,0.0,isolated,1,True,1200.0,1.5456479530257639,1.2990711019956507,0.24657685103011318,153870336.0,146.7421875,resource.ru_maxrss_kib_converted_to_bytes,0.0,"{""BLIS_NUM_THREADS"": ""1"", ""MKL_DYNAMIC"": ""FALSE"", ""MKL_NUM_THREADS"": ""1"", ""NUMBA_NUM_THREADS"": ""1"", ""NUMEXPR_NUM_THREADS"": ""1"", ""OMP_DYNAMIC"": ""FALSE"", ""OMP_NUM_THREADS"": ""1"", ""OPENBLAS_NUM_THREADS"": ""1"", ""PYTHONHASHSEED"": ""0"", ""VECLIB_MAXIMUM_THREADS"": ""1""}",tree_path,2,3,0,0.13401384797180071,20,20,23,21,62,180,narrow,path,20,uniform,"{""kind"": ""categorical"", ""probs"": [0.75, 0.25], ""values"": [1, 2]}",uniform,24,background,beam_local_capped,A narrow observed tree and short template path favor local transitions; the cap is expected to remove occasional high-degree bursts.,250,179,61,1,42,1,71.0,True,exact_agreement,2,0.0,7.099999999999999e-05,0.9953051643192489,0.3333333333333286,0.9953051643192489,99.53051643192488,True,1.0,1.0,0.9976470588235293,0.9976470588235293,200.0,,431.0,80431.0,,,,,,,,,,,,,,,,,,
narrow_tree_path_size,size,narrow_tree_to_path,n20000,query_tree_nodes,20000.0,narrow_tree_path_size__n20000,0,exact_dense,generic,True,"{""method"": ""exact""}",jaccard,20000,260,5200000,429457,6.666666666666666,100.33332824707031,ok,,100.33333333333333,1.8710270524024963e-06,9.27798100747168e-06,4.150351927994052,4.141935236984864,4.16004442499252,4.150777196657145,4.146143582489458,4.155198176493286,0.009062081033130267,0.008416691009188071,3.0,"[4.141935236984864, 4.16004442499252, 4.150351927994052]",4.150353799021104,3.0,1.0,123.0,0.0,0.0,0.043478260869565216,0.3333333333333333,exact_dense,20000.0,260.0,0.0,0.00014392900629900396,0.0,4.212192890990991,0.004543810005998239,4.217344271019101,5200000.0,,427103.0,5200000.0,,,,,,1.0,1.0,100.33332824707031,123.0,True,exact_fit,20000.0,260.0,8.25000461190939e-06,0.0,0.0,0.0,0.0,8.25000461190939e-06,0.0,,,,,,,,,1.0,1.0,,,3.0049995984882116e-06,4.160779931000434,4.160782936000032,100.33332824707031,100.33333333333333,0.0,isolated,1,True,1200.0,25.234880583011545,24.98009626401472,0.2547843189968262,186314752.0,177.68359375,resource.ru_maxrss_kib_converted_to_bytes,0.0,"{""BLIS_NUM_THREADS"": ""1"", ""MKL_DYNAMIC"": ""FALSE"", ""MKL_NUM_THREADS"": ""1"", ""NUMBA_NUM_THREADS"": ""1"", ""NUMEXPR_NUM_THREADS"": ""1"", ""OMP_DYNAMIC"": ""FALSE"", ""OMP_NUM_THREADS"": ""1"", ""OPENBLAS_NUM_THREADS"": ""1"", ""PYTHONHASHSEED"": ""0"", ""VECLIB_MAXIMUM_THREADS"": ""1""}",tree_path,0,0,0,0.2597853069892153,20,20,23,21,328,260,narrow,path,20,uniform,"{""kind"": ""categorical"", ""probs"": [0.75, 0.25], ""values"": [1, 2]}",uniform,24,background,beam_local_capped,A narrow observed tree and short template path favor local transitions; the cap is expected to remove occasional high-degree bursts.,350,259,79,1,47,1,100.33333333333334,True,exact_agreement,2,5.0862630303072365e-06,0.00010033333333333334,1.0,5.0862630303072365e-06,1.0,100.0,True,0.07291334138873089,0.07291372583191269,0.1359165527653056,0.1359172206980148,,,,,,,,,,,,,,,,,,,,,,
narrow_tree_path_size,size,narrow_tree_to_path,n20000,query_tree_nodes,20000.0,narrow_tree_path_size__n20000,0,beam_partial_score,generic,False,"{""beam_balance_penalty"": 0.0, ""beam_candidate_future_weight"": 0.0, ""beam_expansion_width"": 64, ""beam_gap_penalty"": 0.0, ""beam_lookahead"": false, ""beam_n_restarts"": 1, ""beam_priority_future_weight"": 0.0, ""beam_priority_length_weight"": 0.0, ""beam_random_fraction"": 0.0, ""beam_rarity_weight"": 0.0, ""beam_symmetric"": false, ""beam_width"": 200, ""candidate_select_mode"": ""first"", ""method"": ""beam"", ""seed"": 0}",jaccard,20000,260,5200000,429457,6.666666666666666,22.0,ok,,22.0,2.248998498544097e-06,9.763985872268677e-06,3.8178695449896622,3.815883662988199,3.844604082987644,3.8261190969885015,3.8168766039889306,3.831236813988653,0.016039231975761632,0.001985882001463324,3.0,"[3.815883662988199, 3.8178695449896622, 3.844604082987644]",3.817871793988161,3.0,1.0,23.0,0.0,0.0,0.0,0.09523809523809523,beam_partial,20000.0,260.0,0.0,0.05067736600176431,3.777067585673649,0.05146434932248667,1.4532008208334446e-05,3.8838066430180334,536882.0,149450.0,149450.0,,149450.0,8952.0,3556.0,200.0,24.0,1.0,1.0,22.0,23.0,True,beam_fit,20000.0,260.0,8.660019375383854e-06,0.0,0.0,0.0,0.0,8.660019375383854e-06,0.0,,,,,,,,,1.0,1.0,,,2.3060129024088383e-06,3.8165127680113073,3.8165150740242098,22.0,22.0,0.0,isolated,1,True,1200.0,23.245687088987324,22.996288172987988,0.24939891599933617,161005568.0,153.546875,resource.ru_maxrss_kib_converted_to_bytes,0.0,"{""BLIS_NUM_THREADS"": ""1"", ""MKL_DYNAMIC"": ""FALSE"", ""MKL_NUM_THREADS"": ""1"", ""NUMBA_NUM_THREADS"": ""1"", ""NUMEXPR_NUM_THREADS"": ""1"", ""OMP_DYNAMIC"": ""FALSE"", ""OMP_NUM_THREADS"": ""1"", ""OPENBLAS_NUM_THREADS"": ""1"", ""PYTHONHASHSEED"": ""0"", ""VECLIB_MAXIMUM_THREADS"": ""1""}",tree_path,3,1,0,0.2597853069892153,20,20,23,21,328,260,narrow,path,20,uniform,"{""kind"": ""categorical"", ""probs"": [0.75, 0.25], ""values"": [1, 2]}",uniform,24,background,beam_local_capped,A narrow observed tree and short template path favor local transitions; the cap is expected to remove occasional high-degree bursts.,350,259,79,1,47,1,100.33333333333334,True,exact_agreement,2,5.0862630303072365e-06,0.00010033333333333334,0.21926910299003322,78.33333333333334,0.21926910299003322,21.92691029900332,True,0.07926306109813062,0.07926346806191378,0.11643596501781682,0.11643640411210424,,,,,,,,,,,,,,,,,,18360.0,0.0,[22.0],0.0,"{""beam_width"": 200, ""expansion_width"": 64, ""label_pair_preprocessing_score_evaluations"": 18360, ""lookahead_enabled"": false, ""maximum_matching_length"": 260, ""positive_label_pair_types"": 3187, ""state_pool_size"": 149451}"
narrow_tree_path_size,size,narrow_tree_to_path,n20000,query_tree_nodes,20000.0,narrow_tree_path_size__n20000,0,beam_local,generic,False,"{""beam_local_child_cap"": null, ""beam_width"": 200, ""method"": ""beam_local""}",jaccard,20000,260,5200000,429457,6.666666666666666,100.33333333333334,ok,,100.33333333333333,1.7319980543106794e-06,9.276001947000623e-06,0.30261602700920776,0.301977204013383,0.303558625979349,0.30271728566731326,0.3022966155112954,0.3030873264942784,0.0007955588259148025,0.0006388229958247393,3.0,"[0.30261602700920776, 0.301977204013383, 0.303558625979349]",0.30261775900726207,3.0,1.0,124.0,0.0,0.0,0.043478260869565216,0.3333333333333333,beam_local,20000.0,260.0,0.0,0.003466110007138923,0.2729161047900561,0.04760227623046376,8.677798905409873e-05,0.32677417100057937,113283.0,113283.0,9376.0,,340102.0,121454.0,113538.0,200.0,612.0,1.0,1.0,100.33333333333334,124.0,True,beam_local_fit,20000.0,260.0,8.273986168205738e-06,0.0,0.0,0.0,0.0,8.273986168205738e-06,0.0,,,,,,,,,1.0,1.0,,,2.4199835024774075e-06,0.3030703559925314,0.3030727759760339,100.33333333333334,100.33333333333333,0.0,isolated,1,True,1200.0,2.1045654129993636,1.8528770150151104,0.25168839798425324,155353088.0,148.15625,resource.ru_maxrss_kib_converted_to_bytes,0.0,"{""BLIS_NUM_THREADS"": ""1"", ""MKL_DYNAMIC"": ""FALSE"", ""MKL_NUM_THREADS"": ""1"", ""NUMBA_NUM_THREADS"": ""1"", ""NUMEXPR_NUM_THREADS"": ""1"", ""OMP_DYNAMIC"": ""FALSE"", ""OMP_NUM_THREADS"": ""1"", ""OPENBLAS_NUM_THREADS"": ""1"", ""PYTHONHASHSEED"": ""0"", ""VECLIB_MAXIMUM_THREADS"": ""1""}",tree_path,2,2,0,0.2597853069892153,20,20,23,21,328,260,narrow,path,20,uniform,"{""kind"": ""categorical"", ""probs"": [0.75, 0.25], ""values"": [1, 2]}",uniform,24,background,beam_local_capped,A narrow observed tree and short template path favor local transitions; the cap is expected to remove occasional high-degree bursts.,350,259,79,1,47,1,100.33333333333334,True,exact_agreement,2,5.0862630303072365e-06,0.00010033333333333334,1.0,0.0,1.0,100.0,True,1.0,1.0,1.0,1.0,200.0,,611.0,113539.0,,,,,,,,,,,,,,,,,,
narrow_tree_path_size,size,narrow_tree_to_path,n20000,query_tree_nodes,20000.0,narrow_tree_path_size__n20000,0,sparse_chain,generic_sparse,True,"{""method"": ""sparse_chain""}",jaccard,20000,260,5200000,429457,6.666666666666666,100.33333333333334,ok,,100.33333333333333,0.018521697988035157,0.03150408100918867,1.6516285900142975,1.643775573989842,1.6533423899963964,1.6495821846668453,1.6477020820020698,1.652485490005347,0.005101159011477346,0.0017137999820988625,3.0,"[1.6533423899963964, 1.643775573989842, 1.6516285900142975]",1.6701502880023327,3.0,1.0,125.0,0.0,0.0,0.043478260869565216,0.3333333333333333,sparse_chain,20000.0,260.0,0.0,0.17248070499044843,0.560732799989637,0.9723650479863863,3.1567004043608904e-05,1.7330729209934361,427103.0,427103.0,427103.0,,,,,,,1.0,1.0,100.33333333333334,125.0,True,sparse_chain_fit,20000.0,260.0,0.0315007199824322,0.0,0.0,0.0,0.0,0.0315007199824322,0.0,,,,,,,,,1.0,1.0,,,0.019524523988366127,1.6419997149787378,1.6615242389671039,100.33333333333334,100.33333333333333,0.0,isolated,1,True,1200.0,10.29351523600053,10.04297431500163,0.25054092099890113,282152960.0,269.08203125,resource.ru_maxrss_kib_converted_to_bytes,0.0,"{""BLIS_NUM_THREADS"": ""1"", ""MKL_DYNAMIC"": ""FALSE"", ""MKL_NUM_THREADS"": ""1"", ""NUMBA_NUM_THREADS"": ""1"", ""NUMEXPR_NUM_THREADS"": ""1"", ""OMP_DYNAMIC"": ""FALSE"", ""OMP_NUM_THREADS"": ""1"", ""OPENBLAS_NUM_THREADS"": ""1"", ""PYTHONHASHSEED"": ""0"", ""VECLIB_MAXIMUM_THREADS"": ""1""}",tree_path,1,3,0,0.2597853069892153,20,20,23,21,328,260,narrow,path,20,uniform,"{""kind"": ""categorical"", ""probs"": [0.75, 0.25], ""values"": [1, 2]}",uniform,24,background,beam_local_capped,A narrow observed tree and short template path favor local transitions; the cap is expected to remove occasional high-degree bursts.,350,259,79,1,47,1,100.33333333333334,True,exact_agreement,2,5.0862630303072365e-06,0.00010033333333333334,1.0,0.0,1.0,100.0,True,0.18322280737861782,0.18119193295426322,0.3097012772844373,0.30679507351711505,,,,,427103.0,427103.0,True,424576.0,2116469.0,11082.0,427103.0,598814.0,False,,,,,,,,,
narrow_tree_path_size,size,narrow_tree_to_path,n20000,query_tree_nodes,20000.0,narrow_tree_path_size__n20000,1,beam_partial_score,generic,False,"{""beam_balance_penalty"": 0.0, ""beam_candidate_future_weight"": 0.0, ""beam_expansion_width"": 64, ""beam_gap_penalty"": 0.0, ""beam_lookahead"": false, ""beam_n_restarts"": 1, ""beam_priority_future_weight"": 0.0, ""beam_priority_length_weight"": 0.0, ""beam_random_fraction"": 0.0, ""beam_rarity_weight"": 0.0, ""beam_symmetric"": false, ""beam_width"": 200, ""candidate_select_mode"": ""first"", ""method"": ""beam"", ""seed"": 0}",jaccard,20000,260,5200000,440709,6.1,27.0,ok,,27.0,1.9110157154500484e-06,8.987000910565257e-06,5.761019908008166,5.747944161994383,5.764210990979336,5.757725020327295,5.754482035001274,5.762615449493751,0.008619434142018611,0.0031910829711705446,3.0,"[5.764210990979336, 5.747944161994383, 5.761019908008166]",5.761021819023881,3.0,1.0,30.0,0.0,0.0,0.0,0.09523809523809523,beam_partial,20000.0,260.0,0.0,0.05343946602079086,5.722717750060838,0.0596430029545445,1.8194987205788493e-05,5.8413298439991195,1089780.0,177739.0,177739.0,,177739.0,10955.0,4409.0,200.0,32.0,1.0,1.0,27.0,30.0,True,beam_fit,20000.0,260.0,7.755996193736792e-06,0.0,0.0,0.0,0.0,7.755996193736792e-06,0.0,,,,,,,,,1.0,1.0,,,2.435990609228611e-06,5.720005921990378,5.720008357980987,27.0,27.0,0.0,isolated,1,True,1200.0,34.856606702000136,34.603474965028,0.2531317369721364,163995648.0,156.3984375,resource.ru_maxrss_kib_converted_to_bytes,0.0,"{""BLIS_NUM_THREADS"": ""1"", ""MKL_DYNAMIC"": ""FALSE"", ""MKL_NUM_THREADS"": ""1"", ""NUMBA_NUM_THREADS"": ""1"", ""NUMEXPR_NUM_THREADS"": ""1"", ""OMP_DYNAMIC"": ""FALSE"", ""OMP_NUM_THREADS"": ""1"", ""OPENBLAS_NUM_THREADS"": ""1"", ""PYTHONHASHSEED"": ""0"", ""VECLIB_MAXIMUM_THREADS"": ""1""}",tree_path,3,0,0,0.2599982770043425,20,21,24,21,64,260,narrow,path,20,uniform,"{""kind"": ""categorical"", ""probs"": [0.75, 0.25], ""values"": [1, 2]}",uniform,24,background,beam_local_capped,A narrow observed tree and short template path favor local transitions; the cap is expected to remove occasional high-degree bursts.,350,259,79,1,69,1,100.25000000000001,True,exact_agreement,2,7.629394545460855e-06,0.00010025000000000001,0.2693266832917705,73.25000000000001,0.2693266832917705,26.93266832917705,True,0.05386359428517978,0.05386393364440207,0.08977314112146831,0.08977361245830863,,,,,,,,,,,,,,,,,,20832.0,0.0,[27.0],0.0,"{""beam_width"": 200, ""expansion_width"": 64, ""label_pair_preprocessing_score_evaluations"": 20832, ""lookahead_enabled"": false, ""maximum_matching_length"": 260, ""positive_label_pair_types"": 3694, ""state_pool_size"": 177740}"
narrow_tree_path_size,size,narrow_tree_to_path,n20000,query_tree_nodes,20000.0,narrow_tree_path_size__n20000,1,beam_local,generic,False,"{""beam_local_child_cap"": null, ""beam_width"": 200, ""method"": ""beam_local""}",jaccard,20000,260,5200000,440709,6.1,100.25000000000001,ok,,100.25,2.0579900592565536e-06,1.2998993042856455e-05,0.3103092389937956,0.3091862559958827,0.31130279100034386,0.3102660953300074,0.30974774749483913,0.3108060149970697,0.001058926880417708,0.0009935520065482706,3.0,"[0.31130279100034386, 0.3103092389937956, 0.3091862559958827]",0.31031129698385485,3.0,1.0,124.0,0.047619047619047616,0.008064516129032258,0.041666666666666664,0.3333333333333333,beam_local,20000.0,260.0,0.0,0.0034307570022065192,0.280537374666892,0.049500300316140056,7.993399049155414e-05,0.3361071669787634,115328.0,115328.0,9799.0,,346113.0,123758.0,115459.0,200.0,612.0,1.0,1.0,100.25000000000001,124.0,True,beam_local_fit,20000.0,260.0,1.1822005035355687e-05,0.0,0.0,0.0,0.0,1.1822005035355687e-05,0.0,,,,,,,,,1.0,1.0,,,2.4609907995909452e-06,0.3104279129765928,0.31043037396739237,100.25000000000001,100.25,0.0,isolated,1,True,1200.0,2.144887831003871,1.8999044810188934,0.2449833499849774,155648000.0,148.4375,resource.ru_maxrss_kib_converted_to_bytes,0.0,"{""BLIS_NUM_THREADS"": ""1"", ""MKL_DYNAMIC"": ""FALSE"", ""MKL_NUM_THREADS"": ""1"", ""NUMBA_NUM_THREADS"": ""1"", ""NUMEXPR_NUM_THREADS"": ""1"", ""OMP_DYNAMIC"": ""FALSE"", ""OMP_NUM_THREADS"": ""1"", ""OPENBLAS_NUM_THREADS"": ""1"", ""PYTHONHASHSEED"": ""0"", ""VECLIB_MAXIMUM_THREADS"": ""1""}",tree_path,2,1,0,0.2599982770043425,20,21,24,21,64,260,narrow,path,20,uniform,"{""kind"": ""categorical"", ""probs"": [0.75, 0.25], ""values"": [1, 2]}",uniform,24,background,beam_local_capped,A narrow observed tree and short template path favor local transitions; the cap is expected to remove occasional high-degree bursts.,350,259,79,1,69,1,100.25000000000001,True,exact_agreement,2,7.629394545460855e-06,0.00010025000000000001,1.0,0.0,1.0,100.0,True,1.0,1.0,1.0,1.0,200.0,,611.0,115460.0,,,,,,,,,,,,,,,,,,
narrow_tree_path_size,size,narrow_tree_to_path,n20000,query_tree_nodes,20000.0,narrow_tree_path_size__n20000,1,sparse_chain,generic_sparse,True,"{""method"": ""sparse_chain""}",jaccard,20000,260,5200000,440709,6.1,100.25000000000001,ok,,100.25,0.01859203100320883,0.018699322012253106,1.6793341180018615,1.678291382995667,1.6918261700193398,1.6831505570056227,1.6788127504987642,1.6855801440106006,0.007531369061871698,0.0010427350061945617,3.0,"[1.6918261700193398, 1.678291382995667, 1.6793341180018615]",1.6979261490050703,3.0,1.0,125.0,0.047619047619047616,0.008,0.041666666666666664,0.2857142857142857,sparse_chain,20000.0,260.0,0.0,0.17778820398962125,0.5962559920153581,0.9846846169966739,3.778698737733066e-05,1.7841851930133998,438016.0,438016.0,438016.0,,,,,,,1.0,1.0,100.25000000000001,125.0,True,sparse_chain_fit,20000.0,260.0,0.018696809973334894,0.0,0.0,0.0,0.0,0.018696809973334894,0.0,,,,,,,,,1.0,1.0,,,0.019643606996396556,1.6854439729941078,1.7050875799905043,100.25000000000001,100.25,0.0,isolated,1,True,1200.0,10.540706895000767,10.284086995990947,0.2566198990098201,285040640.0,271.8359375,resource.ru_maxrss_kib_converted_to_bytes,0.0,"{""BLIS_NUM_THREADS"": ""1"", ""MKL_DYNAMIC"": ""FALSE"", ""MKL_NUM_THREADS"": ""1"", ""NUMBA_NUM_THREADS"": ""1"", ""NUMEXPR_NUM_THREADS"": ""1"", ""OMP_DYNAMIC"": ""FALSE"", ""OMP_NUM_THREADS"": ""1"", ""OPENBLAS_NUM_THREADS"": ""1"", ""PYTHONHASHSEED"": ""0"", ""VECLIB_MAXIMUM_THREADS"": ""1""}",tree_path,1,2,0,0.2599982770043425,20,21,24,21,64,260,narrow,path,20,uniform,"{""kind"": ""categorical"", ""probs"": [0.75, 0.25], ""values"": [1, 2]}",uniform,24,background,beam_local_capped,A narrow observed tree and short template path favor local transitions; the cap is expected to remove occasional high-degree bursts.,350,259,79,1,69,1,100.25000000000001,True,exact_agreement,2,7.629394545460855e-06,0.00010025000000000001,1.0,0.0,1.0,100.0,True,0.18478111988995607,0.1827590070190551,0.31192448425768093,0.30903845320048484,,,,,438016.0,438016.0,True,435494.0,2155131.0,11117.0,438016.0,595987.0,False,,,,,,,,,
narrow_tree_path_size,size,narrow_tree_to_path,n20000,query_tree_nodes,20000.0,narrow_tree_path_size__n20000,1,exact_dense,generic,True,"{""method"": ""exact""}",jaccard,20000,260,5200000,440709,6.1,100.24999237060547,ok,,100.25,1.8400023691356182e-06,9.987998055294156e-06,4.140454597014468,4.127176148002036,4.1479858930106275,4.138538879342377,4.133815372508252,4.144220245012548,0.010536311141951988,0.007531295996159315,3.0,"[4.127176148002036, 4.140454597014468, 4.1479858930106275]",4.140456437016837,3.0,1.0,124.0,0.047619047619047616,0.008064516129032258,0.041666666666666664,0.3333333333333333,exact_dense,20000.0,260.0,0.0,0.0001438489998690784,0.0,4.1900520639901515,0.004498855007113889,4.195395094982814,5200000.0,,438016.0,5200000.0,,,,,,1.0,1.0,100.24999237060547,124.0,True,exact_fit,20000.0,260.0,8.860020898282528e-06,0.0,0.0,0.0,0.0,8.860020898282528e-06,0.0,,,,,,,,,1.0,1.0,,,2.5909976102411747e-06,4.2521997559815645,4.252202346979175,100.24999237060547,100.25,0.0,isolated,1,True,1200.0,25.243902412010357,24.992302900005598,0.25159951200475916,186085376.0,177.46484375,resource.ru_maxrss_kib_converted_to_bytes,0.0,"{""BLIS_NUM_THREADS"": ""1"", ""MKL_DYNAMIC"": ""FALSE"", ""MKL_NUM_THREADS"": ""1"", ""NUMBA_NUM_THREADS"": ""1"", ""NUMEXPR_NUM_THREADS"": ""1"", ""OMP_DYNAMIC"": ""FALSE"", ""OMP_NUM_THREADS"": ""1"", ""OPENBLAS_NUM_THREADS"": ""1"", ""PYTHONHASHSEED"": ""0"", ""VECLIB_MAXIMUM_THREADS"": ""1""}",tree_path,0,3,0,0.2599982770043425,20,21,24,21,64,260,narrow,path,20,uniform,"{""kind"": ""categorical"", ""probs"": [0.75, 0.25], ""values"": [1, 2]}",uniform,24,background,beam_local_capped,A narrow observed tree and short template path favor local transitions; the cap is expected to remove occasional high-degree bursts.,350,259,79,1,69,1,100.25000000000001,True,exact_agreement,2,7.629394545460855e-06,0.00010025000000000001,1.0,7.629394545460855e-06,1.0,100.0,True,0.07494569297234857,0.07494615671102953,0.13944089168842586,0.13944169434558348,,,,,,,,,,,,,,,,,,,,,,
narrow_tree_path_size,size,narrow_tree_to_path,n20000,query_tree_nodes,20000.0,narrow_tree_path_size__n20000,2,beam_local,generic,False,"{""beam_local_child_cap"": null, ""beam_width"": 200, ""method"": ""beam_local""}",jaccard,20000,260,5200000,422788,7.083333333333333,96.0,ok,,96.0,1.7629936337471008e-06,1.0104005923494697e-05,0.3121727129910141,0.3119221520028077,0.31234475699602626,0.3121465406632827,0.3120474324969109,0.3122587349935202,0.0002125146774401119,0.00017204400501213968,3.0,"[0.31234475699602626, 0.3119221520028077, 0.3121727129910141]",0.31217447598464787,3.0,1.0,119.0,0.0,0.0,0.0,0.4090909090909091,beam_local,20000.0,260.0,0.0,0.0034901339968200773,0.28112685479572974,0.05025813021347858,8.541002171114087e-05,0.3377707310137339,116730.0,116730.0,9431.0,,350153.0,124773.0,116696.0,200.0,612.0,1.0,1.0,96.0,119.0,True,beam_local_fit,20000.0,260.0,8.919014362618327e-06,0.0,0.0,0.0,0.0,8.919014362618327e-06,0.0,,,,,,,,,1.0,1.0,,,2.4780165404081345e-06,0.31369321001693606,0.31369568803347647,96.0,96.0,0.0,isolated,1,True,1200.0,2.166402916016523,1.9137234869995154,0.25267942901700735,155545600.0,148.33984375,resource.ru_maxrss_kib_converted_to_bytes,0.0,"{""BLIS_NUM_THREADS"": ""1"", ""MKL_DYNAMIC"": ""FALSE"", ""MKL_NUM_THREADS"": ""1"", ""NUMBA_NUM_THREADS"": ""1"", ""NUMEXPR_NUM_THREADS"": ""1"", ""OMP_DYNAMIC"": ""FALSE"", ""OMP_NUM_THREADS"": ""1"", ""OPENBLAS_NUM_THREADS"": ""1"", ""PYTHONHASHSEED"": ""0"", ""VECLIB_MAXIMUM_THREADS"": ""1""}",tree_path,2,0,0,0.26174550398718566,20,21,23,22,167,260,narrow,path,20,uniform,"{""kind"": ""categorical"", ""probs"": [0.75, 0.25], ""values"": [1, 2]}",uniform,24,background,beam_local_capped,A narrow observed tree and short template path favor local transitions; the cap is expected to remove occasional high-degree bursts.,350,259,78,1,49,1,101.0,True,exact_agreement,2,0.0,0.000101,0.9504950495049505,5.0,0.9504950495049505,95.04950495049505,True,1.0,1.0,0.9746192893401014,0.9746192893401014,200.0,,611.0,116697.0,,,,,,,,,,,,,,,,,,
narrow_tree_path_size,size,narrow_tree_to_path,n20000,query_tree_nodes,20000.0,narrow_tree_path_size__n20000,2,sparse_chain,generic_sparse,True,"{""method"": ""sparse_chain""}",jaccard,20000,260,5200000,422788,7.083333333333333,101.0,ok,,101.0,0.030734563973965123,0.018622417002916336,1.6295093740045559,1.6186895800055936,1.6406202380021568,1.6296063973374355,1.6240994770050747,1.6350648060033564,0.010965650923948751,0.010819793998962268,3.0,"[1.6186895800055936, 1.6406202380021568, 1.6295093740045559]",1.660243937978521,3.0,1.0,124.0,0.0,0.0,0.0,0.4090909090909091,sparse_chain,20000.0,260.0,0.0,0.13365364199853502,0.5850557780067902,0.9589635709999129,3.217998892068863e-05,1.7029883429931942,420672.0,420672.0,420672.0,,,,,,,1.0,1.0,101.0,124.0,True,sparse_chain_fit,20000.0,260.0,0.018620032991748303,0.0,0.0,0.0,0.0,0.018620032991748303,0.0,,,,,,,,,1.0,1.0,,,0.019497398985549808,1.6451537300017662,1.664651128987316,101.0,101.0,0.0,isolated,1,True,1200.0,10.21061155598727,9.960888279019855,0.24972327696741559,280719360.0,267.71484375,resource.ru_maxrss_kib_converted_to_bytes,0.0,"{""BLIS_NUM_THREADS"": ""1"", ""MKL_DYNAMIC"": ""FALSE"", ""MKL_NUM_THREADS"": ""1"", ""NUMBA_NUM_THREADS"": ""1"", ""NUMEXPR_NUM_THREADS"": ""1"", ""OMP_DYNAMIC"": ""FALSE"", ""OMP_NUM_THREADS"": ""1"", ""OPENBLAS_NUM_THREADS"": ""1"", ""PYTHONHASHSEED"": ""0"", ""VECLIB_MAXIMUM_THREADS"": ""1""}",tree_path,1,1,0,0.26174550398718566,20,21,23,22,167,260,narrow,path,20,uniform,"{""kind"": ""categorical"", ""probs"": [0.75, 0.25], ""values"": [1, 2]}",uniform,24,background,beam_local_capped,A narrow observed tree and short template path favor local transitions; the cap is expected to remove occasional high-degree bursts.,350,259,78,1,49,1,101.0,True,exact_agreement,2,0.0,0.000101,1.0,0.0,1.0,100.0,True,0.19157466533858758,0.1880292822299024,0.321548738675392,0.3165398110002406,,,,,420672.0,420672.0,True,416971.0,2062509.0,11159.0,420672.0,589096.0,False,,,,,,,,,
narrow_tree_path_size,size,narrow_tree_to_path,n20000,query_tree_nodes,20000.0,narrow_tree_path_size__n20000,2,exact_dense,generic,True,"{""method"": ""exact""}",jaccard,20000,260,5200000,422788,7.083333333333333,101.0,ok,,101.0,1.881999196484685e-06,8.267001248896122e-06,4.14231273002224,4.137704291002592,4.160267177008791,4.146761399344541,4.140008510512416,4.151289953515516,0.011921155576812394,0.004608439019648358,3.0,"[4.14231273002224, 4.137704291002592, 4.160267177008791]",4.142314612021437,3.0,1.0,124.0,0.0,0.0,0.0,0.3181818181818182,exact_dense,20000.0,260.0,0.0,0.00014188000932335854,0.0,4.179193475982174,0.004555899009574205,4.1844134199782275,5200000.0,,420672.0,5200000.0,,,,,,1.0,1.0,101.0,124.0,True,exact_fit,20000.0,260.0,7.38899689167738e-06,0.0,0.0,0.0,0.0,7.38899689167738e-06,0.0,,,,,,,,,1.0,1.0,,,2.4319742806255817e-06,4.127229652018286,4.127232083992567,101.0,101.0,0.0,isolated,1,True,1200.0,25.1315295920067,24.87719817899051,0.2543314130161889,186429440.0,177.79296875,resource.ru_maxrss_kib_converted_to_bytes,0.0,"{""BLIS_NUM_THREADS"": ""1"", ""MKL_DYNAMIC"": ""FALSE"", ""MKL_NUM_THREADS"": ""1"", ""NUMBA_NUM_THREADS"": ""1"", ""NUMEXPR_NUM_THREADS"": ""1"", ""OMP_DYNAMIC"": ""FALSE"", ""OMP_NUM_THREADS"": ""1"", ""OPENBLAS_NUM_THREADS"": ""1"", ""PYTHONHASHSEED"": ""0"", ""VECLIB_MAXIMUM_THREADS"": ""1""}",tree_path,0,2,0,0.26174550398718566,20,21,23,22,167,260,narrow,path,20,uniform,"{""kind"": ""categorical"", ""probs"": [0.75, 0.25], ""values"": [1, 2]}",uniform,24,background,beam_local_capped,A narrow observed tree and short template path favor local transitions; the cap is expected to remove occasional high-degree bursts.,350,259,78,1,49,1,101.0,True,exact_agreement,2,0.0,0.000101,1.0,0.0,1.0,100.0,True,0.07536193748204473,0.07536232884838935,0.1401610655078687,0.1401617423758841,,,,,,,,,,,,,,,,,,,,,,
narrow_tree_path_size,size,narrow_tree_to_path,n20000,query_tree_nodes,20000.0,narrow_tree_path_size__n20000,2,beam_partial_score,generic,False,"{""beam_balance_penalty"": 0.0, ""beam_candidate_future_weight"": 0.0, ""beam_expansion_width"": 64, ""beam_gap_penalty"": 0.0, ""beam_lookahead"": false, ""beam_n_restarts"": 1, ""beam_priority_future_weight"": 0.0, ""beam_priority_length_weight"": 0.0, ""beam_random_fraction"": 0.0, ""beam_rarity_weight"": 0.0, ""beam_symmetric"": false, ""beam_width"": 200, ""candidate_select_mode"": ""first"", ""method"": ""beam"", ""seed"": 0}",jaccard,20000,260,5200000,422788,7.083333333333333,20.833333333333332,ok,,20.833333333333332,1.6779813449829817e-06,8.917006198316813e-06,2.9907218440202996,2.9902076889993623,3.009629497973947,2.9968530103312028,2.990464766509831,3.0001756709971232,0.011067748922444895,0.0005141550209373236,3.0,"[2.9907218440202996, 2.9902076889993623, 3.009629497973947]",2.9907235220016446,3.0,1.0,22.0,0.0,0.0,0.0,0.13636363636363635,beam_partial,20000.0,260.0,0.0,0.0504600269778166,2.926649282773724,0.035009984247153625,1.1618976714089513e-05,3.0153727289871313,370885.0,104606.0,104606.0,,104606.0,7229.0,3081.0,200.0,24.0,1.0,1.0,20.833333333333332,22.0,True,beam_fit,20000.0,260.0,7.97200482338667e-06,0.0,0.0,0.0,0.0,7.97200482338667e-06,0.0,,,,,,,,,1.0,1.0,,,2.487009624019265e-06,2.980041197995888,2.980043685005512,20.833333333333332,20.833333333333332,0.0,isolated,1,True,1200.0,18.215916235989425,17.967282447003527,0.24863378898589872,158318592.0,150.984375,resource.ru_maxrss_kib_converted_to_bytes,0.0,"{""BLIS_NUM_THREADS"": ""1"", ""MKL_DYNAMIC"": ""FALSE"", ""MKL_NUM_THREADS"": ""1"", ""NUMBA_NUM_THREADS"": ""1"", ""NUMEXPR_NUM_THREADS"": ""1"", ""OMP_DYNAMIC"": ""FALSE"", ""OMP_NUM_THREADS"": ""1"", ""OPENBLAS_NUM_THREADS"": ""1"", ""PYTHONHASHSEED"": ""0"", ""VECLIB_MAXIMUM_THREADS"": ""1""}",tree_path,3,3,0,0.26174550398718566,20,21,23,22,167,260,narrow,path,20,uniform,"{""kind"": ""categorical"", ""probs"": [0.75, 0.25], ""values"": [1, 2]}",uniform,24,background,beam_local_capped,A narrow observed tree and short template path favor local transitions; the cap is expected to remove occasional high-degree bursts.,350,259,78,1,49,1,101.0,True,exact_agreement,2,0.0,0.000101,0.20627062706270627,80.16666666666667,0.20627062706270627,20.627062706270628,True,0.10438039017743411,0.10438092110089614,0.13861605042358913,0.13861651857936802,,,,,,,,,,,,,,,,,,18144.0,0.0,[20.833333333333332],0.0,"{""beam_width"": 200, ""expansion_width"": 64, ""label_pair_preprocessing_score_evaluations"": 18144, ""lookahead_enabled"": false, ""maximum_matching_length"": 260, ""positive_label_pair_types"": 3082, ""state_pool_size"": 104607}"
narrow_tree_path_size,size,narrow_tree_to_path,n20000,query_tree_nodes,20000.0,narrow_tree_path_size__n20000,3,sparse_chain,generic_sparse,True,"{""method"": ""sparse_chain""}",jaccard,20000,260,5200000,435838,5.75,98.99999999999999,ok,,99.0,0.01899630401749164,0.030602915008785203,1.6700842989957891,1.669293637998635,1.7009602649777662,1.68011273399073,1.669688968497212,1.6855222819867777,0.018058819102994474,0.0007906609971541911,3.0,"[1.669293637998635, 1.7009602649777662, 1.6700842989957891]",1.6890806030132808,3.0,1.0,126.0,0.0,0.0,0.0,0.30434782608695654,sparse_chain,20000.0,260.0,0.0,0.17527705800603144,0.5736641300027259,0.9857990920136217,3.4527998650446534e-05,1.7670829739945475,433423.0,433423.0,433423.0,,,,,,,1.0,1.0,98.99999999999999,126.0,True,sparse_chain_fit,20000.0,260.0,0.030599539022659883,0.0,0.0,0.0,0.0,0.030599539022659883,0.0,,,,,,,,,1.0,1.0,,,0.019820155983325094,1.6798468340130057,1.6996669899963308,98.99999999999999,99.0,0.0,isolated,1,True,1200.0,10.485192068008473,10.2368166980159,0.24837536999257281,280403968.0,267.4140625,resource.ru_maxrss_kib_converted_to_bytes,0.0,"{""BLIS_NUM_THREADS"": ""1"", ""MKL_DYNAMIC"": ""FALSE"", ""MKL_NUM_THREADS"": ""1"", ""NUMBA_NUM_THREADS"": ""1"", ""NUMEXPR_NUM_THREADS"": ""1"", ""OMP_DYNAMIC"": ""FALSE"", ""OMP_NUM_THREADS"": ""1"", ""OPENBLAS_NUM_THREADS"": ""1"", ""PYTHONHASHSEED"": ""0"", ""VECLIB_MAXIMUM_THREADS"": ""1""}",tree_path,1,0,0,0.2619086850027088,20,19,20,23,92,260,narrow,path,20,uniform,"{""kind"": ""categorical"", ""probs"": [0.75, 0.25], ""values"": [1, 2]}",uniform,24,background,beam_local_capped,A narrow observed tree and short template path favor local transitions; the cap is expected to remove occasional high-degree bursts.,350,259,79,1,58,1,99.00000762939453,True,exact_agreement,2,7.629394545460855e-06,9.900000762939453e-05,1.0,7.629394545460855e-06,1.0,100.0,True,0.18863217514997063,0.18651192159770827,0.31739368846577076,0.31438693232270093,,,,,433423.0,433423.0,True,429712.0,2132181.0,11167.0,433423.0,601657.0,False,,,,,,,,,
narrow_tree_path_size,size,narrow_tree_to_path,n20000,query_tree_nodes,20000.0,narrow_tree_path_size__n20000,3,exact_dense,generic,True,"{""method"": ""exact""}",jaccard,20000,260,5200000,435838,5.75,99.00000762939453,ok,,99.0,1.962005626410246e-06,9.328010492026806e-06,4.100164411007427,4.09984320300282,4.1176538610016,4.105887158337282,4.100003807005123,4.108909136004513,0.010191528949985837,0.0003212080046068877,3.0,"[4.09984320300282, 4.1176538610016, 4.100164411007427]",4.100166373013053,3.0,1.0,125.0,0.0,0.0,0.0,0.2608695652173913,exact_dense,20000.0,260.0,0.0,0.0001414520083926618,0.0,4.1676875069970265,0.004585040995152667,4.172965479985578,5200000.0,,433423.0,5200000.0,,,,,,1.0,1.0,99.00000762939453,125.0,True,exact_fit,20000.0,260.0,8.256989531219006e-06,0.0,0.0,0.0,0.0,8.256989531219006e-06,0.0,,,,,,,,,1.0,1.0,,,2.3160246200859547e-06,4.084702778985957,4.084705095010577,99.00000762939453,99.0,0.0,isolated,1,True,1200.0,24.935059795010602,24.68350489498698,0.2515549000236206,186560512.0,177.91796875,resource.ru_maxrss_kib_converted_to_bytes,0.0,"{""BLIS_NUM_THREADS"": ""1"", ""MKL_DYNAMIC"": ""FALSE"", ""MKL_NUM_THREADS"": ""1"", ""NUMBA_NUM_THREADS"": ""1"", ""NUMEXPR_NUM_THREADS"": ""1"", ""OMP_DYNAMIC"": ""FALSE"", ""OMP_NUM_THREADS"": ""1"", ""OPENBLAS_NUM_THREADS"": ""1"", ""PYTHONHASHSEED"": ""0"", ""VECLIB_MAXIMUM_THREADS"": ""1""}",tree_path,0,1,0,0.2619086850027088,20,19,20,23,92,260,narrow,path,20,uniform,"{""kind"": ""categorical"", ""probs"": [0.75, 0.25], ""values"": [1, 2]}",uniform,24,background,beam_local_capped,A narrow observed tree and short template path favor local transitions; the cap is expected to remove occasional high-degree bursts.,350,259,79,1,58,1,99.00000762939453,True,exact_agreement,2,7.629394545460855e-06,9.900000762939453e-05,1.0,0.0,1.0,100.0,True,0.07683390284488253,0.07683436239927913,0.14270335033452308,0.14270414296231335,,,,,,,,,,,,,,,,,,,,,,
narrow_tree_path_size,size,narrow_tree_to_path,n20000,query_tree_nodes,20000.0,narrow_tree_path_size__n20000,3,beam_partial_score,generic,False,"{""beam_balance_penalty"": 0.0, ""beam_candidate_future_weight"": 0.0, ""beam_expansion_width"": 64, ""beam_gap_penalty"": 0.0, ""beam_lookahead"": false, ""beam_n_restarts"": 1, ""beam_priority_future_weight"": 0.0, ""beam_priority_length_weight"": 0.0, ""beam_random_fraction"": 0.0, ""beam_rarity_weight"": 0.0, ""beam_symmetric"": false, ""beam_width"": 200, ""candidate_select_mode"": ""first"", ""method"": ""beam"", ""seed"": 0}",jaccard,20000,260,5200000,435838,5.75,19.666666666666668,ok,,19.666666666666668,1.9989965949207544e-06,9.430019417777658e-06,3.223334397014696,3.1951059519778937,3.2269169150094967,3.2151190880006957,3.209220174496295,3.2251256560120964,0.0174242021021378,0.0035825179948005825,3.0,"[3.223334397014696, 3.1951059519778937, 3.2269169150094967]",3.223336396011291,3.0,1.0,21.0,0.0,0.0,0.0,0.043478260869565216,beam_partial,20000.0,260.0,0.0,0.05231256000115536,3.1598899087985046,0.03384054620983079,1.2432021321728826e-05,3.249527173000388,388977.0,98508.0,98508.0,,98508.0,8173.0,3140.0,200.0,22.0,1.0,1.0,19.666666666666668,21.0,True,beam_fit,20000.0,260.0,8.194008842110634e-06,0.0,0.0,0.0,0.0,8.194008842110634e-06,0.0,,,,,,,,,1.0,1.0,,,2.294982550665736e-06,3.200312925997423,3.2003152209799737,19.666666666666668,19.666666666666668,0.0,isolated,1,True,1200.0,19.545392511994578,19.291104614007054,0.25428789798752405,156815360.0,149.55078125,resource.ru_maxrss_kib_converted_to_bytes,0.0,"{""BLIS_NUM_THREADS"": ""1"", ""MKL_DYNAMIC"": ""FALSE"", ""MKL_NUM_THREADS"": ""1"", ""NUMBA_NUM_THREADS"": ""1"", ""NUMEXPR_NUM_THREADS"": ""1"", ""OMP_DYNAMIC"": ""FALSE"", ""OMP_NUM_THREADS"": ""1"", ""OPENBLAS_NUM_THREADS"": ""1"", ""PYTHONHASHSEED"": ""0"", ""VECLIB_MAXIMUM_THREADS"": ""1""}",tree_path,3,2,0,0.2619086850027088,20,19,20,23,92,260,narrow,path,20,uniform,"{""kind"": ""categorical"", ""probs"": [0.75, 0.25], ""values"": [1, 2]}",uniform,24,background,beam_local_capped,A narrow observed tree and short template path favor local transitions; the cap is expected to remove occasional high-degree bursts.,350,259,79,1,58,1,99.00000762939453,True,exact_agreement,2,7.629394545460855e-06,9.900000762939453e-05,0.19865318334407228,79.33334096272786,0.19865318334407228,19.865318334407227,True,0.09773470425381785,0.09773527497510355,0.13101284455694853,0.13101335732786476,,,,,,,,,,,,,,,,,,19596.0,0.0,[19.666666666666668],0.0,"{""beam_width"": 200, ""expansion_width"": 64, ""label_pair_preprocessing_score_evaluations"": 19596, ""lookahead_enabled"": false, ""maximum_matching_length"": 260, ""positive_label_pair_types"": 3360, ""state_pool_size"": 98509}"
narrow_tree_path_size,size,narrow_tree_to_path,n20000,query_tree_nodes,20000.0,narrow_tree_path_size__n20000,3,beam_local,generic,False,"{""beam_local_child_cap"": null, ""beam_width"": 200, ""method"": ""beam_local""}",jaccard,20000,260,5200000,435838,5.75,98.99999999999999,ok,,99.0,2.034998033195734e-06,9.67297819443047e-06,0.3150316340033896,0.31267875400953926,0.31564705501659773,0.3144524810098422,0.31385519400646444,0.3153393445099937,0.001566609830039786,0.0006154210132081062,3.0,"[0.31267875400953926, 0.31564705501659773, 0.3150316340033896]",0.3150336690014228,3.0,1.0,125.0,0.0,0.0,0.0,0.2608695652173913,beam_local,20000.0,260.0,0.0,0.00339314597658813,0.28422933680121787,0.050171502196462825,9.872298687696457e-05,0.34070989800966345,115847.0,115847.0,9707.0,,347812.0,123604.0,116121.0,200.0,612.0,1.0,1.0,98.99999999999999,125.0,True,beam_local_fit,20000.0,260.0,8.636998245492578e-06,0.0,0.0,0.0,0.0,8.636998245492578e-06,0.0,,,,,,,,,1.0,1.0,,,2.321990905329585e-06,0.31607941299444064,0.316081734985346,98.99999999999999,99.0,0.0,isolated,1,True,1200.0,2.17766248199041,1.9278321730089374,0.24983030898147263,155250688.0,148.05859375,resource.ru_maxrss_kib_converted_to_bytes,0.0,"{""BLIS_NUM_THREADS"": ""1"", ""MKL_DYNAMIC"": ""FALSE"", ""MKL_NUM_THREADS"": ""1"", ""NUMBA_NUM_THREADS"": ""1"", ""NUMEXPR_NUM_THREADS"": ""1"", ""OMP_DYNAMIC"": ""FALSE"", ""OMP_NUM_THREADS"": ""1"", ""OPENBLAS_NUM_THREADS"": ""1"", ""PYTHONHASHSEED"": ""0"", ""VECLIB_MAXIMUM_THREADS"": ""1""}",tree_path,2,3,0,0.2619086850027088,20,19,20,23,92,260,narrow,path,20,uniform,"{""kind"": ""categorical"", ""probs"": [0.75, 0.25], ""values"": [1, 2]}",uniform,24,background,beam_local_capped,A narrow observed tree and short template path favor local transitions; the cap is expected to remove occasional high-degree bursts.,350,259,79,1,58,1,99.00000762939453,True,exact_agreement,2,7.629394545460855e-06,9.900000762939453e-05,1.0,7.629394545460855e-06,1.0,100.0,True,1.0,1.0,1.0,1.0,200.0,,611.0,116122.0,,,,,,,,,,,,,,,,,,
rare_anchor_size,size,rare_anchor_oracle,n800,nodes_per_tree,800.0,rare_anchor_size__n800,0,beam_partial_score,generic,False,"{""beam_balance_penalty"": 0.0, ""beam_candidate_future_weight"": 0.0, ""beam_expansion_width"": 64, ""beam_gap_penalty"": 0.0, ""beam_lookahead"": false, ""beam_n_restarts"": 1, ""beam_priority_future_weight"": 0.0, ""beam_priority_length_weight"": 0.0, ""beam_random_fraction"": 0.0, ""beam_rarity_weight"": 0.0, ""beam_symmetric"": false, ""beam_width"": 200, ""candidate_select_mode"": ""first"", ""method"": ""beam"", ""seed"": 0}",equality,800,800,640000,156634,14000.0,14003.681792830508,ok,,14003.681792830508,2.227025106549263e-06,9.151000995188951e-06,0.2122812250163406,0.21225970101659186,0.21236827698885463,0.21230306767392904,0.21227046301646624,0.21232475100259762,5.7489231218509465e-05,2.152399974875152e-05,3.0,"[0.21225970101659186, 0.21236827698885463, 0.2122812250163406]",0.21228345204144716,3.0,1.0,17.0,1.0,0.8235294117647058,1.0,1.0,beam_partial,800.0,800.0,0.0,0.001833212998462841,0.1974660673586186,0.019519969646353275,4.4339976739138365e-06,0.21925719597493298,97479.0,34439.0,34439.0,,34439.0,23606.0,3232.0,200.0,21.0,1.0,1.0,14003.681792830508,17.0,True,beam_fit,800.0,800.0,8.13300721347332e-06,0.0,0.0,0.0,0.0,8.13300721347332e-06,0.0,,,,,,,,,1.0,1.0,,,2.2189924493432045e-06,0.21389163701678626,0.2138938560092356,14003.681792830508,14003.681792830508,0.0,isolated,1,True,1200.0,1.5343103460036218,1.2824027889873832,0.25190755701623857,154066944.0,146.9296875,resource.ru_maxrss_kib_converted_to_bytes,0.0,"{""BLIS_NUM_THREADS"": ""1"", ""MKL_DYNAMIC"": ""FALSE"", ""MKL_NUM_THREADS"": ""1"", ""NUMBA_NUM_THREADS"": ""1"", ""NUMEXPR_NUM_THREADS"": ""1"", ""OMP_DYNAMIC"": ""FALSE"", ""OMP_NUM_THREADS"": ""1"", ""OPENBLAS_NUM_THREADS"": ""1"", ""PYTHONHASHSEED"": ""0"", ""VECLIB_MAXIMUM_THREADS"": ""1""}",tree_tree,2,0,0,0.027227063983445987,42,14,14,14,115,128,medium,medium,30,zipf,1,inverse_sqrt,14,reserved,fast_dense,"Exact-oracle companion to the large rare-anchor stress regime. The score-only partial beam should preserve the delayed rare anchors and remain above the 99% quality floor, while local beams may prune the relevant branch; at this smaller scale the specialized dense exact method is still expected to be fastest.",130,130,20,17,5,6,14066.126953125,True,single_exact_result,1,0.0,0.014066126953124999,0.9955606002631294,62.44516029449187,0.9955606002631294,99.55606002631295,True,0.011414344424087432,0.015353401227259453,0.022569919234652524,0.030240438492999573,,,,,,,,,,,,,,,,,,1848.0,0.0,[14003.681792830508],0.0,"{""beam_width"": 200, ""expansion_width"": 64, ""label_pair_preprocessing_score_evaluations"": 1848, ""lookahead_enabled"": false, ""maximum_matching_length"": 131, ""positive_label_pair_types"": 42, ""state_pool_size"": 34440}"
rare_anchor_size,size,rare_anchor_oracle,n800,nodes_per_tree,800.0,rare_anchor_size__n800,0,fast_dense,fast_dense,True,{},equality,800,800,640000,156634,14000.0,14066.126953125,ok,,14066.127078214777,0.0008362219959963113,0.0008499599935021251,0.0024230510171037167,0.002409198001259938,0.0024287620035465807,0.0024203370073034116,0.0024161245091818273,0.0024259065103251487,1.006041416965796e-05,5.710986442863941e-06,3.0,"[0.0024287620035465807, 0.002409198001259938, 0.0024230510171037167]",0.003259273013100028,3.0,1.0,62.0,1.0,0.22580645161290322,1.0,1.0,fast_dense_equality,800.0,800.0,0.0,1.5225989045575261e-05,0.0,0.0032783260103315115,4.942700616084039e-05,0.0033549390209373087,640000.0,,,640000.0,,,,,,1.0,1.0,14066.126953125,62.0,,fast_dense_fit,800.0,800.0,0.0008487399900332093,0.0,0.0,0.0,0.0,0.0008487399900332093,0.0,,,,,,,,,1.0,1.0,,,0.0009019350109156221,0.10518019099254161,0.10608212600345723,14066.126953125,14066.127078214777,0.0,isolated,1,True,1200.0,0.40826642501633614,0.12128969898913056,0.2869767260272056,203444224.0,194.01953125,resource.ru_maxrss_kib_converted_to_bytes,0.0,"{""BLIS_NUM_THREADS"": ""1"", ""MKL_DYNAMIC"": ""FALSE"", ""MKL_NUM_THREADS"": ""1"", ""NUMBA_NUM_THREADS"": ""1"", ""NUMEXPR_NUM_THREADS"": ""1"", ""OMP_DYNAMIC"": ""FALSE"", ""OMP_NUM_THREADS"": ""1"", ""OPENBLAS_NUM_THREADS"": ""1"", ""PYTHONHASHSEED"": ""0"", ""VECLIB_MAXIMUM_THREADS"": ""1""}",tree_tree,0,1,0,0.027227063983445987,42,14,14,14,115,128,medium,medium,30,zipf,1,inverse_sqrt,14,reserved,fast_dense,"Exact-oracle companion to the large rare-anchor stress regime. The score-only partial beam should preserve the delayed rare anchors and remain above the 99% quality floor, while local beams may prune the relevant branch; at this smaller scale the specialized dense exact method is still expected to be fastest.",130,130,20,17,5,6,14066.126953125,True,single_exact_result,1,0.0,0.014066126953124999,1.0,0.0,1.0,100.0,True,1.0,1.0,1.0,1.0,,,,,,,,,,,,,,,,,,,,,,
rare_anchor_size,size,rare_anchor_oracle,n800,nodes_per_tree,800.0,rare_anchor_size__n800,0,beam_local,generic,False,"{""beam_local_child_cap"": null, ""beam_width"": 200, ""method"": ""beam_local""}",equality,800,800,640000,156634,14000.0,10084.587893159545,ok,,10084.58789315954,1.6770209185779095e-06,9.898009011521935e-06,0.10020855200127698,0.09970644101849757,0.10058016199036501,0.10016505167004652,0.09995749650988728,0.100394356995821,0.0004384818049624372,0.00037160998908802867,3.0,"[0.09970644101849757, 0.10058016199036501, 0.10020855200127698]",0.10021022902219556,3.0,1.0,66.0,0.7142857142857143,0.15151515151515152,0.7142857142857143,0.7142857142857143,beam_local,800.0,800.0,0.0,0.0002254810242448002,0.08929752541007474,0.020545241597574204,2.04920070245862e-05,0.11074236300191842,50583.0,50583.0,12226.0,,148479.0,57128.0,47319.0,200.0,262.0,1.0,1.0,10084.587893159545,66.0,True,beam_local_fit,800.0,800.0,8.794013410806656e-06,0.0,0.0,0.0,0.0,8.794013410806656e-06,0.0,,,,,,,,,1.0,1.0,,,2.3790053091943264e-06,0.10149242499028333,0.10149480399559252,10084.587893159545,10084.58789315954,0.0,isolated,1,True,1200.0,0.8578060389845632,0.613814337993972,0.2439917009905912,154066944.0,146.9296875,resource.ru_maxrss_kib_converted_to_bytes,0.0,"{""BLIS_NUM_THREADS"": ""1"", ""MKL_DYNAMIC"": ""FALSE"", ""MKL_NUM_THREADS"": ""1"", ""NUMBA_NUM_THREADS"": ""1"", ""NUMEXPR_NUM_THREADS"": ""1"", ""OMP_DYNAMIC"": ""FALSE"", ""OMP_NUM_THREADS"": ""1"", ""OPENBLAS_NUM_THREADS"": ""1"", ""PYTHONHASHSEED"": ""0"", ""VECLIB_MAXIMUM_THREADS"": ""1""}",tree_tree,1,2,0,0.027227063983445987,42,14,14,14,115,128,medium,medium,30,zipf,1,inverse_sqrt,14,reserved,fast_dense,"Exact-oracle companion to the large rare-anchor stress regime. The score-only partial beam should preserve the delayed rare anchors and remain above the 99% quality floor, while local beams may prune the relevant branch; at this smaller scale the specialized dense exact method is still expected to be fastest.",130,130,20,17,5,6,14066.126953125,True,single_exact_result,1,0.0,0.014066126953124999,0.7169413390598685,3981.5390599654547,0.7169413390598685,71.69413390598685,True,0.02418008212585328,0.03252435449856254,0.04678234891700045,0.062225808243587935,200.0,,262.0,47320.0,,,,,,,,,,,,,,,,,,
rare_anchor_size,size,rare_anchor_oracle,n800,nodes_per_tree,800.0,rare_anchor_size__n800,1,fast_dense,fast_dense,True,{},equality,800,800,640000,145902,14000.0,14042.8955078125,ok,,14042.896935376086,0.0008161810110323131,0.0008788389968685806,0.002194344997406006,0.00214395800139755,0.002227118005976081,0.002188473668259879,0.002169151499401778,0.0022107315016910434,4.188974778907048e-05,3.2773008570075035e-05,3.0,"[0.00214395800139755, 0.002227118005976081, 0.002194344997406006]",0.003010526008438319,3.0,1.0,43.0,1.0,0.32558139534883723,1.0,1.0,fast_dense_equality,800.0,800.0,0.0,1.7259997548535466e-05,0.0,0.0029841979849152267,3.654899774119258e-05,0.003049176011700183,640000.0,,,640000.0,,,,,,1.0,1.0,14042.8955078125,43.0,,fast_dense_fit,800.0,800.0,0.0008776129980105907,0.0,0.0,0.0,0.0,0.0008776129980105907,0.0,,,,,,,,,1.0,1.0,,,0.0008611890079919249,0.1043925280100666,0.10525371701805852,14042.8955078125,14042.896935376086,0.0,isolated,1,True,1200.0,0.3932184449804481,0.11921404700842686,0.27400439797202125,203358208.0,193.9375,resource.ru_maxrss_kib_converted_to_bytes,0.0,"{""BLIS_NUM_THREADS"": ""1"", ""MKL_DYNAMIC"": ""FALSE"", ""MKL_NUM_THREADS"": ""1"", ""NUMBA_NUM_THREADS"": ""1"", ""NUMEXPR_NUM_THREADS"": ""1"", ""OMP_DYNAMIC"": ""FALSE"", ""OMP_NUM_THREADS"": ""1"", ""OPENBLAS_NUM_THREADS"": ""1"", ""PYTHONHASHSEED"": ""0"", ""VECLIB_MAXIMUM_THREADS"": ""1""}",tree_tree,0,0,0,0.03207542700693011,43,14,14,14,91,85,medium,medium,30,zipf,1,inverse_sqrt,14,reserved,fast_dense,"Exact-oracle companion to the large rare-anchor stress regime. The score-only partial beam should preserve the delayed rare anchors and remain above the 99% quality floor, while local beams may prune the relevant branch; at this smaller scale the specialized dense exact method is still expected to be fastest.",130,130,18,18,5,4,14042.8955078125,True,single_exact_result,1,0.0,0.0140428955078125,1.0,0.0,1.0,100.0,True,1.0,1.0,1.0,1.0,,,,,,,,,,,,,,,,,,,,,,
rare_anchor_size,size,rare_anchor_oracle,n800,nodes_per_tree,800.0,rare_anchor_size__n800,1,beam_local,generic,False,"{""beam_local_child_cap"": null, ""beam_width"": 200, ""method"": ""beam_local""}",equality,800,800,640000,145902,14000.0,14042.896935376088,ok,,14042.896935376086,1.6909907571971416e-06,9.401992429047823e-06,0.09872659499524161,0.09840279899071902,0.09887592500308529,0.0986684396630153,0.09856469699298032,0.09880125999916345,0.00024186481326179886,0.00014933000784367323,3.0,"[0.09872659499524161, 0.09887592500308529, 0.09840279899071902]",0.09872828598599881,3.0,1.0,43.0,1.0,0.32558139534883723,1.0,1.0,beam_local,800.0,800.0,0.0,0.00022255801013670862,0.0869700683397241,0.020959985675290227,2.229600795544684e-05,0.1089390910055954,49530.0,49530.0,10879.0,,145642.0,56184.0,46691.0,200.0,252.0,1.0,1.0,14042.896935376088,43.0,True,beam_local_fit,800.0,800.0,8.428003638982773e-06,0.0,0.0,0.0,0.0,8.428003638982773e-06,0.0,,,,,,,,,1.0,1.0,,,2.1780142560601234e-06,0.09928743599448353,0.09928961400873959,14042.896935376088,14042.896935376086,0.0,isolated,1,True,1200.0,0.8527280220005196,0.6037065080017783,0.24902151399874128,154066944.0,146.9296875,resource.ru_maxrss_kib_converted_to_bytes,0.0,"{""BLIS_NUM_THREADS"": ""1"", ""MKL_DYNAMIC"": ""FALSE"", ""MKL_NUM_THREADS"": ""1"", ""NUMBA_NUM_THREADS"": ""1"", ""NUMEXPR_NUM_THREADS"": ""1"", ""OMP_DYNAMIC"": ""FALSE"", ""OMP_NUM_THREADS"": ""1"", ""OPENBLAS_NUM_THREADS"": ""1"", ""PYTHONHASHSEED"": ""0"", ""VECLIB_MAXIMUM_THREADS"": ""1""}",tree_tree,1,1,0,0.03207542700693011,43,14,14,14,91,85,medium,medium,30,zipf,1,inverse_sqrt,14,reserved,fast_dense,"Exact-oracle companion to the large rare-anchor stress regime. The score-only partial beam should preserve the delayed rare anchors and remain above the 99% quality floor, while local beams may prune the relevant branch; at this smaller scale the specialized dense exact method is still expected to be fastest.",130,130,18,18,5,4,14042.8955078125,True,single_exact_result,1,0.0,0.0140428955078125,1.0,-0.0014275635876401793,1.0,100.0,True,0.02222648312252406,0.030493044403356276,0.04348641615042171,0.059181465743927276,200.0,,262.0,46692.0,,,,,,,,,,,,,,,,,,
rare_anchor_size,size,rare_anchor_oracle,n800,nodes_per_tree,800.0,rare_anchor_size__n800,1,beam_partial_score,generic,False,"{""beam_balance_penalty"": 0.0, ""beam_candidate_future_weight"": 0.0, ""beam_expansion_width"": 64, ""beam_gap_penalty"": 0.0, ""beam_lookahead"": false, ""beam_n_restarts"": 1, ""beam_priority_future_weight"": 0.0, ""beam_priority_length_weight"": 0.0, ""beam_random_fraction"": 0.0, ""beam_rarity_weight"": 0.0, ""beam_symmetric"": false, ""beam_width"": 200, ""candidate_select_mode"": ""first"", ""method"": ""beam"", ""seed"": 0}",equality,800,800,640000,145902,14000.0,14000.0,ok,,14000.0,1.761014573276043e-06,7.2039838414639235e-06,0.21050593900145032,0.2101581949973479,0.21118588800891303,0.21061667400257042,0.2103320669993991,0.21084591350518167,0.0005227187693777164,0.0003477440041024238,3.0,"[0.21118588800891303, 0.2101581949973479, 0.21050593900145032]",0.2105077000160236,3.0,1.0,14.0,1.0,1.0,1.0,1.0,beam_partial,800.0,800.0,0.0,0.001792112976545468,0.20157901325728744,0.013625135732581839,2.9200164135545492e-06,0.21727966598700732,103163.0,22164.0,22164.0,,22164.0,15426.0,3143.0,200.0,19.0,1.0,1.0,14000.0,14.0,True,beam_fit,800.0,800.0,6.324000423774123e-06,0.0,0.0,0.0,0.0,6.324000423774123e-06,0.0,,,,,,,,,1.0,1.0,,,2.4990004021674395e-06,0.2113972810038831,0.21139978000428528,14000.0,14000.0,0.0,isolated,1,True,1200.0,1.5153080489835702,1.270766175002791,0.2445418739807792,154066944.0,146.9296875,resource.ru_maxrss_kib_converted_to_bytes,0.0,"{""BLIS_NUM_THREADS"": ""1"", ""MKL_DYNAMIC"": ""FALSE"", ""MKL_NUM_THREADS"": ""1"", ""NUMBA_NUM_THREADS"": ""1"", ""NUMEXPR_NUM_THREADS"": ""1"", ""OMP_DYNAMIC"": ""FALSE"", ""OMP_NUM_THREADS"": ""1"", ""OPENBLAS_NUM_THREADS"": ""1"", ""PYTHONHASHSEED"": ""0"", ""VECLIB_MAXIMUM_THREADS"": ""1""}",tree_tree,2,2,0,0.03207542700693011,43,14,14,14,91,85,medium,medium,30,zipf,1,inverse_sqrt,14,reserved,fast_dense,"Exact-oracle companion to the large rare-anchor stress regime. The score-only partial beam should preserve the delayed rare anchors and remain above the 99% quality floor, while local beams may prune the relevant branch; at this smaller scale the specialized dense exact method is still expected to be fastest.",130,130,18,18,5,4,14042.8955078125,True,single_exact_result,1,0.0,0.0140428955078125,0.9969453943605409,42.8955078125,0.9969453943605409,99.69453943605409,True,0.010424147688255425,0.014301263128185627,0.020632559540770645,0.028198023308357544,,,,,,,,,,,,,,,,,,1892.0,0.0,[14000.0],0.0,"{""beam_width"": 200, ""expansion_width"": 64, ""label_pair_preprocessing_score_evaluations"": 1892, ""lookahead_enabled"": false, ""maximum_matching_length"": 131, ""positive_label_pair_types"": 43, ""state_pool_size"": 22165}"
rare_anchor_size,size,rare_anchor_oracle,n800,nodes_per_tree,800.0,rare_anchor_size__n800,2,beam_local,generic,False,"{""beam_local_child_cap"": null, ""beam_width"": 200, ""method"": ""beam_local""}",equality,800,800,640000,142655,14000.0,14050.296835256431,ok,,14050.296835256431,2.034998033195734e-06,9.37198637984693e-06,0.09643562999553978,0.09631685298518278,0.09644985597697087,0.09640077965256448,0.09637624149036128,0.09644274298625533,7.302984842013648e-05,1.4225981431081891e-05,3.0,"[0.09643562999553978, 0.09631685298518278, 0.09644985597697087]",0.09643766499357298,3.0,1.0,51.0,1.0,0.27450980392156865,1.0,1.0,beam_local,800.0,800.0,0.0,0.00021955897682346404,0.08551774887018837,0.020451754127861932,1.5738012734800577e-05,0.10692278199712746,49213.0,49213.0,11107.0,,144707.0,53670.0,46421.0,200.0,246.0,1.0,1.0,14050.296835256431,51.0,True,beam_local_fit,800.0,800.0,8.439994417130947e-06,0.0,0.0,0.0,0.0,8.439994417130947e-06,0.0,,,,,,,,,1.0,1.0,,,2.502987626940012e-06,0.09661118799704127,0.09661369098466821,14050.296835256431,14050.296835256431,0.0,isolated,1,True,1200.0,0.8381774129811674,0.5903909470071085,0.24778646597405896,154066944.0,146.9296875,resource.ru_maxrss_kib_converted_to_bytes,0.0,"{""BLIS_NUM_THREADS"": ""1"", ""MKL_DYNAMIC"": ""FALSE"", ""MKL_NUM_THREADS"": ""1"", ""NUMBA_NUM_THREADS"": ""1"", ""NUMEXPR_NUM_THREADS"": ""1"", ""OMP_DYNAMIC"": ""FALSE"", ""OMP_NUM_THREADS"": ""1"", ""OPENBLAS_NUM_THREADS"": ""1"", ""PYTHONHASHSEED"": ""0"", ""VECLIB_MAXIMUM_THREADS"": ""1""}",tree_tree,1,0,0,0.030897702992660925,42,14,14,14,106,93,medium,medium,30,zipf,1,inverse_sqrt,14,reserved,fast_dense,"Exact-oracle companion to the large rare-anchor stress regime. The score-only partial beam should preserve the delayed rare anchors and remain above the 99% quality floor, while local beams may prune the relevant branch; at this smaller scale the specialized dense exact method is still expected to be fastest.",130,130,17,17,5,6,14050.296875,True,single_exact_result,1,0.0,0.014050296875,1.0,3.974356877733953e-05,1.0,100.0,True,0.023042779991844137,0.03198143604587828,0.04504753944312639,0.06198064214879249,200.0,,262.0,46422.0,,,,,,,,,,,,,,,,,,
rare_anchor_size,size,rare_anchor_oracle,n800,nodes_per_tree,800.0,rare_anchor_size__n800,2,beam_partial_score,generic,False,"{""beam_balance_penalty"": 0.0, ""beam_candidate_future_weight"": 0.0, ""beam_expansion_width"": 64, ""beam_gap_penalty"": 0.0, ""beam_lookahead"": false, ""beam_n_restarts"": 1, ""beam_priority_future_weight"": 0.0, ""beam_priority_length_weight"": 0.0, ""beam_random_fraction"": 0.0, ""beam_rarity_weight"": 0.0, ""beam_symmetric"": false, ""beam_width"": 200, ""candidate_select_mode"": ""first"", ""method"": ""beam"", ""seed"": 0}",equality,800,800,640000,142655,14000.0,14000.0,ok,,14000.0,1.7350248526781797e-06,8.745002560317516e-06,0.27047976898029447,0.26966341701336205,0.27217531099449843,0.270772832329385,0.27007159299682826,0.27132753998739645,0.0012813342413486059,0.000816351966932416,3.0,"[0.27047976898029447, 0.26966341701336205, 0.27217531099449843]",0.27048150400514714,3.0,1.0,14.0,1.0,1.0,1.0,1.0,beam_partial,800.0,800.0,0.0,0.0017833559832070023,0.25410078011918813,0.022389607882359996,3.7339923437684774e-06,0.27893471301649697,130607.0,42586.0,42586.0,,42586.0,25179.0,3607.0,200.0,23.0,1.0,1.0,14000.0,14.0,True,beam_fit,800.0,800.0,7.626978913322091e-06,0.0,0.0,0.0,0.0,7.626978913322091e-06,0.0,,,,,,,,,1.0,1.0,,,2.055981894955039e-06,0.2717862009885721,0.27178825697046705,14000.0,14000.0,0.0,isolated,1,True,1200.0,1.8849267610057723,1.6353636580170132,0.24956310298875906,154066944.0,146.9296875,resource.ru_maxrss_kib_converted_to_bytes,0.0,"{""BLIS_NUM_THREADS"": ""1"", ""MKL_DYNAMIC"": ""FALSE"", ""MKL_NUM_THREADS"": ""1"", ""NUMBA_NUM_THREADS"": ""1"", ""NUMEXPR_NUM_THREADS"": ""1"", ""OMP_DYNAMIC"": ""FALSE"", ""OMP_NUM_THREADS"": ""1"", ""OPENBLAS_NUM_THREADS"": ""1"", ""PYTHONHASHSEED"": ""0"", ""VECLIB_MAXIMUM_THREADS"": ""1""}",tree_tree,2,1,0,0.030897702992660925,42,14,14,14,106,93,medium,medium,30,zipf,1,inverse_sqrt,14,reserved,fast_dense,"Exact-oracle companion to the large rare-anchor stress regime. The score-only partial beam should preserve the delayed rare anchors and remain above the 99% quality floor, while local beams may prune the relevant branch; at this smaller scale the specialized dense exact method is still expected to be fastest.",130,130,17,17,5,6,14050.296875,True,single_exact_result,1,0.0,0.014050296875,0.9964202268857754,50.296875,0.9964202268857754,99.64202268857754,True,0.008215568261314215,0.011402683620640832,0.016296768302458783,0.022547343351574496,,,,,,,,,,,,,,,,,,1848.0,0.0,[14000.0],0.0,"{""beam_width"": 200, ""expansion_width"": 64, ""label_pair_preprocessing_score_evaluations"": 1848, ""lookahead_enabled"": false, ""maximum_matching_length"": 131, ""positive_label_pair_types"": 42, ""state_pool_size"": 42587}"
rare_anchor_size,size,rare_anchor_oracle,n800,nodes_per_tree,800.0,rare_anchor_size__n800,2,fast_dense,fast_dense,True,{},equality,800,800,640000,142655,14000.0,14050.296875,ok,,14050.296835256431,0.0008620700100436807,0.0008869100129231811,0.0022221450053621083,0.002212655992479995,0.002241150999907404,0.002225317332583169,0.0022174004989210516,0.0022316480026347563,1.4509965784595778e-05,9.489012882113457e-06,3.0,"[0.0022221450053621083, 0.002212655992479995, 0.002241150999907404]",0.003084215015405789,3.0,1.0,51.0,1.0,0.27450980392156865,1.0,1.0,fast_dense_equality,800.0,800.0,0.0,1.6609992599114776e-05,0.0,0.0030072889931034297,4.949700087308884e-05,0.003095944004599005,640000.0,,,640000.0,,,,,,1.0,1.0,14050.296875,51.0,,fast_dense_fit,800.0,800.0,0.0008858399814926088,0.0,0.0,0.0,0.0,0.0008858399814926088,0.0,,,,,,,,,1.0,1.0,,,0.0009003680024761707,0.10587377400952391,0.10677414201200008,14050.296875,14050.296835256431,0.0,isolated,1,True,1200.0,0.4058890589803923,0.12102944299113005,0.28485961598926224,203407360.0,193.984375,resource.ru_maxrss_kib_converted_to_bytes,0.0,"{""BLIS_NUM_THREADS"": ""1"", ""MKL_DYNAMIC"": ""FALSE"", ""MKL_NUM_THREADS"": ""1"", ""NUMBA_NUM_THREADS"": ""1"", ""NUMEXPR_NUM_THREADS"": ""1"", ""OMP_DYNAMIC"": ""FALSE"", ""OMP_NUM_THREADS"": ""1"", ""OPENBLAS_NUM_THREADS"": ""1"", ""PYTHONHASHSEED"": ""0"", ""VECLIB_MAXIMUM_THREADS"": ""1""}",tree_tree,0,2,0,0.030897702992660925,42,14,14,14,106,93,medium,medium,30,zipf,1,inverse_sqrt,14,reserved,fast_dense,"Exact-oracle companion to the large rare-anchor stress regime. The score-only partial beam should preserve the delayed rare anchors and remain above the 99% quality floor, while local beams may prune the relevant branch; at this smaller scale the specialized dense exact method is still expected to be fastest.",130,130,17,17,5,6,14050.296875,True,single_exact_result,1,0.0,0.014050296875,1.0,0.0,1.0,100.0,True,1.0,1.0,1.0,1.0,,,,,,,,,,,,,,,,,,,,,,
rare_anchor_size,size,rare_anchor_oracle,n800,nodes_per_tree,800.0,rare_anchor_size__n800,3,beam_partial_score,generic,False,"{""beam_balance_penalty"": 0.0, ""beam_candidate_future_weight"": 0.0, ""beam_expansion_width"": 64, ""beam_gap_penalty"": 0.0, ""beam_lookahead"": false, ""beam_n_restarts"": 1, ""beam_priority_future_weight"": 0.0, ""beam_priority_length_weight"": 0.0, ""beam_random_fraction"": 0.0, ""beam_rarity_weight"": 0.0, ""beam_symmetric"": false, ""beam_width"": 200, ""candidate_select_mode"": ""first"", ""method"": ""beam"", ""seed"": 0}",equality,800,800,640000,139984,14000.0,14002.279507056955,ok,,14002.279507056955,1.5339755918830633e-06,6.893009413033724e-06,0.22857806002139114,0.22761529200943187,0.22865320401615463,0.22828218534899256,0.2280966760154115,0.22861563201877289,0.0005787673969307955,7.514399476349354e-05,3.0,"[0.22761529200943187, 0.22865320401615463, 0.22857806002139114]",0.22857959399698302,3.0,1.0,15.0,1.0,0.9333333333333333,1.0,1.0,beam_partial,800.0,800.0,0.0,0.001789798989193514,0.22000160606694408,0.014223013946320862,3.148015821352601e-06,0.2363037080212962,111996.0,23621.0,23621.0,,23621.0,15922.0,3388.0,200.0,20.0,1.0,1.0,14002.279507056955,15.0,True,beam_fit,800.0,800.0,6.012996891513467e-06,0.0,0.0,0.0,0.0,6.012996891513467e-06,0.0,,,,,,,,,1.0,1.0,,,2.1400046534836292e-06,0.22915658200508915,0.22915872200974263,14002.279507056955,14002.279507056955,0.0,isolated,1,True,1200.0,1.631634318997385,1.379339834995335,0.25229448400205,154066944.0,146.9296875,resource.ru_maxrss_kib_converted_to_bytes,0.0,"{""BLIS_NUM_THREADS"": ""1"", ""MKL_DYNAMIC"": ""FALSE"", ""MKL_NUM_THREADS"": ""1"", ""NUMBA_NUM_THREADS"": ""1"", ""NUMEXPR_NUM_THREADS"": ""1"", ""OMP_DYNAMIC"": ""FALSE"", ""OMP_NUM_THREADS"": ""1"", ""OPENBLAS_NUM_THREADS"": ""1"", ""PYTHONHASHSEED"": ""0"", ""VECLIB_MAXIMUM_THREADS"": ""1""}",tree_tree,2,0,1,0.03143217199249193,44,14,14,14,28,101,medium,medium,30,zipf,1,inverse_sqrt,14,reserved,fast_dense,"Exact-oracle companion to the large rare-anchor stress regime. The score-only partial beam should preserve the delayed rare anchors and remain above the 99% quality floor, while local beams may prune the relevant branch; at this smaller scale the specialized dense exact method is still expected to be fastest.",130,130,19,19,10,5,14017.0361328125,True,single_exact_result,1,0.0,0.014017036132812499,0.9989472363760981,14.756625755544519,0.9989472363760981,99.8947236376098,True,0.010783790785791654,0.014405397719404566,0.021337242717802435,0.02840123320652767,,,,,,,,,,,,,,,,,,1936.0,0.0,[14002.279507056955],0.0,"{""beam_width"": 200, ""expansion_width"": 64, ""label_pair_preprocessing_score_evaluations"": 1936, ""lookahead_enabled"": false, ""maximum_matching_length"": 131, ""positive_label_pair_types"": 44, ""state_pool_size"": 23622}"
rare_anchor_size,size,rare_anchor_oracle,n800,nodes_per_tree,800.0,rare_anchor_size__n800,3,fast_dense,fast_dense,True,{},equality,800,800,640000,139984,14000.0,14017.0361328125,ok,,14017.036335516965,0.0008278419845737517,0.0008910940086934716,0.0024649379774928093,0.002452746994094923,0.002494626009138301,0.002470770326908678,0.0024588424857938662,0.002479781993315555,2.1540083566050852e-05,1.2190983397886157e-05,3.0,"[0.002494626009138301, 0.002452746994094923, 0.0024649379774928093]",0.003292779962066561,3.0,1.0,26.0,1.0,0.5384615384615384,1.0,1.0,fast_dense_equality,800.0,800.0,0.0,1.6542006051167846e-05,0.0,0.0033006359881255776,2.9121001716703176e-05,0.0033579910232219845,640000.0,,,640000.0,,,,,,1.0,1.0,14017.0361328125,26.0,,fast_dense_fit,800.0,800.0,0.0008899359963834286,0.0,0.0,0.0,0.0,0.0008899359963834286,0.0,,,,,,,,,1.0,1.0,,,0.0009127309895120561,0.10577615798683837,0.10668888897635043,14017.0361328125,14017.036335516965,0.0,isolated,1,True,1200.0,0.40539498199359514,0.1221321490011178,0.28326283299247734,203415552.0,193.9921875,resource.ru_maxrss_kib_converted_to_bytes,0.0,"{""BLIS_NUM_THREADS"": ""1"", ""MKL_DYNAMIC"": ""FALSE"", ""MKL_NUM_THREADS"": ""1"", ""NUMBA_NUM_THREADS"": ""1"", ""NUMEXPR_NUM_THREADS"": ""1"", ""OMP_DYNAMIC"": ""FALSE"", ""OMP_NUM_THREADS"": ""1"", ""OPENBLAS_NUM_THREADS"": ""1"", ""PYTHONHASHSEED"": ""0"", ""VECLIB_MAXIMUM_THREADS"": ""1""}",tree_tree,0,1,1,0.03143217199249193,44,14,14,14,28,101,medium,medium,30,zipf,1,inverse_sqrt,14,reserved,fast_dense,"Exact-oracle companion to the large rare-anchor stress regime. The score-only partial beam should preserve the delayed rare anchors and remain above the 99% quality floor, while local beams may prune the relevant branch; at this smaller scale the specialized dense exact method is still expected to be fastest.",130,130,19,19,10,5,14017.0361328125,True,single_exact_result,1,0.0,0.014017036132812499,1.0,0.0,1.0,100.0,True,1.0,1.0,1.0,1.0,,,,,,,,,,,,,,,,,,,,,,
rare_anchor_size,size,rare_anchor_oracle,n800,nodes_per_tree,800.0,rare_anchor_size__n800,3,beam_local,generic,False,"{""beam_local_child_cap"": null, ""beam_width"": 200, ""method"": ""beam_local""}",equality,800,800,640000,139984,14000.0,14017.036335516967,ok,,14017.036335516965,1.6339763533324003e-06,7.880007615312934e-06,0.09491200299817137,0.09481519999098964,0.09529914701124653,0.09500878333346918,0.09486360149458051,0.09510557500470895,0.00025607812202362826,9.680300718173385e-05,3.0,"[0.09481519999098964, 0.09491200299817137, 0.09529914701124653]",0.0949136369745247,3.0,1.0,26.0,1.0,0.5384615384615384,1.0,1.0,beam_local,800.0,800.0,0.0,0.00021935100085102022,0.08516047653392889,0.019857401464832947,1.1819996871054173e-05,0.10588837298564613,45637.0,45637.0,9997.0,,139627.0,53355.0,48358.0,200.0,263.0,1.0,1.0,14017.036335516967,26.0,True,beam_local_fit,800.0,800.0,6.866001058369875e-06,0.0,0.0,0.0,0.0,6.866001058369875e-06,0.0,,,,,,,,,1.0,1.0,,,2.3379980120807886e-06,0.09530662899487652,0.0953089669928886,14017.036335516967,14017.036335516965,0.0,isolated,1,True,1200.0,0.8309462910110597,0.5813516179914586,0.24959467301960103,154066944.0,146.9296875,resource.ru_maxrss_kib_converted_to_bytes,0.0,"{""BLIS_NUM_THREADS"": ""1"", ""MKL_DYNAMIC"": ""FALSE"", ""MKL_NUM_THREADS"": ""1"", ""NUMBA_NUM_THREADS"": ""1"", ""NUMEXPR_NUM_THREADS"": ""1"", ""OMP_DYNAMIC"": ""FALSE"", ""OMP_NUM_THREADS"": ""1"", ""OPENBLAS_NUM_THREADS"": ""1"", ""PYTHONHASHSEED"": ""0"", ""VECLIB_MAXIMUM_THREADS"": ""1""}",tree_tree,1,2,1,0.03143217199249193,44,14,14,14,28,101,medium,medium,30,zipf,1,inverse_sqrt,14,reserved,fast_dense,"Exact-oracle companion to the large rare-anchor stress regime. The score-only partial beam should preserve the delayed rare anchors and remain above the 99% quality floor, while local beams may prune the relevant branch; at this smaller scale the specialized dense exact method is still expected to be fastest.",130,130,19,19,10,5,14017.0361328125,True,single_exact_result,1,0.0,0.014017036132812499,1.0,-0.0002027044665737776,1.0,100.0,True,0.025970771868973203,0.03469238001015976,0.05062672852105368,0.06705834638468897,200.0,,262.0,48359.0,,,,,,,,,,,,,,,,,,
rare_anchor_size,size,rare_anchor_oracle,n1300,nodes_per_tree,1300.0,rare_anchor_size__n1300,0,beam_partial_score,generic,False,"{""beam_balance_penalty"": 0.0, ""beam_candidate_future_weight"": 0.0, ""beam_expansion_width"": 64, ""beam_gap_penalty"": 0.0, ""beam_lookahead"": false, ""beam_n_restarts"": 1, ""beam_priority_future_weight"": 0.0, ""beam_priority_length_weight"": 0.0, ""beam_random_fraction"": 0.0, ""beam_rarity_weight"": 0.0, ""beam_symmetric"": false, ""beam_width"": 200, ""candidate_select_mode"": ""first"", ""method"": ""beam"", ""seed"": 0}",equality,1300,1300,1690000,399679,14000.0,14004.681792830508,ok,,14004.681792830508,1.5639816410839558e-06,8.008006261661649e-06,0.26480690701282583,0.2622153509873897,0.2656822889985051,0.26423484899957356,0.26351112900010776,0.26524459800566547,0.0018028734207159,0.0008753819856792688,3.0,"[0.2622153509873897, 0.26480690701282583, 0.2656822889985051]",0.2648084709944669,3.0,1.0,18.0,1.0,0.7777777777777778,1.0,1.0,beam_partial,1300.0,1300.0,0.0,0.0025811209925450385,0.25123987803817727,0.018117119965609163,3.30101465806365e-06,0.2723205400106963,126563.0,31487.0,31487.0,,31487.0,21299.0,3359.0,200.0,21.0,1.0,1.0,14004.681792830508,18.0,True,beam_fit,1300.0,1300.0,6.97100767865777e-06,0.0,0.0,0.0,0.0,6.97100767865777e-06,0.0,,,,,,,,,1.0,1.0,,,2.06800177693367e-06,0.26457241098978557,0.2645744789915625,14004.681792830508,14004.681792830508,0.0,isolated,1,True,1200.0,1.8400396399956662,1.5947779649868608,0.24526167500880547,154066944.0,146.9296875,resource.ru_maxrss_kib_converted_to_bytes,0.0,"{""BLIS_NUM_THREADS"": ""1"", ""MKL_DYNAMIC"": ""FALSE"", ""MKL_NUM_THREADS"": ""1"", ""NUMBA_NUM_THREADS"": ""1"", ""NUMEXPR_NUM_THREADS"": ""1"", ""OMP_DYNAMIC"": ""FALSE"", ""OMP_NUM_THREADS"": ""1"", ""OPENBLAS_NUM_THREADS"": ""1"", ""PYTHONHASHSEED"": ""0"", ""VECLIB_MAXIMUM_THREADS"": ""1""}",tree_tree,2,0,0,0.044332318007946014,43,14,14,14,145,161,medium,medium,30,zipf,1,inverse_sqrt,14,reserved,fast_dense,"Exact-oracle companion to the large rare-anchor stress regime. The score-only partial beam should preserve the delayed rare anchors and remain above the 99% quality floor, while local beams may prune the relevant branch; at this smaller scale the specialized dense exact method is still expected to be fastest.",160,160,21,25,4,11,14095.783203125,True,single_exact_result,1,0.0,0.014095783203125,0.9935369742155019,91.10141029449187,0.9935369742155019,99.3536974215502,True,0.02712900912762143,0.032126343842359587,0.05281585569029502,0.06224013258889719,,,,,,,,,,,,,,,,,,1892.0,0.0,[14004.681792830508],0.0,"{""beam_width"": 200, ""expansion_width"": 64, ""label_pair_preprocessing_score_evaluations"": 1892, ""lookahead_enabled"": false, ""maximum_matching_length"": 161, ""positive_label_pair_types"": 43, ""state_pool_size"": 31488}"
rare_anchor_size,size,rare_anchor_oracle,n1300,nodes_per_tree,1300.0,rare_anchor_size__n1300,0,fast_dense,fast_dense,True,{},equality,1300,1300,1690000,399679,14000.0,14095.783203125,ok,,14095.7855271986,0.0013233789941295981,0.0013921759964432567,0.007183948997408152,0.007155479019274935,0.007222181971883401,0.007187203329522163,0.007169714008341543,0.0072030654846457765,3.347034478165758e-05,2.84699781332165e-05,3.0,"[0.007222181971883401, 0.007183948997408152, 0.007155479019274935]",0.00850732799153775,3.0,1.0,81.0,1.0,0.1728395061728395,1.0,1.0,fast_dense_equality,1300.0,1300.0,0.0,1.7193990061059594e-05,0.0,0.009822772990446538,5.761100328527391e-05,0.00991066001006402,1690000.0,,,1690000.0,,,,,,1.0,1.0,14095.783203125,81.0,,fast_dense_fit,1300.0,1300.0,0.0013910349807702005,0.0,0.0,0.0,0.0,0.0013910349807702005,0.0,,,,,,,,,1.0,1.0,,,0.0014250829990487546,0.11241257900837809,0.11383766200742684,14095.783203125,14095.7855271986,0.0,isolated,1,True,1200.0,0.4401341449993197,0.1558395829924848,0.2842945620068349,208769024.0,199.09765625,resource.ru_maxrss_kib_converted_to_bytes,0.0,"{""BLIS_NUM_THREADS"": ""1"", ""MKL_DYNAMIC"": ""FALSE"", ""MKL_NUM_THREADS"": ""1"", ""NUMBA_NUM_THREADS"": ""1"", ""NUMEXPR_NUM_THREADS"": ""1"", ""OMP_DYNAMIC"": ""FALSE"", ""OMP_NUM_THREADS"": ""1"", ""OPENBLAS_NUM_THREADS"": ""1"", ""PYTHONHASHSEED"": ""0"", ""VECLIB_MAXIMUM_THREADS"": ""1""}",tree_tree,0,1,0,0.044332318007946014,43,14,14,14,145,161,medium,medium,30,zipf,1,inverse_sqrt,14,reserved,fast_dense,"Exact-oracle companion to the large rare-anchor stress regime. The score-only partial beam should preserve the delayed rare anchors and remain above the 99% quality floor, while local beams may prune the relevant branch; at this smaller scale the specialized dense exact method is still expected to be fastest.",160,160,21,25,4,11,14095.783203125,True,single_exact_result,1,0.0,0.014095783203125,1.0,0.0,1.0,100.0,True,1.0,1.0,1.0,1.0,,,,,,,,,,,,,,,,,,,,,,
rare_anchor_size,size,rare_anchor_oracle,n1300,nodes_per_tree,1300.0,rare_anchor_size__n1300,0,beam_local,generic,False,"{""beam_local_child_cap"": null, ""beam_width"": 200, ""method"": ""beam_local""}",equality,1300,1300,1690000,399679,14000.0,4049.987350017226,ok,,4049.987350017226,1.5959958545863628e-06,7.672992069274187e-06,0.0780045969877392,0.07795040900236927,0.07812775400816463,0.07802758666609104,0.07797750299505424,0.07806617549795192,9.088017799927256e-05,5.418798536993563e-05,3.0,"[0.0780045969877392, 0.07795040900236927, 0.07812775400816463]",0.07800619298359379,3.0,1.0,36.0,0.2857142857142857,0.1111111111111111,0.2857142857142857,0.2857142857142857,beam_local,1300.0,1300.0,0.0,0.00034042299375869334,0.06912601095973514,0.015816886036191136,9.240000508725643e-06,0.08583645400358364,34782.0,34782.0,9536.0,,110865.0,44973.0,41275.0,200.0,235.0,1.0,1.0,4049.987350017226,36.0,True,beam_local_fit,1300.0,1300.0,6.821996066719294e-06,0.0,0.0,0.0,0.0,6.821996066719294e-06,0.0,,,,,,,,,1.0,1.0,,,2.248008968308568e-06,0.0783603530144319,0.0783626010234002,4049.987350017226,4049.987350017226,0.0,isolated,1,True,1200.0,0.7260142049926799,0.4764025589975063,0.2496116459951736,154066944.0,146.9296875,resource.ru_maxrss_kib_converted_to_bytes,0.0,"{""BLIS_NUM_THREADS"": ""1"", ""MKL_DYNAMIC"": ""FALSE"", ""MKL_NUM_THREADS"": ""1"", ""NUMBA_NUM_THREADS"": ""1"", ""NUMEXPR_NUM_THREADS"": ""1"", ""OMP_DYNAMIC"": ""FALSE"", ""OMP_NUM_THREADS"": ""1"", ""OPENBLAS_NUM_THREADS"": ""1"", ""PYTHONHASHSEED"": ""0"", ""VECLIB_MAXIMUM_THREADS"": ""1""}",tree_tree,1,2,0,0.044332318007946014,43,14,14,14,145,161,medium,medium,30,zipf,1,inverse_sqrt,14,reserved,fast_dense,"Exact-oracle companion to the large rare-anchor stress regime. The score-only partial beam should preserve the delayed rare anchors and remain above the 99% quality floor, while local beams may prune the relevant branch; at this smaller scale the specialized dense exact method is still expected to be fastest.",160,160,21,25,4,11,14095.783203125,True,single_exact_result,1,0.0,0.014095783203125,0.2873190720696778,10045.795853107775,0.2873190720696778,28.731907206967783,True,0.09209648244881424,0.1090596485503017,0.13948334781190427,0.1581059496468763,200.0,,322.0,41276.0,,,,,,,,,,,,,,,,,,
rare_anchor_size,size,rare_anchor_oracle,n1300,nodes_per_tree,1300.0,rare_anchor_size__n1300,1,fast_dense,fast_dense,True,{},equality,1300,1300,1690000,411181,14000.0,14072.685546875,ok,,14072.686839444143,0.0013149710139259696,0.0013758339919149876,0.006556245003594086,0.006494464003480971,0.0066468860022723675,0.006565865003115808,0.006525354503537528,0.0066015655029332265,7.666501628506696e-05,6.178100011311471e-05,3.0,"[0.006556245003594086, 0.0066468860022723675, 0.006494464003480971]",0.007871216017520055,3.0,1.0,59.0,1.0,0.23728813559322035,1.0,1.0,fast_dense_equality,1300.0,1300.0,0.0,1.7475977074354887e-05,0.0,0.009196871018502861,5.07119984831661e-05,0.009277011995436624,1690000.0,,,1690000.0,,,,,,1.0,1.0,14072.685546875,59.0,,fast_dense_fit,1300.0,1300.0,0.0013746930053457618,0.0,0.0,0.0,0.0,0.0013746930053457618,0.0,,,,,,,,,1.0,1.0,,,0.001365859992802143,0.11096625600475818,0.11233211599756032,14072.685546875,14072.686839444143,0.0,isolated,1,True,1200.0,0.4309054240002297,0.15111126998090185,0.27979415401932783,208830464.0,199.15625,resource.ru_maxrss_kib_converted_to_bytes,0.0,"{""BLIS_NUM_THREADS"": ""1"", ""MKL_DYNAMIC"": ""FALSE"", ""MKL_NUM_THREADS"": ""1"", ""NUMBA_NUM_THREADS"": ""1"", ""NUMEXPR_NUM_THREADS"": ""1"", ""OMP_DYNAMIC"": ""FALSE"", ""OMP_NUM_THREADS"": ""1"", ""OPENBLAS_NUM_THREADS"": ""1"", ""PYTHONHASHSEED"": ""0"", ""VECLIB_MAXIMUM_THREADS"": ""1""}",tree_tree,0,0,0,0.04920273899915628,43,14,14,14,103,141,medium,medium,30,zipf,1,inverse_sqrt,14,reserved,fast_dense,"Exact-oracle companion to the large rare-anchor stress regime. The score-only partial beam should preserve the delayed rare anchors and remain above the 99% quality floor, while local beams may prune the relevant branch; at this smaller scale the specialized dense exact method is still expected to be fastest.",160,160,22,30,6,8,14072.685546875,True,single_exact_result,1,0.0,0.014072685546875,1.0,0.0,1.0,100.0,True,1.0,1.0,1.0,1.0,,,,,,,,,,,,,,,,,,,,,,
rare_anchor_size,size,rare_anchor_oracle,n1300,nodes_per_tree,1300.0,rare_anchor_size__n1300,1,beam_local,generic,False,"{""beam_local_child_cap"": null, ""beam_width"": 200, ""method"": ""beam_local""}",equality,1300,1300,1690000,411181,14000.0,11115.96543870557,ok,,11115.965438705562,1.86101533472538e-06,9.477022103965282e-06,0.1250650529982522,0.12441277000471018,0.12525885200011544,0.12491222500102594,0.1247389115014812,0.12516195249918383,0.0004432617548236926,0.0001937990018632263,3.0,"[0.12441277000471018, 0.12525885200011544, 0.1250650529982522]",0.12506691401358694,3.0,1.0,79.0,0.7857142857142857,0.13924050632911392,0.7857142857142857,0.7857142857142857,beam_local,1300.0,1300.0,0.0,0.000375966978026554,0.11004612012766302,0.026591964880935848,2.862501423805952e-05,0.13805140601471066,62017.0,62017.0,14904.0,,182293.0,71206.0,58381.0,200.0,320.0,1.0,1.0,11115.96543870557,79.0,True,beam_local_fit,1300.0,1300.0,8.342001819983125e-06,0.0,0.0,0.0,0.0,8.342001819983125e-06,0.0,,,,,,,,,1.0,1.0,,,2.2809836082160473e-06,0.1255638049915433,0.1255660859751515,11115.96543870557,11115.965438705562,0.0,isolated,1,True,1200.0,1.0124119110114407,0.7645565099956002,0.24785540101584047,154066944.0,146.9296875,resource.ru_maxrss_kib_converted_to_bytes,0.0,"{""BLIS_NUM_THREADS"": ""1"", ""MKL_DYNAMIC"": ""FALSE"", ""MKL_NUM_THREADS"": ""1"", ""NUMBA_NUM_THREADS"": ""1"", ""NUMEXPR_NUM_THREADS"": ""1"", ""OMP_DYNAMIC"": ""FALSE"", ""OMP_NUM_THREADS"": ""1"", ""OPENBLAS_NUM_THREADS"": ""1"", ""PYTHONHASHSEED"": ""0"", ""VECLIB_MAXIMUM_THREADS"": ""1""}",tree_tree,1,1,0,0.04920273899915628,43,14,14,14,103,141,medium,medium,30,zipf,1,inverse_sqrt,14,reserved,fast_dense,"Exact-oracle companion to the large rare-anchor stress regime. The score-only partial beam should preserve the delayed rare anchors and remain above the 99% quality floor, while local beams may prune the relevant branch; at this smaller scale the specialized dense exact method is still expected to be fastest.",160,160,22,30,6,8,14072.685546875,True,single_exact_result,1,0.0,0.014072685546875,0.7898965269762599,2956.7201081694293,0.7898965269762599,78.98965269762598,True,0.052422678009705154,0.06293603771709716,0.09832018799892094,0.11658315986621982,200.0,,322.0,58382.0,,,,,,,,,,,,,,,,,,
rare_anchor_size,size,rare_anchor_oracle,n1300,nodes_per_tree,1300.0,rare_anchor_size__n1300,1,beam_partial_score,generic,False,"{""beam_balance_penalty"": 0.0, ""beam_candidate_future_weight"": 0.0, ""beam_expansion_width"": 64, ""beam_gap_penalty"": 0.0, ""beam_lookahead"": false, ""beam_n_restarts"": 1, ""beam_priority_future_weight"": 0.0, ""beam_priority_length_weight"": 0.0, ""beam_random_fraction"": 0.0, ""beam_rarity_weight"": 0.0, ""beam_symmetric"": false, ""beam_width"": 200, ""candidate_select_mode"": ""first"", ""method"": ""beam"", ""seed"": 0}",equality,1300,1300,1690000,411181,14000.0,14004.279507056955,ok,,14004.279507056955,2.16200714930892e-06,8.44299211166799e-06,0.22158613300416619,0.22134299398749135,0.2220853180042468,0.22167148166530146,0.22146456349582877,0.2218357255042065,0.0003784501710016412,0.0002431390166748315,3.0,"[0.22158613300416619, 0.2220853180042468, 0.22134299398749135]",0.2215882950113155,3.0,1.0,17.0,1.0,0.8235294117647058,1.0,1.0,beam_partial,1300.0,1300.0,0.0,0.0025681040133349597,0.21189066473743878,0.014240576274460182,3.182998625561595e-06,0.22904324199771509,108927.0,26878.0,26878.0,,26878.0,15072.0,3185.0,200.0,19.0,1.0,1.0,14004.279507056955,17.0,True,beam_fit,1300.0,1300.0,7.519993232563138e-06,0.0,0.0,0.0,0.0,7.519993232563138e-06,0.0,,,,,,,,,1.0,1.0,,,2.2579915821552277e-06,0.22894348698901013,0.22894574498059228,14004.279507056955,14004.279507056955,0.0,isolated,1,True,1200.0,1.5961669890093617,1.3455225310171954,0.2506444579921663,154066944.0,146.9296875,resource.ru_maxrss_kib_converted_to_bytes,0.0,"{""BLIS_NUM_THREADS"": ""1"", ""MKL_DYNAMIC"": ""FALSE"", ""MKL_NUM_THREADS"": ""1"", ""NUMBA_NUM_THREADS"": ""1"", ""NUMEXPR_NUM_THREADS"": ""1"", ""OMP_DYNAMIC"": ""FALSE"", ""OMP_NUM_THREADS"": ""1"", ""OPENBLAS_NUM_THREADS"": ""1"", ""PYTHONHASHSEED"": ""0"", ""VECLIB_MAXIMUM_THREADS"": ""1""}",tree_tree,2,2,0,0.04920273899915628,43,14,14,14,103,141,medium,medium,30,zipf,1,inverse_sqrt,14,reserved,fast_dense,"Exact-oracle companion to the large rare-anchor stress regime. The score-only partial beam should preserve the delayed rare anchors and remain above the 99% quality floor, while local beams may prune the relevant branch; at this smaller scale the specialized dense exact method is still expected to be fastest.",160,160,22,30,6,8,14072.685546875,True,single_exact_result,1,0.0,0.014072685546875,0.9951390912850152,68.40603981804452,0.9951390912850152,99.51390912850152,True,0.029587794663445015,0.035521804150883095,0.05746696314551312,0.06859508507609352,,,,,,,,,,,,,,,,,,1892.0,0.0,[14004.279507056955],0.0,"{""beam_width"": 200, ""expansion_width"": 64, ""label_pair_preprocessing_score_evaluations"": 1892, ""lookahead_enabled"": false, ""maximum_matching_length"": 161, ""positive_label_pair_types"": 43, ""state_pool_size"": 26879}"
rare_anchor_size,size,rare_anchor_oracle,n1300,nodes_per_tree,1300.0,rare_anchor_size__n1300,2,beam_local,generic,False,"{""beam_local_child_cap"": null, ""beam_width"": 200, ""method"": ""beam_local""}",equality,1300,1300,1690000,404711,14000.0,14048.680152204748,ok,,14048.680152204748,1.6789999790489674e-06,7.833004929125309e-06,0.09098121902206913,0.0908567089936696,0.09120813498157077,0.0910153543324365,0.09091896400786936,0.09109467700181995,0.00017818240879358764,0.00012451002839952707,3.0,"[0.0908567089936696, 0.09120813498157077, 0.09098121902206913]",0.09098289802204818,3.0,1.0,45.0,1.0,0.3111111111111111,1.0,1.0,beam_local,1300.0,1300.0,0.0,0.00034374798997305334,0.07967473310418427,0.0188459578785114,1.2142991181463003e-05,0.09947094699600711,45418.0,45418.0,8942.0,,134998.0,50933.0,44182.0,200.0,235.0,1.0,1.0,14048.680152204748,45.0,True,beam_local_fit,1300.0,1300.0,6.744987331330776e-06,0.0,0.0,0.0,0.0,6.744987331330776e-06,0.0,,,,,,,,,1.0,1.0,,,1.986016286537051e-06,0.09122624198789708,0.09122822800418362,14048.680152204748,14048.680152204748,0.0,isolated,1,True,1200.0,0.7984428759955335,0.5553152130160015,0.24312766297953203,154066944.0,146.9296875,resource.ru_maxrss_kib_converted_to_bytes,0.0,"{""BLIS_NUM_THREADS"": ""1"", ""MKL_DYNAMIC"": ""FALSE"", ""MKL_NUM_THREADS"": ""1"", ""NUMBA_NUM_THREADS"": ""1"", ""NUMEXPR_NUM_THREADS"": ""1"", ""OMP_DYNAMIC"": ""FALSE"", ""OMP_NUM_THREADS"": ""1"", ""OPENBLAS_NUM_THREADS"": ""1"", ""PYTHONHASHSEED"": ""0"", ""VECLIB_MAXIMUM_THREADS"": ""1""}",tree_tree,1,0,0,0.049108441977296025,44,14,14,14,72,95,medium,medium,30,zipf,1,inverse_sqrt,14,reserved,fast_dense,"Exact-oracle companion to the large rare-anchor stress regime. The score-only partial beam should preserve the delayed rare anchors and remain above the 99% quality floor, while local beams may prune the relevant branch; at this smaller scale the specialized dense exact method is still expected to be fastest.",160,160,22,23,6,7,14048.6796875,True,single_exact_result,1,0.0,0.0140486796875,1.0,-0.0004647047480830224,1.0,100.0,True,0.0758787699890038,0.09069129680507072,0.14105449815647786,0.16630057848766192,200.0,,322.0,44183.0,,,,,,,,,,,,,,,,,,
rare_anchor_size,size,rare_anchor_oracle,n1300,nodes_per_tree,1300.0,rare_anchor_size__n1300,2,beam_partial_score,generic,False,"{""beam_balance_penalty"": 0.0, ""beam_candidate_future_weight"": 0.0, ""beam_expansion_width"": 64, ""beam_gap_penalty"": 0.0, ""beam_lookahead"": false, ""beam_n_restarts"": 1, ""beam_priority_future_weight"": 0.0, ""beam_priority_length_weight"": 0.0, ""beam_random_fraction"": 0.0, ""beam_rarity_weight"": 0.0, ""beam_symmetric"": false, ""beam_width"": 200, ""candidate_select_mode"": ""first"", ""method"": ""beam"", ""seed"": 0}",equality,1300,1300,1690000,404711,14000.0,14007.196152422706,ok,,14007.196152422706,1.6160192899405956e-06,9.376992238685489e-06,0.2367468909942545,0.2363689079938922,0.23675779899349436,0.23662453266054703,0.23655789949407335,0.23675234499387443,0.00022144462911446574,1.0907999239861965e-05,3.0,"[0.23675779899349436, 0.2367468909942545, 0.2363689079938922]",0.23674850701354444,3.0,1.0,17.0,1.0,0.8235294117647058,1.0,1.0,beam_partial,1300.0,1300.0,0.0,0.0025934760051313788,0.22620897967135534,0.014913710328983143,3.3050018828362226e-06,0.24405569798545912,118636.0,26648.0,26648.0,,26648.0,16834.0,3121.0,200.0,20.0,1.0,1.0,14007.196152422706,17.0,True,beam_fit,1300.0,1300.0,8.299015462398529e-06,0.0,0.0,0.0,0.0,8.299015462398529e-06,0.0,,,,,,,,,1.0,1.0,,,2.034998033195734e-06,0.23784790499485098,0.23784993999288417,14007.196152422706,14007.196152422706,0.0,isolated,1,True,1200.0,1.6742959639814217,1.4289138120075222,0.24538215197389945,154066944.0,146.9296875,resource.ru_maxrss_kib_converted_to_bytes,0.0,"{""BLIS_NUM_THREADS"": ""1"", ""MKL_DYNAMIC"": ""FALSE"", ""MKL_NUM_THREADS"": ""1"", ""NUMBA_NUM_THREADS"": ""1"", ""NUMEXPR_NUM_THREADS"": ""1"", ""OMP_DYNAMIC"": ""FALSE"", ""OMP_NUM_THREADS"": ""1"", ""OPENBLAS_NUM_THREADS"": ""1"", ""PYTHONHASHSEED"": ""0"", ""VECLIB_MAXIMUM_THREADS"": ""1""}",tree_tree,2,1,0,0.049108441977296025,44,14,14,14,72,95,medium,medium,30,zipf,1,inverse_sqrt,14,reserved,fast_dense,"Exact-oracle companion to the large rare-anchor stress regime. The score-only partial beam should preserve the delayed rare anchors and remain above the 99% quality floor, while local beams may prune the relevant branch; at this smaller scale the specialized dense exact method is still expected to be fastest.",160,160,22,23,6,7,14048.6796875,True,single_exact_result,1,0.0,0.0140486796875,0.9970471577400826,41.48353507729371,0.9970471577400826,99.70471577400826,True,0.029160015417741214,0.03485283650904287,0.05666284791685917,0.06735133593213591,,,,,,,,,,,,,,,,,,1936.0,0.0,[14007.196152422706],0.0,"{""beam_width"": 200, ""expansion_width"": 64, ""label_pair_preprocessing_score_evaluations"": 1936, ""lookahead_enabled"": false, ""maximum_matching_length"": 161, ""positive_label_pair_types"": 44, ""state_pool_size"": 26649}"
rare_anchor_size,size,rare_anchor_oracle,n1300,nodes_per_tree,1300.0,rare_anchor_size__n1300,2,fast_dense,fast_dense,True,{},equality,1300,1300,1690000,404711,14000.0,14048.6796875,ok,,14048.680152204748,0.001347814017208293,0.0013710549974348396,0.00690354299149476,0.0068835639976896346,0.006915915000718087,0.006901007329967494,0.006893553494592197,0.0069097289961064234,1.632387925011629e-05,1.237200922332704e-05,3.0,"[0.00690354299149476, 0.0068835639976896346, 0.006915915000718087]",0.008251357008703053,3.0,1.0,45.0,1.0,0.3111111111111111,1.0,1.0,fast_dense_equality,1300.0,1300.0,0.0,1.7046986613422632e-05,0.0,0.00949624300119467,5.614801193587482e-05,0.009584755985997617,1690000.0,,,1690000.0,,,,,,1.0,1.0,14048.6796875,45.0,,fast_dense_fit,1300.0,1300.0,0.0013698310067411512,0.0,0.0,0.0,0.0,0.0013698310067411512,0.0,,,,,,,,,1.0,1.0,,,0.0013936309842392802,0.11254001100314781,0.11393364198738709,14048.6796875,14048.680152204748,0.0,isolated,1,True,1200.0,0.43423733598319814,0.1543487900053151,0.27988854597788304,208797696.0,199.125,resource.ru_maxrss_kib_converted_to_bytes,0.0,"{""BLIS_NUM_THREADS"": ""1"", ""MKL_DYNAMIC"": ""FALSE"", ""MKL_NUM_THREADS"": ""1"", ""NUMBA_NUM_THREADS"": ""1"", ""NUMEXPR_NUM_THREADS"": ""1"", ""OMP_DYNAMIC"": ""FALSE"", ""OMP_NUM_THREADS"": ""1"", ""OPENBLAS_NUM_THREADS"": ""1"", ""PYTHONHASHSEED"": ""0"", ""VECLIB_MAXIMUM_THREADS"": ""1""}",tree_tree,0,2,0,0.049108441977296025,44,14,14,14,72,95,medium,medium,30,zipf,1,inverse_sqrt,14,reserved,fast_dense,"Exact-oracle companion to the large rare-anchor stress regime. The score-only partial beam should preserve the delayed rare anchors and remain above the 99% quality floor, while local beams may prune the relevant branch; at this smaller scale the specialized dense exact method is still expected to be fastest.",160,160,22,23,6,7,14048.6796875,True,single_exact_result,1,0.0,0.0140486796875,1.0,0.0,1.0,100.0,True,1.0,1.0,1.0,1.0,,,,,,,,,,,,,,,,,,,,,,
rare_anchor_size,size,rare_anchor_oracle,n1300,nodes_per_tree,1300.0,rare_anchor_size__n1300,3,beam_partial_score,generic,False,"{""beam_balance_penalty"": 0.0, ""beam_candidate_future_weight"": 0.0, ""beam_expansion_width"": 64, ""beam_gap_penalty"": 0.0, ""beam_lookahead"": false, ""beam_n_restarts"": 1, ""beam_priority_future_weight"": 0.0, ""beam_priority_length_weight"": 0.0, ""beam_random_fraction"": 0.0, ""beam_rarity_weight"": 0.0, ""beam_symmetric"": false, ""beam_width"": 200, ""candidate_select_mode"": ""first"", ""method"": ""beam"", ""seed"": 0}",equality,1300,1300,1690000,375942,14000.0,14000.0,ok,,14000.0,1.6459962353110313e-06,8.445000275969505e-06,0.36955019799643196,0.3668792610114906,0.36961501801852137,0.368681492342148,0.3682147295039613,0.36958260800747667,0.0015611145812265718,6.482002208940685e-05,3.0,"[0.3668792610114906, 0.36955019799643196, 0.36961501801852137]",0.3695518439926673,3.0,1.0,14.0,1.0,1.0,1.0,1.0,beam_partial,1300.0,1300.0,0.0,0.0025870880053844303,0.35054186239722185,0.026603783597238362,2.9380025807768106e-06,0.3802812949870713,185601.0,44291.0,44291.0,,44291.0,31044.0,4058.0,200.0,25.0,1.0,1.0,14000.0,14.0,True,beam_fit,1300.0,1300.0,7.105001714080572e-06,0.0,0.0,0.0,0.0,7.105001714080572e-06,0.0,,,,,,,,,1.0,1.0,,,2.367014531046152e-06,0.37099850398954004,0.3710008710040711,14000.0,14000.0,0.0,isolated,1,True,1200.0,2.472149742010515,2.226465942017967,0.2456837999925483,154066944.0,146.9296875,resource.ru_maxrss_kib_converted_to_bytes,0.0,"{""BLIS_NUM_THREADS"": ""1"", ""MKL_DYNAMIC"": ""FALSE"", ""MKL_NUM_THREADS"": ""1"", ""NUMBA_NUM_THREADS"": ""1"", ""NUMEXPR_NUM_THREADS"": ""1"", ""OMP_DYNAMIC"": ""FALSE"", ""OMP_NUM_THREADS"": ""1"", ""OPENBLAS_NUM_THREADS"": ""1"", ""PYTHONHASHSEED"": ""0"", ""VECLIB_MAXIMUM_THREADS"": ""1""}",tree_tree,2,0,1,0.048212532012257725,44,14,14,14,143,36,medium,medium,30,zipf,1,inverse_sqrt,14,reserved,fast_dense,"Exact-oracle companion to the large rare-anchor stress regime. The score-only partial beam should preserve the delayed rare anchors and remain above the 99% quality floor, while local beams may prune the relevant branch; at this smaller scale the specialized dense exact method is still expected to be fastest.",160,160,27,22,6,5,14021.330078125,True,single_exact_result,1,0.0,0.014021330078125,0.9984787407466944,21.330078125,0.9984787407466944,99.84787407466943,True,0.01313659966499448,0.01679472884996748,0.025932021722523846,0.0330338184055171,,,,,,,,,,,,,,,,,,1936.0,0.0,[14000.0],0.0,"{""beam_width"": 200, ""expansion_width"": 64, ""label_pair_preprocessing_score_evaluations"": 1936, ""lookahead_enabled"": false, ""maximum_matching_length"": 161, ""positive_label_pair_types"": 44, ""state_pool_size"": 44292}"
rare_anchor_size,size,rare_anchor_oracle,n1300,nodes_per_tree,1300.0,rare_anchor_size__n1300,3,fast_dense,fast_dense,True,{},equality,1300,1300,1690000,375942,14000.0,14021.330078125,ok,,14021.330495767734,0.0013518900086637586,0.001363357005175203,0.004854633007198572,0.004853410006035119,0.004872655001236126,0.004860232671489939,0.004854021506616846,0.004863644004217349,1.0775418330798048e-05,1.2230011634528637e-06,3.0,"[0.004872655001236126, 0.004853410006035119, 0.004854633007198572]",0.006206523015862331,3.0,1.0,28.0,1.0,0.5,1.0,1.0,fast_dense_equality,1300.0,1300.0,0.0,1.708301715552807e-05,0.0,0.007545103988377377,3.769100294448435e-05,0.007612449990119785,1690000.0,,,1690000.0,,,,,,1.0,1.0,14021.330078125,28.0,,fast_dense_fit,1300.0,1300.0,0.001362308015814051,0.0,0.0,0.0,0.0,0.001362308015814051,0.0,,,,,,,,,1.0,1.0,,,0.0013621159887406975,0.11049203999573365,0.11185415598447435,14021.330078125,14021.330495767734,0.0,isolated,1,True,1200.0,0.4264137260033749,0.14215729699935764,0.28425642900401726,208773120.0,199.1015625,resource.ru_maxrss_kib_converted_to_bytes,0.0,"{""BLIS_NUM_THREADS"": ""1"", ""MKL_DYNAMIC"": ""FALSE"", ""MKL_NUM_THREADS"": ""1"", ""NUMBA_NUM_THREADS"": ""1"", ""NUMEXPR_NUM_THREADS"": ""1"", ""OMP_DYNAMIC"": ""FALSE"", ""OMP_NUM_THREADS"": ""1"", ""OPENBLAS_NUM_THREADS"": ""1"", ""PYTHONHASHSEED"": ""0"", ""VECLIB_MAXIMUM_THREADS"": ""1""}",tree_tree,0,1,1,0.048212532012257725,44,14,14,14,143,36,medium,medium,30,zipf,1,inverse_sqrt,14,reserved,fast_dense,"Exact-oracle companion to the large rare-anchor stress regime. The score-only partial beam should preserve the delayed rare anchors and remain above the 99% quality floor, while local beams may prune the relevant branch; at this smaller scale the specialized dense exact method is still expected to be fastest.",160,160,27,22,6,5,14021.330078125,True,single_exact_result,1,0.0,0.014021330078125,1.0,0.0,1.0,100.0,True,1.0,1.0,1.0,1.0,,,,,,,,,,,,,,,,,,,,,,
rare_anchor_size,size,rare_anchor_oracle,n1300,nodes_per_tree,1300.0,rare_anchor_size__n1300,3,beam_local,generic,False,"{""beam_local_child_cap"": null, ""beam_width"": 200, ""method"": ""beam_local""}",equality,1300,1300,1690000,375942,14000.0,14021.330495767734,ok,,14021.330495767734,1.7139827832579613e-06,8.636998245492578e-06,0.10847725201165304,0.10776581001118757,0.10858841700246558,0.10827715967510206,0.1081215310114203,0.1085328345070593,0.00044631633723703836,0.00011116499081254005,3.0,"[0.10776581001118757, 0.10847725201165304, 0.10858841700246558]",0.1084789659944363,3.0,1.0,28.0,1.0,0.5,1.0,1.0,beam_local,1300.0,1300.0,0.0,0.000357248994987458,0.09498483795323409,0.022417964064516127,1.7919985111802816e-05,0.11854637900250964,51629.0,51629.0,12217.0,,156325.0,62367.0,53276.0,200.0,318.0,1.0,1.0,14021.330495767734,28.0,True,beam_local_fit,1300.0,1300.0,7.5709831435233355e-06,0.0,0.0,0.0,0.0,7.5709831435233355e-06,0.0,,,,,,,,,1.0,1.0,,,2.0719890017062426e-06,0.10777174300164916,0.10777381499065086,14021.330495767734,14021.330495767734,0.0,isolated,1,True,1200.0,0.9071139739826322,0.6612136460025795,0.24590032798005268,154066944.0,146.9296875,resource.ru_maxrss_kib_converted_to_bytes,0.0,"{""BLIS_NUM_THREADS"": ""1"", ""MKL_DYNAMIC"": ""FALSE"", ""MKL_NUM_THREADS"": ""1"", ""NUMBA_NUM_THREADS"": ""1"", ""NUMEXPR_NUM_THREADS"": ""1"", ""OMP_DYNAMIC"": ""FALSE"", ""OMP_NUM_THREADS"": ""1"", ""OPENBLAS_NUM_THREADS"": ""1"", ""PYTHONHASHSEED"": ""0"", ""VECLIB_MAXIMUM_THREADS"": ""1""}",tree_tree,1,2,1,0.048212532012257725,44,14,14,14,143,36,medium,medium,30,zipf,1,inverse_sqrt,14,reserved,fast_dense,"Exact-oracle companion to the large rare-anchor stress regime. The score-only partial beam should preserve the delayed rare anchors and remain above the 99% quality floor, while local beams may prune the relevant branch; at this smaller scale the specialized dense exact method is still expected to be fastest.",160,160,27,22,6,5,14021.330078125,True,single_exact_result,1,0.0,0.014021330078125,1.0,-0.00041764273373701144,1.0,100.0,True,0.04475254412489237,0.05721406872720978,0.08567108905655374,0.10823554173109018,200.0,,322.0,53277.0,,,,,,,,,,,,,,,,,,
rare_anchor_size,size,rare_anchor_oracle,n2000,nodes_per_tree,2000.0,rare_anchor_size__n2000,0,beam_partial_score,generic,False,"{""beam_balance_penalty"": 0.0, ""beam_candidate_future_weight"": 0.0, ""beam_expansion_width"": 64, ""beam_gap_penalty"": 0.0, ""beam_lookahead"": false, ""beam_n_restarts"": 1, ""beam_priority_future_weight"": 0.0, ""beam_priority_length_weight"": 0.0, ""beam_random_fraction"": 0.0, ""beam_rarity_weight"": 0.0, ""beam_symmetric"": false, ""beam_width"": 200, ""candidate_select_mode"": ""first"", ""method"": ""beam"", ""seed"": 0}",equality,2000,2000,4000000,928904,14000.0,14003.363585661016,ok,,14003.363585661014,2.3979810066521168e-06,8.128001354634762e-06,0.29012048998265527,0.2890008740068879,0.2904137049918063,0.2898450229937832,0.2895606819947716,0.2902670974872308,0.000745610082050315,0.0002932150091510266,3.0,"[0.2904137049918063, 0.2890008740068879, 0.29012048998265527]",0.2901228879636619,3.0,1.0,16.0,1.0,0.875,1.0,1.0,beam_partial,2000.0,2000.0,0.0,0.004218563000904396,0.2755384653573856,0.018624193646246567,3.1329982448369265e-06,0.29900714301038533,146193.0,32272.0,32272.0,,32272.0,22257.0,3463.0,200.0,22.0,1.0,1.0,14003.363585661016,16.0,True,beam_fit,2000.0,2000.0,7.068010745570064e-06,0.0,0.0,0.0,0.0,7.068010745570064e-06,0.0,,,,,,,,,1.0,1.0,,,2.4269975256174803e-06,0.2916161040193401,0.29161853101686575,14003.363585661016,14003.363585661014,0.0,isolated,1,True,1200.0,2.0002085429732688,1.751167278009234,0.24904126496403478,154066944.0,146.9296875,resource.ru_maxrss_kib_converted_to_bytes,0.0,"{""BLIS_NUM_THREADS"": ""1"", ""MKL_DYNAMIC"": ""FALSE"", ""MKL_NUM_THREADS"": ""1"", ""NUMBA_NUM_THREADS"": ""1"", ""NUMEXPR_NUM_THREADS"": ""1"", ""OMP_DYNAMIC"": ""FALSE"", ""OMP_NUM_THREADS"": ""1"", ""OPENBLAS_NUM_THREADS"": ""1"", ""PYTHONHASHSEED"": ""0"", ""VECLIB_MAXIMUM_THREADS"": ""1""}",tree_tree,2,0,0,0.06869584001833573,44,14,14,14,153,174,medium,medium,30,zipf,1,inverse_sqrt,14,reserved,fast_dense,"Exact-oracle companion to the large rare-anchor stress regime. The score-only partial beam should preserve the delayed rare anchors and remain above the 99% quality floor, while local beams may prune the relevant branch; at this smaller scale the specialized dense exact method is still expected to be fastest.",200,200,24,32,5,7,14110.021484375,True,single_exact_result,1,0.0,0.014110021484374999,0.992440982543358,106.65789871398374,0.992440982543358,99.2440982543358,True,0.06242029652942933,0.0693709350972809,0.11745328347394965,0.12967750284979848,,,,,,,,,,,,,,,,,,1936.0,0.0,[14003.363585661016],0.0,"{""beam_width"": 200, ""expansion_width"": 64, ""label_pair_preprocessing_score_evaluations"": 1936, ""lookahead_enabled"": false, ""maximum_matching_length"": 201, ""positive_label_pair_types"": 44, ""state_pool_size"": 32273}"
rare_anchor_size,size,rare_anchor_oracle,n2000,nodes_per_tree,2000.0,rare_anchor_size__n2000,0,fast_dense,fast_dense,True,{},equality,2000,2000,4000000,928904,14000.0,14110.021484375,ok,,14110.023986915778,0.002016689017182216,0.0021100330050103366,0.018109407013980672,0.01809188598417677,0.018123335001291707,0.018108209333149716,0.01810064649907872,0.01811637100763619,1.575868011298959e-05,1.3927987311035395e-05,3.0,"[0.01809188598417677, 0.018123335001291707, 0.018109407013980672]",0.020126096031162888,3.0,1.0,73.0,1.0,0.1917808219178082,1.0,1.0,fast_dense_equality,2000.0,2000.0,0.0,2.041601692326367e-05,0.0,0.024892251007258892,8.082299609668553e-05,0.02501032399595715,4000000.0,,,4000000.0,,,,,,1.0,1.0,14110.021484375,73.0,,fast_dense_fit,2000.0,2000.0,0.002108777000103146,0.0,0.0,0.0,0.0,0.002108777000103146,0.0,,,,,,,,,1.0,1.0,,,0.0021056089899502695,0.1287317889800761,0.13083739797002636,14110.021484375,14110.023986915778,0.0,isolated,1,True,1200.0,0.5196865889884066,0.23320309299742803,0.28648349599097855,220385280.0,210.17578125,resource.ru_maxrss_kib_converted_to_bytes,0.0,"{""BLIS_NUM_THREADS"": ""1"", ""MKL_DYNAMIC"": ""FALSE"", ""MKL_NUM_THREADS"": ""1"", ""NUMBA_NUM_THREADS"": ""1"", ""NUMEXPR_NUM_THREADS"": ""1"", ""OMP_DYNAMIC"": ""FALSE"", ""OMP_NUM_THREADS"": ""1"", ""OPENBLAS_NUM_THREADS"": ""1"", ""PYTHONHASHSEED"": ""0"", ""VECLIB_MAXIMUM_THREADS"": ""1""}",tree_tree,0,1,0,0.06869584001833573,44,14,14,14,153,174,medium,medium,30,zipf,1,inverse_sqrt,14,reserved,fast_dense,"Exact-oracle companion to the large rare-anchor stress regime. The score-only partial beam should preserve the delayed rare anchors and remain above the 99% quality floor, while local beams may prune the relevant branch; at this smaller scale the specialized dense exact method is still expected to be fastest.",200,200,24,32,5,7,14110.021484375,True,single_exact_result,1,0.0,0.014110021484374999,1.0,0.0,1.0,100.0,True,1.0,1.0,1.0,1.0,,,,,,,,,,,,,,,,,,,,,,
rare_anchor_size,size,rare_anchor_oracle,n2000,nodes_per_tree,2000.0,rare_anchor_size__n2000,0,beam_local,generic,False,"{""beam_local_child_cap"": null, ""beam_width"": 200, ""method"": ""beam_local""}",equality,2000,2000,4000000,928904,14000.0,4054.5551945257685,ok,,4054.5551945257685,1.7409911379218102e-06,8.169998181983829e-06,0.09185732499463484,0.09123413098859601,0.09200067800702527,0.09169737799675204,0.09154572799161542,0.09192900150083005,0.00040753633514631387,0.00014335301239043474,3.0,"[0.09185732499463484, 0.09200067800702527, 0.09123413098859601]",0.09185906598577276,3.0,1.0,39.0,0.2857142857142857,0.10256410256410256,0.2857142857142857,0.2857142857142857,beam_local,2000.0,2000.0,0.0,0.000550316006410867,0.08134472029632889,0.01797138570691459,1.4133023796603084e-05,0.10061938798753545,42394.0,42394.0,9981.0,,133253.0,51979.0,48448.0,200.0,269.0,1.0,1.0,4054.5551945257685,39.0,True,beam_local_fit,2000.0,2000.0,7.266004104167223e-06,0.0,0.0,0.0,0.0,7.266004104167223e-06,0.0,,,,,,,,,1.0,1.0,,,2.335989847779274e-06,0.09187410099548288,0.09187643698533066,4054.5551945257685,4054.5551945257685,0.0,isolated,1,True,1200.0,0.8084805969847366,0.5598833489930257,0.2485972479917109,154066944.0,146.9296875,resource.ru_maxrss_kib_converted_to_bytes,0.0,"{""BLIS_NUM_THREADS"": ""1"", ""MKL_DYNAMIC"": ""FALSE"", ""MKL_NUM_THREADS"": ""1"", ""NUMBA_NUM_THREADS"": ""1"", ""NUMEXPR_NUM_THREADS"": ""1"", ""OMP_DYNAMIC"": ""FALSE"", ""OMP_NUM_THREADS"": ""1"", ""OPENBLAS_NUM_THREADS"": ""1"", ""PYTHONHASHSEED"": ""0"", ""VECLIB_MAXIMUM_THREADS"": ""1""}",tree_tree,1,2,0,0.06869584001833573,44,14,14,14,153,174,medium,medium,30,zipf,1,inverse_sqrt,14,reserved,fast_dense,"Exact-oracle companion to the large rare-anchor stress regime. The score-only partial beam should preserve the delayed rare anchors and remain above the 99% quality floor, while local beams may prune the relevant branch; at this smaller scale the specialized dense exact method is still expected to be fastest.",200,200,24,32,5,7,14110.021484375,True,single_exact_result,1,0.0,0.014110021484374999,0.28735287178801655,10055.466289849232,0.28735287178801655,28.735287178801656,True,0.19714711935099785,0.21909754704320683,0.23385259833364844,0.24862575685047128,200.0,,402.0,48449.0,,,,,,,,,,,,,,,,,,
rare_anchor_size,size,rare_anchor_oracle,n2000,nodes_per_tree,2000.0,rare_anchor_size__n2000,1,fast_dense,fast_dense,True,{},equality,2000,2000,4000000,923715,14000.0,14115.630859375,ok,,14115.63249043761,0.002061601000605151,0.0020417819905560464,0.015409272979013622,0.01538931400864385,0.015473581006517634,0.01542405599805837,0.015399293493828736,0.015441426992765628,4.403561026854351e-05,1.9958970369771123e-05,3.0,"[0.015409272979013622, 0.01538931400864385, 0.015473581006517634]",0.017470873979618773,3.0,1.0,86.0,1.0,0.16279069767441862,1.0,1.0,fast_dense_equality,2000.0,2000.0,0.0,1.9036000594496727e-05,0.0,0.021941143000731245,9.028200292959809e-05,0.022068235994083807,4000000.0,,,4000000.0,,,,,,1.0,1.0,14115.630859375,86.0,,fast_dense_fit,2000.0,2000.0,0.0020405660034157336,0.0,0.0,0.0,0.0,0.0020405660034157336,0.0,,,,,,,,,1.0,1.0,,,0.0020291150140110403,0.12585243297507986,0.1278815479890909,14115.630859375,14115.63249043761,0.0,isolated,1,True,1200.0,0.5036831400066148,0.21628641898860224,0.2873967210180126,220319744.0,210.11328125,resource.ru_maxrss_kib_converted_to_bytes,0.0,"{""BLIS_NUM_THREADS"": ""1"", ""MKL_DYNAMIC"": ""FALSE"", ""MKL_NUM_THREADS"": ""1"", ""NUMBA_NUM_THREADS"": ""1"", ""NUMEXPR_NUM_THREADS"": ""1"", ""OMP_DYNAMIC"": ""FALSE"", ""OMP_NUM_THREADS"": ""1"", ""OPENBLAS_NUM_THREADS"": ""1"", ""PYTHONHASHSEED"": ""0"", ""VECLIB_MAXIMUM_THREADS"": ""1""}",tree_tree,0,0,0,0.073019220988499,44,14,14,14,200,139,medium,medium,30,zipf,1,inverse_sqrt,14,reserved,fast_dense,"Exact-oracle companion to the large rare-anchor stress regime. The score-only partial beam should preserve the delayed rare anchors and remain above the 99% quality floor, while local beams may prune the relevant branch; at this smaller scale the specialized dense exact method is still expected to be fastest.",200,200,27,31,7,5,14115.630859375,True,single_exact_result,1,0.0,0.014115630859374999,1.0,0.0,1.0,100.0,True,1.0,1.0,1.0,1.0,,,,,,,,,,,,,,,,,,,,,,
rare_anchor_size,size,rare_anchor_oracle,n2000,nodes_per_tree,2000.0,rare_anchor_size__n2000,1,beam_local,generic,False,"{""beam_local_child_cap"": null, ""beam_width"": 200, ""method"": ""beam_local""}",equality,2000,2000,4000000,923715,14000.0,6084.702527444498,ok,,6084.7025274445,1.7049896996468306e-06,9.09800291992724e-06,0.10339334502350539,0.1025659549923148,0.10360031700110994,0.10318653900564338,0.1029796500079101,0.10349683101230767,0.0005473141128069306,0.0002069719776045531,3.0,"[0.10360031700110994, 0.10339334502350539, 0.1025659549923148]",0.10339505001320504,3.0,1.0,44.0,0.42857142857142855,0.13636363636363635,0.42857142857142855,0.42857142857142855,beam_local,2000.0,2000.0,0.0,0.0005277529999148101,0.0917962180392351,0.02084250096231699,1.6870995750650764e-05,0.1140440919843968,45393.0,45393.0,9782.0,,144128.0,60278.0,53315.0,200.0,303.0,1.0,1.0,6084.702527444498,44.0,True,beam_local_fit,2000.0,2000.0,8.095987141132355e-06,0.0,0.0,0.0,0.0,8.095987141132355e-06,0.0,,,,,,,,,1.0,1.0,,,2.2900057956576347e-06,0.10320176702225581,0.10320405702805147,6084.702527444498,6084.7025274445,0.0,isolated,1,True,1200.0,0.8812989580037538,0.6313909960153978,0.24990796198835596,154066944.0,146.9296875,resource.ru_maxrss_kib_converted_to_bytes,0.0,"{""BLIS_NUM_THREADS"": ""1"", ""MKL_DYNAMIC"": ""FALSE"", ""MKL_NUM_THREADS"": ""1"", ""NUMBA_NUM_THREADS"": ""1"", ""NUMEXPR_NUM_THREADS"": ""1"", ""OMP_DYNAMIC"": ""FALSE"", ""OMP_NUM_THREADS"": ""1"", ""OPENBLAS_NUM_THREADS"": ""1"", ""PYTHONHASHSEED"": ""0"", ""VECLIB_MAXIMUM_THREADS"": ""1""}",tree_tree,1,1,0,0.073019220988499,44,14,14,14,200,139,medium,medium,30,zipf,1,inverse_sqrt,14,reserved,fast_dense,"Exact-oracle companion to the large rare-anchor stress regime. The score-only partial beam should preserve the delayed rare anchors and remain above the 99% quality floor, while local beams may prune the relevant branch; at this smaller scale the specialized dense exact method is still expected to be fastest.",200,200,27,31,7,5,14115.630859375,True,single_exact_result,1,0.0,0.014115630859374999,0.43106132400758396,8030.928331930502,0.43106132400758396,43.1061324007584,True,0.14903544300177624,0.16897205405275678,0.22149206490359866,0.24277755206123783,200.0,,402.0,53316.0,,,,,,,,,,,,,,,,,,
rare_anchor_size,size,rare_anchor_oracle,n2000,nodes_per_tree,2000.0,rare_anchor_size__n2000,1,beam_partial_score,generic,False,"{""beam_balance_penalty"": 0.0, ""beam_candidate_future_weight"": 0.0, ""beam_expansion_width"": 64, ""beam_gap_penalty"": 0.0, ""beam_lookahead"": false, ""beam_n_restarts"": 1, ""beam_priority_future_weight"": 0.0, ""beam_priority_length_weight"": 0.0, ""beam_random_fraction"": 0.0, ""beam_rarity_weight"": 0.0, ""beam_symmetric"": false, ""beam_width"": 200, ""candidate_select_mode"": ""first"", ""method"": ""beam"", ""seed"": 0}",equality,2000,2000,4000000,923715,14000.0,14006.0,ok,,14006.0,1.5639816410839558e-06,8.334987796843052e-06,0.2862659689853899,0.28619162301765755,0.28878409799654037,0.2870805633331959,0.28622879600152373,0.28752503349096514,0.0014757725409566046,7.43459677323699e-05,3.0,"[0.28878409799654037, 0.2862659689853899, 0.28619162301765755]",0.286267532967031,3.0,1.0,20.0,1.0,0.7,1.0,1.0,beam_partial,2000.0,2000.0,0.0,0.004319529980421066,0.2726899083936587,0.019271147582912818,4.35599940828979e-06,0.29672707500867546,135299.0,35013.0,35013.0,,35013.0,20344.0,4042.0,200.0,24.0,1.0,1.0,14006.0,20.0,True,beam_fit,2000.0,2000.0,7.260008715093136e-06,0.0,0.0,0.0,0.0,7.260008715093136e-06,0.0,,,,,,,,,1.0,1.0,,,4.769011866301298e-06,0.28993804700439796,0.28994281601626426,14006.0,14006.0,0.0,isolated,1,True,1200.0,1.9810092039988376,1.7356501469912473,0.2453590570075903,154066944.0,146.9296875,resource.ru_maxrss_kib_converted_to_bytes,0.0,"{""BLIS_NUM_THREADS"": ""1"", ""MKL_DYNAMIC"": ""FALSE"", ""MKL_NUM_THREADS"": ""1"", ""NUMBA_NUM_THREADS"": ""1"", ""NUMEXPR_NUM_THREADS"": ""1"", ""OMP_DYNAMIC"": ""FALSE"", ""OMP_NUM_THREADS"": ""1"", ""OPENBLAS_NUM_THREADS"": ""1"", ""PYTHONHASHSEED"": ""0"", ""VECLIB_MAXIMUM_THREADS"": ""1""}",tree_tree,2,2,0,0.073019220988499,44,14,14,14,200,139,medium,medium,30,zipf,1,inverse_sqrt,14,reserved,fast_dense,"Exact-oracle companion to the large rare-anchor stress regime. The score-only partial beam should preserve the delayed rare anchors and remain above the 99% quality floor, while local beams may prune the relevant branch; at this smaller scale the specialized dense exact method is still expected to be fastest.",200,200,27,31,7,5,14115.630859375,True,single_exact_result,1,0.0,0.014115630859374999,0.9922333716100129,109.630859375,0.9922333716100129,99.2233371610013,True,0.05382851840066278,0.061029882776231094,0.102117193660341,0.1149871812271865,,,,,,,,,,,,,,,,,,1936.0,0.0,[14006.0],0.0,"{""beam_width"": 200, ""expansion_width"": 64, ""label_pair_preprocessing_score_evaluations"": 1936, ""lookahead_enabled"": false, ""maximum_matching_length"": 201, ""positive_label_pair_types"": 44, ""state_pool_size"": 35014}"
rare_anchor_size,size,rare_anchor_oracle,n2000,nodes_per_tree,2000.0,rare_anchor_size__n2000,2,beam_local,generic,False,"{""beam_local_child_cap"": null, ""beam_width"": 200, ""method"": ""beam_local""}",equality,2000,2000,4000000,953671,14000.0,13092.659367246088,ok,,13092.65936724608,1.6609847079962492e-06,9.670009603723884e-06,0.13468207497498952,0.1340611499908846,0.1348344919970259,0.1345259056543,0.13437161248293705,0.1347582834860077,0.0004096414373072365,0.00015241702203638852,3.0,"[0.1348344919970259, 0.1340611499908846, 0.13468207497498952]",0.13468373595969751,3.0,1.0,66.0,0.9285714285714286,0.19696969696969696,0.9285714285714286,0.9285714285714286,beam_local,2000.0,2000.0,0.0,0.0005344770033843815,0.11927668325370178,0.029043156740954146,2.8735987143591046e-05,0.15000239500659518,66354.0,66354.0,14341.0,,196567.0,78038.0,64031.0,200.0,343.0,1.0,1.0,13092.659367246088,66.0,True,beam_local_fit,2000.0,2000.0,8.622999303042889e-06,0.0,0.0,0.0,0.0,8.622999303042889e-06,0.0,,,,,,,,,1.0,1.0,,,1.94201129488647e-06,0.13649987999815494,0.13650182200944982,13092.659367246088,13092.65936724608,0.0,isolated,1,True,1200.0,1.0741300679801498,0.826193090993911,0.24793697698623873,154066944.0,146.9296875,resource.ru_maxrss_kib_converted_to_bytes,0.0,"{""BLIS_NUM_THREADS"": ""1"", ""MKL_DYNAMIC"": ""FALSE"", ""MKL_NUM_THREADS"": ""1"", ""NUMBA_NUM_THREADS"": ""1"", ""NUMEXPR_NUM_THREADS"": ""1"", ""OMP_DYNAMIC"": ""FALSE"", ""OMP_NUM_THREADS"": ""1"", ""OPENBLAS_NUM_THREADS"": ""1"", ""PYTHONHASHSEED"": ""0"", ""VECLIB_MAXIMUM_THREADS"": ""1""}",tree_tree,1,0,0,0.07305382998310961,44,14,14,14,110,138,medium,medium,30,zipf,1,inverse_sqrt,14,reserved,fast_dense,"Exact-oracle companion to the large rare-anchor stress regime. The score-only partial beam should preserve the delayed rare anchors and remain above the 99% quality floor, while local beams may prune the relevant branch; at this smaller scale the specialized dense exact method is still expected to be fastest.",200,200,30,29,6,6,14063.1123046875,True,single_exact_result,1,0.0,0.0140631123046875,0.9309930180165068,970.4529374414124,0.9309930180165068,93.09930180165068,True,0.13185392332538395,0.1472320013765462,0.23099296284191706,0.25425484077028904,200.0,,402.0,64032.0,,,,,,,,,,,,,,,,,,
rare_anchor_size,size,rare_anchor_oracle,n2000,nodes_per_tree,2000.0,rare_anchor_size__n2000,2,beam_partial_score,generic,False,"{""beam_balance_penalty"": 0.0, ""beam_candidate_future_weight"": 0.0, ""beam_expansion_width"": 64, ""beam_gap_penalty"": 0.0, ""beam_lookahead"": false, ""beam_n_restarts"": 1, ""beam_priority_future_weight"": 0.0, ""beam_priority_length_weight"": 0.0, ""beam_random_fraction"": 0.0, ""beam_rarity_weight"": 0.0, ""beam_symmetric"": false, ""beam_width"": 200, ""candidate_select_mode"": ""first"", ""method"": ""beam"", ""seed"": 0}",equality,2000,2000,4000000,953671,14000.0,14000.0,ok,,14000.0,2.047017915174365e-06,8.278002496808767e-06,0.3420781010063365,0.34121556000900455,0.34225235297344625,0.3418486713295958,0.34164683050767053,0.3421652269898914,0.0005551696994667249,0.00017425196710973978,3.0,"[0.34121556000900455, 0.3420781010063365, 0.34225235297344625]",0.3420801480242517,3.0,1.0,14.0,1.0,1.0,1.0,1.0,beam_partial,2000.0,2000.0,0.0,0.004349976021330804,0.3254202231182717,0.022555006871698424,3.015011316165328e-06,0.3527971260191407,175361.0,36263.0,36263.0,,36263.0,28107.0,3651.0,200.0,23.0,1.0,1.0,14000.0,14.0,True,beam_fit,2000.0,2000.0,7.2690017987042665e-06,0.0,0.0,0.0,0.0,7.2690017987042665e-06,0.0,,,,,,,,,1.0,1.0,,,2.0650040823966265e-06,0.3438236080110073,0.3438256730150897,14000.0,14000.0,0.0,isolated,1,True,1200.0,2.3108205670141615,2.0639587519981433,0.24686181501601823,154066944.0,146.9296875,resource.ru_maxrss_kib_converted_to_bytes,0.0,"{""BLIS_NUM_THREADS"": ""1"", ""MKL_DYNAMIC"": ""FALSE"", ""MKL_NUM_THREADS"": ""1"", ""NUMBA_NUM_THREADS"": ""1"", ""NUMEXPR_NUM_THREADS"": ""1"", ""OMP_DYNAMIC"": ""FALSE"", ""OMP_NUM_THREADS"": ""1"", ""OPENBLAS_NUM_THREADS"": ""1"", ""PYTHONHASHSEED"": ""0"", ""VECLIB_MAXIMUM_THREADS"": ""1""}",tree_tree,2,1,0,0.07305382998310961,44,14,14,14,110,138,medium,medium,30,zipf,1,inverse_sqrt,14,reserved,fast_dense,"Exact-oracle companion to the large rare-anchor stress regime. The score-only partial beam should preserve the delayed rare anchors and remain above the 99% quality floor, while local beams may prune the relevant branch; at this smaller scale the specialized dense exact method is still expected to be fastest.",200,200,30,29,6,6,14063.1123046875,True,single_exact_result,1,0.0,0.0140631123046875,0.9955122092947758,63.1123046875,0.9955122092947758,99.55122092947758,True,0.05191317402316535,0.057968157792105325,0.09868043945927213,0.10955687573360869,,,,,,,,,,,,,,,,,,1936.0,0.0,[14000.0],0.0,"{""beam_width"": 200, ""expansion_width"": 64, ""label_pair_preprocessing_score_evaluations"": 1936, ""lookahead_enabled"": false, ""maximum_matching_length"": 201, ""positive_label_pair_types"": 44, ""state_pool_size"": 36264}"
rare_anchor_size,size,rare_anchor_oracle,n2000,nodes_per_tree,2000.0,rare_anchor_size__n2000,2,fast_dense,fast_dense,True,{},equality,2000,2000,4000000,953671,14000.0,14063.1123046875,ok,,14063.112834919508,0.0020713960111606866,0.002067509980406612,0.017758359987055883,0.017721142008667812,0.01779897799133323,0.017759493329018976,0.017739750997861847,0.017778668989194557,3.893036600620207e-05,3.721797838807106e-05,3.0,"[0.017721142008667812, 0.017758359987055883, 0.01779897799133323]",0.01982975599821657,3.0,1.0,55.0,1.0,0.2545454545454545,1.0,1.0,fast_dense_equality,2000.0,2000.0,0.0,1.9072002032771707e-05,0.0,0.02445442700991407,7.189897587522864e-05,0.02457726199645549,4000000.0,,,4000000.0,,,,,,1.0,1.0,14063.1123046875,55.0,,fast_dense_fit,2000.0,2000.0,0.0020662399765569717,0.0,0.0,0.0,0.0,0.0020662399765569717,0.0,,,,,,,,,1.0,1.0,,,0.002060330007225275,0.12689476201194339,0.12895509201916866,14063.1123046875,14063.112834919508,0.0,isolated,1,True,1200.0,0.5154973349999636,0.2292462369950954,0.28625109800486825,220323840.0,210.1171875,resource.ru_maxrss_kib_converted_to_bytes,0.0,"{""BLIS_NUM_THREADS"": ""1"", ""MKL_DYNAMIC"": ""FALSE"", ""MKL_NUM_THREADS"": ""1"", ""NUMBA_NUM_THREADS"": ""1"", ""NUMEXPR_NUM_THREADS"": ""1"", ""OMP_DYNAMIC"": ""FALSE"", ""OMP_NUM_THREADS"": ""1"", ""OPENBLAS_NUM_THREADS"": ""1"", ""PYTHONHASHSEED"": ""0"", ""VECLIB_MAXIMUM_THREADS"": ""1""}",tree_tree,0,2,0,0.07305382998310961,44,14,14,14,110,138,medium,medium,30,zipf,1,inverse_sqrt,14,reserved,fast_dense,"Exact-oracle companion to the large rare-anchor stress regime. The score-only partial beam should preserve the delayed rare anchors and remain above the 99% quality floor, while local beams may prune the relevant branch; at this smaller scale the specialized dense exact method is still expected to be fastest.",200,200,30,29,6,6,14063.1123046875,True,single_exact_result,1,0.0,0.0140631123046875,1.0,0.0,1.0,100.0,True,1.0,1.0,1.0,1.0,,,,,,,,,,,,,,,,,,,,,,
rare_anchor_size,size,rare_anchor_oracle,n2000,nodes_per_tree,2000.0,rare_anchor_size__n2000,3,beam_partial_score,generic,False,"{""beam_balance_penalty"": 0.0, ""beam_candidate_future_weight"": 0.0, ""beam_expansion_width"": 64, ""beam_gap_penalty"": 0.0, ""beam_lookahead"": false, ""beam_n_restarts"": 1, ""beam_priority_future_weight"": 0.0, ""beam_priority_length_weight"": 0.0, ""beam_random_fraction"": 0.0, ""beam_rarity_weight"": 0.0, ""beam_symmetric"": false, ""beam_width"": 200, ""candidate_select_mode"": ""first"", ""method"": ""beam"", ""seed"": 0}",equality,2000,2000,4000000,921285,14000.0,14000.0,ok,,14000.0,1.7510028555989265e-06,9.756011422723532e-06,0.332752040005289,0.3310359249881003,0.3336959750158712,0.33249464666975354,0.33189398249669466,0.3332240075105801,0.0013485751867970094,0.0009439350105822086,3.0,"[0.3336959750158712, 0.332752040005289, 0.3310359249881003]",0.3327537910081446,3.0,1.0,14.0,1.0,1.0,1.0,1.0,beam_partial,2000.0,2000.0,0.0,0.004323686996940523,0.3193488948454615,0.019021363172214478,3.741995897144079e-06,0.3431875529931858,172297.0,33769.0,33769.0,,33769.0,23691.0,3378.0,200.0,22.0,1.0,1.0,14000.0,14.0,True,beam_fit,2000.0,2000.0,8.58298153616488e-06,0.0,0.0,0.0,0.0,8.58298153616488e-06,0.0,,,,,,,,,1.0,1.0,,,2.176006091758609e-06,0.3410174149903469,0.34101959099643864,14000.0,14000.0,0.0,isolated,1,True,1200.0,2.259433947998332,2.01496072000009,0.24447322799824178,154066944.0,146.9296875,resource.ru_maxrss_kib_converted_to_bytes,0.0,"{""BLIS_NUM_THREADS"": ""1"", ""MKL_DYNAMIC"": ""FALSE"", ""MKL_NUM_THREADS"": ""1"", ""NUMBA_NUM_THREADS"": ""1"", ""NUMEXPR_NUM_THREADS"": ""1"", ""OMP_DYNAMIC"": ""FALSE"", ""OMP_NUM_THREADS"": ""1"", ""OPENBLAS_NUM_THREADS"": ""1"", ""PYTHONHASHSEED"": ""0"", ""VECLIB_MAXIMUM_THREADS"": ""1""}",tree_tree,2,0,1,0.0721116499917116,44,14,14,14,179,170,medium,medium,30,zipf,1,inverse_sqrt,14,reserved,fast_dense,"Exact-oracle companion to the large rare-anchor stress regime. The score-only partial beam should preserve the delayed rare anchors and remain above the 99% quality floor, while local beams may prune the relevant branch; at this smaller scale the specialized dense exact method is still expected to be fastest.",200,200,32,33,6,5,14102.248046875,True,single_exact_result,1,0.0,0.014102248046875,0.9927495214567824,102.248046875,0.9927495214567824,99.27495214567824,True,0.05178880047171122,0.05785532586420205,0.09844216493692555,0.10933862947971874,,,,,,,,,,,,,,,,,,1936.0,0.0,[14000.0],0.0,"{""beam_width"": 200, ""expansion_width"": 64, ""label_pair_preprocessing_score_evaluations"": 1936, ""lookahead_enabled"": false, ""maximum_matching_length"": 201, ""positive_label_pair_types"": 44, ""state_pool_size"": 33770}"
rare_anchor_size,size,rare_anchor_oracle,n2000,nodes_per_tree,2000.0,rare_anchor_size__n2000,3,fast_dense,fast_dense,True,{},equality,2000,2000,4000000,921285,14000.0,14102.248046875,ok,,14102.2508937177,0.0020187500049360096,0.002037447993643582,0.017232829006388783,0.017216754000401124,0.017275335994781926,0.01724163966719061,0.017224791503394954,0.017254082500585355,3.026852035088149e-05,1.6075005987659097e-05,3.0,"[0.017232829006388783, 0.017216754000401124, 0.017275335994781926]",0.019251579011324793,3.0,1.0,86.0,1.0,0.16279069767441862,1.0,1.0,fast_dense_equality,2000.0,2000.0,0.0,1.950500882230699e-05,0.0,0.023611193988472223,8.087098831310868e-05,0.023730746004730463,4000000.0,,,4000000.0,,,,,,1.0,1.0,14102.248046875,86.0,,fast_dense_fit,2000.0,2000.0,0.00203645700821653,0.0,0.0,0.0,0.0,0.00203645700821653,0.0,,,,,,,,,1.0,1.0,,,0.0021553930127993226,0.12845741500495933,0.13061280801775865,14102.248046875,14102.2508937177,0.0,isolated,1,True,1200.0,0.504618572012987,0.22811697499128059,0.2765015970217064,220434432.0,210.22265625,resource.ru_maxrss_kib_converted_to_bytes,0.0,"{""BLIS_NUM_THREADS"": ""1"", ""MKL_DYNAMIC"": ""FALSE"", ""MKL_NUM_THREADS"": ""1"", ""NUMBA_NUM_THREADS"": ""1"", ""NUMEXPR_NUM_THREADS"": ""1"", ""OMP_DYNAMIC"": ""FALSE"", ""OMP_NUM_THREADS"": ""1"", ""OPENBLAS_NUM_THREADS"": ""1"", ""PYTHONHASHSEED"": ""0"", ""VECLIB_MAXIMUM_THREADS"": ""1""}",tree_tree,0,1,1,0.0721116499917116,44,14,14,14,179,170,medium,medium,30,zipf,1,inverse_sqrt,14,reserved,fast_dense,"Exact-oracle companion to the large rare-anchor stress regime. The score-only partial beam should preserve the delayed rare anchors and remain above the 99% quality floor, while local beams may prune the relevant branch; at this smaller scale the specialized dense exact method is still expected to be fastest.",200,200,32,33,6,5,14102.248046875,True,single_exact_result,1,0.0,0.014102248046875,1.0,0.0,1.0,100.0,True,1.0,1.0,1.0,1.0,,,,,,,,,,,,,,,,,,,,,,
rare_anchor_size,size,rare_anchor_oracle,n2000,nodes_per_tree,2000.0,rare_anchor_size__n2000,3,beam_local,generic,False,"{""beam_local_child_cap"": null, ""beam_width"": 200, ""method"": ""beam_local""}",equality,2000,2000,4000000,921285,14000.0,1075.9890805063842,ok,,1075.989080506384,1.7259735614061356e-06,1.9650004105642438e-05,0.10008814302273095,0.0979432690073736,0.10016019301838242,0.09939720168282899,0.09901570601505227,0.10012416802055668,0.0012596578777731625,7.204999565146863e-05,3.0,"[0.10016019301838242, 0.0979432690073736, 0.10008814302273095]",0.10008986899629235,3.0,1.0,43.0,0.07142857142857142,0.023255813953488372,0.07142857142857142,0.07142857142857142,beam_local,2000.0,2000.0,0.0,0.0005350530263967812,0.08646013730322011,0.021299107698723674,2.0849984139204025e-05,0.10911395199946128,44528.0,44528.0,10085.0,,140701.0,57725.0,51563.0,200.0,304.0,1.0,1.0,1075.9890805063842,43.0,True,beam_local_fit,2000.0,2000.0,1.8560996977612376e-05,0.0,0.0,0.0,0.0,1.8560996977612376e-05,0.0,,,,,,,,,1.0,1.0,,,2.042012056335807e-06,0.10029465000843629,0.10029669202049263,1075.9890805063842,1075.989080506384,0.0,isolated,1,True,1200.0,0.8522568969929125,0.6069171490089502,0.2453397479839623,154066944.0,146.9296875,resource.ru_maxrss_kib_converted_to_bytes,0.0,"{""BLIS_NUM_THREADS"": ""1"", ""MKL_DYNAMIC"": ""FALSE"", ""MKL_NUM_THREADS"": ""1"", ""NUMBA_NUM_THREADS"": ""1"", ""NUMEXPR_NUM_THREADS"": ""1"", ""OMP_DYNAMIC"": ""FALSE"", ""OMP_NUM_THREADS"": ""1"", ""OPENBLAS_NUM_THREADS"": ""1"", ""PYTHONHASHSEED"": ""0"", ""VECLIB_MAXIMUM_THREADS"": ""1""}",tree_tree,1,2,1,0.0721116499917116,44,14,14,14,179,170,medium,medium,30,zipf,1,inverse_sqrt,14,reserved,fast_dense,"Exact-oracle companion to the large rare-anchor stress regime. The score-only partial beam should preserve the delayed rare anchors and remain above the 99% quality floor, while local beams may prune the relevant branch; at this smaller scale the specialized dense exact method is still expected to be fastest.",200,200,32,33,6,5,14102.248046875,True,single_exact_result,1,0.0,0.014102248046875,0.07629911748324544,13026.258966368616,0.07629911748324544,7.629911748324544,True,0.17217652846726358,0.19234293344951758,0.10574007865541629,0.10925762385584137,200.0,,402.0,51564.0,,,,,,,,,,,,,,,,,,
rare_anchor_size,size,rare_anchor_oracle,n3000,nodes_per_tree,3000.0,rare_anchor_size__n3000,0,beam_partial_score,generic,False,"{""beam_balance_penalty"": 0.0, ""beam_candidate_future_weight"": 0.0, ""beam_expansion_width"": 64, ""beam_gap_penalty"": 0.0, ""beam_lookahead"": false, ""beam_n_restarts"": 1, ""beam_priority_future_weight"": 0.0, ""beam_priority_length_weight"": 0.0, ""beam_random_fraction"": 0.0, ""beam_rarity_weight"": 0.0, ""beam_symmetric"": false, ""beam_width"": 200, ""candidate_select_mode"": ""first"", ""method"": ""beam"", ""seed"": 0}",equality,3000,3000,9000000,2125307,14000.0,14000.0,ok,,14000.0,1.702981535345316e-06,9.147013770416379e-06,0.37247315398417413,0.3721397640183568,0.37632833200041205,0.37364708333431434,0.37230645900126547,0.3744007429922931,0.002328005159877234,0.00033338996581733227,3.0,"[0.37247315398417413, 0.37632833200041205, 0.3721397640183568]",0.3724748569657095,3.0,1.0,14.0,1.0,1.0,1.0,1.0,beam_partial,3000.0,3000.0,0.0,0.005005156999686733,0.36197878170059994,0.019627452304121107,3.961991751566529e-06,0.38714970799628645,199817.0,33651.0,33651.0,,33651.0,23800.0,3828.0,200.0,24.0,1.0,1.0,14000.0,14.0,True,beam_fit,3000.0,3000.0,8.030998287722468e-06,0.0,0.0,0.0,0.0,8.030998287722468e-06,0.0,,,,,,,,,1.0,1.0,,,2.3710017558187246e-06,0.37520461599342525,0.37520698699518107,14000.0,14000.0,0.0,isolated,1,True,1200.0,2.5062246290035546,2.25619641400408,0.2500282149994746,154066944.0,146.9296875,resource.ru_maxrss_kib_converted_to_bytes,0.0,"{""BLIS_NUM_THREADS"": ""1"", ""MKL_DYNAMIC"": ""FALSE"", ""MKL_NUM_THREADS"": ""1"", ""NUMBA_NUM_THREADS"": ""1"", ""NUMEXPR_NUM_THREADS"": ""1"", ""OMP_DYNAMIC"": ""FALSE"", ""OMP_NUM_THREADS"": ""1"", ""OPENBLAS_NUM_THREADS"": ""1"", ""PYTHONHASHSEED"": ""0"", ""VECLIB_MAXIMUM_THREADS"": ""1""}",tree_tree,2,0,0,0.10069965900038369,44,14,14,14,145,238,medium,medium,30,zipf,1,inverse_sqrt,14,reserved,fast_dense,"Exact-oracle companion to the large rare-anchor stress regime. The score-only partial beam should preserve the delayed rare anchors and remain above the 99% quality floor, while local beams may prune the relevant branch; at this smaller scale the specialized dense exact method is still expected to be fastest.",250,250,32,37,5,5,14111.16015625,True,single_exact_result,1,0.0,0.01411116015625,0.9921225359914319,111.16015625,0.9921225359914319,99.21225359914318,True,0.1424630914093699,0.1507464273651968,0.2491497161973363,0.26172541665660376,,,,,,,,,,,,,,,,,,1936.0,0.0,[14000.0],0.0,"{""beam_width"": 200, ""expansion_width"": 64, ""label_pair_preprocessing_score_evaluations"": 1936, ""lookahead_enabled"": false, ""maximum_matching_length"": 251, ""positive_label_pair_types"": 44, ""state_pool_size"": 33652}"
rare_anchor_size,size,rare_anchor_oracle,n3000,nodes_per_tree,3000.0,rare_anchor_size__n3000,0,fast_dense,fast_dense,True,{},equality,3000,3000,9000000,2125307,14000.0,14111.16015625,ok,,14111.16102159452,0.003085576987359673,0.003045349003514275,0.05306367698358372,0.052896503009833395,0.05383429300854914,0.05326482433398875,0.05298008999670856,0.05344898499606643,0.0005002076697273266,0.00016717397375032306,3.0,"[0.052896503009833395, 0.05306367698358372, 0.05383429300854914]",0.05614925397094339,3.0,1.0,84.0,1.0,0.16666666666666666,1.0,1.0,fast_dense_equality,3000.0,3000.0,0.0,2.117999247275293e-05,0.0,0.05478150100680068,0.00012898299610242248,0.05595126299886033,9000000.0,,,9000000.0,,,,,,1.0,1.0,14111.16015625,84.0,,fast_dense_fit,3000.0,3000.0,0.0030441649723798037,0.0,0.0,0.0,0.0,0.0030441649723798037,0.0,,,,,,,,,1.0,1.0,,,0.00309277098858729,0.16174661798868328,0.16483938897727057,14111.16015625,14111.16102159452,0.0,isolated,1,True,1200.0,0.7240821169980336,0.4398901269887574,0.2841919900092762,244813824.0,233.47265625,resource.ru_maxrss_kib_converted_to_bytes,0.0,"{""BLIS_NUM_THREADS"": ""1"", ""MKL_DYNAMIC"": ""FALSE"", ""MKL_NUM_THREADS"": ""1"", ""NUMBA_NUM_THREADS"": ""1"", ""NUMEXPR_NUM_THREADS"": ""1"", ""OMP_DYNAMIC"": ""FALSE"", ""OMP_NUM_THREADS"": ""1"", ""OPENBLAS_NUM_THREADS"": ""1"", ""PYTHONHASHSEED"": ""0"", ""VECLIB_MAXIMUM_THREADS"": ""1""}",tree_tree,0,1,0,0.10069965900038369,44,14,14,14,145,238,medium,medium,30,zipf,1,inverse_sqrt,14,reserved,fast_dense,"Exact-oracle companion to the large rare-anchor stress regime. The score-only partial beam should preserve the delayed rare anchors and remain above the 99% quality floor, while local beams may prune the relevant branch; at this smaller scale the specialized dense exact method is still expected to be fastest.",250,250,32,37,5,5,14111.16015625,True,single_exact_result,1,0.0,0.01411116015625,1.0,0.0,1.0,100.0,True,1.0,1.0,1.0,1.0,,,,,,,,,,,,,,,,,,,,,,
rare_anchor_size,size,rare_anchor_oracle,n3000,nodes_per_tree,3000.0,rare_anchor_size__n3000,0,beam_local,generic,False,"{""beam_local_child_cap"": null, ""beam_width"": 200, ""method"": ""beam_local""}",equality,3000,3000,9000000,2125307,14000.0,1075.531999358608,ok,,1075.5319993586077,1.6900012269616127e-06,1.0226009180769324e-05,0.11232466599904001,0.1122883100179024,0.1123445559933316,0.112319177336758,0.1123064880084712,0.1123346109961858,2.8521860006488892e-05,1.9889994291588664e-05,3.0,"[0.11232466599904001, 0.1122883100179024, 0.1123445559933316]",0.11232635600026697,3.0,1.0,38.0,0.07142857142857142,0.02631578947368421,0.07142857142857142,0.07142857142857142,beam_local,3000.0,3000.0,0.0,0.0008984449959825724,0.09913264022907242,0.021777979767648503,2.075301017612219e-05,0.12267766098375432,49053.0,49053.0,8841.0,,157040.0,63642.0,58925.0,200.0,319.0,1.0,1.0,1075.531999358608,38.0,True,beam_local_fit,3000.0,3000.0,8.949980838224292e-06,0.0,0.0,0.0,0.0,8.949980838224292e-06,0.0,,,,,,,,,1.0,1.0,,,2.454995410516858e-06,0.11292888098978437,0.11293133598519489,1075.531999358608,1075.5319993586077,0.0,isolated,1,True,1200.0,0.9359506559849251,0.6858342610066757,0.25011639497824945,154066944.0,146.9296875,resource.ru_maxrss_kib_converted_to_bytes,0.0,"{""BLIS_NUM_THREADS"": ""1"", ""MKL_DYNAMIC"": ""FALSE"", ""MKL_NUM_THREADS"": ""1"", ""NUMBA_NUM_THREADS"": ""1"", ""NUMEXPR_NUM_THREADS"": ""1"", ""OMP_DYNAMIC"": ""FALSE"", ""OMP_NUM_THREADS"": ""1"", ""OPENBLAS_NUM_THREADS"": ""1"", ""PYTHONHASHSEED"": ""0"", ""VECLIB_MAXIMUM_THREADS"": ""1""}",tree_tree,1,2,0,0.10069965900038369,44,14,14,14,145,238,medium,medium,30,zipf,1,inverse_sqrt,14,reserved,fast_dense,"Exact-oracle companion to the large rare-anchor stress regime. The score-only partial beam should preserve the delayed rare anchors and remain above the 99% quality floor, while local beams may prune the relevant branch; at this smaller scale the specialized dense exact method is still expected to be fastest.",250,250,32,37,5,5,14111.16015625,True,single_exact_result,1,0.0,0.01411116015625,0.07621853819597123,13035.628156891393,0.07621853819597123,7.621853819597122,True,0.47241339657344034,0.499876039518365,0.13125979816014452,0.13226932689574317,200.0,,502.0,58926.0,,,,,,,,,,,,,,,,,,
rare_anchor_size,size,rare_anchor_oracle,n3000,nodes_per_tree,3000.0,rare_anchor_size__n3000,1,fast_dense,fast_dense,True,{},equality,3000,3000,9000000,2124845,14000.0,14144.72265625,ok,,14144.725224116983,0.0031010599923320115,0.0030974450055509806,0.05489705101354048,0.0547312060080003,0.055412474990589544,0.05501357733737677,0.05481412851077039,0.05515476300206501,0.00035526841228801547,0.00016584500554017723,3.0,"[0.055412474990589544, 0.0547312060080003, 0.05489705101354048]",0.05799811100587249,3.0,1.0,94.0,1.0,0.14893617021276595,1.0,1.0,fast_dense_equality,3000.0,3000.0,0.0,2.156899427063763e-05,0.0,0.05712211100035347,0.00013654798385687172,0.05802596200373955,9000000.0,,,9000000.0,,,,,,1.0,1.0,14144.72265625,94.0,,fast_dense_fit,3000.0,3000.0,0.003096216998528689,0.0,0.0,0.0,0.0,0.003096216998528689,0.0,,,,,,,,,1.0,1.0,,,0.0031667519942857325,0.15770516099291854,0.16087191298720427,14144.72265625,14144.725224116983,0.0,isolated,1,True,1200.0,0.7251376599888317,0.4455039860040415,0.2796336739847902,244944896.0,233.59765625,resource.ru_maxrss_kib_converted_to_bytes,0.0,"{""BLIS_NUM_THREADS"": ""1"", ""MKL_DYNAMIC"": ""FALSE"", ""MKL_NUM_THREADS"": ""1"", ""NUMBA_NUM_THREADS"": ""1"", ""NUMEXPR_NUM_THREADS"": ""1"", ""OMP_DYNAMIC"": ""FALSE"", ""OMP_NUM_THREADS"": ""1"", ""OPENBLAS_NUM_THREADS"": ""1"", ""PYTHONHASHSEED"": ""0"", ""VECLIB_MAXIMUM_THREADS"": ""1""}",tree_tree,0,0,0,0.1069680440123193,44,14,14,14,181,236,medium,medium,30,zipf,1,inverse_sqrt,14,reserved,fast_dense,"Exact-oracle companion to the large rare-anchor stress regime. The score-only partial beam should preserve the delayed rare anchors and remain above the 99% quality floor, while local beams may prune the relevant branch; at this smaller scale the specialized dense exact method is still expected to be fastest.",250,250,34,31,7,15,14144.72265625,True,single_exact_result,1,0.0,0.014144722656249999,1.0,0.0,1.0,100.0,True,1.0,1.0,1.0,1.0,,,,,,,,,,,,,,,,,,,,,,
rare_anchor_size,size,rare_anchor_oracle,n3000,nodes_per_tree,3000.0,rare_anchor_size__n3000,1,beam_local,generic,False,"{""beam_local_child_cap"": null, ""beam_width"": 200, ""method"": ""beam_local""}",equality,3000,3000,9000000,2124845,14000.0,2059.733893663991,ok,,2059.733893663991,1.614011125639081e-06,9.70897963270545e-06,0.10201865798444487,0.10186824999982491,0.1021978410135489,0.10202824966593955,0.10194345399213489,0.10210824949899688,0.00016500472522725697,0.0001504079846199602,3.0,"[0.10201865798444487, 0.1021978410135489, 0.10186824999982491]",0.10202027199557051,3.0,1.0,29.0,0.14285714285714285,0.06896551724137931,0.14285714285714285,0.14285714285714285,beam_local,3000.0,3000.0,0.0,0.000877076992765069,0.09083411496249028,0.0197334700205829,2.0948995370417833e-05,0.11226845599594526,48012.0,48012.0,12337.0,,150658.0,58278.0,54418.0,200.0,304.0,1.0,1.0,2059.733893663991,29.0,True,beam_local_fit,3000.0,3000.0,8.531002094969153e-06,0.0,0.0,0.0,0.0,8.531002094969153e-06,0.0,,,,,,,,,1.0,1.0,,,2.182991011068225e-06,0.10347311399527825,0.10347529698628932,2059.733893663991,2059.733893663991,0.0,isolated,1,True,1200.0,0.875041648017941,0.6248884220258333,0.25015322599210776,154066944.0,146.9296875,resource.ru_maxrss_kib_converted_to_bytes,0.0,"{""BLIS_NUM_THREADS"": ""1"", ""MKL_DYNAMIC"": ""FALSE"", ""MKL_NUM_THREADS"": ""1"", ""NUMBA_NUM_THREADS"": ""1"", ""NUMEXPR_NUM_THREADS"": ""1"", ""OMP_DYNAMIC"": ""FALSE"", ""OMP_NUM_THREADS"": ""1"", ""OPENBLAS_NUM_THREADS"": ""1"", ""PYTHONHASHSEED"": ""0"", ""VECLIB_MAXIMUM_THREADS"": ""1""}",tree_tree,1,1,0,0.1069680440123193,44,14,14,14,181,236,medium,medium,30,zipf,1,inverse_sqrt,14,reserved,fast_dense,"Exact-oracle companion to the large rare-anchor stress regime. The score-only partial beam should preserve the delayed rare anchors and remain above the 99% quality floor, while local beams may prune the relevant branch; at this smaller scale the specialized dense exact method is still expected to be fastest.",250,250,34,31,7,15,14144.72265625,True,single_exact_result,1,0.0,0.014144722656249999,0.14561854224507365,12084.98876258601,0.14561854224507365,14.561854224507364,True,0.538107951017262,0.5684959456723526,0.22921006036708366,0.23184952071891002,200.0,,502.0,54419.0,,,,,,,,,,,,,,,,,,
rare_anchor_size,size,rare_anchor_oracle,n3000,nodes_per_tree,3000.0,rare_anchor_size__n3000,1,beam_partial_score,generic,False,"{""beam_balance_penalty"": 0.0, ""beam_candidate_future_weight"": 0.0, ""beam_expansion_width"": 64, ""beam_gap_penalty"": 0.0, ""beam_lookahead"": false, ""beam_n_restarts"": 1, ""beam_priority_future_weight"": 0.0, ""beam_priority_length_weight"": 0.0, ""beam_random_fraction"": 0.0, ""beam_rarity_weight"": 0.0, ""beam_symmetric"": false, ""beam_width"": 200, ""candidate_select_mode"": ""first"", ""method"": ""beam"", ""seed"": 0}",equality,3000,3000,9000000,2124845,14000.0,14000.0,ok,,14000.0,2.449000021442771e-06,9.209004929289222e-06,0.3152515949914232,0.31440930100507103,0.31694513000547886,0.3155353420006577,0.3148304479982471,0.316098362498451,0.001291507434653199,0.0008422939863521606,3.0,"[0.31694513000547886, 0.3152515949914232, 0.31440930100507103]",0.31525404399144463,3.0,1.0,14.0,1.0,1.0,1.0,1.0,beam_partial,3000.0,3000.0,0.0,0.005019276984967291,0.30023994081420824,0.01796203517005779,3.610999556258321e-06,0.32374775302014314,162445.0,30420.0,30420.0,,30420.0,21541.0,3287.0,200.0,22.0,1.0,1.0,14000.0,14.0,True,beam_fit,3000.0,3000.0,8.114991942420602e-06,0.0,0.0,0.0,0.0,8.114991942420602e-06,0.0,,,,,,,,,1.0,1.0,,,2.181011950597167e-06,0.31645583698991686,0.31645801800186746,14000.0,14000.0,0.0,isolated,1,True,1200.0,2.15284806600539,1.9040440290118568,0.24880403699353337,154066944.0,146.9296875,resource.ru_maxrss_kib_converted_to_bytes,0.0,"{""BLIS_NUM_THREADS"": ""1"", ""MKL_DYNAMIC"": ""FALSE"", ""MKL_NUM_THREADS"": ""1"", ""NUMBA_NUM_THREADS"": ""1"", ""NUMEXPR_NUM_THREADS"": ""1"", ""OMP_DYNAMIC"": ""FALSE"", ""OMP_NUM_THREADS"": ""1"", ""OPENBLAS_NUM_THREADS"": ""1"", ""PYTHONHASHSEED"": ""0"", ""VECLIB_MAXIMUM_THREADS"": ""1""}",tree_tree,2,2,0,0.1069680440123193,44,14,14,14,181,236,medium,medium,30,zipf,1,inverse_sqrt,14,reserved,fast_dense,"Exact-oracle companion to the large rare-anchor stress regime. The score-only partial beam should preserve the delayed rare anchors and remain above the 99% quality floor, while local beams may prune the relevant branch; at this smaller scale the specialized dense exact method is still expected to be fastest.",250,250,34,31,7,15,14144.72265625,True,single_exact_result,1,0.0,0.014144722656249999,0.9897684345061335,144.72265625,0.9897684345061335,98.97684345061334,True,0.17413726650624564,0.18397261545500251,0.29616758386722764,0.3102733564561382,,,,,,,,,,,,,,,,,,1936.0,0.0,[14000.0],0.0,"{""beam_width"": 200, ""expansion_width"": 64, ""label_pair_preprocessing_score_evaluations"": 1936, ""lookahead_enabled"": false, ""maximum_matching_length"": 251, ""positive_label_pair_types"": 44, ""state_pool_size"": 30421}"
rare_anchor_size,size,rare_anchor_oracle,n3000,nodes_per_tree,3000.0,rare_anchor_size__n3000,2,beam_local,generic,False,"{""beam_local_child_cap"": null, ""beam_width"": 200, ""method"": ""beam_local""}",equality,3000,3000,9000000,2087069,14000.0,14047.793304127805,ok,,14047.793304127805,1.7099955584853888e-06,1.0474002920091152e-05,0.13223343901336193,0.13219454398495145,0.13257514100405388,0.13233437466745576,0.1322139914991567,0.1324042900087079,0.000209414725933788,3.8895028410479426e-05,3.0,"[0.13257514100405388, 0.13223343901336193, 0.13219454398495145]",0.13223514900892042,3.0,1.0,45.0,1.0,0.3111111111111111,1.0,1.0,beam_local,3000.0,3000.0,0.0,0.0009241479856427759,0.11577210488030687,0.028062631143257022,2.019200474023819e-05,0.14590568901621737,63444.0,63444.0,14619.0,,191854.0,76715.0,64962.0,200.0,341.0,1.0,1.0,14047.793304127805,45.0,True,beam_local_fit,3000.0,3000.0,9.287003194913268e-06,0.0,0.0,0.0,0.0,9.287003194913268e-06,0.0,,,,,,,,,1.0,1.0,,,2.2790045477449894e-06,0.1364374510012567,0.13643973000580445,14047.793304127805,14047.793304127805,0.0,isolated,1,True,1200.0,1.0612372339819558,0.8131155849841889,0.2481216489977669,154066944.0,146.9296875,resource.ru_maxrss_kib_converted_to_bytes,0.0,"{""BLIS_NUM_THREADS"": ""1"", ""MKL_DYNAMIC"": ""FALSE"", ""MKL_NUM_THREADS"": ""1"", ""NUMBA_NUM_THREADS"": ""1"", ""NUMEXPR_NUM_THREADS"": ""1"", ""OMP_DYNAMIC"": ""FALSE"", ""OMP_NUM_THREADS"": ""1"", ""OPENBLAS_NUM_THREADS"": ""1"", ""PYTHONHASHSEED"": ""0"", ""VECLIB_MAXIMUM_THREADS"": ""1""}",tree_tree,1,0,0,0.10690725297899917,44,14,14,14,64,133,medium,medium,30,zipf,1,inverse_sqrt,14,reserved,fast_dense,"Exact-oracle companion to the large rare-anchor stress regime. The score-only partial beam should preserve the delayed rare anchors and remain above the 99% quality floor, while local beams may prune the relevant branch; at this smaller scale the specialized dense exact method is still expected to be fastest.",250,250,32,33,7,6,14047.7919921875,True,single_exact_result,1,0.0,0.0140477919921875,1.0,-0.0013119403047312517,1.0,100.0,True,0.4319711520210639,0.45484222940673363,0.6033238189350196,0.6252804877573737,200.0,,502.0,64963.0,,,,,,,,,,,,,,,,,,
rare_anchor_size,size,rare_anchor_oracle,n3000,nodes_per_tree,3000.0,rare_anchor_size__n3000,2,beam_partial_score,generic,False,"{""beam_balance_penalty"": 0.0, ""beam_candidate_future_weight"": 0.0, ""beam_expansion_width"": 64, ""beam_gap_penalty"": 0.0, ""beam_lookahead"": false, ""beam_n_restarts"": 1, ""beam_priority_future_weight"": 0.0, ""beam_priority_length_weight"": 0.0, ""beam_random_fraction"": 0.0, ""beam_rarity_weight"": 0.0, ""beam_symmetric"": false, ""beam_width"": 200, ""candidate_select_mode"": ""first"", ""method"": ""beam"", ""seed"": 0}",equality,3000,3000,9000000,2087069,14000.0,14000.0,ok,,14000.0,1.8629943951964378e-06,7.568014552816749e-06,0.3875090349756647,0.38665222699637525,0.3885370540083386,0.38756610532679286,0.38708063098601997,0.38802304449200165,0.0009437086335252493,0.0008568079792894423,3.0,"[0.38665222699637525, 0.3885370540083386, 0.3875090349756647]",0.3875108979700599,3.0,1.0,14.0,1.0,1.0,1.0,1.0,beam_partial,3000.0,3000.0,0.0,0.00506834001862444,0.37315648869844154,0.01870436331955716,3.788009053096175e-06,0.39749454901902936,201408.0,30226.0,30226.0,,30226.0,21805.0,3637.0,200.0,22.0,1.0,1.0,14000.0,14.0,True,beam_fit,3000.0,3000.0,6.677990313619375e-06,0.0,0.0,0.0,0.0,6.677990313619375e-06,0.0,,,,,,,,,1.0,1.0,,,2.2399763111025095e-06,0.38169519798248075,0.38169743795879185,14000.0,14000.0,0.0,isolated,1,True,1200.0,2.5749670660006814,2.330208926985506,0.2447581390151754,154066944.0,146.9296875,resource.ru_maxrss_kib_converted_to_bytes,0.0,"{""BLIS_NUM_THREADS"": ""1"", ""MKL_DYNAMIC"": ""FALSE"", ""MKL_NUM_THREADS"": ""1"", ""NUMBA_NUM_THREADS"": ""1"", ""NUMEXPR_NUM_THREADS"": ""1"", ""OMP_DYNAMIC"": ""FALSE"", ""OMP_NUM_THREADS"": ""1"", ""OPENBLAS_NUM_THREADS"": ""1"", ""PYTHONHASHSEED"": ""0"", ""VECLIB_MAXIMUM_THREADS"": ""1""}",tree_tree,2,1,0,0.10690725297899917,44,14,14,14,64,133,medium,medium,30,zipf,1,inverse_sqrt,14,reserved,fast_dense,"Exact-oracle companion to the large rare-anchor stress regime. The score-only partial beam should preserve the delayed rare anchors and remain above the 99% quality floor, while local beams may prune the relevant branch; at this smaller scale the specialized dense exact method is still expected to be fastest.",250,250,32,33,7,6,14047.7919921875,True,single_exact_result,1,0.0,0.0140477919921875,0.9965979000675638,47.7919921875,0.9965979000675638,99.65979000675638,True,0.1474056753022448,0.1552114541712735,0.2568246981514377,0.26859203517364244,,,,,,,,,,,,,,,,,,1936.0,0.0,[14000.0],0.0,"{""beam_width"": 200, ""expansion_width"": 64, ""label_pair_preprocessing_score_evaluations"": 1936, ""lookahead_enabled"": false, ""maximum_matching_length"": 251, ""positive_label_pair_types"": 44, ""state_pool_size"": 30227}"
rare_anchor_size,size,rare_anchor_oracle,n3000,nodes_per_tree,3000.0,rare_anchor_size__n3000,2,fast_dense,fast_dense,True,{},equality,3000,3000,9000000,2087069,14000.0,14047.7919921875,ok,,14047.793304127805,0.0030250989948399365,0.0031344130111392587,0.05712103098630905,0.05696439300663769,0.057138345000566915,0.05707458966450455,0.05704271199647337,0.05712968799343798,9.582495148028926e-05,1.7314014257863164e-05,3.0,"[0.057138345000566915, 0.05696439300663769, 0.05712103098630905]",0.06014612998114899,3.0,1.0,45.0,1.0,0.3111111111111111,1.0,1.0,fast_dense_equality,3000.0,3000.0,0.0,2.014701021835208e-05,0.0,0.05879485298646614,9.205401875078678e-05,0.06013411199091934,9000000.0,,,9000000.0,,,,,,1.0,1.0,14047.7919921875,45.0,,fast_dense_fit,3000.0,3000.0,0.0031332689977716655,0.0,0.0,0.0,0.0,0.0031332689977716655,0.0,,,,,,,,,1.0,1.0,,,0.0030608809902332723,0.1633130300033372,0.16637391099357046,14047.7919921875,14047.793304127805,0.0,isolated,1,True,1200.0,0.7423198150063399,0.4616110490169376,0.2807087659894023,244781056.0,233.44140625,resource.ru_maxrss_kib_converted_to_bytes,0.0,"{""BLIS_NUM_THREADS"": ""1"", ""MKL_DYNAMIC"": ""FALSE"", ""MKL_NUM_THREADS"": ""1"", ""NUMBA_NUM_THREADS"": ""1"", ""NUMEXPR_NUM_THREADS"": ""1"", ""OMP_DYNAMIC"": ""FALSE"", ""OMP_NUM_THREADS"": ""1"", ""OPENBLAS_NUM_THREADS"": ""1"", ""PYTHONHASHSEED"": ""0"", ""VECLIB_MAXIMUM_THREADS"": ""1""}",tree_tree,0,2,0,0.10690725297899917,44,14,14,14,64,133,medium,medium,30,zipf,1,inverse_sqrt,14,reserved,fast_dense,"Exact-oracle companion to the large rare-anchor stress regime. The score-only partial beam should preserve the delayed rare anchors and remain above the 99% quality floor, while local beams may prune the relevant branch; at this smaller scale the specialized dense exact method is still expected to be fastest.",250,250,32,33,7,6,14047.7919921875,True,single_exact_result,1,0.0,0.0140477919921875,1.0,0.0,1.0,100.0,True,1.0,1.0,1.0,1.0,,,,,,,,,,,,,,,,,,,,,,
rare_anchor_size,size,rare_anchor_oracle,n3000,nodes_per_tree,3000.0,rare_anchor_size__n3000,3,beam_partial_score,generic,False,"{""beam_balance_penalty"": 0.0, ""beam_candidate_future_weight"": 0.0, ""beam_expansion_width"": 64, ""beam_gap_penalty"": 0.0, ""beam_lookahead"": false, ""beam_n_restarts"": 1, ""beam_priority_future_weight"": 0.0, ""beam_priority_length_weight"": 0.0, ""beam_random_fraction"": 0.0, ""beam_rarity_weight"": 0.0, ""beam_symmetric"": false, ""beam_width"": 200, ""candidate_select_mode"": ""first"", ""method"": ""beam"", ""seed"": 0}",equality,3000,3000,9000000,2075753,14000.0,14000.0,ok,,14000.0,1.835986040532589e-06,8.581002475693822e-06,0.29943282701424323,0.2988839430036023,0.30015463498421013,0.29949046833401854,0.2991583850089228,0.2997937309992267,0.0006373040237628583,0.0005488840106409043,3.0,"[0.29943282701424323, 0.2988839430036023, 0.30015463498421013]",0.29943466300028376,3.0,1.0,14.0,1.0,1.0,1.0,1.0,beam_partial,3000.0,3000.0,0.0,0.0051162500167265534,0.2904118503793143,0.012304094620049,2.8139911592006683e-06,0.3082655780017376,159295.0,19940.0,19940.0,,19940.0,14276.0,3137.0,200.0,20.0,1.0,1.0,14000.0,14.0,True,beam_fit,3000.0,3000.0,7.608003215864301e-06,0.0,0.0,0.0,0.0,7.608003215864301e-06,0.0,,,,,,,,,1.0,1.0,,,2.24300310947001e-06,0.30245427499176003,0.3024565179948695,14000.0,14000.0,0.0,isolated,1,True,1200.0,2.054850788001204,1.8101525809906889,0.24469820701051503,154066944.0,146.9296875,resource.ru_maxrss_kib_converted_to_bytes,0.0,"{""BLIS_NUM_THREADS"": ""1"", ""MKL_DYNAMIC"": ""FALSE"", ""MKL_NUM_THREADS"": ""1"", ""NUMBA_NUM_THREADS"": ""1"", ""NUMEXPR_NUM_THREADS"": ""1"", ""OMP_DYNAMIC"": ""FALSE"", ""OMP_NUM_THREADS"": ""1"", ""OPENBLAS_NUM_THREADS"": ""1"", ""PYTHONHASHSEED"": ""0"", ""VECLIB_MAXIMUM_THREADS"": ""1""}",tree_tree,2,0,1,0.10822966802516021,44,14,14,14,217,160,medium,medium,30,zipf,1,inverse_sqrt,14,reserved,fast_dense,"Exact-oracle companion to the large rare-anchor stress regime. The score-only partial beam should preserve the delayed rare anchors and remain above the 99% quality floor, while local beams may prune the relevant branch; at this smaller scale the specialized dense exact method is still expected to be fastest.",250,250,37,34,8,6,14122.962890625,True,single_exact_result,1,0.0,0.014122962890625,0.9912934069446133,122.962890625,0.9912934069446133,99.12934069446133,True,0.17556348625098941,0.18604519413481943,0.2982969504412796,0.31329198612954395,,,,,,,,,,,,,,,,,,1936.0,0.0,[14000.0],0.0,"{""beam_width"": 200, ""expansion_width"": 64, ""label_pair_preprocessing_score_evaluations"": 1936, ""lookahead_enabled"": false, ""maximum_matching_length"": 251, ""positive_label_pair_types"": 44, ""state_pool_size"": 19941}"
rare_anchor_size,size,rare_anchor_oracle,n3000,nodes_per_tree,3000.0,rare_anchor_size__n3000,3,fast_dense,fast_dense,True,{},equality,3000,3000,9000000,2075753,14000.0,14122.962890625,ok,,14122.963753659422,0.0031389089999720454,0.003070161008508876,0.05256947100860998,0.05231854601879604,0.0534792990074493,0.05278910534495177,0.05244400851370301,0.05302438500802964,0.0006107506090394772,0.00025092498981393874,3.0,"[0.05231854601879604, 0.05256947100860998, 0.0534792990074493]",0.055708380008582026,3.0,1.0,97.0,1.0,0.14432989690721648,1.0,1.0,fast_dense_equality,3000.0,3000.0,0.0,2.2362975869327784e-05,0.0,0.05431461601983756,0.00013236398808658123,0.05547810101415962,9000000.0,,,9000000.0,,,,,,1.0,1.0,14122.962890625,97.0,,fast_dense_fit,3000.0,3000.0,0.003068794001592323,0.0,0.0,0.0,0.0,0.003068794001592323,0.0,,,,,,,,,1.0,1.0,,,0.003111425001407042,0.15996617102064192,0.16307759602204897,14122.962890625,14122.963753659422,0.0,isolated,1,True,1200.0,0.7223233089898713,0.43682529899524525,0.28549800999462605,244998144.0,233.6484375,resource.ru_maxrss_kib_converted_to_bytes,0.0,"{""BLIS_NUM_THREADS"": ""1"", ""MKL_DYNAMIC"": ""FALSE"", ""MKL_NUM_THREADS"": ""1"", ""NUMBA_NUM_THREADS"": ""1"", ""NUMEXPR_NUM_THREADS"": ""1"", ""OMP_DYNAMIC"": ""FALSE"", ""OMP_NUM_THREADS"": ""1"", ""OPENBLAS_NUM_THREADS"": ""1"", ""PYTHONHASHSEED"": ""0"", ""VECLIB_MAXIMUM_THREADS"": ""1""}",tree_tree,0,1,1,0.10822966802516021,44,14,14,14,217,160,medium,medium,30,zipf,1,inverse_sqrt,14,reserved,fast_dense,"Exact-oracle companion to the large rare-anchor stress regime. The score-only partial beam should preserve the delayed rare anchors and remain above the 99% quality floor, while local beams may prune the relevant branch; at this smaller scale the specialized dense exact method is still expected to be fastest.",250,250,37,34,8,6,14122.962890625,True,single_exact_result,1,0.0,0.014122962890625,1.0,0.0,1.0,100.0,True,1.0,1.0,1.0,1.0,,,,,,,,,,,,,,,,,,,,,,
rare_anchor_size,size,rare_anchor_oracle,n3000,nodes_per_tree,3000.0,rare_anchor_size__n3000,3,beam_local,generic,False,"{""beam_local_child_cap"": null, ""beam_width"": 200, ""method"": ""beam_local""}",equality,3000,3000,9000000,2075753,14000.0,4071.9788681222312,ok,,4071.9788681222326,1.4399993233382702e-06,7.842987542971969e-06,0.10704765599803068,0.10680211300496012,0.10712855399469845,0.10699277433256309,0.1069248845014954,0.10708810499636456,0.00016999978779018497,8.089799666777253e-05,3.0,"[0.10680211300496012, 0.10712855399469845, 0.10704765599803068]",0.10704909599735402,3.0,1.0,41.0,0.2857142857142857,0.0975609756097561,0.2857142857142857,0.2857142857142857,beam_local,3000.0,3000.0,0.0,0.0008961900020949543,0.09400644435663708,0.02133179866359569,1.7360987840220332e-05,0.11704008400556631,47543.0,47543.0,11068.0,,151383.0,62762.0,56338.0,200.0,315.0,1.0,1.0,4071.9788681222312,41.0,True,beam_local_fit,3000.0,3000.0,6.810994818806648e-06,0.0,0.0,0.0,0.0,6.810994818806648e-06,0.0,,,,,,,,,1.0,1.0,,,2.4850014597177505e-06,0.10801584500586614,0.10801833000732586,4071.9788681222312,4071.9788681222326,0.0,isolated,1,True,1200.0,0.901667580998037,0.6539386319927871,0.2477289490052499,154066944.0,146.9296875,resource.ru_maxrss_kib_converted_to_bytes,0.0,"{""BLIS_NUM_THREADS"": ""1"", ""MKL_DYNAMIC"": ""FALSE"", ""MKL_NUM_THREADS"": ""1"", ""NUMBA_NUM_THREADS"": ""1"", ""NUMEXPR_NUM_THREADS"": ""1"", ""OMP_DYNAMIC"": ""FALSE"", ""OMP_NUM_THREADS"": ""1"", ""OPENBLAS_NUM_THREADS"": ""1"", ""PYTHONHASHSEED"": ""0"", ""VECLIB_MAXIMUM_THREADS"": ""1""}",tree_tree,1,2,1,0.10822966802516021,44,14,14,14,217,160,medium,medium,30,zipf,1,inverse_sqrt,14,reserved,fast_dense,"Exact-oracle companion to the large rare-anchor stress regime. The score-only partial beam should preserve the delayed rare anchors and remain above the 99% quality floor, while local beams may prune the relevant branch; at this smaller scale the specialized dense exact method is still expected to be fastest.",250,250,37,34,8,6,14122.962890625,True,single_exact_result,1,0.0,0.014122962890625,0.2883232717990969,10050.98402250277,0.2883232717990969,28.83232717990969,True,0.4910847464943752,0.5204002844634857,0.36333000820264777,0.3710625503604736,200.0,,502.0,56339.0,,,,,,,,,,,,,,,,,,
partial_beam_width_rare_anchor,algorithm,rare_anchor_oracle,algorithm_grid,beam_width,25.0,partial_beam_width_rare_anchor,0,partial_B25,generic,False,"{""beam_balance_penalty"": 0.0, ""beam_candidate_future_weight"": 0.0, ""beam_expansion_width"": 64, ""beam_gap_penalty"": 0.0, ""beam_lookahead"": false, ""beam_n_restarts"": 1, ""beam_priority_future_weight"": 0.0, ""beam_priority_length_weight"": 0.0, ""beam_random_fraction"": 0.0, ""beam_rarity_weight"": 0.0, ""beam_symmetric"": false, ""beam_width"": 25, ""candidate_select_mode"": ""first"", ""method"": ""beam"", ""seed"": 0}",equality,2000,2000,4000000,928904,14000.0,14000.0,ok,,14000.0,1.9840081222355366e-06,7.77098466642201e-06,0.17803537799045444,0.17782932400587015,0.17821117502171546,0.1780252923393467,0.1779323509981623,0.17812327650608495,0.0001911251941639955,0.00017579703126102686,3.0,"[0.17803537799045444, 0.17821117502171546, 0.17782932400587015]",0.17803736199857667,3.0,1.0,14.0,1.0,1.0,1.0,1.0,beam_partial,2000.0,2000.0,0.0,0.003581719007343054,0.17705279984511435,0.004173743160208687,2.474000211805105e-06,0.1850341399840545,105496.0,8103.0,8103.0,,8103.0,4756.0,449.0,25.0,20.0,1.0,1.0,14000.0,14.0,True,beam_fit,2000.0,2000.0,6.752990884706378e-06,0.0,0.0,0.0,0.0,6.752990884706378e-06,0.0,,,,,,,,,1.0,1.0,,,2.3669854272156954e-06,0.18074599202373065,0.18074835900915787,14000.0,14000.0,0.0,isolated,1,True,1200.0,1.3276920120115392,1.080078158993274,0.24761385301826522,154066944.0,146.9296875,resource.ru_maxrss_kib_converted_to_bytes,0.0,"{""BLIS_NUM_THREADS"": ""1"", ""MKL_DYNAMIC"": ""FALSE"", ""MKL_NUM_THREADS"": ""1"", ""NUMBA_NUM_THREADS"": ""1"", ""NUMEXPR_NUM_THREADS"": ""1"", ""OMP_DYNAMIC"": ""FALSE"", ""OMP_NUM_THREADS"": ""1"", ""OPENBLAS_NUM_THREADS"": ""1"", ""PYTHONHASHSEED"": ""0"", ""VECLIB_MAXIMUM_THREADS"": ""1""}",tree_tree,1,0,0,0.06823188898852095,44,14,14,14,153,174,medium,medium,30,zipf,1,inverse_sqrt,14,reserved,fast_dense,"Exact-oracle companion to the large rare-anchor stress regime. The score-only partial beam should preserve the delayed rare anchors and remain above the 99% quality floor, while local beams may prune the relevant branch; at this smaller scale the specialized dense exact method is still expected to be fastest.",200,200,24,32,5,7,14110.021484375,True,single_exact_result,1,0.0,0.014110021484374999,0.9922025997978221,110.021484375,0.9922025997978221,99.22025997978221,True,0.10326570034567407,0.11488759868909972,0.18706245783561112,0.20593041878547566,,,,,,,,,,,,,,,,,,1936.0,0.0,[14000.0],0.0,"{""beam_width"": 25, ""expansion_width"": 64, ""label_pair_preprocessing_score_evaluations"": 1936, ""lookahead_enabled"": false, ""maximum_matching_length"": 201, ""positive_label_pair_types"": 44, ""state_pool_size"": 8104}"
partial_beam_width_rare_anchor,algorithm,rare_anchor_oracle,algorithm_grid,beam_width,100.0,partial_beam_width_rare_anchor,0,partial_B100,generic,False,"{""beam_balance_penalty"": 0.0, ""beam_candidate_future_weight"": 0.0, ""beam_expansion_width"": 64, ""beam_gap_penalty"": 0.0, ""beam_lookahead"": false, ""beam_n_restarts"": 1, ""beam_priority_future_weight"": 0.0, ""beam_priority_length_weight"": 0.0, ""beam_random_fraction"": 0.0, ""beam_rarity_weight"": 0.0, ""beam_symmetric"": false, ""beam_width"": 100, ""candidate_select_mode"": ""first"", ""method"": ""beam"", ""seed"": 0}",equality,2000,2000,4000000,928904,14000.0,14001.681792830508,ok,,14001.681792830508,2.0849984139204025e-06,8.848990546539426e-06,0.22162933298386633,0.22067913299542852,0.22205896902596578,0.2214558116684202,0.22115423298964743,0.22184415100491606,0.0007060942592726711,0.00042963604209944606,3.0,"[0.22205896902596578, 0.22067913299542852, 0.22162933298386633]",0.22163141798228025,3.0,1.0,15.0,1.0,0.9333333333333333,1.0,1.0,beam_partial,2000.0,2000.0,0.0,0.0036990859953220934,0.21318520582281053,0.00979135517263785,3.1180097721517086e-06,0.2269898279919289,121234.0,16891.0,16891.0,,16891.0,11795.0,1755.0,100.0,21.0,1.0,1.0,14001.681792830508,15.0,True,beam_fit,2000.0,2000.0,7.72500061430037e-06,0.0,0.0,0.0,0.0,7.72500061430037e-06,0.0,,,,,,,,,1.0,1.0,,,2.1609885152429342e-06,0.22210685297613963,0.22210901396465488,14001.681792830508,14001.681792830508,0.0,isolated,1,True,1200.0,1.5859131230099592,1.336125097994227,0.24978802501573227,154066944.0,146.9296875,resource.ru_maxrss_kib_converted_to_bytes,0.0,"{""BLIS_NUM_THREADS"": ""1"", ""MKL_DYNAMIC"": ""FALSE"", ""MKL_NUM_THREADS"": ""1"", ""NUMBA_NUM_THREADS"": ""1"", ""NUMEXPR_NUM_THREADS"": ""1"", ""OMP_DYNAMIC"": ""FALSE"", ""OMP_NUM_THREADS"": ""1"", ""OPENBLAS_NUM_THREADS"": ""1"", ""PYTHONHASHSEED"": ""0"", ""VECLIB_MAXIMUM_THREADS"": ""1""}",tree_tree,3,1,0,0.06823188898852095,44,14,14,14,153,174,medium,medium,30,zipf,1,inverse_sqrt,14,reserved,fast_dense,"Exact-oracle companion to the large rare-anchor stress regime. The score-only partial beam should preserve the delayed rare anchors and remain above the 99% quality floor, while local beams may prune the relevant branch; at this smaller scale the specialized dense exact method is still expected to be fastest.",200,200,24,32,5,7,14110.021484375,True,single_exact_result,1,0.0,0.014110021484374999,0.99232179117059,108.33969154449187,0.99232179117059,99.232179117059,True,0.08295358627384143,0.0922896454986982,0.15310803733071884,0.16887342919599177,,,,,,,,,,,,,,,,,,1936.0,0.0,[14001.681792830508],0.0,"{""beam_width"": 100, ""expansion_width"": 64, ""label_pair_preprocessing_score_evaluations"": 1936, ""lookahead_enabled"": false, ""maximum_matching_length"": 201, ""positive_label_pair_types"": 44, ""state_pool_size"": 16892}"
partial_beam_width_rare_anchor,algorithm,rare_anchor_oracle,algorithm_grid,beam_width,200.0,partial_beam_width_rare_anchor,0,partial_B200,generic,False,"{""beam_balance_penalty"": 0.0, ""beam_candidate_future_weight"": 0.0, ""beam_expansion_width"": 64, ""beam_gap_penalty"": 0.0, ""beam_lookahead"": false, ""beam_n_restarts"": 1, ""beam_priority_future_weight"": 0.0, ""beam_priority_length_weight"": 0.0, ""beam_random_fraction"": 0.0, ""beam_rarity_weight"": 0.0, ""beam_symmetric"": false, ""beam_width"": 200, ""candidate_select_mode"": ""first"", ""method"": ""beam"", ""seed"": 0}",equality,2000,2000,4000000,928904,14000.0,14003.363585661016,ok,,14003.363585661014,1.5189871191978455e-06,9.891984518617392e-06,0.29202160899876617,0.29148507001809776,0.29225823300657794,0.2919216373411473,0.29175333950843196,0.29213992100267205,0.00039615779802270825,0.00023662400781176984,3.0,"[0.29148507001809776, 0.29225823300657794, 0.29202160899876617]",0.29202312798588537,3.0,1.0,16.0,1.0,0.875,1.0,1.0,beam_partial,2000.0,2000.0,0.0,0.004287722025765106,0.27793008682783693,0.019035939185414463,3.135006409138441e-06,0.30166777098202147,146193.0,32272.0,32272.0,,32272.0,22257.0,3463.0,200.0,22.0,1.0,1.0,14003.363585661016,16.0,True,beam_fit,2000.0,2000.0,8.842995157465339e-06,0.0,0.0,0.0,0.0,8.842995157465339e-06,0.0,,,,,,,,,1.0,1.0,,,2.273998688906431e-06,0.2930831340199802,0.2930854080186691,14003.363585661016,14003.363585661014,0.0,isolated,1,True,1200.0,2.0122146350040566,1.762084051995771,0.2501305830082856,154066944.0,146.9296875,resource.ru_maxrss_kib_converted_to_bytes,0.0,"{""BLIS_NUM_THREADS"": ""1"", ""MKL_DYNAMIC"": ""FALSE"", ""MKL_NUM_THREADS"": ""1"", ""NUMBA_NUM_THREADS"": ""1"", ""NUMEXPR_NUM_THREADS"": ""1"", ""OMP_DYNAMIC"": ""FALSE"", ""OMP_NUM_THREADS"": ""1"", ""OPENBLAS_NUM_THREADS"": ""1"", ""PYTHONHASHSEED"": ""0"", ""VECLIB_MAXIMUM_THREADS"": ""1""}",tree_tree,4,2,0,0.06823188898852095,44,14,14,14,153,174,medium,medium,30,zipf,1,inverse_sqrt,14,reserved,fast_dense,"Exact-oracle companion to the large rare-anchor stress regime. The score-only partial beam should preserve the delayed rare anchors and remain above the 99% quality floor, while local beams may prune the relevant branch; at this smaller scale the specialized dense exact method is still expected to be fastest.",200,200,24,32,5,7,14110.021484375,True,single_exact_result,1,0.0,0.014110021484374999,0.992440982543358,106.65789871398374,0.992440982543358,99.2440982543358,True,0.06295749159634541,0.07004337340687306,0.1184037997956619,0.13085164771654217,,,,,,,,,,,,,,,,,,1936.0,0.0,[14003.363585661016],0.0,"{""beam_width"": 200, ""expansion_width"": 64, ""label_pair_preprocessing_score_evaluations"": 1936, ""lookahead_enabled"": false, ""maximum_matching_length"": 201, ""positive_label_pair_types"": 44, ""state_pool_size"": 32273}"
partial_beam_width_rare_anchor,algorithm,rare_anchor_oracle,algorithm_grid,beam_width,800.0,partial_beam_width_rare_anchor,0,partial_B800,generic,False,"{""beam_balance_penalty"": 0.0, ""beam_candidate_future_weight"": 0.0, ""beam_expansion_width"": 64, ""beam_gap_penalty"": 0.0, ""beam_lookahead"": false, ""beam_n_restarts"": 1, ""beam_priority_future_weight"": 0.0, ""beam_priority_length_weight"": 0.0, ""beam_random_fraction"": 0.0, ""beam_rarity_weight"": 0.0, ""beam_symmetric"": false, ""beam_width"": 800, ""candidate_select_mode"": ""first"", ""method"": ""beam"", ""seed"": 0}",equality,2000,2000,4000000,928904,14000.0,14003.363585661016,ok,,14003.363585661014,1.5449768397957087e-06,9.44398925639689e-06,0.5656332399812527,0.5535653060069308,0.5664707039832138,0.5618897499904657,0.5595992729940917,0.5660519719822332,0.007221330363229745,0.0008374640019610524,3.0,"[0.5656332399812527, 0.5535653060069308, 0.5664707039832138]",0.5656347849580925,3.0,1.0,16.0,1.0,0.875,1.0,1.0,beam_partial,2000.0,2000.0,0.0,0.0037358879926614463,0.5165949004294816,0.049931848567212,5.976995453238487e-06,0.5715906690165866,213905.0,86795.0,86795.0,,86795.0,45026.0,13976.0,800.0,24.0,1.0,1.0,14003.363585661016,16.0,True,beam_fit,2000.0,2000.0,8.46901093609631e-06,0.0,0.0,0.0,0.0,8.46901093609631e-06,0.0,,,,,,,,,1.0,1.0,,,2.1910236682742834e-06,0.5602807510003913,0.5602829420240596,14003.363585661016,14003.363585661014,0.0,isolated,1,True,1200.0,3.6230270829983056,3.3708541709929705,0.2521729120053351,154066944.0,146.9296875,resource.ru_maxrss_kib_converted_to_bytes,0.0,"{""BLIS_NUM_THREADS"": ""1"", ""MKL_DYNAMIC"": ""FALSE"", ""MKL_NUM_THREADS"": ""1"", ""NUMBA_NUM_THREADS"": ""1"", ""NUMEXPR_NUM_THREADS"": ""1"", ""OMP_DYNAMIC"": ""FALSE"", ""OMP_NUM_THREADS"": ""1"", ""OPENBLAS_NUM_THREADS"": ""1"", ""PYTHONHASHSEED"": ""0"", ""VECLIB_MAXIMUM_THREADS"": ""1""}",tree_tree,6,3,0,0.06823188898852095,44,14,14,14,153,174,medium,medium,30,zipf,1,inverse_sqrt,14,reserved,fast_dense,"Exact-oracle companion to the large rare-anchor stress regime. The score-only partial beam should preserve the delayed rare anchors and remain above the 99% quality floor, while local beams may prune the relevant branch; at this smaller scale the specialized dense exact method is still expected to be fastest.",200,200,24,32,5,7,14110.021484375,True,single_exact_result,1,0.0,0.014110021484374999,0.992440982543358,106.65789871398374,0.992440982543358,99.2440982543358,True,0.03250330195428478,0.03616164624400512,0.06294509743663636,0.06978068833266564,,,,,,,,,,,,,,,,,,1936.0,0.0,[14003.363585661016],0.0,"{""beam_width"": 800, ""expansion_width"": 64, ""label_pair_preprocessing_score_evaluations"": 1936, ""lookahead_enabled"": false, ""maximum_matching_length"": 201, ""positive_label_pair_types"": 44, ""state_pool_size"": 86796}"
partial_beam_width_rare_anchor,algorithm,rare_anchor_oracle,algorithm_grid,beam_width,,partial_beam_width_rare_anchor,0,fast_dense,fast_dense,True,{},equality,2000,2000,4000000,928904,14000.0,14110.021484375,ok,,14110.023986915778,0.002069337002467364,0.002154713001800701,0.018384947994491085,0.01831539100385271,0.01844444399466738,0.018381594331003726,0.018350169499171898,0.018414695994579233,6.459182536236858e-05,5.949600017629564e-05,3.0,"[0.01844444399466738, 0.018384947994491085, 0.01831539100385271]",0.02045428499695845,3.0,1.0,73.0,1.0,0.1917808219178082,1.0,1.0,fast_dense_equality,2000.0,2000.0,0.0,1.8304010154679418e-05,0.0,0.02453819999936968,8.963100844994187e-05,0.024665962002472952,4000000.0,,,4000000.0,,,,,,1.0,1.0,14110.021484375,73.0,,fast_dense_fit,2000.0,2000.0,0.002153361012460664,0.0,0.0,0.0,0.0,0.002153361012460664,0.0,,,,,,,,,1.0,1.0,,,0.0021763139811810106,0.1283936760155484,0.13056998999672942,14110.021484375,14110.023986915778,0.0,isolated,1,True,1200.0,0.5204277119773906,0.23345392898772843,0.28697378298966214,219938816.0,209.75,resource.ru_maxrss_kib_converted_to_bytes,0.0,"{""BLIS_NUM_THREADS"": ""1"", ""MKL_DYNAMIC"": ""FALSE"", ""MKL_NUM_THREADS"": ""1"", ""NUMBA_NUM_THREADS"": ""1"", ""NUMEXPR_NUM_THREADS"": ""1"", ""OMP_DYNAMIC"": ""FALSE"", ""OMP_NUM_THREADS"": ""1"", ""OPENBLAS_NUM_THREADS"": ""1"", ""PYTHONHASHSEED"": ""0"", ""VECLIB_MAXIMUM_THREADS"": ""1""}",tree_tree,0,4,0,0.06823188898852095,44,14,14,14,153,174,medium,medium,30,zipf,1,inverse_sqrt,14,reserved,fast_dense,"Exact-oracle companion to the large rare-anchor stress regime. The score-only partial beam should preserve the delayed rare anchors and remain above the 99% quality floor, while local beams may prune the relevant branch; at this smaller scale the specialized dense exact method is still expected to be fastest.",200,200,24,32,5,7,14110.021484375,True,single_exact_result,1,0.0,0.014110021484374999,1.0,0.0,1.0,100.0,True,1.0,1.0,1.0,1.0,,,,,,,,,,,,,,,,,,,,,,
partial_beam_width_rare_anchor,algorithm,rare_anchor_oracle,algorithm_grid,beam_width,50.0,partial_beam_width_rare_anchor,0,partial_B50,generic,False,"{""beam_balance_penalty"": 0.0, ""beam_candidate_future_weight"": 0.0, ""beam_expansion_width"": 64, ""beam_gap_penalty"": 0.0, ""beam_lookahead"": false, ""beam_n_restarts"": 1, ""beam_priority_future_weight"": 0.0, ""beam_priority_length_weight"": 0.0, ""beam_random_fraction"": 0.0, ""beam_rarity_weight"": 0.0, ""beam_symmetric"": false, ""beam_width"": 50, ""candidate_select_mode"": ""first"", ""method"": ""beam"", ""seed"": 0}",equality,2000,2000,4000000,928904,14000.0,14001.681792830508,ok,,14001.681792830508,1.941982191056013e-06,8.639006409794092e-06,0.18683684599818662,0.18656912998994812,0.18712507499731146,0.1868436836618154,0.18670298799406737,0.18698096049774904,0.0002780355697316078,0.0002677160082384944,3.0,"[0.18656912998994812, 0.18683684599818662, 0.18712507499731146]",0.18683878798037767,3.0,1.0,15.0,1.0,0.9333333333333333,1.0,1.0,beam_partial,2000.0,2000.0,0.0,0.0036031990021001548,0.1839797116117552,0.0058246253756806254,2.4199835024774075e-06,0.19367625899030827,109406.0,10551.0,10551.0,,10551.0,6634.0,881.0,50.0,20.0,1.0,1.0,14001.681792830508,15.0,True,beam_fit,2000.0,2000.0,7.552996976301074e-06,0.0,0.0,0.0,0.0,7.552996976301074e-06,0.0,,,,,,,,,1.0,1.0,,,2.2929743863642216e-06,0.18870406702626497,0.18870636000065133,14001.681792830508,14001.681792830508,0.0,isolated,1,True,1200.0,1.3749328480043914,1.1311584590002894,0.24377438900410198,154066944.0,146.9296875,resource.ru_maxrss_kib_converted_to_bytes,0.0,"{""BLIS_NUM_THREADS"": ""1"", ""MKL_DYNAMIC"": ""FALSE"", ""MKL_NUM_THREADS"": ""1"", ""NUMBA_NUM_THREADS"": ""1"", ""NUMEXPR_NUM_THREADS"": ""1"", ""OMP_DYNAMIC"": ""FALSE"", ""OMP_NUM_THREADS"": ""1"", ""OPENBLAS_NUM_THREADS"": ""1"", ""PYTHONHASHSEED"": ""0"", ""VECLIB_MAXIMUM_THREADS"": ""1""}",tree_tree,2,5,0,0.06823188898852095,44,14,14,14,153,174,medium,medium,30,zipf,1,inverse_sqrt,14,reserved,fast_dense,"Exact-oracle companion to the large rare-anchor stress regime. The score-only partial beam should preserve the delayed rare anchors and remain above the 99% quality floor, while local beams may prune the relevant branch; at this smaller scale the specialized dense exact method is still expected to be fastest.",200,200,24,32,5,7,14110.021484375,True,single_exact_result,1,0.0,0.014110021484374999,0.99232179117059,108.33969154449187,0.99232179117059,99.232179117059,True,0.09840108302122336,0.10947558169295454,0.17904738456887714,0.1971959781182908,,,,,,,,,,,,,,,,,,1936.0,0.0,[14001.681792830508],0.0,"{""beam_width"": 50, ""expansion_width"": 64, ""label_pair_preprocessing_score_evaluations"": 1936, ""lookahead_enabled"": false, ""maximum_matching_length"": 201, ""positive_label_pair_types"": 44, ""state_pool_size"": 10552}"
partial_beam_width_rare_anchor,algorithm,rare_anchor_oracle,algorithm_grid,beam_width,400.0,partial_beam_width_rare_anchor,0,partial_B400,generic,False,"{""beam_balance_penalty"": 0.0, ""beam_candidate_future_weight"": 0.0, ""beam_expansion_width"": 64, ""beam_gap_penalty"": 0.0, ""beam_lookahead"": false, ""beam_n_restarts"": 1, ""beam_priority_future_weight"": 0.0, ""beam_priority_length_weight"": 0.0, ""beam_random_fraction"": 0.0, ""beam_rarity_weight"": 0.0, ""beam_symmetric"": false, ""beam_width"": 400, ""candidate_select_mode"": ""first"", ""method"": ""beam"", ""seed"": 0}",equality,2000,2000,4000000,928904,14000.0,14003.363585661016,ok,,14003.363585661014,1.8939899746328592e-06,9.99000621959567e-06,0.3966177550028078,0.3956400149909314,0.3966644160100259,0.39630739533458836,0.3961288849968696,0.39664108550641686,0.0005784390242051789,4.666100721806288e-05,3.0,"[0.3966177550028078, 0.3956400149909314, 0.3966644160100259]",0.39661964899278246,3.0,1.0,16.0,1.0,0.875,1.0,1.0,beam_partial,2000.0,2000.0,0.0,0.004249218007316813,0.3746135600085836,0.03232241401565261,4.2339961510151625e-06,0.41189508300158195,176758.0,54858.0,54858.0,,54858.0,33331.0,6889.0,400.0,23.0,1.0,1.0,14003.363585661016,16.0,True,beam_fit,2000.0,2000.0,8.912000339478254e-06,0.0,0.0,0.0,0.0,8.912000339478254e-06,0.0,,,,,,,,,1.0,1.0,,,2.474989742040634e-06,0.3983482970215846,0.3983507720113266,14003.363585661016,14003.363585661014,0.0,isolated,1,True,1200.0,2.6442121769941878,2.397819559002528,0.2463926179916598,154066944.0,146.9296875,resource.ru_maxrss_kib_converted_to_bytes,0.0,"{""BLIS_NUM_THREADS"": ""1"", ""MKL_DYNAMIC"": ""FALSE"", ""MKL_NUM_THREADS"": ""1"", ""NUMBA_NUM_THREADS"": ""1"", ""NUMEXPR_NUM_THREADS"": ""1"", ""OMP_DYNAMIC"": ""FALSE"", ""OMP_NUM_THREADS"": ""1"", ""OPENBLAS_NUM_THREADS"": ""1"", ""PYTHONHASHSEED"": ""0"", ""VECLIB_MAXIMUM_THREADS"": ""1""}",tree_tree,5,6,0,0.06823188898852095,44,14,14,14,153,174,medium,medium,30,zipf,1,inverse_sqrt,14,reserved,fast_dense,"Exact-oracle companion to the large rare-anchor stress regime. The score-only partial beam should preserve the delayed rare anchors and remain above the 99% quality floor, while local beams may prune the relevant branch; at this smaller scale the specialized dense exact method is still expected to be fastest.",200,200,24,32,5,7,14110.021484375,True,single_exact_result,1,0.0,0.014110021484374999,0.992440982543358,106.65789871398374,0.992440982543358,99.2440982543358,True,0.04635432418894341,0.05157153723700328,0.08857169597333116,0.09804807148774515,,,,,,,,,,,,,,,,,,1936.0,0.0,[14003.363585661016],0.0,"{""beam_width"": 400, ""expansion_width"": 64, ""label_pair_preprocessing_score_evaluations"": 1936, ""lookahead_enabled"": false, ""maximum_matching_length"": 201, ""positive_label_pair_types"": 44, ""state_pool_size"": 54859}"
partial_beam_width_rare_anchor,algorithm,rare_anchor_oracle,algorithm_grid,beam_width,100.0,partial_beam_width_rare_anchor,1,partial_B100,generic,False,"{""beam_balance_penalty"": 0.0, ""beam_candidate_future_weight"": 0.0, ""beam_expansion_width"": 64, ""beam_gap_penalty"": 0.0, ""beam_lookahead"": false, ""beam_n_restarts"": 1, ""beam_priority_future_weight"": 0.0, ""beam_priority_length_weight"": 0.0, ""beam_random_fraction"": 0.0, ""beam_rarity_weight"": 0.0, ""beam_symmetric"": false, ""beam_width"": 100, ""candidate_select_mode"": ""first"", ""method"": ""beam"", ""seed"": 0}",equality,2000,2000,4000000,923715,14000.0,14006.0,ok,,14006.0,2.055981894955039e-06,8.603994501754642e-06,0.20129299198742956,0.20096257998375222,0.2015013330092188,0.20125230166013353,0.2011277859855909,0.20139716249832418,0.0002716716449391454,0.00020834102178923786,3.0,"[0.20129299198742956, 0.2015013330092188, 0.20096257998375222]",0.20129504796932451,3.0,1.0,20.0,1.0,0.7,1.0,1.0,beam_partial,2000.0,2000.0,0.0,0.0036189989768899977,0.19411471468629315,0.00913824830786325,3.7870195228606462e-06,0.20719609898515046,108718.0,16708.0,16708.0,,16708.0,10833.0,1641.0,100.0,21.0,1.0,1.0,14006.0,20.0,True,beam_fit,2000.0,2000.0,7.280992576852441e-06,0.0,0.0,0.0,0.0,7.280992576852441e-06,0.0,,,,,,,,,1.0,1.0,,,1.9129947759211063e-06,0.20326676801778376,0.20326868101255968,14006.0,14006.0,0.0,isolated,1,True,1200.0,1.465883274009684,1.2162439429957885,0.24963933101389557,154066944.0,146.9296875,resource.ru_maxrss_kib_converted_to_bytes,0.0,"{""BLIS_NUM_THREADS"": ""1"", ""MKL_DYNAMIC"": ""FALSE"", ""MKL_NUM_THREADS"": ""1"", ""NUMBA_NUM_THREADS"": ""1"", ""NUMEXPR_NUM_THREADS"": ""1"", ""OMP_DYNAMIC"": ""FALSE"", ""OMP_NUM_THREADS"": ""1"", ""OPENBLAS_NUM_THREADS"": ""1"", ""PYTHONHASHSEED"": ""0"", ""VECLIB_MAXIMUM_THREADS"": ""1""}",tree_tree,3,0,0,0.07249389399657957,44,14,14,14,200,139,medium,medium,30,zipf,1,inverse_sqrt,14,reserved,fast_dense,"Exact-oracle companion to the large rare-anchor stress regime. The score-only partial beam should preserve the delayed rare anchors and remain above the 99% quality floor, while local beams may prune the relevant branch; at this smaller scale the specialized dense exact method is still expected to be fastest.",200,200,27,31,7,5,14115.630859375,True,single_exact_result,1,0.0,0.014115630859374999,0.9922333716100129,109.630859375,0.9922333716100129,99.2233371610013,True,0.07696320592840537,0.08720593065387128,0.14284643799379063,0.16032144543116983,,,,,,,,,,,,,,,,,,1936.0,0.0,[14006.0],0.0,"{""beam_width"": 100, ""expansion_width"": 64, ""label_pair_preprocessing_score_evaluations"": 1936, ""lookahead_enabled"": false, ""maximum_matching_length"": 201, ""positive_label_pair_types"": 44, ""state_pool_size"": 16709}"
partial_beam_width_rare_anchor,algorithm,rare_anchor_oracle,algorithm_grid,beam_width,200.0,partial_beam_width_rare_anchor,1,partial_B200,generic,False,"{""beam_balance_penalty"": 0.0, ""beam_candidate_future_weight"": 0.0, ""beam_expansion_width"": 64, ""beam_gap_penalty"": 0.0, ""beam_lookahead"": false, ""beam_n_restarts"": 1, ""beam_priority_future_weight"": 0.0, ""beam_priority_length_weight"": 0.0, ""beam_random_fraction"": 0.0, ""beam_rarity_weight"": 0.0, ""beam_symmetric"": false, ""beam_width"": 200, ""candidate_select_mode"": ""first"", ""method"": ""beam"", ""seed"": 0}",equality,2000,2000,4000000,923715,14000.0,14006.0,ok,,14006.0,1.9030121620744467e-06,1.0130985174328089e-05,0.2803997180017177,0.2800885729957372,0.28176645800704136,0.2807515830014988,0.28024414549872745,0.28108308800437953,0.0008925700316182414,0.00031114500598050654,3.0,"[0.28176645800704136, 0.2800885729957372, 0.2803997180017177]",0.2804016210138798,3.0,1.0,20.0,1.0,0.7,1.0,1.0,beam_partial,2000.0,2000.0,0.0,0.004352833988377824,0.269330843759235,0.019721028249477968,3.836001269519329e-06,0.2938442250015214,135299.0,35013.0,35013.0,,35013.0,20344.0,4042.0,200.0,24.0,1.0,1.0,14006.0,20.0,True,beam_fit,2000.0,2000.0,9.014009265229106e-06,0.0,0.0,0.0,0.0,9.014009265229106e-06,0.0,,,,,,,,,1.0,1.0,,,2.375018084421754e-06,0.28309415897820145,0.28309653399628587,14006.0,14006.0,0.0,isolated,1,True,1200.0,1.9467071559920441,1.7012304439849686,0.24547671200707555,154066944.0,146.9296875,resource.ru_maxrss_kib_converted_to_bytes,0.0,"{""BLIS_NUM_THREADS"": ""1"", ""MKL_DYNAMIC"": ""FALSE"", ""MKL_NUM_THREADS"": ""1"", ""NUMBA_NUM_THREADS"": ""1"", ""NUMEXPR_NUM_THREADS"": ""1"", ""OMP_DYNAMIC"": ""FALSE"", ""OMP_NUM_THREADS"": ""1"", ""OPENBLAS_NUM_THREADS"": ""1"", ""PYTHONHASHSEED"": ""0"", ""VECLIB_MAXIMUM_THREADS"": ""1""}",tree_tree,4,1,0,0.07249389399657957,44,14,14,14,200,139,medium,medium,30,zipf,1,inverse_sqrt,14,reserved,fast_dense,"Exact-oracle companion to the large rare-anchor stress regime. The score-only partial beam should preserve the delayed rare anchors and remain above the 99% quality floor, while local beams may prune the relevant branch; at this smaller scale the specialized dense exact method is still expected to be fastest.",200,200,27,31,7,5,14115.630859375,True,single_exact_result,1,0.0,0.014115630859374999,0.9922333716100129,109.630859375,0.9922333716100129,99.2233371610013,True,0.05525024812677769,0.06260349683681637,0.1046720711392084,0.11777608576088978,,,,,,,,,,,,,,,,,,1936.0,0.0,[14006.0],0.0,"{""beam_width"": 200, ""expansion_width"": 64, ""label_pair_preprocessing_score_evaluations"": 1936, ""lookahead_enabled"": false, ""maximum_matching_length"": 201, ""positive_label_pair_types"": 44, ""state_pool_size"": 35014}"
partial_beam_width_rare_anchor,algorithm,rare_anchor_oracle,algorithm_grid,beam_width,800.0,partial_beam_width_rare_anchor,1,partial_B800,generic,False,"{""beam_balance_penalty"": 0.0, ""beam_candidate_future_weight"": 0.0, ""beam_expansion_width"": 64, ""beam_gap_penalty"": 0.0, ""beam_lookahead"": false, ""beam_n_restarts"": 1, ""beam_priority_future_weight"": 0.0, ""beam_priority_length_weight"": 0.0, ""beam_random_fraction"": 0.0, ""beam_rarity_weight"": 0.0, ""beam_symmetric"": false, ""beam_width"": 800, ""candidate_select_mode"": ""first"", ""method"": ""beam"", ""seed"": 0}",equality,2000,2000,4000000,923715,14000.0,14006.0,ok,,14006.0,2.248998498544097e-06,8.756003808230162e-06,0.5954554049822036,0.5923899909830652,0.5956058470183052,0.5944837476611914,0.5939226979826344,0.5955306260002544,0.0018148060425166453,0.00015044203610159457,3.0,"[0.5954554049822036, 0.5956058470183052, 0.5923899909830652]",0.5954576539807022,3.0,1.0,20.0,1.0,0.7,1.0,1.0,beam_partial,2000.0,2000.0,0.0,0.00427450001006946,0.5511851522605866,0.054306876758346334,8.603994501754642e-06,0.6115779060055502,226772.0,107798.0,107798.0,,107798.0,39837.0,14799.0,800.0,26.0,1.0,1.0,14006.0,20.0,True,beam_fit,2000.0,2000.0,7.567985448986292e-06,0.0,0.0,0.0,0.0,7.567985448986292e-06,0.0,,,,,,,,,1.0,1.0,,,2.041022526100278e-06,0.5956730759935454,0.5956751170160715,14006.0,14006.0,0.0,isolated,1,True,1200.0,3.8378174180106726,3.5871978259820025,0.25061959202867,154066944.0,146.9296875,resource.ru_maxrss_kib_converted_to_bytes,0.0,"{""BLIS_NUM_THREADS"": ""1"", ""MKL_DYNAMIC"": ""FALSE"", ""MKL_NUM_THREADS"": ""1"", ""NUMBA_NUM_THREADS"": ""1"", ""NUMEXPR_NUM_THREADS"": ""1"", ""OMP_DYNAMIC"": ""FALSE"", ""OMP_NUM_THREADS"": ""1"", ""OPENBLAS_NUM_THREADS"": ""1"", ""PYTHONHASHSEED"": ""0"", ""VECLIB_MAXIMUM_THREADS"": ""1""}",tree_tree,6,2,0,0.07249389399657957,44,14,14,14,200,139,medium,medium,30,zipf,1,inverse_sqrt,14,reserved,fast_dense,"Exact-oracle companion to the large rare-anchor stress regime. The score-only partial beam should preserve the delayed rare anchors and remain above the 99% quality floor, while local beams may prune the relevant branch; at this smaller scale the specialized dense exact method is still expected to be fastest.",200,200,27,31,7,5,14115.630859375,True,single_exact_result,1,0.0,0.014115630859374999,0.9922333716100129,109.630859375,0.9922333716100129,99.2233371610013,True,0.026017320297456042,0.029480050977310143,0.05070510365309593,0.05725889418654768,,,,,,,,,,,,,,,,,,1936.0,0.0,[14006.0],0.0,"{""beam_width"": 800, ""expansion_width"": 64, ""label_pair_preprocessing_score_evaluations"": 1936, ""lookahead_enabled"": false, ""maximum_matching_length"": 201, ""positive_label_pair_types"": 44, ""state_pool_size"": 107799}"
partial_beam_width_rare_anchor,algorithm,rare_anchor_oracle,algorithm_grid,beam_width,,partial_beam_width_rare_anchor,1,fast_dense,fast_dense,True,{},equality,2000,2000,4000000,923715,14000.0,14115.630859375,ok,,14115.63249043761,0.0020619679999072105,0.0020778350008185953,0.015492153994273394,0.015368744992883876,0.015507347998209298,0.015456082328455523,0.015430449493578635,0.015499750996241346,7.601691967889043e-05,1.519400393590331e-05,3.0,"[0.015492153994273394, 0.015368744992883876, 0.015507347998209298]",0.017554121994180605,3.0,1.0,86.0,1.0,0.16279069767441862,1.0,1.0,fast_dense_equality,2000.0,2000.0,0.0,1.9364990293979645e-05,0.0,0.021736266993684694,8.923100540414453e-05,0.02186180799617432,4000000.0,,,4000000.0,,,,,,1.0,1.0,14115.630859375,86.0,,fast_dense_fit,2000.0,2000.0,0.0020765740191563964,0.0,0.0,0.0,0.0,0.0020765740191563964,0.0,,,,,,,,,1.0,1.0,,,0.002114066999638453,0.12378852799884044,0.1259025949984789,14115.630859375,14115.63249043761,0.0,isolated,1,True,1200.0,0.4981356450007297,0.21434003897593357,0.28379560602479614,220454912.0,210.2421875,resource.ru_maxrss_kib_converted_to_bytes,0.0,"{""BLIS_NUM_THREADS"": ""1"", ""MKL_DYNAMIC"": ""FALSE"", ""MKL_NUM_THREADS"": ""1"", ""NUMBA_NUM_THREADS"": ""1"", ""NUMEXPR_NUM_THREADS"": ""1"", ""OMP_DYNAMIC"": ""FALSE"", ""OMP_NUM_THREADS"": ""1"", ""OPENBLAS_NUM_THREADS"": ""1"", ""PYTHONHASHSEED"": ""0"", ""VECLIB_MAXIMUM_THREADS"": ""1""}",tree_tree,0,3,0,0.07249389399657957,44,14,14,14,200,139,medium,medium,30,zipf,1,inverse_sqrt,14,reserved,fast_dense,"Exact-oracle companion to the large rare-anchor stress regime. The score-only partial beam should preserve the delayed rare anchors and remain above the 99% quality floor, while local beams may prune the relevant branch; at this smaller scale the specialized dense exact method is still expected to be fastest.",200,200,27,31,7,5,14115.630859375,True,single_exact_result,1,0.0,0.014115630859374999,1.0,0.0,1.0,100.0,True,1.0,1.0,1.0,1.0,,,,,,,,,,,,,,,,,,,,,,
partial_beam_width_rare_anchor,algorithm,rare_anchor_oracle,algorithm_grid,beam_width,50.0,partial_beam_width_rare_anchor,1,partial_B50,generic,False,"{""beam_balance_penalty"": 0.0, ""beam_candidate_future_weight"": 0.0, ""beam_expansion_width"": 64, ""beam_gap_penalty"": 0.0, ""beam_lookahead"": false, ""beam_n_restarts"": 1, ""beam_priority_future_weight"": 0.0, ""beam_priority_length_weight"": 0.0, ""beam_random_fraction"": 0.0, ""beam_rarity_weight"": 0.0, ""beam_symmetric"": false, ""beam_width"": 50, ""candidate_select_mode"": ""first"", ""method"": ""beam"", ""seed"": 0}",equality,2000,2000,4000000,923715,14000.0,14006.0,ok,,14006.0,1.555978087708354e-06,7.661990821361542e-06,0.18219961898284964,0.18201662600040436,0.18259686400415376,0.1822710363291359,0.182108122491627,0.1823982414935017,0.0002966384386112204,0.00018299298244528472,3.0,"[0.18219961898284964, 0.18201662600040436, 0.18259686400415376]",0.18220117496093735,3.0,1.0,20.0,1.0,0.7,1.0,1.0,beam_partial,2000.0,2000.0,0.0,0.0036139109870418906,0.17767670823377557,0.007071576750604436,2.749002305790782e-06,0.18863794597564265,104595.0,13052.0,13052.0,,13052.0,8375.0,903.0,50.0,21.0,1.0,1.0,14006.0,20.0,True,beam_fit,2000.0,2000.0,6.697984645143151e-06,0.0,0.0,0.0,0.0,6.697984645143151e-06,0.0,,,,,,,,,1.0,1.0,,,2.1120067685842514e-06,0.1853039039997384,0.18530601600650698,14006.0,14006.0,0.0,isolated,1,True,1200.0,1.3498355720075779,1.1044854539795779,0.245350118028,154066944.0,146.9296875,resource.ru_maxrss_kib_converted_to_bytes,0.0,"{""BLIS_NUM_THREADS"": ""1"", ""MKL_DYNAMIC"": ""FALSE"", ""MKL_NUM_THREADS"": ""1"", ""NUMBA_NUM_THREADS"": ""1"", ""NUMEXPR_NUM_THREADS"": ""1"", ""OMP_DYNAMIC"": ""FALSE"", ""OMP_NUM_THREADS"": ""1"", ""OPENBLAS_NUM_THREADS"": ""1"", ""PYTHONHASHSEED"": ""0"", ""VECLIB_MAXIMUM_THREADS"": ""1""}",tree_tree,2,4,0,0.07249389399657957,44,14,14,14,200,139,medium,medium,30,zipf,1,inverse_sqrt,14,reserved,fast_dense,"Exact-oracle companion to the large rare-anchor stress regime. The score-only partial beam should preserve the delayed rare anchors and remain above the 99% quality floor, while local beams may prune the relevant branch; at this smaller scale the specialized dense exact method is still expected to be fastest.",200,200,27,31,7,5,14115.630859375,True,single_exact_result,1,0.0,0.014115630859374999,0.9922333716100129,109.630859375,0.9922333716100129,99.2233371610013,True,0.08502846537638294,0.09634472443958764,0.1566343074386643,0.17563544795627387,,,,,,,,,,,,,,,,,,1936.0,0.0,[14006.0],0.0,"{""beam_width"": 50, ""expansion_width"": 64, ""label_pair_preprocessing_score_evaluations"": 1936, ""lookahead_enabled"": false, ""maximum_matching_length"": 201, ""positive_label_pair_types"": 44, ""state_pool_size"": 13053}"
partial_beam_width_rare_anchor,algorithm,rare_anchor_oracle,algorithm_grid,beam_width,400.0,partial_beam_width_rare_anchor,1,partial_B400,generic,False,"{""beam_balance_penalty"": 0.0, ""beam_candidate_future_weight"": 0.0, ""beam_expansion_width"": 64, ""beam_gap_penalty"": 0.0, ""beam_lookahead"": false, ""beam_n_restarts"": 1, ""beam_priority_future_weight"": 0.0, ""beam_priority_length_weight"": 0.0, ""beam_random_fraction"": 0.0, ""beam_rarity_weight"": 0.0, ""beam_symmetric"": false, ""beam_width"": 400, ""candidate_select_mode"": ""first"", ""method"": ""beam"", ""seed"": 0}",equality,2000,2000,4000000,923715,14000.0,14006.0,ok,,14006.0,1.6289995983242989e-06,1.0082992957904935e-05,0.4042472960136365,0.4036377580196131,0.40937712902086787,0.4057540610180392,0.4039425270166248,0.4068122125172522,0.0031524356387372,0.0006095379940234125,3.0,"[0.4036377580196131, 0.4042472960136365, 0.40937712902086787]",0.40424892501323484,3.0,1.0,20.0,1.0,0.7,1.0,1.0,beam_partial,2000.0,2000.0,0.0,0.004319184983614832,0.37759505314170383,0.0343326288566459,4.79002483189106e-06,0.41703784800483845,175521.0,64261.0,64261.0,,64261.0,31325.0,7765.0,400.0,24.0,1.0,1.0,14006.0,20.0,True,beam_fit,2000.0,2000.0,8.798000635579228e-06,0.0,0.0,0.0,0.0,8.798000635579228e-06,0.0,,,,,,,,,1.0,1.0,,,2.187996869906783e-06,0.4049716889858246,0.4049738769826945,14006.0,14006.0,0.0,isolated,1,True,1200.0,2.6941075319773518,2.444494052004302,0.24961347997304983,154066944.0,146.9296875,resource.ru_maxrss_kib_converted_to_bytes,0.0,"{""BLIS_NUM_THREADS"": ""1"", ""MKL_DYNAMIC"": ""FALSE"", ""MKL_NUM_THREADS"": ""1"", ""NUMBA_NUM_THREADS"": ""1"", ""NUMEXPR_NUM_THREADS"": ""1"", ""OMP_DYNAMIC"": ""FALSE"", ""OMP_NUM_THREADS"": ""1"", ""OPENBLAS_NUM_THREADS"": ""1"", ""PYTHONHASHSEED"": ""0"", ""VECLIB_MAXIMUM_THREADS"": ""1""}",tree_tree,5,5,0,0.07249389399657957,44,14,14,14,200,139,medium,medium,30,zipf,1,inverse_sqrt,14,reserved,fast_dense,"Exact-oracle companion to the large rare-anchor stress regime. The score-only partial beam should preserve the delayed rare anchors and remain above the 99% quality floor, while local beams may prune the relevant branch; at this smaller scale the specialized dense exact method is still expected to be fastest.",200,200,27,31,7,5,14115.630859375,True,single_exact_result,1,0.0,0.014115630859374999,0.9922333716100129,109.630859375,0.9922333716100129,99.2233371610013,True,0.0383234573169558,0.043424041247867,0.07379663536837366,0.08320663246624395,,,,,,,,,,,,,,,,,,1936.0,0.0,[14006.0],0.0,"{""beam_width"": 400, ""expansion_width"": 64, ""label_pair_preprocessing_score_evaluations"": 1936, ""lookahead_enabled"": false, ""maximum_matching_length"": 201, ""positive_label_pair_types"": 44, ""state_pool_size"": 64262}"
partial_beam_width_rare_anchor,algorithm,rare_anchor_oracle,algorithm_grid,beam_width,25.0,partial_beam_width_rare_anchor,1,partial_B25,generic,False,"{""beam_balance_penalty"": 0.0, ""beam_candidate_future_weight"": 0.0, ""beam_expansion_width"": 64, ""beam_gap_penalty"": 0.0, ""beam_lookahead"": false, ""beam_n_restarts"": 1, ""beam_priority_future_weight"": 0.0, ""beam_priority_length_weight"": 0.0, ""beam_random_fraction"": 0.0, ""beam_rarity_weight"": 0.0, ""beam_symmetric"": false, ""beam_width"": 25, ""candidate_select_mode"": ""first"", ""method"": ""beam"", ""seed"": 0}",equality,2000,2000,4000000,923715,14000.0,14000.0,ok,,14000.0,1.868989784270525e-06,7.944006938487291e-06,0.1596258019853849,0.15904765599407256,0.1607335219741799,0.15980232665121244,0.15933672898972873,0.1601796619797824,0.0008566835728289442,0.0005781459913123399,3.0,"[0.1607335219741799, 0.15904765599407256, 0.1596258019853849]",0.15962767097516917,3.0,1.0,14.0,1.0,1.0,1.0,1.0,beam_partial,2000.0,2000.0,0.0,0.003613677981775254,0.1555309408577159,0.003993589140009135,2.4570035748183727e-06,0.16337410599226132,96959.0,7791.0,7791.0,,7791.0,4657.0,369.0,25.0,16.0,1.0,1.0,14000.0,14.0,True,beam_fit,2000.0,2000.0,6.745976861566305e-06,0.0,0.0,0.0,0.0,6.745976861566305e-06,0.0,,,,,,,,,1.0,1.0,,,2.349988790228963e-06,0.1614713619928807,0.16147371198167093,14000.0,14000.0,0.0,isolated,1,True,1200.0,1.2078177350049373,0.9650760279910173,0.24274170701391995,154066944.0,146.9296875,resource.ru_maxrss_kib_converted_to_bytes,0.0,"{""BLIS_NUM_THREADS"": ""1"", ""MKL_DYNAMIC"": ""FALSE"", ""MKL_NUM_THREADS"": ""1"", ""NUMBA_NUM_THREADS"": ""1"", ""NUMEXPR_NUM_THREADS"": ""1"", ""OMP_DYNAMIC"": ""FALSE"", ""OMP_NUM_THREADS"": ""1"", ""OPENBLAS_NUM_THREADS"": ""1"", ""PYTHONHASHSEED"": ""0"", ""VECLIB_MAXIMUM_THREADS"": ""1""}",tree_tree,1,6,0,0.07249389399657957,44,14,14,14,200,139,medium,medium,30,zipf,1,inverse_sqrt,14,reserved,fast_dense,"Exact-oracle companion to the large rare-anchor stress regime. The score-only partial beam should preserve the delayed rare anchors and remain above the 99% quality floor, while local beams may prune the relevant branch; at this smaller scale the specialized dense exact method is still expected to be fastest.",200,200,27,31,7,5,14115.630859375,True,single_exact_result,1,0.0,0.014115630859374999,0.9918083109053392,115.630859375,0.9918083109053392,99.18083109053391,True,0.09705294383229995,0.10996916691787874,0.17680474141564986,0.19798613765090742,,,,,,,,,,,,,,,,,,1936.0,0.0,[14000.0],0.0,"{""beam_width"": 25, ""expansion_width"": 64, ""label_pair_preprocessing_score_evaluations"": 1936, ""lookahead_enabled"": false, ""maximum_matching_length"": 201, ""positive_label_pair_types"": 44, ""state_pool_size"": 7792}"
partial_beam_width_rare_anchor,algorithm,rare_anchor_oracle,algorithm_grid,beam_width,200.0,partial_beam_width_rare_anchor,2,partial_B200,generic,False,"{""beam_balance_penalty"": 0.0, ""beam_candidate_future_weight"": 0.0, ""beam_expansion_width"": 64, ""beam_gap_penalty"": 0.0, ""beam_lookahead"": false, ""beam_n_restarts"": 1, ""beam_priority_future_weight"": 0.0, ""beam_priority_length_weight"": 0.0, ""beam_random_fraction"": 0.0, ""beam_rarity_weight"": 0.0, ""beam_symmetric"": false, ""beam_width"": 200, ""candidate_select_mode"": ""first"", ""method"": ""beam"", ""seed"": 0}",equality,2000,2000,4000000,953671,14000.0,14000.0,ok,,14000.0,2.027984010055661e-06,8.806993719190359e-06,0.34178650900139473,0.3409467090095859,0.3421132130024489,0.34161547700447653,0.3413666090054903,0.3419498610019218,0.0006017656099501749,0.00032670400105416775,3.0,"[0.34178650900139473, 0.3409467090095859, 0.3421132130024489]",0.3417885369854048,3.0,1.0,14.0,1.0,1.0,1.0,1.0,beam_partial,2000.0,2000.0,0.0,0.004330814990680665,0.32679560224642046,0.023459613759769127,3.42397834174335e-06,0.3550684419751633,175361.0,36263.0,36263.0,,36263.0,28107.0,3651.0,200.0,23.0,1.0,1.0,14000.0,14.0,True,beam_fit,2000.0,2000.0,7.655995432287455e-06,0.0,0.0,0.0,0.0,7.655995432287455e-06,0.0,,,,,,,,,1.0,1.0,,,2.2970198187977076e-06,0.3519394850009121,0.3519417820207309,14000.0,14000.0,0.0,isolated,1,True,1200.0,2.3285464539949317,2.0743414140015375,0.25420503999339417,154066944.0,146.9296875,resource.ru_maxrss_kib_converted_to_bytes,0.0,"{""BLIS_NUM_THREADS"": ""1"", ""MKL_DYNAMIC"": ""FALSE"", ""MKL_NUM_THREADS"": ""1"", ""NUMBA_NUM_THREADS"": ""1"", ""NUMEXPR_NUM_THREADS"": ""1"", ""OMP_DYNAMIC"": ""FALSE"", ""OMP_NUM_THREADS"": ""1"", ""OPENBLAS_NUM_THREADS"": ""1"", ""PYTHONHASHSEED"": ""0"", ""VECLIB_MAXIMUM_THREADS"": ""1""}",tree_tree,4,0,0,0.07238194500678219,44,14,14,14,110,138,medium,medium,30,zipf,1,inverse_sqrt,14,reserved,fast_dense,"Exact-oracle companion to the large rare-anchor stress regime. The score-only partial beam should preserve the delayed rare anchors and remain above the 99% quality floor, while local beams may prune the relevant branch; at this smaller scale the specialized dense exact method is still expected to be fastest.",200,200,30,29,6,6,14063.1123046875,True,single_exact_result,1,0.0,0.0140631123046875,0.9955122092947758,63.1123046875,0.9955122092947758,99.55122092947758,True,0.05203756591047245,0.058236130917550734,0.09890514690952396,0.11003534171893267,,,,,,,,,,,,,,,,,,1936.0,0.0,[14000.0],0.0,"{""beam_width"": 200, ""expansion_width"": 64, ""label_pair_preprocessing_score_evaluations"": 1936, ""lookahead_enabled"": false, ""maximum_matching_length"": 201, ""positive_label_pair_types"": 44, ""state_pool_size"": 36264}"
partial_beam_width_rare_anchor,algorithm,rare_anchor_oracle,algorithm_grid,beam_width,800.0,partial_beam_width_rare_anchor,2,partial_B800,generic,False,"{""beam_balance_penalty"": 0.0, ""beam_candidate_future_weight"": 0.0, ""beam_expansion_width"": 64, ""beam_gap_penalty"": 0.0, ""beam_lookahead"": false, ""beam_n_restarts"": 1, ""beam_priority_future_weight"": 0.0, ""beam_priority_length_weight"": 0.0, ""beam_random_fraction"": 0.0, ""beam_rarity_weight"": 0.0, ""beam_symmetric"": false, ""beam_width"": 800, ""candidate_select_mode"": ""first"", ""method"": ""beam"", ""seed"": 0}",equality,2000,2000,4000000,953671,14000.0,14000.0,ok,,14000.0,1.6380217857658863e-06,8.709001122042537e-06,0.5931930569931865,0.5924129720078781,0.6069651299912948,0.5975237196641198,0.5928030145005323,0.6000790934922406,0.008185798975704272,0.0007800849853083491,3.0,"[0.5924129720078781, 0.5931930569931865, 0.6069651299912948]",0.5931946950149722,3.0,1.0,14.0,1.0,1.0,1.0,1.0,beam_partial,2000.0,2000.0,0.0,0.0037362930015660822,0.5521549459081143,0.054218607081566006,8.306000381708145e-06,0.6115576390002389,240285.0,94465.0,94465.0,,94465.0,49268.0,13626.0,800.0,23.0,1.0,1.0,14000.0,14.0,True,beam_fit,2000.0,2000.0,7.577997166663408e-06,0.0,0.0,0.0,0.0,7.577997166663408e-06,0.0,,,,,,,,,1.0,1.0,,,2.4439941626042128e-06,0.5957166389853228,0.5957190829794854,14000.0,14000.0,0.0,isolated,1,True,1200.0,3.871232581004733,3.6194445640139747,0.2517880169907585,154066944.0,146.9296875,resource.ru_maxrss_kib_converted_to_bytes,0.0,"{""BLIS_NUM_THREADS"": ""1"", ""MKL_DYNAMIC"": ""FALSE"", ""MKL_NUM_THREADS"": ""1"", ""NUMBA_NUM_THREADS"": ""1"", ""NUMEXPR_NUM_THREADS"": ""1"", ""OMP_DYNAMIC"": ""FALSE"", ""OMP_NUM_THREADS"": ""1"", ""OPENBLAS_NUM_THREADS"": ""1"", ""PYTHONHASHSEED"": ""0"", ""VECLIB_MAXIMUM_THREADS"": ""1""}",tree_tree,6,1,0,0.07238194500678219,44,14,14,14,110,138,medium,medium,30,zipf,1,inverse_sqrt,14,reserved,fast_dense,"Exact-oracle companion to the large rare-anchor stress regime. The score-only partial beam should preserve the delayed rare anchors and remain above the 99% quality floor, while local beams may prune the relevant branch; at this smaller scale the specialized dense exact method is still expected to be fastest.",200,200,30,29,6,6,14063.1123046875,True,single_exact_result,1,0.0,0.0140631123046875,0.9955122092947758,63.1123046875,0.9955122092947758,99.55122092947758,True,0.029983051520568713,0.03355465271903313,0.058212836277582974,0.06492108082282291,,,,,,,,,,,,,,,,,,1936.0,0.0,[14000.0],0.0,"{""beam_width"": 800, ""expansion_width"": 64, ""label_pair_preprocessing_score_evaluations"": 1936, ""lookahead_enabled"": false, ""maximum_matching_length"": 201, ""positive_label_pair_types"": 44, ""state_pool_size"": 94466}"
partial_beam_width_rare_anchor,algorithm,rare_anchor_oracle,algorithm_grid,beam_width,,partial_beam_width_rare_anchor,2,fast_dense,fast_dense,True,{},equality,2000,2000,4000000,953671,14000.0,14063.1123046875,ok,,14063.112834919508,0.0021187039965298027,0.0020529120229184628,0.017785737989470363,0.01770218598539941,0.017786927986890078,0.017758283987253282,0.017743961987434886,0.01778633298818022,4.8585938114464904e-05,1.1899974197149277e-06,3.0,"[0.017785737989470363, 0.017786927986890078, 0.01770218598539941]",0.019904441986000165,3.0,1.0,55.0,1.0,0.2545454545454545,1.0,1.0,fast_dense_equality,2000.0,2000.0,0.0,2.24399846047163e-05,0.0,0.024339198978850618,7.34530040062964e-05,0.024453367019305006,4000000.0,,,4000000.0,,,,,,1.0,1.0,14063.1123046875,55.0,,fast_dense_fit,2000.0,2000.0,0.0020518089877441525,0.0,0.0,0.0,0.0,0.0020518089877441525,0.0,,,,,,,,,1.0,1.0,,,0.0020711160032078624,0.12757526099449024,0.1296463769976981,14063.1123046875,14063.112834919508,0.0,isolated,1,True,1200.0,0.5159141370095313,0.22992262602201663,0.28599151098751463,220434432.0,210.22265625,resource.ru_maxrss_kib_converted_to_bytes,0.0,"{""BLIS_NUM_THREADS"": ""1"", ""MKL_DYNAMIC"": ""FALSE"", ""MKL_NUM_THREADS"": ""1"", ""NUMBA_NUM_THREADS"": ""1"", ""NUMEXPR_NUM_THREADS"": ""1"", ""OMP_DYNAMIC"": ""FALSE"", ""OMP_NUM_THREADS"": ""1"", ""OPENBLAS_NUM_THREADS"": ""1"", ""PYTHONHASHSEED"": ""0"", ""VECLIB_MAXIMUM_THREADS"": ""1""}",tree_tree,0,2,0,0.07238194500678219,44,14,14,14,110,138,medium,medium,30,zipf,1,inverse_sqrt,14,reserved,fast_dense,"Exact-oracle companion to the large rare-anchor stress regime. The score-only partial beam should preserve the delayed rare anchors and remain above the 99% quality floor, while local beams may prune the relevant branch; at this smaller scale the specialized dense exact method is still expected to be fastest.",200,200,30,29,6,6,14063.1123046875,True,single_exact_result,1,0.0,0.0140631123046875,1.0,0.0,1.0,100.0,True,1.0,1.0,1.0,1.0,,,,,,,,,,,,,,,,,,,,,,
partial_beam_width_rare_anchor,algorithm,rare_anchor_oracle,algorithm_grid,beam_width,50.0,partial_beam_width_rare_anchor,2,partial_B50,generic,False,"{""beam_balance_penalty"": 0.0, ""beam_candidate_future_weight"": 0.0, ""beam_expansion_width"": 64, ""beam_gap_penalty"": 0.0, ""beam_lookahead"": false, ""beam_n_restarts"": 1, ""beam_priority_future_weight"": 0.0, ""beam_priority_length_weight"": 0.0, ""beam_random_fraction"": 0.0, ""beam_rarity_weight"": 0.0, ""beam_symmetric"": false, ""beam_width"": 50, ""candidate_select_mode"": ""first"", ""method"": ""beam"", ""seed"": 0}",equality,2000,2000,4000000,953671,14000.0,14000.0,ok,,14000.0,1.4230026863515377e-06,8.547998731955886e-06,0.253138766012853,0.25227599500794895,0.25375065801199526,0.2530551396775991,0.252707380510401,0.25344471201242413,0.0007408797249464464,0.0006118919991422445,3.0,"[0.25375065801199526, 0.253138766012853, 0.25227599500794895]",0.25314018901553936,3.0,1.0,14.0,1.0,1.0,1.0,1.0,beam_partial,2000.0,2000.0,0.0,0.0036674079892691225,0.2478773617767729,0.008091235242318362,3.02898115478456e-06,0.25992423799471,146387.0,14778.0,14778.0,,14778.0,10097.0,850.0,50.0,18.0,1.0,1.0,14000.0,14.0,True,beam_fit,2000.0,2000.0,7.513008313253522e-06,0.0,0.0,0.0,0.0,7.513008313253522e-06,0.0,,,,,,,,,1.0,1.0,,,2.3719912860542536e-06,0.25357848501880653,0.2535808570100926,14000.0,14000.0,0.0,isolated,1,True,1200.0,1.7734485179826152,1.526392567990115,0.24705594999250025,154066944.0,146.9296875,resource.ru_maxrss_kib_converted_to_bytes,0.0,"{""BLIS_NUM_THREADS"": ""1"", ""MKL_DYNAMIC"": ""FALSE"", ""MKL_NUM_THREADS"": ""1"", ""NUMBA_NUM_THREADS"": ""1"", ""NUMEXPR_NUM_THREADS"": ""1"", ""OMP_DYNAMIC"": ""FALSE"", ""OMP_NUM_THREADS"": ""1"", ""OPENBLAS_NUM_THREADS"": ""1"", ""PYTHONHASHSEED"": ""0"", ""VECLIB_MAXIMUM_THREADS"": ""1""}",tree_tree,2,3,0,0.07238194500678219,44,14,14,14,110,138,medium,medium,30,zipf,1,inverse_sqrt,14,reserved,fast_dense,"Exact-oracle companion to the large rare-anchor stress regime. The score-only partial beam should preserve the delayed rare anchors and remain above the 99% quality floor, while local beams may prune the relevant branch; at this smaller scale the specialized dense exact method is still expected to be fastest.",200,200,30,29,6,6,14063.1123046875,True,single_exact_result,1,0.0,0.0140631123046875,0.9955122092947758,63.1123046875,0.9955122092947758,99.55122092947758,True,0.07026082282698376,0.07863011425964568,0.13125779101411617,0.1457483557759739,,,,,,,,,,,,,,,,,,1936.0,0.0,[14000.0],0.0,"{""beam_width"": 50, ""expansion_width"": 64, ""label_pair_preprocessing_score_evaluations"": 1936, ""lookahead_enabled"": false, ""maximum_matching_length"": 201, ""positive_label_pair_types"": 44, ""state_pool_size"": 14779}"
partial_beam_width_rare_anchor,algorithm,rare_anchor_oracle,algorithm_grid,beam_width,400.0,partial_beam_width_rare_anchor,2,partial_B400,generic,False,"{""beam_balance_penalty"": 0.0, ""beam_candidate_future_weight"": 0.0, ""beam_expansion_width"": 64, ""beam_gap_penalty"": 0.0, ""beam_lookahead"": false, ""beam_n_restarts"": 1, ""beam_priority_future_weight"": 0.0, ""beam_priority_length_weight"": 0.0, ""beam_random_fraction"": 0.0, ""beam_rarity_weight"": 0.0, ""beam_symmetric"": false, ""beam_width"": 400, ""candidate_select_mode"": ""first"", ""method"": ""beam"", ""seed"": 0}",equality,2000,2000,4000000,953671,14000.0,14000.0,ok,,14000.0,1.949985744431615e-06,8.320988854393363e-06,0.4493421840015799,0.4480555829941295,0.45032831802382134,0.44924202833984356,0.4486988834978547,0.4498352510127006,0.0011396729777574176,0.0009861340222414583,3.0,"[0.4480555829941295, 0.4493421840015799, 0.45032831802382134]",0.4493441339873243,3.0,1.0,14.0,1.0,1.0,1.0,1.0,beam_partial,2000.0,2000.0,0.0,0.004225632001180202,0.42006084133754484,0.03870620366069488,3.4479890018701553e-06,0.4638266200199723,205793.0,60808.0,60808.0,,60808.0,41982.0,7233.0,400.0,23.0,1.0,1.0,14000.0,14.0,True,beam_fit,2000.0,2000.0,7.311988156288862e-06,0.0,0.0,0.0,0.0,7.311988156288862e-06,0.0,,,,,,,,,1.0,1.0,,,2.115993993356824e-06,0.4528109850070905,0.45281310100108385,14000.0,14000.0,0.0,isolated,1,True,1200.0,2.961376017978182,2.7137047389987856,0.24767127897939645,154066944.0,146.9296875,resource.ru_maxrss_kib_converted_to_bytes,0.0,"{""BLIS_NUM_THREADS"": ""1"", ""MKL_DYNAMIC"": ""FALSE"", ""MKL_NUM_THREADS"": ""1"", ""NUMBA_NUM_THREADS"": ""1"", ""NUMEXPR_NUM_THREADS"": ""1"", ""OMP_DYNAMIC"": ""FALSE"", ""OMP_NUM_THREADS"": ""1"", ""OPENBLAS_NUM_THREADS"": ""1"", ""PYTHONHASHSEED"": ""0"", ""VECLIB_MAXIMUM_THREADS"": ""1""}",tree_tree,5,4,0,0.07238194500678219,44,14,14,14,110,138,medium,medium,30,zipf,1,inverse_sqrt,14,reserved,fast_dense,"Exact-oracle companion to the large rare-anchor stress regime. The score-only partial beam should preserve the delayed rare anchors and remain above the 99% quality floor, while local beams may prune the relevant branch; at this smaller scale the specialized dense exact method is still expected to be fastest.",200,200,30,29,6,6,14063.1123046875,True,single_exact_result,1,0.0,0.0140631123046875,0.9955122092947758,63.1123046875,0.9955122092947758,99.55122092947758,True,0.03958172328954503,0.04429665479189644,0.07613625693136698,0.08481916667441125,,,,,,,,,,,,,,,,,,1936.0,0.0,[14000.0],0.0,"{""beam_width"": 400, ""expansion_width"": 64, ""label_pair_preprocessing_score_evaluations"": 1936, ""lookahead_enabled"": false, ""maximum_matching_length"": 201, ""positive_label_pair_types"": 44, ""state_pool_size"": 60809}"
partial_beam_width_rare_anchor,algorithm,rare_anchor_oracle,algorithm_grid,beam_width,25.0,partial_beam_width_rare_anchor,2,partial_B25,generic,False,"{""beam_balance_penalty"": 0.0, ""beam_candidate_future_weight"": 0.0, ""beam_expansion_width"": 64, ""beam_gap_penalty"": 0.0, ""beam_lookahead"": false, ""beam_n_restarts"": 1, ""beam_priority_future_weight"": 0.0, ""beam_priority_length_weight"": 0.0, ""beam_random_fraction"": 0.0, ""beam_rarity_weight"": 0.0, ""beam_symmetric"": false, ""beam_width"": 25, ""candidate_select_mode"": ""first"", ""method"": ""beam"", ""seed"": 0}",equality,2000,2000,4000000,953671,14000.0,14000.0,ok,,14000.0,1.4599936548620462e-06,8.431001333519816e-06,0.22015761100919917,0.21963613998377696,0.22024100300041027,0.22001158466446213,0.21989687549648806,0.22019930700480472,0.00032780724098261505,8.339199121110141e-05,3.0,"[0.21963613998377696, 0.22015761100919917, 0.22024100300041027]",0.22015907100285403,3.0,1.0,14.0,1.0,1.0,1.0,1.0,beam_partial,2000.0,2000.0,0.0,0.003624196018790826,0.21943762866430916,0.003702596324728802,2.3609900381416082e-06,0.22698715500882827,136496.0,8101.0,8101.0,,8101.0,3612.0,400.0,25.0,17.0,1.0,1.0,14000.0,14.0,True,beam_fit,2000.0,2000.0,7.507012924179435e-06,0.0,0.0,0.0,0.0,7.507012924179435e-06,0.0,,,,,,,,,1.0,1.0,,,2.562999725341797e-06,0.22139623001567088,0.22139879301539622,14000.0,14000.0,0.0,isolated,1,True,1200.0,1.5815397650003433,1.3297953350120224,0.2517444299883209,154066944.0,146.9296875,resource.ru_maxrss_kib_converted_to_bytes,0.0,"{""BLIS_NUM_THREADS"": ""1"", ""MKL_DYNAMIC"": ""FALSE"", ""MKL_NUM_THREADS"": ""1"", ""NUMBA_NUM_THREADS"": ""1"", ""NUMEXPR_NUM_THREADS"": ""1"", ""OMP_DYNAMIC"": ""FALSE"", ""OMP_NUM_THREADS"": ""1"", ""OPENBLAS_NUM_THREADS"": ""1"", ""PYTHONHASHSEED"": ""0"", ""VECLIB_MAXIMUM_THREADS"": ""1""}",tree_tree,1,5,0,0.07238194500678219,44,14,14,14,110,138,medium,medium,30,zipf,1,inverse_sqrt,14,reserved,fast_dense,"Exact-oracle companion to the large rare-anchor stress regime. The score-only partial beam should preserve the delayed rare anchors and remain above the 99% quality floor, while local beams may prune the relevant branch; at this smaller scale the specialized dense exact method is still expected to be fastest.",200,200,30,29,6,6,14063.1123046875,True,single_exact_result,1,0.0,0.0140631123046875,0.9955122092947758,63.1123046875,0.9955122092947758,99.55122092947758,True,0.08078638711576133,0.09040936580688122,0.1494452096969532,0.1657645074174391,,,,,,,,,,,,,,,,,,1936.0,0.0,[14000.0],0.0,"{""beam_width"": 25, ""expansion_width"": 64, ""label_pair_preprocessing_score_evaluations"": 1936, ""lookahead_enabled"": false, ""maximum_matching_length"": 201, ""positive_label_pair_types"": 44, ""state_pool_size"": 8102}"
partial_beam_width_rare_anchor,algorithm,rare_anchor_oracle,algorithm_grid,beam_width,100.0,partial_beam_width_rare_anchor,2,partial_B100,generic,False,"{""beam_balance_penalty"": 0.0, ""beam_candidate_future_weight"": 0.0, ""beam_expansion_width"": 64, ""beam_gap_penalty"": 0.0, ""beam_lookahead"": false, ""beam_n_restarts"": 1, ""beam_priority_future_weight"": 0.0, ""beam_priority_length_weight"": 0.0, ""beam_random_fraction"": 0.0, ""beam_rarity_weight"": 0.0, ""beam_symmetric"": false, ""beam_width"": 100, ""candidate_select_mode"": ""first"", ""method"": ""beam"", ""seed"": 0}",equality,2000,2000,4000000,953671,14000.0,14000.0,ok,,14000.0,2.3370084818452597e-06,7.452996214851737e-06,0.2802868740109261,0.27963240098324604,0.2811701189784799,0.28036313132421736,0.2799596374970861,0.280728496494703,0.0007716900553909503,0.0006544730276800692,3.0,"[0.2802868740109261, 0.2811701189784799, 0.27963240098324604]",0.28028921101940796,3.0,1.0,14.0,1.0,1.0,1.0,1.0,beam_partial,2000.0,2000.0,0.0,0.004230185993947089,0.27121123994584195,0.013111451058648527,2.8109934646636248e-06,0.28892761198221706,158160.0,22341.0,22341.0,,22341.0,16945.0,1666.0,100.0,19.0,1.0,1.0,14000.0,14.0,True,beam_fit,2000.0,2000.0,6.4229825511574745e-06,0.0,0.0,0.0,0.0,6.4229825511574745e-06,0.0,,,,,,,,,1.0,1.0,,,2.0129955373704433e-06,0.28120363599737175,0.2812056489929091,14000.0,14000.0,0.0,isolated,1,True,1200.0,1.93670704800752,1.6911470539926086,0.24555999401491135,154066944.0,146.9296875,resource.ru_maxrss_kib_converted_to_bytes,0.0,"{""BLIS_NUM_THREADS"": ""1"", ""MKL_DYNAMIC"": ""FALSE"", ""MKL_NUM_THREADS"": ""1"", ""NUMBA_NUM_THREADS"": ""1"", ""NUMEXPR_NUM_THREADS"": ""1"", ""OMP_DYNAMIC"": ""FALSE"", ""OMP_NUM_THREADS"": ""1"", ""OPENBLAS_NUM_THREADS"": ""1"", ""PYTHONHASHSEED"": ""0"", ""VECLIB_MAXIMUM_THREADS"": ""1""}",tree_tree,3,6,0,0.07238194500678219,44,14,14,14,110,138,medium,medium,30,zipf,1,inverse_sqrt,14,reserved,fast_dense,"Exact-oracle companion to the large rare-anchor stress regime. The score-only partial beam should preserve the delayed rare anchors and remain above the 99% quality floor, while local beams may prune the relevant branch; at this smaller scale the specialized dense exact method is still expected to be fastest.",200,200,30,29,6,6,14063.1123046875,True,single_exact_result,1,0.0,0.0140631123046875,0.9955122092947758,63.1123046875,0.9955122092947758,99.55122092947758,True,0.06345547950553347,0.07101394275437141,0.11930619840909079,0.13257105211402126,,,,,,,,,,,,,,,,,,1936.0,0.0,[14000.0],0.0,"{""beam_width"": 100, ""expansion_width"": 64, ""label_pair_preprocessing_score_evaluations"": 1936, ""lookahead_enabled"": false, ""maximum_matching_length"": 201, ""positive_label_pair_types"": 44, ""state_pool_size"": 22342}"
partial_beam_width_rare_anchor,algorithm,rare_anchor_oracle,algorithm_grid,beam_width,800.0,partial_beam_width_rare_anchor,3,partial_B800,generic,False,"{""beam_balance_penalty"": 0.0, ""beam_candidate_future_weight"": 0.0, ""beam_expansion_width"": 64, ""beam_gap_penalty"": 0.0, ""beam_lookahead"": false, ""beam_n_restarts"": 1, ""beam_priority_future_weight"": 0.0, ""beam_priority_length_weight"": 0.0, ""beam_random_fraction"": 0.0, ""beam_rarity_weight"": 0.0, ""beam_symmetric"": false, ""beam_width"": 800, ""candidate_select_mode"": ""first"", ""method"": ""beam"", ""seed"": 0}",equality,2000,2000,4000000,921285,14000.0,14000.0,ok,,14000.0,2.109009074047208e-06,8.856004569679499e-06,0.604038859019056,0.6021381099999417,0.614135906973388,0.6067709586641286,0.6030884845094988,0.609087382996222,0.0064486478743194025,0.0019007490191143006,3.0,"[0.6021381099999417, 0.614135906973388, 0.604038859019056]",0.60404096802813,3.0,1.0,14.0,1.0,1.0,1.0,1.0,beam_partial,2000.0,2000.0,0.0,0.0036424459831323475,0.5616716827789787,0.054596329224295914,4.148983862251043e-06,0.6209251350082923,251566.0,91029.0,91029.0,,91029.0,54082.0,12253.0,800.0,22.0,1.0,1.0,14000.0,14.0,True,beam_fit,2000.0,2000.0,7.941998774185777e-06,0.0,0.0,0.0,0.0,7.941998774185777e-06,0.0,,,,,,,,,1.0,1.0,,,2.187996869906783e-06,0.6074912569893058,0.6074934449861757,14000.0,14000.0,0.0,isolated,1,True,1200.0,3.8998980240139645,3.6502057620091364,0.24969226200482808,154066944.0,146.9296875,resource.ru_maxrss_kib_converted_to_bytes,0.0,"{""BLIS_NUM_THREADS"": ""1"", ""MKL_DYNAMIC"": ""FALSE"", ""MKL_NUM_THREADS"": ""1"", ""NUMBA_NUM_THREADS"": ""1"", ""NUMEXPR_NUM_THREADS"": ""1"", ""OMP_DYNAMIC"": ""FALSE"", ""OMP_NUM_THREADS"": ""1"", ""OPENBLAS_NUM_THREADS"": ""1"", ""PYTHONHASHSEED"": ""0"", ""VECLIB_MAXIMUM_THREADS"": ""1""}",tree_tree,6,0,0,0.0721950399747584,44,14,14,14,179,170,medium,medium,30,zipf,1,inverse_sqrt,14,reserved,fast_dense,"Exact-oracle companion to the large rare-anchor stress regime. The score-only partial beam should preserve the delayed rare anchors and remain above the 99% quality floor, while local beams may prune the relevant branch; at this smaller scale the specialized dense exact method is still expected to be fastest.",200,200,32,33,6,5,14102.248046875,True,single_exact_result,1,0.0,0.014102248046875,0.9927495214567824,102.248046875,0.9927495214567824,99.27495214567824,True,0.029323015804546885,0.03280264760885337,0.05696349103682153,0.0635068867259555,,,,,,,,,,,,,,,,,,1936.0,0.0,[14000.0],0.0,"{""beam_width"": 800, ""expansion_width"": 64, ""label_pair_preprocessing_score_evaluations"": 1936, ""lookahead_enabled"": false, ""maximum_matching_length"": 201, ""positive_label_pair_types"": 44, ""state_pool_size"": 91030}"
partial_beam_width_rare_anchor,algorithm,rare_anchor_oracle,algorithm_grid,beam_width,,partial_beam_width_rare_anchor,3,fast_dense,fast_dense,True,{},equality,2000,2000,4000000,921285,14000.0,14102.248046875,ok,,14102.2508937177,0.002101902005961165,0.0020614789973478764,0.017712241009576246,0.017649960005655885,0.017810445016948506,0.017724215344060212,0.017681100507616065,0.017761343013262376,8.09098153943552e-05,6.22810039203614e-05,3.0,"[0.017649960005655885, 0.017810445016948506, 0.017712241009576246]",0.01981414301553741,3.0,1.0,86.0,1.0,0.16279069767441862,1.0,1.0,fast_dense_equality,2000.0,2000.0,0.0,1.898600021377206e-05,0.0,0.02423393400385976,9.321601828560233e-05,0.024363964999793097,4000000.0,,,4000000.0,,,,,,1.0,1.0,14102.248046875,86.0,,fast_dense_fit,2000.0,2000.0,0.0020604370220098644,0.0,0.0,0.0,0.0,0.0020604370220098644,0.0,,,,,,,,,1.0,1.0,,,0.002152420987840742,0.1269484090153128,0.12910083000315353,14102.248046875,14102.2508937177,0.0,isolated,1,True,1200.0,0.5146319259947632,0.22928796001360752,0.28534396598115563,220438528.0,210.2265625,resource.ru_maxrss_kib_converted_to_bytes,0.0,"{""BLIS_NUM_THREADS"": ""1"", ""MKL_DYNAMIC"": ""FALSE"", ""MKL_NUM_THREADS"": ""1"", ""NUMBA_NUM_THREADS"": ""1"", ""NUMEXPR_NUM_THREADS"": ""1"", ""OMP_DYNAMIC"": ""FALSE"", ""OMP_NUM_THREADS"": ""1"", ""OPENBLAS_NUM_THREADS"": ""1"", ""PYTHONHASHSEED"": ""0"", ""VECLIB_MAXIMUM_THREADS"": ""1""}",tree_tree,0,1,0,0.0721950399747584,44,14,14,14,179,170,medium,medium,30,zipf,1,inverse_sqrt,14,reserved,fast_dense,"Exact-oracle companion to the large rare-anchor stress regime. The score-only partial beam should preserve the delayed rare anchors and remain above the 99% quality floor, while local beams may prune the relevant branch; at this smaller scale the specialized dense exact method is still expected to be fastest.",200,200,32,33,6,5,14102.248046875,True,single_exact_result,1,0.0,0.014102248046875,1.0,0.0,1.0,100.0,True,1.0,1.0,1.0,1.0,,,,,,,,,,,,,,,,,,,,,,
partial_beam_width_rare_anchor,algorithm,rare_anchor_oracle,algorithm_grid,beam_width,50.0,partial_beam_width_rare_anchor,3,partial_B50,generic,False,"{""beam_balance_penalty"": 0.0, ""beam_candidate_future_weight"": 0.0, ""beam_expansion_width"": 64, ""beam_gap_penalty"": 0.0, ""beam_lookahead"": false, ""beam_n_restarts"": 1, ""beam_priority_future_weight"": 0.0, ""beam_priority_length_weight"": 0.0, ""beam_random_fraction"": 0.0, ""beam_rarity_weight"": 0.0, ""beam_symmetric"": false, ""beam_width"": 50, ""candidate_select_mode"": ""first"", ""method"": ""beam"", ""seed"": 0}",equality,2000,2000,4000000,921285,14000.0,14000.0,ok,,14000.0,1.907988917082548e-06,8.354021701961756e-06,0.21866075100842863,0.21856124000623822,0.21967642399249598,0.21896613833572096,0.21861099550733343,0.2191685875004623,0.0006171344225972934,9.951100219041109e-05,3.0,"[0.21866075100842863, 0.21967642399249598, 0.21856124000623822]",0.21866265899734572,3.0,1.0,14.0,1.0,1.0,1.0,1.0,beam_partial,2000.0,2000.0,0.0,0.0036398000083863735,0.215410025062738,0.006175881921080872,2.721993951126933e-06,0.22550240601412952,130355.0,11531.0,11531.0,,11531.0,7195.0,822.0,50.0,19.0,1.0,1.0,14000.0,14.0,True,beam_fit,2000.0,2000.0,7.492024451494217e-06,0.0,0.0,0.0,0.0,7.492024451494217e-06,0.0,,,,,,,,,1.0,1.0,,,2.0939914975315332e-06,0.22089659600169398,0.2208986899931915,14000.0,14000.0,0.0,isolated,1,True,1200.0,1.5695644310035277,1.3220043839828577,0.24756004702067003,154066944.0,146.9296875,resource.ru_maxrss_kib_converted_to_bytes,0.0,"{""BLIS_NUM_THREADS"": ""1"", ""MKL_DYNAMIC"": ""FALSE"", ""MKL_NUM_THREADS"": ""1"", ""NUMBA_NUM_THREADS"": ""1"", ""NUMEXPR_NUM_THREADS"": ""1"", ""OMP_DYNAMIC"": ""FALSE"", ""OMP_NUM_THREADS"": ""1"", ""OPENBLAS_NUM_THREADS"": ""1"", ""PYTHONHASHSEED"": ""0"", ""VECLIB_MAXIMUM_THREADS"": ""1""}",tree_tree,2,2,0,0.0721950399747584,44,14,14,14,179,170,medium,medium,30,zipf,1,inverse_sqrt,14,reserved,fast_dense,"Exact-oracle companion to the large rare-anchor stress regime. The score-only partial beam should preserve the delayed rare anchors and remain above the 99% quality floor, while local beams may prune the relevant branch; at this smaller scale the specialized dense exact method is still expected to be fastest.",200,200,32,33,6,5,14102.248046875,True,single_exact_result,1,0.0,0.014102248046875,0.9927495214567824,102.248046875,0.9927495214567824,99.27495214567824,True,0.08100329358556671,0.09061511968432584,0.1497849035959416,0.16607172375242124,,,,,,,,,,,,,,,,,,1936.0,0.0,[14000.0],0.0,"{""beam_width"": 50, ""expansion_width"": 64, ""label_pair_preprocessing_score_evaluations"": 1936, ""lookahead_enabled"": false, ""maximum_matching_length"": 201, ""positive_label_pair_types"": 44, ""state_pool_size"": 11532}"
partial_beam_width_rare_anchor,algorithm,rare_anchor_oracle,algorithm_grid,beam_width,400.0,partial_beam_width_rare_anchor,3,partial_B400,generic,False,"{""beam_balance_penalty"": 0.0, ""beam_candidate_future_weight"": 0.0, ""beam_expansion_width"": 64, ""beam_gap_penalty"": 0.0, ""beam_lookahead"": false, ""beam_n_restarts"": 1, ""beam_priority_future_weight"": 0.0, ""beam_priority_length_weight"": 0.0, ""beam_random_fraction"": 0.0, ""beam_rarity_weight"": 0.0, ""beam_symmetric"": false, ""beam_width"": 400, ""candidate_select_mode"": ""first"", ""method"": ""beam"", ""seed"": 0}",equality,2000,2000,4000000,921285,14000.0,14000.0,ok,,14000.0,1.735985279083252e-06,9.365990990772843e-06,0.44696519398712553,0.4456599989789538,0.44770280600641854,0.4467759996574993,0.44631259648303967,0.44733399999677204,0.0010344616999371533,0.0007376120192930102,3.0,"[0.44770280600641854, 0.44696519398712553, 0.4456599989789538]",0.4469669299724046,3.0,1.0,14.0,1.0,1.0,1.0,1.0,beam_partial,2000.0,2000.0,0.0,0.004284041002392769,0.4230776951299049,0.034733223874354735,4.649016773328185e-06,0.4628261940088123,212767.0,57484.0,57484.0,,57484.0,40437.0,6439.0,400.0,22.0,1.0,1.0,14000.0,14.0,True,beam_fit,2000.0,2000.0,8.253991836681962e-06,0.0,0.0,0.0,0.0,8.253991836681962e-06,0.0,,,,,,,,,1.0,1.0,,,2.1190207917243242e-06,0.44879946199944243,0.44880158102023415,14000.0,14000.0,0.0,isolated,1,True,1200.0,2.95052776299417,2.7017896689940244,0.2487380940001458,154066944.0,146.9296875,resource.ru_maxrss_kib_converted_to_bytes,0.0,"{""BLIS_NUM_THREADS"": ""1"", ""MKL_DYNAMIC"": ""FALSE"", ""MKL_NUM_THREADS"": ""1"", ""NUMBA_NUM_THREADS"": ""1"", ""NUMEXPR_NUM_THREADS"": ""1"", ""OMP_DYNAMIC"": ""FALSE"", ""OMP_NUM_THREADS"": ""1"", ""OPENBLAS_NUM_THREADS"": ""1"", ""PYTHONHASHSEED"": ""0"", ""VECLIB_MAXIMUM_THREADS"": ""1""}",tree_tree,5,3,0,0.0721950399747584,44,14,14,14,179,170,medium,medium,30,zipf,1,inverse_sqrt,14,reserved,fast_dense,"Exact-oracle companion to the large rare-anchor stress regime. The score-only partial beam should preserve the delayed rare anchors and remain above the 99% quality floor, while local beams may prune the relevant branch; at this smaller scale the specialized dense exact method is still expected to be fastest.",200,200,32,33,6,5,14102.248046875,True,single_exact_result,1,0.0,0.014102248046875,0.9927495214567824,102.248046875,0.9927495214567824,99.27495214567824,True,0.039627785894412244,0.04433022151495799,0.07621334797450509,0.08487063119937327,,,,,,,,,,,,,,,,,,1936.0,0.0,[14000.0],0.0,"{""beam_width"": 400, ""expansion_width"": 64, ""label_pair_preprocessing_score_evaluations"": 1936, ""lookahead_enabled"": false, ""maximum_matching_length"": 201, ""positive_label_pair_types"": 44, ""state_pool_size"": 57485}"
partial_beam_width_rare_anchor,algorithm,rare_anchor_oracle,algorithm_grid,beam_width,25.0,partial_beam_width_rare_anchor,3,partial_B25,generic,False,"{""beam_balance_penalty"": 0.0, ""beam_candidate_future_weight"": 0.0, ""beam_expansion_width"": 64, ""beam_gap_penalty"": 0.0, ""beam_lookahead"": false, ""beam_n_restarts"": 1, ""beam_priority_future_weight"": 0.0, ""beam_priority_length_weight"": 0.0, ""beam_random_fraction"": 0.0, ""beam_rarity_weight"": 0.0, ""beam_symmetric"": false, ""beam_width"": 25, ""candidate_select_mode"": ""first"", ""method"": ""beam"", ""seed"": 0}",equality,2000,2000,4000000,921285,14000.0,14000.0,ok,,14000.0,2.008979208767414e-06,8.319999324157834e-06,0.19127281900728121,0.19049867399735376,0.19190930100739934,0.19122693133734478,0.1908857465023175,0.19159106000734027,0.0007064321616805646,0.0006364820001181215,3.0,"[0.19127281900728121, 0.19190930100739934, 0.19049867399735376]",0.19127482798648998,3.0,1.0,14.0,1.0,1.0,1.0,1.0,beam_partial,2000.0,2000.0,0.0,0.003663818002678454,0.1885627295996528,0.004419443401275203,2.4469918571412563e-06,0.19687484300811775,115795.0,8550.0,8550.0,,8550.0,4854.0,407.0,25.0,19.0,1.0,1.0,14000.0,14.0,True,beam_fit,2000.0,2000.0,7.241993444040418e-06,0.0,0.0,0.0,0.0,7.241993444040418e-06,0.0,,,,,,,,,1.0,1.0,,,2.4700129870325327e-06,0.19206811502226628,0.19207058503525332,14000.0,14000.0,0.0,isolated,1,True,1200.0,1.4057995660114102,1.1544426690088585,0.2513568970025517,154066944.0,146.9296875,resource.ru_maxrss_kib_converted_to_bytes,0.0,"{""BLIS_NUM_THREADS"": ""1"", ""MKL_DYNAMIC"": ""FALSE"", ""MKL_NUM_THREADS"": ""1"", ""NUMBA_NUM_THREADS"": ""1"", ""NUMEXPR_NUM_THREADS"": ""1"", ""OMP_DYNAMIC"": ""FALSE"", ""OMP_NUM_THREADS"": ""1"", ""OPENBLAS_NUM_THREADS"": ""1"", ""PYTHONHASHSEED"": ""0"", ""VECLIB_MAXIMUM_THREADS"": ""1""}",tree_tree,1,4,0,0.0721950399747584,44,14,14,14,179,170,medium,medium,30,zipf,1,inverse_sqrt,14,reserved,fast_dense,"Exact-oracle companion to the large rare-anchor stress regime. The score-only partial beam should preserve the delayed rare anchors and remain above the 99% quality floor, while local beams may prune the relevant branch; at this smaller scale the specialized dense exact method is still expected to be fastest.",200,200,32,33,6,5,14102.248046875,True,single_exact_result,1,0.0,0.014102248046875,0.9927495214567824,102.248046875,0.9927495214567824,99.27495214567824,True,0.09260197607534602,0.1035899141780272,0.16940238741787128,0.18760401092101417,,,,,,,,,,,,,,,,,,1936.0,0.0,[14000.0],0.0,"{""beam_width"": 25, ""expansion_width"": 64, ""label_pair_preprocessing_score_evaluations"": 1936, ""lookahead_enabled"": false, ""maximum_matching_length"": 201, ""positive_label_pair_types"": 44, ""state_pool_size"": 8551}"
partial_beam_width_rare_anchor,algorithm,rare_anchor_oracle,algorithm_grid,beam_width,100.0,partial_beam_width_rare_anchor,3,partial_B100,generic,False,"{""beam_balance_penalty"": 0.0, ""beam_candidate_future_weight"": 0.0, ""beam_expansion_width"": 64, ""beam_gap_penalty"": 0.0, ""beam_lookahead"": false, ""beam_n_restarts"": 1, ""beam_priority_future_weight"": 0.0, ""beam_priority_length_weight"": 0.0, ""beam_random_fraction"": 0.0, ""beam_rarity_weight"": 0.0, ""beam_symmetric"": false, ""beam_width"": 100, ""candidate_select_mode"": ""first"", ""method"": ""beam"", ""seed"": 0}",equality,2000,2000,4000000,921285,14000.0,14000.0,ok,,14000.0,2.082000719383359e-06,8.798990165814757e-06,0.2653531449905131,0.26529947502422146,0.2662519389996305,0.26563485300478834,0.2653263100073673,0.2658025419950718,0.0005350854698954014,5.366996629163623e-05,3.0,"[0.26529947502422146, 0.2653531449905131, 0.2662519389996305]",0.2653552269912325,3.0,1.0,14.0,1.0,1.0,1.0,1.0,beam_partial,2000.0,2000.0,0.0,0.0037326190213207155,0.2547678592673037,0.011606502754148096,2.6370107661932707e-06,0.27043110798695125,147498.0,20208.0,20208.0,,20208.0,14576.0,1611.0,100.0,19.0,1.0,1.0,14000.0,14.0,True,beam_fit,2000.0,2000.0,7.645983714610338e-06,0.0,0.0,0.0,0.0,7.645983714610338e-06,0.0,,,,,,,,,1.0,1.0,,,2.39501241594553e-06,0.26567111600888893,0.2656735110213049,14000.0,14000.0,0.0,isolated,1,True,1200.0,1.8531760449986905,1.5999447189969942,0.2532313260016963,154066944.0,146.9296875,resource.ru_maxrss_kib_converted_to_bytes,0.0,"{""BLIS_NUM_THREADS"": ""1"", ""MKL_DYNAMIC"": ""FALSE"", ""MKL_NUM_THREADS"": ""1"", ""NUMBA_NUM_THREADS"": ""1"", ""NUMEXPR_NUM_THREADS"": ""1"", ""OMP_DYNAMIC"": ""FALSE"", ""OMP_NUM_THREADS"": ""1"", ""OPENBLAS_NUM_THREADS"": ""1"", ""PYTHONHASHSEED"": ""0"", ""VECLIB_MAXIMUM_THREADS"": ""1""}",tree_tree,3,5,0,0.0721950399747584,44,14,14,14,179,170,medium,medium,30,zipf,1,inverse_sqrt,14,reserved,fast_dense,"Exact-oracle companion to the large rare-anchor stress regime. The score-only partial beam should preserve the delayed rare anchors and remain above the 99% quality floor, while local beams may prune the relevant branch; at this smaller scale the specialized dense exact method is still expected to be fastest.",200,200,32,33,6,5,14102.248046875,True,single_exact_result,1,0.0,0.014102248046875,0.9927495214567824,102.248046875,0.9927495214567824,99.27495214567824,True,0.06674969316911429,0.07467025707464992,0.12508876842239722,0.13889355147587937,,,,,,,,,,,,,,,,,,1936.0,0.0,[14000.0],0.0,"{""beam_width"": 100, ""expansion_width"": 64, ""label_pair_preprocessing_score_evaluations"": 1936, ""lookahead_enabled"": false, ""maximum_matching_length"": 201, ""positive_label_pair_types"": 44, ""state_pool_size"": 20209}"
partial_beam_width_rare_anchor,algorithm,rare_anchor_oracle,algorithm_grid,beam_width,200.0,partial_beam_width_rare_anchor,3,partial_B200,generic,False,"{""beam_balance_penalty"": 0.0, ""beam_candidate_future_weight"": 0.0, ""beam_expansion_width"": 64, ""beam_gap_penalty"": 0.0, ""beam_lookahead"": false, ""beam_n_restarts"": 1, ""beam_priority_future_weight"": 0.0, ""beam_priority_length_weight"": 0.0, ""beam_random_fraction"": 0.0, ""beam_rarity_weight"": 0.0, ""beam_symmetric"": false, ""beam_width"": 200, ""candidate_select_mode"": ""first"", ""method"": ""beam"", ""seed"": 0}",equality,2000,2000,4000000,921285,14000.0,14000.0,ok,,14000.0,1.7309794202446938e-06,8.912989869713783e-06,0.3304312939872034,0.3303503679926507,0.331063311023172,0.3306149910010087,0.33039083098992705,0.3307473025051877,0.00039035930353067743,8.092599455267191e-05,3.0,"[0.3303503679926507, 0.331063311023172, 0.3304312939872034]",0.33043302496662363,3.0,1.0,14.0,1.0,1.0,1.0,1.0,beam_partial,2000.0,2000.0,0.0,0.00427599300746806,0.3182613728858996,0.01963746512774378,3.92901711165905e-06,0.3426729280035943,172297.0,33769.0,33769.0,,33769.0,23691.0,3378.0,200.0,22.0,1.0,1.0,14000.0,14.0,True,beam_fit,2000.0,2000.0,7.845985237509012e-06,0.0,0.0,0.0,0.0,7.845985237509012e-06,0.0,,,,,,,,,1.0,1.0,,,2.429995220154524e-06,0.3354577969876118,0.33546022698283195,14000.0,14000.0,0.0,isolated,1,True,1200.0,2.2521884870075155,2.0018353139748797,0.2503531730326358,154066944.0,146.9296875,resource.ru_maxrss_kib_converted_to_bytes,0.0,"{""BLIS_NUM_THREADS"": ""1"", ""MKL_DYNAMIC"": ""FALSE"", ""MKL_NUM_THREADS"": ""1"", ""NUMBA_NUM_THREADS"": ""1"", ""NUMEXPR_NUM_THREADS"": ""1"", ""OMP_DYNAMIC"": ""FALSE"", ""OMP_NUM_THREADS"": ""1"", ""OPENBLAS_NUM_THREADS"": ""1"", ""PYTHONHASHSEED"": ""0"", ""VECLIB_MAXIMUM_THREADS"": ""1""}",tree_tree,4,6,0,0.0721950399747584,44,14,14,14,179,170,medium,medium,30,zipf,1,inverse_sqrt,14,reserved,fast_dense,"Exact-oracle companion to the large rare-anchor stress regime. The score-only partial beam should preserve the delayed rare anchors and remain above the 99% quality floor, while local beams may prune the relevant branch; at this smaller scale the specialized dense exact method is still expected to be fastest.",200,200,32,33,6,5,14102.248046875,True,single_exact_result,1,0.0,0.014102248046875,0.9927495214567824,102.248046875,0.9927495214567824,99.27495214567824,True,0.053603400561274286,0.05996417282303667,0.10171472576007763,0.11309704471042646,,,,,,,,,,,,,,,,,,1936.0,0.0,[14000.0],0.0,"{""beam_width"": 200, ""expansion_width"": 64, ""label_pair_preprocessing_score_evaluations"": 1936, ""lookahead_enabled"": false, ""maximum_matching_length"": 201, ""positive_label_pair_types"": 44, ""state_pool_size"": 33770}"
partial_beam_width_rare_anchor,algorithm,rare_anchor_oracle,algorithm_grid,beam_width,,partial_beam_width_rare_anchor,4,fast_dense,fast_dense,True,{},equality,2000,2000,4000000,957878,14000.0,14086.251953125,ok,,14086.253760123187,0.0020880640076939017,0.0020869389991275966,0.015827885014005005,0.01579451499856077,0.015957474010065198,0.015859958007543657,0.01581120000628289,0.0158926795120351,8.60837821167426e-05,3.3370015444234014e-05,3.0,"[0.01579451499856077, 0.015957474010065198, 0.015827885014005005]",0.017915949021698907,3.0,1.0,69.0,1.0,0.2028985507246377,1.0,1.0,fast_dense_equality,2000.0,2000.0,0.0,1.918798079714179e-05,0.0,0.022484975022962317,9.590300032868981e-05,0.022618707007495686,4000000.0,,,4000000.0,,,,,,1.0,1.0,14086.251953125,69.0,,fast_dense_fit,2000.0,2000.0,0.002085907995933667,0.0,0.0,0.0,0.0,0.002085907995933667,0.0,,,,,,,,,1.0,1.0,,,0.00212827799259685,0.12707254302222282,0.12920082101481967,14086.251953125,14086.253760123187,0.0,isolated,1,True,1200.0,0.504454865003936,0.22002783897914924,0.28442702602478676,220315648.0,210.109375,resource.ru_maxrss_kib_converted_to_bytes,0.0,"{""BLIS_NUM_THREADS"": ""1"", ""MKL_DYNAMIC"": ""FALSE"", ""MKL_NUM_THREADS"": ""1"", ""NUMBA_NUM_THREADS"": ""1"", ""NUMEXPR_NUM_THREADS"": ""1"", ""OMP_DYNAMIC"": ""FALSE"", ""OMP_NUM_THREADS"": ""1"", ""OPENBLAS_NUM_THREADS"": ""1"", ""PYTHONHASHSEED"": ""0"", ""VECLIB_MAXIMUM_THREADS"": ""1""}",tree_tree,0,0,0,0.0721303500176873,44,14,14,14,187,143,medium,medium,30,zipf,1,inverse_sqrt,14,reserved,fast_dense,"Exact-oracle companion to the large rare-anchor stress regime. The score-only partial beam should preserve the delayed rare anchors and remain above the 99% quality floor, while local beams may prune the relevant branch; at this smaller scale the specialized dense exact method is still expected to be fastest.",200,200,29,29,5,6,14086.251953125,True,single_exact_result,1,0.0,0.014086251953125,1.0,0.0,1.0,100.0,True,1.0,1.0,1.0,1.0,,,,,,,,,,,,,,,,,,,,,,
partial_beam_width_rare_anchor,algorithm,rare_anchor_oracle,algorithm_grid,beam_width,50.0,partial_beam_width_rare_anchor,4,partial_B50,generic,False,"{""beam_balance_penalty"": 0.0, ""beam_candidate_future_weight"": 0.0, ""beam_expansion_width"": 64, ""beam_gap_penalty"": 0.0, ""beam_lookahead"": false, ""beam_n_restarts"": 1, ""beam_priority_future_weight"": 0.0, ""beam_priority_length_weight"": 0.0, ""beam_random_fraction"": 0.0, ""beam_rarity_weight"": 0.0, ""beam_symmetric"": false, ""beam_width"": 50, ""candidate_select_mode"": ""first"", ""method"": ""beam"", ""seed"": 0}",equality,2000,2000,4000000,957878,14000.0,14000.0,ok,,14000.0,2.1479791030287743e-06,8.16499232314527e-06,0.20570416600094177,0.2052778759971261,0.20591016599792056,0.2056307359986628,0.20549102099903394,0.20580716599943116,0.0003224773406026833,0.00020599999697878957,3.0,"[0.2052778759971261, 0.20570416600094177, 0.20591016599792056]",0.2057063139800448,3.0,1.0,14.0,1.0,1.0,1.0,1.0,beam_partial,2000.0,2000.0,0.0,0.003660992020741105,0.20031024981290102,0.007342214172240347,2.943997969850898e-06,0.2116123180021532,120500.0,12951.0,12951.0,,12951.0,9235.0,850.0,50.0,20.0,1.0,1.0,14000.0,14.0,True,beam_fit,2000.0,2000.0,7.0420210249722e-06,0.0,0.0,0.0,0.0,7.0420210249722e-06,0.0,,,,,,,,,1.0,1.0,,,1.9329891074448824e-06,0.20624999099527486,0.2062519239843823,14000.0,14000.0,0.0,isolated,1,True,1200.0,1.4895331469888333,1.2408340260153636,0.2486991209734697,154066944.0,146.9296875,resource.ru_maxrss_kib_converted_to_bytes,0.0,"{""BLIS_NUM_THREADS"": ""1"", ""MKL_DYNAMIC"": ""FALSE"", ""MKL_NUM_THREADS"": ""1"", ""NUMBA_NUM_THREADS"": ""1"", ""NUMEXPR_NUM_THREADS"": ""1"", ""OMP_DYNAMIC"": ""FALSE"", ""OMP_NUM_THREADS"": ""1"", ""OPENBLAS_NUM_THREADS"": ""1"", ""PYTHONHASHSEED"": ""0"", ""VECLIB_MAXIMUM_THREADS"": ""1""}",tree_tree,2,1,0,0.0721303500176873,44,14,14,14,187,143,medium,medium,30,zipf,1,inverse_sqrt,14,reserved,fast_dense,"Exact-oracle companion to the large rare-anchor stress regime. The score-only partial beam should preserve the delayed rare anchors and remain above the 99% quality floor, while local beams may prune the relevant branch; at this smaller scale the specialized dense exact method is still expected to be fastest.",200,200,29,29,5,6,14086.251953125,True,single_exact_result,1,0.0,0.014086251953125,0.993876869914579,86.251953125,0.993876869914579,99.3876869914579,True,0.07694489286100575,0.08709479390815832,0.14283189216175068,0.16015498657787292,,,,,,,,,,,,,,,,,,1936.0,0.0,[14000.0],0.0,"{""beam_width"": 50, ""expansion_width"": 64, ""label_pair_preprocessing_score_evaluations"": 1936, ""lookahead_enabled"": false, ""maximum_matching_length"": 201, ""positive_label_pair_types"": 44, ""state_pool_size"": 12952}"
partial_beam_width_rare_anchor,algorithm,rare_anchor_oracle,algorithm_grid,beam_width,400.0,partial_beam_width_rare_anchor,4,partial_B400,generic,False,"{""beam_balance_penalty"": 0.0, ""beam_candidate_future_weight"": 0.0, ""beam_expansion_width"": 64, ""beam_gap_penalty"": 0.0, ""beam_lookahead"": false, ""beam_n_restarts"": 1, ""beam_priority_future_weight"": 0.0, ""beam_priority_length_weight"": 0.0, ""beam_random_fraction"": 0.0, ""beam_rarity_weight"": 0.0, ""beam_symmetric"": false, ""beam_width"": 400, ""candidate_select_mode"": ""first"", ""method"": ""beam"", ""seed"": 0}",equality,2000,2000,4000000,957878,14000.0,14000.0,ok,,14000.0,1.600012183189392e-06,8.179020369425416e-06,0.45120013298583217,0.45067099898005836,0.4535069900157396,0.45179270732721005,0.45093556598294526,0.4523535615007859,0.001508001840569372,0.0005291340057738125,3.0,"[0.45120013298583217, 0.45067099898005836, 0.4535069900157396]",0.45120173299801536,3.0,1.0,14.0,1.0,1.0,1.0,1.0,beam_partial,2000.0,2000.0,0.0,0.00365416900604032,0.4172790590673685,0.04278364792116918,5.619018338620663e-06,0.4648241889954079,202402.0,68239.0,68239.0,,68239.0,49290.0,7259.0,400.0,23.0,1.0,1.0,14000.0,14.0,True,beam_fit,2000.0,2000.0,7.0950191002339125e-06,0.0,0.0,0.0,0.0,7.0950191002339125e-06,0.0,,,,,,,,,1.0,1.0,,,2.6640191208571196e-06,0.45684402500046417,0.45684668901958503,14000.0,14000.0,0.0,isolated,1,True,1200.0,2.97157085800427,2.7282233650039416,0.24334749300032854,154066944.0,146.9296875,resource.ru_maxrss_kib_converted_to_bytes,0.0,"{""BLIS_NUM_THREADS"": ""1"", ""MKL_DYNAMIC"": ""FALSE"", ""MKL_NUM_THREADS"": ""1"", ""NUMBA_NUM_THREADS"": ""1"", ""NUMEXPR_NUM_THREADS"": ""1"", ""OMP_DYNAMIC"": ""FALSE"", ""OMP_NUM_THREADS"": ""1"", ""OPENBLAS_NUM_THREADS"": ""1"", ""PYTHONHASHSEED"": ""0"", ""VECLIB_MAXIMUM_THREADS"": ""1""}",tree_tree,5,2,0,0.0721303500176873,44,14,14,14,187,143,medium,medium,30,zipf,1,inverse_sqrt,14,reserved,fast_dense,"Exact-oracle companion to the large rare-anchor stress regime. The score-only partial beam should preserve the delayed rare anchors and remain above the 99% quality floor, while local beams may prune the relevant branch; at this smaller scale the specialized dense exact method is still expected to be fastest.",200,200,29,29,5,6,14086.251953125,True,single_exact_result,1,0.0,0.014086251953125,0.993876869914579,86.251953125,0.993876869914579,99.3876869914579,True,0.0350795220499237,0.03970718131478833,0.06776715873548973,0.0763635023805429,,,,,,,,,,,,,,,,,,1936.0,0.0,[14000.0],0.0,"{""beam_width"": 400, ""expansion_width"": 64, ""label_pair_preprocessing_score_evaluations"": 1936, ""lookahead_enabled"": false, ""maximum_matching_length"": 201, ""positive_label_pair_types"": 44, ""state_pool_size"": 68240}"
partial_beam_width_rare_anchor,algorithm,rare_anchor_oracle,algorithm_grid,beam_width,25.0,partial_beam_width_rare_anchor,4,partial_B25,generic,False,"{""beam_balance_penalty"": 0.0, ""beam_candidate_future_weight"": 0.0, ""beam_expansion_width"": 64, ""beam_gap_penalty"": 0.0, ""beam_lookahead"": false, ""beam_n_restarts"": 1, ""beam_priority_future_weight"": 0.0, ""beam_priority_length_weight"": 0.0, ""beam_random_fraction"": 0.0, ""beam_rarity_weight"": 0.0, ""beam_symmetric"": false, ""beam_width"": 25, ""candidate_select_mode"": ""first"", ""method"": ""beam"", ""seed"": 0}",equality,2000,2000,4000000,957878,14000.0,14000.0,ok,,14000.0,1.6129924915730953e-06,7.600989192724228e-06,0.18348214199068025,0.18313166801817715,0.18380374601110816,0.18347251867332184,0.1833069050044287,0.1836429440008942,0.00033614232599195006,0.0003216040204279125,3.0,"[0.18348214199068025, 0.18380374601110816, 0.18313166801817715]",0.18348375498317182,3.0,1.0,14.0,1.0,1.0,1.0,1.0,beam_partial,2000.0,2000.0,0.0,0.0035743140033446252,0.18213094797101803,0.004479638009797782,3.1520030461251736e-06,0.19042877200990915,111747.0,8238.0,8238.0,,8238.0,4718.0,417.0,25.0,19.0,1.0,1.0,14000.0,14.0,True,beam_fit,2000.0,2000.0,6.570015102624893e-06,0.0,0.0,0.0,0.0,6.570015102624893e-06,0.0,,,,,,,,,1.0,1.0,,,2.3370084818452597e-06,0.18477277099736966,0.1847751080058515,14000.0,14000.0,0.0,isolated,1,True,1200.0,1.3581973730179016,1.1113170010212343,0.24688037199666724,154066944.0,146.9296875,resource.ru_maxrss_kib_converted_to_bytes,0.0,"{""BLIS_NUM_THREADS"": ""1"", ""MKL_DYNAMIC"": ""FALSE"", ""MKL_NUM_THREADS"": ""1"", ""NUMBA_NUM_THREADS"": ""1"", ""NUMEXPR_NUM_THREADS"": ""1"", ""OMP_DYNAMIC"": ""FALSE"", ""OMP_NUM_THREADS"": ""1"", ""OPENBLAS_NUM_THREADS"": ""1"", ""PYTHONHASHSEED"": ""0"", ""VECLIB_MAXIMUM_THREADS"": ""1""}",tree_tree,1,3,0,0.0721303500176873,44,14,14,14,187,143,medium,medium,30,zipf,1,inverse_sqrt,14,reserved,fast_dense,"Exact-oracle companion to the large rare-anchor stress regime. The score-only partial beam should preserve the delayed rare anchors and remain above the 99% quality floor, while local beams may prune the relevant branch; at this smaller scale the specialized dense exact method is still expected to be fastest.",200,200,29,29,5,6,14086.251953125,True,single_exact_result,1,0.0,0.014086251953125,0.993876869914579,86.251953125,0.993876869914579,99.3876869914579,True,0.08626389926715028,0.09764324380292994,0.15874911240543532,0.17781690011857712,,,,,,,,,,,,,,,,,,1936.0,0.0,[14000.0],0.0,"{""beam_width"": 25, ""expansion_width"": 64, ""label_pair_preprocessing_score_evaluations"": 1936, ""lookahead_enabled"": false, ""maximum_matching_length"": 201, ""positive_label_pair_types"": 44, ""state_pool_size"": 8239}"
partial_beam_width_rare_anchor,algorithm,rare_anchor_oracle,algorithm_grid,beam_width,100.0,partial_beam_width_rare_anchor,4,partial_B100,generic,False,"{""beam_balance_penalty"": 0.0, ""beam_candidate_future_weight"": 0.0, ""beam_expansion_width"": 64, ""beam_gap_penalty"": 0.0, ""beam_lookahead"": false, ""beam_n_restarts"": 1, ""beam_priority_future_weight"": 0.0, ""beam_priority_length_weight"": 0.0, ""beam_random_fraction"": 0.0, ""beam_rarity_weight"": 0.0, ""beam_symmetric"": false, ""beam_width"": 100, ""candidate_select_mode"": ""first"", ""method"": ""beam"", ""seed"": 0}",equality,2000,2000,4000000,957878,14000.0,14000.0,ok,,14000.0,2.0230072550475597e-06,8.247996447607875e-06,0.24054679000983015,0.24031749600544572,0.24125934700714424,0.24070787767414004,0.24043214300763793,0.2409030685084872,0.0004911545113757378,0.00022929400438442826,3.0,"[0.24125934700714424, 0.24054679000983015, 0.24031749600544572]",0.2405488130170852,3.0,1.0,14.0,1.0,1.0,1.0,1.0,beam_partial,2000.0,2000.0,0.0,0.0036571820091921836,0.23219573212554678,0.011560036859009415,2.6650086510926485e-06,0.2477637559932191,133419.0,19745.0,19745.0,,19745.0,14939.0,1653.0,100.0,20.0,1.0,1.0,14000.0,14.0,True,beam_fit,2000.0,2000.0,7.412018021568656e-06,0.0,0.0,0.0,0.0,7.412018021568656e-06,0.0,,,,,,,,,1.0,1.0,,,2.1370069589465857e-06,0.2435552240058314,0.24355736101279035,14000.0,14000.0,0.0,isolated,1,True,1200.0,1.7000092109956313,1.456546923989663,0.2434622870059684,154066944.0,146.9296875,resource.ru_maxrss_kib_converted_to_bytes,0.0,"{""BLIS_NUM_THREADS"": ""1"", ""MKL_DYNAMIC"": ""FALSE"", ""MKL_NUM_THREADS"": ""1"", ""NUMBA_NUM_THREADS"": ""1"", ""NUMEXPR_NUM_THREADS"": ""1"", ""OMP_DYNAMIC"": ""FALSE"", ""OMP_NUM_THREADS"": ""1"", ""OPENBLAS_NUM_THREADS"": ""1"", ""PYTHONHASHSEED"": ""0"", ""VECLIB_MAXIMUM_THREADS"": ""1""}",tree_tree,3,4,0,0.0721303500176873,44,14,14,14,187,143,medium,medium,30,zipf,1,inverse_sqrt,14,reserved,fast_dense,"Exact-oracle companion to the large rare-anchor stress regime. The score-only partial beam should preserve the delayed rare anchors and remain above the 99% quality floor, while local beams may prune the relevant branch; at this smaller scale the specialized dense exact method is still expected to be fastest.",200,200,29,29,5,6,14086.251953125,True,single_exact_result,1,0.0,0.014086251953125,0.993876869914579,86.251953125,0.993876869914579,99.3876869914579,True,0.06579961018543705,0.07447947382066862,0.12342769107516523,0.13857441245673907,,,,,,,,,,,,,,,,,,1936.0,0.0,[14000.0],0.0,"{""beam_width"": 100, ""expansion_width"": 64, ""label_pair_preprocessing_score_evaluations"": 1936, ""lookahead_enabled"": false, ""maximum_matching_length"": 201, ""positive_label_pair_types"": 44, ""state_pool_size"": 19746}"
partial_beam_width_rare_anchor,algorithm,rare_anchor_oracle,algorithm_grid,beam_width,200.0,partial_beam_width_rare_anchor,4,partial_B200,generic,False,"{""beam_balance_penalty"": 0.0, ""beam_candidate_future_weight"": 0.0, ""beam_expansion_width"": 64, ""beam_gap_penalty"": 0.0, ""beam_lookahead"": false, ""beam_n_restarts"": 1, ""beam_priority_future_weight"": 0.0, ""beam_priority_length_weight"": 0.0, ""beam_random_fraction"": 0.0, ""beam_rarity_weight"": 0.0, ""beam_symmetric"": false, ""beam_width"": 200, ""candidate_select_mode"": ""first"", ""method"": ""beam"", ""seed"": 0}",equality,2000,2000,4000000,957878,14000.0,14000.0,ok,,14000.0,1.7780112102627754e-06,9.461975423619151e-06,0.3145227229979355,0.3138215370127,0.31468499297625385,0.31434308432896313,0.31417213000531774,0.31460385798709467,0.0004589025918338305,0.00016226997831836343,3.0,"[0.3145227229979355, 0.3138215370127, 0.31468499297625385]",0.31452450100914575,3.0,1.0,14.0,1.0,1.0,1.0,1.0,beam_partial,2000.0,2000.0,0.0,0.004268266988219693,0.2978576238383539,0.021871473145438358,3.4320109989494085e-06,0.32451146401581354,158929.0,35761.0,35761.0,,35761.0,28403.0,3420.0,200.0,21.0,1.0,1.0,14000.0,14.0,True,beam_fit,2000.0,2000.0,8.238013833761215e-06,0.0,0.0,0.0,0.0,8.238013833761215e-06,0.0,,,,,,,,,1.0,1.0,,,2.0440202206373215e-06,0.31649065201054327,0.3164926960307639,14000.0,14000.0,0.0,isolated,1,True,1200.0,2.1479687099927105,1.899527677014703,0.24844103297800757,154066944.0,146.9296875,resource.ru_maxrss_kib_converted_to_bytes,0.0,"{""BLIS_NUM_THREADS"": ""1"", ""MKL_DYNAMIC"": ""FALSE"", ""MKL_NUM_THREADS"": ""1"", ""NUMBA_NUM_THREADS"": ""1"", ""NUMEXPR_NUM_THREADS"": ""1"", ""OMP_DYNAMIC"": ""FALSE"", ""OMP_NUM_THREADS"": ""1"", ""OPENBLAS_NUM_THREADS"": ""1"", ""PYTHONHASHSEED"": ""0"", ""VECLIB_MAXIMUM_THREADS"": ""1""}",tree_tree,4,5,0,0.0721303500176873,44,14,14,14,187,143,medium,medium,30,zipf,1,inverse_sqrt,14,reserved,fast_dense,"Exact-oracle companion to the large rare-anchor stress regime. The score-only partial beam should preserve the delayed rare anchors and remain above the 99% quality floor, while local beams may prune the relevant branch; at this smaller scale the specialized dense exact method is still expected to be fastest.",200,200,29,29,5,6,14086.251953125,True,single_exact_result,1,0.0,0.014086251953125,0.993876869914579,86.251953125,0.993876869914579,99.3876869914579,True,0.05032350242659224,0.05696201397416078,0.09579648963875051,0.10774863591489159,,,,,,,,,,,,,,,,,,1936.0,0.0,[14000.0],0.0,"{""beam_width"": 200, ""expansion_width"": 64, ""label_pair_preprocessing_score_evaluations"": 1936, ""lookahead_enabled"": false, ""maximum_matching_length"": 201, ""positive_label_pair_types"": 44, ""state_pool_size"": 35762}"
partial_beam_width_rare_anchor,algorithm,rare_anchor_oracle,algorithm_grid,beam_width,800.0,partial_beam_width_rare_anchor,4,partial_B800,generic,False,"{""beam_balance_penalty"": 0.0, ""beam_candidate_future_weight"": 0.0, ""beam_expansion_width"": 64, ""beam_gap_penalty"": 0.0, ""beam_lookahead"": false, ""beam_n_restarts"": 1, ""beam_priority_future_weight"": 0.0, ""beam_priority_length_weight"": 0.0, ""beam_random_fraction"": 0.0, ""beam_rarity_weight"": 0.0, ""beam_symmetric"": false, ""beam_width"": 800, ""candidate_select_mode"": ""first"", ""method"": ""beam"", ""seed"": 0}",equality,2000,2000,4000000,957878,14000.0,14000.0,ok,,14000.0,1.6200065147131681e-06,8.89599323272705e-06,0.6627418950083666,0.6601268909871578,0.6648848689801525,0.662584551658559,0.6614343929977622,0.6638133819942595,0.0023828882354722386,0.0021429739717859775,3.0,"[0.6648848689801525, 0.6601268909871578, 0.6627418950083666]",0.6627435150148813,3.0,1.0,14.0,1.0,1.0,1.0,1.0,beam_partial,2000.0,2000.0,0.0,0.0036551450029946864,0.6033354066021275,0.07004315638914704,7.044000085443258e-06,0.6788030700117815,264403.0,115837.0,115837.0,,115837.0,68392.0,13925.0,800.0,23.0,1.0,1.0,14000.0,14.0,True,beam_fit,2000.0,2000.0,7.907015969976783e-06,0.0,0.0,0.0,0.0,7.907015969976783e-06,0.0,,,,,,,,,1.0,1.0,,,2.24300310947001e-06,0.6645942920004018,0.6645965350035112,14000.0,14000.0,0.0,isolated,1,True,1200.0,4.254527833021712,4.00506219197996,0.24946564104175195,154066944.0,146.9296875,resource.ru_maxrss_kib_converted_to_bytes,0.0,"{""BLIS_NUM_THREADS"": ""1"", ""MKL_DYNAMIC"": ""FALSE"", ""MKL_NUM_THREADS"": ""1"", ""NUMBA_NUM_THREADS"": ""1"", ""NUMEXPR_NUM_THREADS"": ""1"", ""OMP_DYNAMIC"": ""FALSE"", ""OMP_NUM_THREADS"": ""1"", ""OPENBLAS_NUM_THREADS"": ""1"", ""PYTHONHASHSEED"": ""0"", ""VECLIB_MAXIMUM_THREADS"": ""1""}",tree_tree,6,6,0,0.0721303500176873,44,14,14,14,187,143,medium,medium,30,zipf,1,inverse_sqrt,14,reserved,fast_dense,"Exact-oracle companion to the large rare-anchor stress regime. The score-only partial beam should preserve the delayed rare anchors and remain above the 99% quality floor, while local beams may prune the relevant branch; at this smaller scale the specialized dense exact method is still expected to be fastest.",200,200,29,29,5,6,14086.251953125,True,single_exact_result,1,0.0,0.014086251953125,0.993876869914579,86.251953125,0.993876869914579,99.3876869914579,True,0.023882427130708542,0.02703300540224316,0.046644018858960974,0.05263437927902787,,,,,,,,,,,,,,,,,,1936.0,0.0,[14000.0],0.0,"{""beam_width"": 800, ""expansion_width"": 64, ""label_pair_preprocessing_score_evaluations"": 1936, ""lookahead_enabled"": false, ""maximum_matching_length"": 201, ""positive_label_pair_types"": 44, ""state_pool_size"": 115838}"
partial_expansion_rare_anchor,algorithm,rare_anchor_oracle,algorithm_grid,expansion_width,,partial_expansion_rare_anchor,0,fast_dense,fast_dense,True,{},equality,2000,2000,4000000,928904,14000.0,14110.021484375,ok,,14110.023986915778,0.0020205120090395212,0.002113497001118958,0.017914860014570877,0.017882952000945807,0.018072030012262985,0.01795661400925989,0.01789890600775834,0.01799344501341693,0.00010121843036365634,3.190801362507045e-05,3.0,"[0.017914860014570877, 0.017882952000945807, 0.018072030012262985]",0.019935372023610398,3.0,1.0,73.0,1.0,0.1917808219178082,1.0,1.0,fast_dense_equality,2000.0,2000.0,0.0,2.012099139392376e-05,0.0,0.02442391699878499,9.087298531085253e-05,0.024553116993047297,4000000.0,,,4000000.0,,,,,,1.0,1.0,14110.021484375,73.0,,fast_dense_fit,2000.0,2000.0,0.00211238200427033,0.0,0.0,0.0,0.0,0.00211238200427033,0.0,,,,,,,,,1.0,1.0,,,0.0020739860192406923,0.12651414799620397,0.12858813401544467,14110.021484375,14110.023986915778,0.0,isolated,1,True,1200.0,0.5122969380172435,0.22959541299496777,0.28270152502227575,220467200.0,210.25390625,resource.ru_maxrss_kib_converted_to_bytes,0.0,"{""BLIS_NUM_THREADS"": ""1"", ""MKL_DYNAMIC"": ""FALSE"", ""MKL_NUM_THREADS"": ""1"", ""NUMBA_NUM_THREADS"": ""1"", ""NUMEXPR_NUM_THREADS"": ""1"", ""OMP_DYNAMIC"": ""FALSE"", ""OMP_NUM_THREADS"": ""1"", ""OPENBLAS_NUM_THREADS"": ""1"", ""PYTHONHASHSEED"": ""0"", ""VECLIB_MAXIMUM_THREADS"": ""1""}",tree_tree,0,0,0,0.06798203199286945,44,14,14,14,153,174,medium,medium,30,zipf,1,inverse_sqrt,14,reserved,fast_dense,"Exact-oracle companion to the large rare-anchor stress regime. The score-only partial beam should preserve the delayed rare anchors and remain above the 99% quality floor, while local beams may prune the relevant branch; at this smaller scale the specialized dense exact method is still expected to be fastest.",200,200,24,32,5,7,14110.021484375,True,single_exact_result,1,0.0,0.014110021484374999,1.0,0.0,1.0,100.0,True,1.0,1.0,1.0,1.0,,,,,,,,,,,,,,,,,,,,,,
partial_expansion_rare_anchor,algorithm,rare_anchor_oracle,algorithm_grid,expansion_width,128.0,partial_expansion_rare_anchor,0,partial_E128,generic,False,"{""beam_balance_penalty"": 0.0, ""beam_candidate_future_weight"": 0.0, ""beam_expansion_width"": 128, ""beam_gap_penalty"": 0.0, ""beam_lookahead"": false, ""beam_n_restarts"": 1, ""beam_priority_future_weight"": 0.0, ""beam_priority_length_weight"": 0.0, ""beam_random_fraction"": 0.0, ""beam_rarity_weight"": 0.0, ""beam_symmetric"": false, ""beam_width"": 200, ""candidate_select_mode"": ""first"", ""method"": ""beam"", ""seed"": 0}",equality,2000,2000,4000000,928904,14000.0,14001.681792830508,ok,,14001.681792830508,1.581007381901145e-06,8.07098695077002e-06,0.31537709501571953,0.31409453801461495,0.31635754500166513,0.3152763926773332,0.31473581651516724,0.31586732000869233,0.001134859408286698,0.0009804499859455973,3.0,"[0.31409453801461495, 0.31635754500166513, 0.31537709501571953]",0.31537867602310143,3.0,1.0,15.0,1.0,0.9333333333333333,1.0,1.0,beam_partial,2000.0,2000.0,0.0,0.004177535010967404,0.2944539134623483,0.024777700542472303,3.0130031518638134e-06,0.3239216070214752,153930.0,44904.0,44904.0,,44904.0,28362.0,3529.0,200.0,22.0,1.0,1.0,14001.681792830508,15.0,True,beam_fit,2000.0,2000.0,7.032009307295084e-06,0.0,0.0,0.0,0.0,7.032009307295084e-06,0.0,,,,,,,,,1.0,1.0,,,2.4449836928397417e-06,0.31457348199910484,0.3145759269827977,14001.681792830508,14001.681792830508,0.0,isolated,1,True,1200.0,2.1441267440095544,1.8978476010088343,0.24627914300072007,154066944.0,146.9296875,resource.ru_maxrss_kib_converted_to_bytes,0.0,"{""BLIS_NUM_THREADS"": ""1"", ""MKL_DYNAMIC"": ""FALSE"", ""MKL_NUM_THREADS"": ""1"", ""NUMBA_NUM_THREADS"": ""1"", ""NUMEXPR_NUM_THREADS"": ""1"", ""OMP_DYNAMIC"": ""FALSE"", ""OMP_NUM_THREADS"": ""1"", ""OPENBLAS_NUM_THREADS"": ""1"", ""PYTHONHASHSEED"": ""0"", ""VECLIB_MAXIMUM_THREADS"": ""1""}",tree_tree,4,1,0,0.06798203199286945,44,14,14,14,153,174,medium,medium,30,zipf,1,inverse_sqrt,14,reserved,fast_dense,"Exact-oracle companion to the large rare-anchor stress regime. The score-only partial beam should preserve the delayed rare anchors and remain above the 99% quality floor, while local beams may prune the relevant branch; at this smaller scale the specialized dense exact method is still expected to be fastest.",200,200,24,32,5,7,14110.021484375,True,single_exact_result,1,0.0,0.014110021484374999,0.99232179117059,108.33969154449187,0.99232179117059,99.232179117059,True,0.05680456918939511,0.06321090656791943,0.10745781247046858,0.11885100321645144,,,,,,,,,,,,,,,,,,1936.0,0.0,[14001.681792830508],0.0,"{""beam_width"": 200, ""expansion_width"": 128, ""label_pair_preprocessing_score_evaluations"": 1936, ""lookahead_enabled"": false, ""maximum_matching_length"": 201, ""positive_label_pair_types"": 44, ""state_pool_size"": 44905}"
partial_expansion_rare_anchor,algorithm,rare_anchor_oracle,algorithm_grid,expansion_width,64.0,partial_expansion_rare_anchor,0,partial_E64,generic,False,"{""beam_balance_penalty"": 0.0, ""beam_candidate_future_weight"": 0.0, ""beam_expansion_width"": 64, ""beam_gap_penalty"": 0.0, ""beam_lookahead"": false, ""beam_n_restarts"": 1, ""beam_priority_future_weight"": 0.0, ""beam_priority_length_weight"": 0.0, ""beam_random_fraction"": 0.0, ""beam_rarity_weight"": 0.0, ""beam_symmetric"": false, ""beam_width"": 200, ""candidate_select_mode"": ""first"", ""method"": ""beam"", ""seed"": 0}",equality,2000,2000,4000000,928904,14000.0,14003.363585661016,ok,,14003.363585661014,1.6170088201761246e-06,9.4299903139472e-06,0.29002456000307575,0.28988790200673975,0.2904063180030789,0.2901062600042981,0.28995623100490775,0.29021543900307734,0.00026869118698775416,0.00013665799633599818,3.0,"[0.29002456000307575, 0.2904063180030789, 0.28988790200673975]",0.2900261770118959,3.0,1.0,16.0,1.0,0.875,1.0,1.0,beam_partial,2000.0,2000.0,0.0,0.004361910978332162,0.27613598032621667,0.019323696673382074,3.5190023481845856e-06,0.30023811198771,146193.0,32272.0,32272.0,,32272.0,22257.0,3463.0,200.0,22.0,1.0,1.0,14003.363585661016,16.0,True,beam_fit,2000.0,2000.0,8.181988960132003e-06,0.0,0.0,0.0,0.0,8.181988960132003e-06,0.0,,,,,,,,,1.0,1.0,,,1.8659920897334814e-06,0.2942746290063951,0.29427649499848485,14003.363585661016,14003.363585661014,0.0,isolated,1,True,1200.0,2.0030319149955176,1.75607532900176,0.24695658599375747,154066944.0,146.9296875,resource.ru_maxrss_kib_converted_to_bytes,0.0,"{""BLIS_NUM_THREADS"": ""1"", ""MKL_DYNAMIC"": ""FALSE"", ""MKL_NUM_THREADS"": ""1"", ""NUMBA_NUM_THREADS"": ""1"", ""NUMEXPR_NUM_THREADS"": ""1"", ""OMP_DYNAMIC"": ""FALSE"", ""OMP_NUM_THREADS"": ""1"", ""OPENBLAS_NUM_THREADS"": ""1"", ""PYTHONHASHSEED"": ""0"", ""VECLIB_MAXIMUM_THREADS"": ""1""}",tree_tree,3,2,0,0.06798203199286945,44,14,14,14,153,174,medium,medium,30,zipf,1,inverse_sqrt,14,reserved,fast_dense,"Exact-oracle companion to the large rare-anchor stress regime. The score-only partial beam should preserve the delayed rare anchors and remain above the 99% quality floor, while local beams may prune the relevant branch; at this smaller scale the specialized dense exact method is still expected to be fastest.",200,200,24,32,5,7,14110.021484375,True,single_exact_result,1,0.0,0.014110021484374999,0.992440982543358,106.65789871398374,0.992440982543358,99.2440982543358,True,0.061770148067394316,0.06873645761566106,0.11630161105268882,0.12856827699317497,,,,,,,,,,,,,,,,,,1936.0,0.0,[14003.363585661016],0.0,"{""beam_width"": 200, ""expansion_width"": 64, ""label_pair_preprocessing_score_evaluations"": 1936, ""lookahead_enabled"": false, ""maximum_matching_length"": 201, ""positive_label_pair_types"": 44, ""state_pool_size"": 32273}"
partial_expansion_rare_anchor,algorithm,rare_anchor_oracle,algorithm_grid,expansion_width,16.0,partial_expansion_rare_anchor,0,partial_E16,generic,False,"{""beam_balance_penalty"": 0.0, ""beam_candidate_future_weight"": 0.0, ""beam_expansion_width"": 16, ""beam_gap_penalty"": 0.0, ""beam_lookahead"": false, ""beam_n_restarts"": 1, ""beam_priority_future_weight"": 0.0, ""beam_priority_length_weight"": 0.0, ""beam_random_fraction"": 0.0, ""beam_rarity_weight"": 0.0, ""beam_symmetric"": false, ""beam_width"": 200, ""candidate_select_mode"": ""first"", ""method"": ""beam"", ""seed"": 0}",equality,2000,2000,4000000,928904,14000.0,14000.0,ok,,14000.0,2.0309817045927048e-06,8.426024578511715e-06,0.21994160101166926,0.21981542799039744,0.21999408397823572,0.21991703766010082,0.21987851450103335,0.2199678424949525,9.182597224001963e-05,5.2482966566458344e-05,3.0,"[0.21999408397823572, 0.21994160101166926, 0.21981542799039744]",0.21994363199337386,3.0,1.0,14.0,1.0,1.0,1.0,1.0,beam_partial,2000.0,2000.0,0.0,0.0036104640166740865,0.22008859424386173,0.00525959677179344,2.4120090529322624e-06,0.22917274897918105,116820.0,7140.0,7140.0,,7140.0,4661.0,2918.0,200.0,20.0,1.0,1.0,14000.0,14.0,True,beam_fit,2000.0,2000.0,7.318973075598478e-06,0.0,0.0,0.0,0.0,7.318973075598478e-06,0.0,,,,,,,,,1.0,1.0,,,1.9449798855930567e-06,0.2332135409815237,0.23321548596140929,14000.0,14000.0,0.0,isolated,1,True,1200.0,1.5921391310112085,1.3435513240110595,0.24858780700014904,154066944.0,146.9296875,resource.ru_maxrss_kib_converted_to_bytes,0.0,"{""BLIS_NUM_THREADS"": ""1"", ""MKL_DYNAMIC"": ""FALSE"", ""MKL_NUM_THREADS"": ""1"", ""NUMBA_NUM_THREADS"": ""1"", ""NUMEXPR_NUM_THREADS"": ""1"", ""OMP_DYNAMIC"": ""FALSE"", ""OMP_NUM_THREADS"": ""1"", ""OPENBLAS_NUM_THREADS"": ""1"", ""PYTHONHASHSEED"": ""0"", ""VECLIB_MAXIMUM_THREADS"": ""1""}",tree_tree,1,3,0,0.06798203199286945,44,14,14,14,153,174,medium,medium,30,zipf,1,inverse_sqrt,14,reserved,fast_dense,"Exact-oracle companion to the large rare-anchor stress regime. The score-only partial beam should preserve the delayed rare anchors and remain above the 99% quality floor, while local beams may prune the relevant branch; at this smaller scale the specialized dense exact method is still expected to be fastest.",200,200,24,32,5,7,14110.021484375,True,single_exact_result,1,0.0,0.014110021484374999,0.9922025997978221,110.021484375,0.9922025997978221,99.22025997978221,True,0.08145280352678884,0.09063855062742159,0.1505467828315237,0.16610341330141912,,,,,,,,,,,,,,,,,,1936.0,0.0,[14000.0],0.0,"{""beam_width"": 200, ""expansion_width"": 16, ""label_pair_preprocessing_score_evaluations"": 1936, ""lookahead_enabled"": false, ""maximum_matching_length"": 201, ""positive_label_pair_types"": 44, ""state_pool_size"": 7141}"
partial_expansion_rare_anchor,algorithm,rare_anchor_oracle,algorithm_grid,expansion_width,32.0,partial_expansion_rare_anchor,0,partial_E32,generic,False,"{""beam_balance_penalty"": 0.0, ""beam_candidate_future_weight"": 0.0, ""beam_expansion_width"": 32, ""beam_gap_penalty"": 0.0, ""beam_lookahead"": false, ""beam_n_restarts"": 1, ""beam_priority_future_weight"": 0.0, ""beam_priority_length_weight"": 0.0, ""beam_random_fraction"": 0.0, ""beam_rarity_weight"": 0.0, ""beam_symmetric"": false, ""beam_width"": 200, ""candidate_select_mode"": ""first"", ""method"": ""beam"", ""seed"": 0}",equality,2000,2000,4000000,928904,14000.0,14000.0,ok,,14000.0,1.9529834389686584e-06,8.73900717124343e-06,0.24928947500302456,0.2491371119976975,0.24975732900202274,0.2493946386675816,0.24921329350036103,0.24952340200252365,0.00032320555436261166,0.00015236300532706082,3.0,"[0.2491371119976975, 0.24928947500302456, 0.24975732900202274]",0.24929142798646353,3.0,1.0,14.0,1.0,1.0,1.0,1.0,beam_partial,2000.0,2000.0,0.0,0.00431773200398311,0.24191542260814458,0.010837029403774068,3.088003722950816e-06,0.2573950469959527,127966.0,16451.0,16451.0,,16451.0,12216.0,3253.0,200.0,22.0,1.0,1.0,14000.0,14.0,True,beam_fit,2000.0,2000.0,7.738999556750059e-06,0.0,0.0,0.0,0.0,7.738999556750059e-06,0.0,,,,,,,,,1.0,1.0,,,2.173997927457094e-06,0.2523356949968729,0.2523378689948004,14000.0,14000.0,0.0,isolated,1,True,1200.0,1.7512682719971053,1.5065928990079556,0.24467537298914976,154066944.0,146.9296875,resource.ru_maxrss_kib_converted_to_bytes,0.0,"{""BLIS_NUM_THREADS"": ""1"", ""MKL_DYNAMIC"": ""FALSE"", ""MKL_NUM_THREADS"": ""1"", ""NUMBA_NUM_THREADS"": ""1"", ""NUMEXPR_NUM_THREADS"": ""1"", ""OMP_DYNAMIC"": ""FALSE"", ""OMP_NUM_THREADS"": ""1"", ""OPENBLAS_NUM_THREADS"": ""1"", ""PYTHONHASHSEED"": ""0"", ""VECLIB_MAXIMUM_THREADS"": ""1""}",tree_tree,2,4,0,0.06798203199286945,44,14,14,14,153,174,medium,medium,30,zipf,1,inverse_sqrt,14,reserved,fast_dense,"Exact-oracle companion to the large rare-anchor stress regime. The score-only partial beam should preserve the delayed rare anchors and remain above the 99% quality floor, while local beams may prune the relevant branch; at this smaller scale the specialized dense exact method is still expected to be fastest.",200,200,24,32,5,7,14110.021484375,True,single_exact_result,1,0.0,0.014110021484374999,0.9922025997978221,110.021484375,0.9922025997978221,99.22025997978221,True,0.07186368383323652,0.07996814084073875,0.13402047415141827,0.1480073914270847,,,,,,,,,,,,,,,,,,1936.0,0.0,[14000.0],0.0,"{""beam_width"": 200, ""expansion_width"": 32, ""label_pair_preprocessing_score_evaluations"": 1936, ""lookahead_enabled"": false, ""maximum_matching_length"": 201, ""positive_label_pair_types"": 44, ""state_pool_size"": 16452}"
partial_expansion_rare_anchor,algorithm,rare_anchor_oracle,algorithm_grid,expansion_width,256.0,partial_expansion_rare_anchor,0,partial_E256,generic,False,"{""beam_balance_penalty"": 0.0, ""beam_candidate_future_weight"": 0.0, ""beam_expansion_width"": 256, ""beam_gap_penalty"": 0.0, ""beam_lookahead"": false, ""beam_n_restarts"": 1, ""beam_priority_future_weight"": 0.0, ""beam_priority_length_weight"": 0.0, ""beam_random_fraction"": 0.0, ""beam_rarity_weight"": 0.0, ""beam_symmetric"": false, ""beam_width"": 200, ""candidate_select_mode"": ""first"", ""method"": ""beam"", ""seed"": 0}",equality,2000,2000,4000000,928904,14000.0,14005.02549435539,ok,,14005.02549435539,1.7730053514242172e-06,9.158015018329024e-06,0.37456330499844626,0.3744747430027928,0.3746427500154823,0.3745602660055738,0.37451902400061954,0.3746030275069643,8.404472432265124e-05,7.944501703605056e-05,3.0,"[0.3746427500154823, 0.3744747430027928, 0.37456330499844626]",0.3745650780037977,3.0,1.0,16.0,1.0,0.875,1.0,1.0,beam_partial,2000.0,2000.0,0.0,0.0036882540152873844,0.3432099586352706,0.039371780352666974,4.431989509612322e-06,0.38711818898445927,175480.0,78896.0,78896.0,,78896.0,44410.0,3801.0,200.0,23.0,1.0,1.0,14005.02549435539,16.0,True,beam_fit,2000.0,2000.0,8.242990588769317e-06,0.0,0.0,0.0,0.0,8.242990588769317e-06,0.0,,,,,,,,,1.0,1.0,,,2.475018845871091e-06,0.3766984649992082,0.3767009400180541,14005.02549435539,14005.02549435539,0.0,isolated,1,True,1200.0,2.51429039001232,2.262378904997604,0.25191148501471616,154066944.0,146.9296875,resource.ru_maxrss_kib_converted_to_bytes,0.0,"{""BLIS_NUM_THREADS"": ""1"", ""MKL_DYNAMIC"": ""FALSE"", ""MKL_NUM_THREADS"": ""1"", ""NUMBA_NUM_THREADS"": ""1"", ""NUMEXPR_NUM_THREADS"": ""1"", ""OMP_DYNAMIC"": ""FALSE"", ""OMP_NUM_THREADS"": ""1"", ""OPENBLAS_NUM_THREADS"": ""1"", ""PYTHONHASHSEED"": ""0"", ""VECLIB_MAXIMUM_THREADS"": ""1""}",tree_tree,5,5,0,0.06798203199286945,44,14,14,14,153,174,medium,medium,30,zipf,1,inverse_sqrt,14,reserved,fast_dense,"Exact-oracle companion to the large rare-anchor stress regime. The score-only partial beam should preserve the delayed rare anchors and remain above the 99% quality floor, while local beams may prune the relevant branch; at this smaller scale the specialized dense exact method is still expected to be fastest.",200,200,24,32,5,7,14110.021484375,True,single_exact_result,1,0.0,0.014110021484374999,0.9925587646952998,104.99599001960996,0.9925587646952998,99.25587646952998,True,0.0478286574672476,0.053222719346538425,0.09125975989607626,0.10102813517821166,,,,,,,,,,,,,,,,,,1936.0,0.0,[14005.02549435539],0.0,"{""beam_width"": 200, ""expansion_width"": 256, ""label_pair_preprocessing_score_evaluations"": 1936, ""lookahead_enabled"": false, ""maximum_matching_length"": 201, ""positive_label_pair_types"": 44, ""state_pool_size"": 78897}"
partial_expansion_rare_anchor,algorithm,rare_anchor_oracle,algorithm_grid,expansion_width,128.0,partial_expansion_rare_anchor,1,partial_E128,generic,False,"{""beam_balance_penalty"": 0.0, ""beam_candidate_future_weight"": 0.0, ""beam_expansion_width"": 128, ""beam_gap_penalty"": 0.0, ""beam_lookahead"": false, ""beam_n_restarts"": 1, ""beam_priority_future_weight"": 0.0, ""beam_priority_length_weight"": 0.0, ""beam_random_fraction"": 0.0, ""beam_rarity_weight"": 0.0, ""beam_symmetric"": false, ""beam_width"": 200, ""candidate_select_mode"": ""first"", ""method"": ""beam"", ""seed"": 0}",equality,2000,2000,4000000,923715,14000.0,14006.0,ok,,14006.0,1.601001713424921e-06,8.507980965077877e-06,0.3137230290158186,0.3131754100031685,0.31438762502511963,0.3137620213480356,0.31344921950949356,0.3140553270204691,0.0006070474580622013,0.0005476190126501024,3.0,"[0.3131754100031685, 0.31438762502511963, 0.3137230290158186]",0.31372463001753204,3.0,1.0,20.0,1.0,0.7,1.0,1.0,beam_partial,2000.0,2000.0,0.0,0.0042197119910269976,0.29156342055648565,0.025879468448692933,4.369998350739479e-06,0.32233311000163667,144758.0,48936.0,48936.0,,48936.0,28106.0,4298.0,200.0,25.0,1.0,1.0,14006.0,20.0,True,beam_fit,2000.0,2000.0,7.65701406635344e-06,0.0,0.0,0.0,0.0,7.65701406635344e-06,0.0,,,,,,,,,1.0,1.0,,,2.1109881345182657e-06,0.31336817899136804,0.31337028997950256,14006.0,14006.0,0.0,isolated,1,True,1200.0,2.136383895005565,1.890874442004133,0.24550945300143212,154066944.0,146.9296875,resource.ru_maxrss_kib_converted_to_bytes,0.0,"{""BLIS_NUM_THREADS"": ""1"", ""MKL_DYNAMIC"": ""FALSE"", ""MKL_NUM_THREADS"": ""1"", ""NUMBA_NUM_THREADS"": ""1"", ""NUMEXPR_NUM_THREADS"": ""1"", ""OMP_DYNAMIC"": ""FALSE"", ""OMP_NUM_THREADS"": ""1"", ""OPENBLAS_NUM_THREADS"": ""1"", ""PYTHONHASHSEED"": ""0"", ""VECLIB_MAXIMUM_THREADS"": ""1""}",tree_tree,4,0,0,0.06880661100149155,44,14,14,14,200,139,medium,medium,30,zipf,1,inverse_sqrt,14,reserved,fast_dense,"Exact-oracle companion to the large rare-anchor stress regime. The score-only partial beam should preserve the delayed rare anchors and remain above the 99% quality floor, while local beams may prune the relevant branch; at this smaller scale the specialized dense exact method is still expected to be fastest.",200,200,27,31,7,5,14115.630859375,True,single_exact_result,1,0.0,0.014115630859374999,0.9922333716100129,109.630859375,0.9922333716100129,99.2233371610013,True,0.049388733262737794,0.05590710237540139,0.09409391197745483,0.10585011086531639,,,,,,,,,,,,,,,,,,1936.0,0.0,[14006.0],0.0,"{""beam_width"": 200, ""expansion_width"": 128, ""label_pair_preprocessing_score_evaluations"": 1936, ""lookahead_enabled"": false, ""maximum_matching_length"": 201, ""positive_label_pair_types"": 44, ""state_pool_size"": 48937}"
partial_expansion_rare_anchor,algorithm,rare_anchor_oracle,algorithm_grid,expansion_width,64.0,partial_expansion_rare_anchor,1,partial_E64,generic,False,"{""beam_balance_penalty"": 0.0, ""beam_candidate_future_weight"": 0.0, ""beam_expansion_width"": 64, ""beam_gap_penalty"": 0.0, ""beam_lookahead"": false, ""beam_n_restarts"": 1, ""beam_priority_future_weight"": 0.0, ""beam_priority_length_weight"": 0.0, ""beam_random_fraction"": 0.0, ""beam_rarity_weight"": 0.0, ""beam_symmetric"": false, ""beam_width"": 200, ""candidate_select_mode"": ""first"", ""method"": ""beam"", ""seed"": 0}",equality,2000,2000,4000000,923715,14000.0,14006.0,ok,,14006.0,1.7920101527124643e-06,7.833994459360838e-06,0.2844506739929784,0.28433376798057,0.28534114599460736,0.28470852932271856,0.2843922209867742,0.2848959099937929,0.0005509715456337435,0.00011690601240843534,3.0,"[0.28433376798057, 0.28534114599460736, 0.2844506739929784]",0.2844524660031311,3.0,1.0,20.0,1.0,0.7,1.0,1.0,beam_partial,2000.0,2000.0,0.0,0.004311162017984316,0.268944155133795,0.019304945861222222,5.0679955165833235e-06,0.29314148900448345,135299.0,35013.0,35013.0,,35013.0,20344.0,4042.0,200.0,24.0,1.0,1.0,14006.0,20.0,True,beam_fit,2000.0,2000.0,6.927002687007189e-06,0.0,0.0,0.0,0.0,6.927002687007189e-06,0.0,,,,,,,,,1.0,1.0,,,2.1710002329200506e-06,0.28749755999888293,0.28749973099911585,14006.0,14006.0,0.0,isolated,1,True,1200.0,1.9720047539740335,1.7197974000009708,0.2522073539730627,154066944.0,146.9296875,resource.ru_maxrss_kib_converted_to_bytes,0.0,"{""BLIS_NUM_THREADS"": ""1"", ""MKL_DYNAMIC"": ""FALSE"", ""MKL_NUM_THREADS"": ""1"", ""NUMBA_NUM_THREADS"": ""1"", ""NUMEXPR_NUM_THREADS"": ""1"", ""OMP_DYNAMIC"": ""FALSE"", ""OMP_NUM_THREADS"": ""1"", ""OPENBLAS_NUM_THREADS"": ""1"", ""PYTHONHASHSEED"": ""0"", ""VECLIB_MAXIMUM_THREADS"": ""1""}",tree_tree,3,1,0,0.06880661100149155,44,14,14,14,200,139,medium,medium,30,zipf,1,inverse_sqrt,14,reserved,fast_dense,"Exact-oracle companion to the large rare-anchor stress regime. The score-only partial beam should preserve the delayed rare anchors and remain above the 99% quality floor, while local beams may prune the relevant branch; at this smaller scale the specialized dense exact method is still expected to be fastest.",200,200,27,31,7,5,14115.630859375,True,single_exact_result,1,0.0,0.014115630859374999,0.9922333716100129,109.630859375,0.9922333716100129,99.2233371610013,True,0.0544712472673659,0.061660337329900394,0.1032730502132864,0.11610553110711472,,,,,,,,,,,,,,,,,,1936.0,0.0,[14006.0],0.0,"{""beam_width"": 200, ""expansion_width"": 64, ""label_pair_preprocessing_score_evaluations"": 1936, ""lookahead_enabled"": false, ""maximum_matching_length"": 201, ""positive_label_pair_types"": 44, ""state_pool_size"": 35014}"
partial_expansion_rare_anchor,algorithm,rare_anchor_oracle,algorithm_grid,expansion_width,16.0,partial_expansion_rare_anchor,1,partial_E16,generic,False,"{""beam_balance_penalty"": 0.0, ""beam_candidate_future_weight"": 0.0, ""beam_expansion_width"": 16, ""beam_gap_penalty"": 0.0, ""beam_lookahead"": false, ""beam_n_restarts"": 1, ""beam_priority_future_weight"": 0.0, ""beam_priority_length_weight"": 0.0, ""beam_random_fraction"": 0.0, ""beam_rarity_weight"": 0.0, ""beam_symmetric"": false, ""beam_width"": 200, ""candidate_select_mode"": ""first"", ""method"": ""beam"", ""seed"": 0}",equality,2000,2000,4000000,923715,14000.0,14000.0,ok,,14000.0,2.168992068618536e-06,8.302013156935573e-06,0.21025011700112373,0.2101110299990978,0.21033905798685737,0.21023340166235963,0.21018057350011077,0.21029458749399055,0.00011492929440711494,8.894098573364317e-05,3.0,"[0.21025011700112373, 0.2101110299990978, 0.21033905798685737]",0.21025228599319234,3.0,1.0,14.0,1.0,1.0,1.0,1.0,beam_partial,2000.0,2000.0,0.0,0.003616772999521345,0.20608367360546254,0.006595170387299731,2.307991962879896e-06,0.21655089998967014,110658.0,9858.0,9858.0,,9858.0,6616.0,2748.0,200.0,18.0,1.0,1.0,14000.0,14.0,True,beam_fit,2000.0,2000.0,7.391005055978894e-06,0.0,0.0,0.0,0.0,7.391005055978894e-06,0.0,,,,,,,,,1.0,1.0,,,2.416985807940364e-06,0.21081574898562394,0.21081816597143188,14000.0,14000.0,0.0,isolated,1,True,1200.0,1.5137425969878677,1.2688039450149518,0.24493865197291598,154066944.0,146.9296875,resource.ru_maxrss_kib_converted_to_bytes,0.0,"{""BLIS_NUM_THREADS"": ""1"", ""MKL_DYNAMIC"": ""FALSE"", ""MKL_NUM_THREADS"": ""1"", ""NUMBA_NUM_THREADS"": ""1"", ""NUMEXPR_NUM_THREADS"": ""1"", ""OMP_DYNAMIC"": ""FALSE"", ""OMP_NUM_THREADS"": ""1"", ""OPENBLAS_NUM_THREADS"": ""1"", ""PYTHONHASHSEED"": ""0"", ""VECLIB_MAXIMUM_THREADS"": ""1""}",tree_tree,1,2,0,0.06880661100149155,44,14,14,14,200,139,medium,medium,30,zipf,1,inverse_sqrt,14,reserved,fast_dense,"Exact-oracle companion to the large rare-anchor stress regime. The score-only partial beam should preserve the delayed rare anchors and remain above the 99% quality floor, while local beams may prune the relevant branch; at this smaller scale the specialized dense exact method is still expected to be fastest.",200,200,27,31,7,5,14115.630859375,True,single_exact_result,1,0.0,0.014115630859374999,0.9918083109053392,115.630859375,0.9918083109053392,99.18083109053391,True,0.07369500297760881,0.08342090039697828,0.13719585002326076,0.15389749729123872,,,,,,,,,,,,,,,,,,1936.0,0.0,[14000.0],0.0,"{""beam_width"": 200, ""expansion_width"": 16, ""label_pair_preprocessing_score_evaluations"": 1936, ""lookahead_enabled"": false, ""maximum_matching_length"": 201, ""positive_label_pair_types"": 44, ""state_pool_size"": 9859}"
partial_expansion_rare_anchor,algorithm,rare_anchor_oracle,algorithm_grid,expansion_width,32.0,partial_expansion_rare_anchor,1,partial_E32,generic,False,"{""beam_balance_penalty"": 0.0, ""beam_candidate_future_weight"": 0.0, ""beam_expansion_width"": 32, ""beam_gap_penalty"": 0.0, ""beam_lookahead"": false, ""beam_n_restarts"": 1, ""beam_priority_future_weight"": 0.0, ""beam_priority_length_weight"": 0.0, ""beam_random_fraction"": 0.0, ""beam_rarity_weight"": 0.0, ""beam_symmetric"": false, ""beam_width"": 200, ""candidate_select_mode"": ""first"", ""method"": ""beam"", ""seed"": 0}",equality,2000,2000,4000000,923715,14000.0,14006.0,ok,,14006.0,1.468986738473177e-06,6.971997208893299e-06,0.2304586760001257,0.22937731799902394,0.23164158200961538,0.230492525336255,0.22991799699957483,0.23105012900487054,0.0011325114615676945,0.001081358001101762,3.0,"[0.22937731799902394, 0.2304586760001257, 0.23164158200961538]",0.23046014498686418,3.0,1.0,20.0,1.0,0.7,1.0,1.0,beam_partial,2000.0,2000.0,0.0,0.0036326179979369044,0.2221813739161007,0.01053646908258088,3.289984306320548e-06,0.2366579100198578,116691.0,16496.0,16496.0,,16496.0,11611.0,3054.0,200.0,21.0,1.0,1.0,14006.0,20.0,True,beam_fit,2000.0,2000.0,6.0130259953439236e-06,0.0,0.0,0.0,0.0,6.0130259953439236e-06,0.0,,,,,,,,,1.0,1.0,,,2.2579915821552277e-06,0.23209246000624262,0.23209471799782477,14006.0,14006.0,0.0,isolated,1,True,1200.0,1.6398774070257787,1.3917655109835323,0.24811189604224637,154066944.0,146.9296875,resource.ru_maxrss_kib_converted_to_bytes,0.0,"{""BLIS_NUM_THREADS"": ""1"", ""MKL_DYNAMIC"": ""FALSE"", ""MKL_NUM_THREADS"": ""1"", ""NUMBA_NUM_THREADS"": ""1"", ""NUMEXPR_NUM_THREADS"": ""1"", ""OMP_DYNAMIC"": ""FALSE"", ""OMP_NUM_THREADS"": ""1"", ""OPENBLAS_NUM_THREADS"": ""1"", ""PYTHONHASHSEED"": ""0"", ""VECLIB_MAXIMUM_THREADS"": ""1""}",tree_tree,2,3,0,0.06880661100149155,44,14,14,14,200,139,medium,medium,30,zipf,1,inverse_sqrt,14,reserved,fast_dense,"Exact-oracle companion to the large rare-anchor stress regime. The score-only partial beam should preserve the delayed rare anchors and remain above the 99% quality floor, while local beams may prune the relevant branch; at this smaller scale the specialized dense exact method is still expected to be fastest.",200,200,27,31,7,5,14115.630859375,True,single_exact_result,1,0.0,0.014115630859374999,0.9922333716100129,109.630859375,0.9922333716100129,99.2233371610013,True,0.06723280402093416,0.07610615279737329,0.1259325372549215,0.14136903646299737,,,,,,,,,,,,,,,,,,1936.0,0.0,[14006.0],0.0,"{""beam_width"": 200, ""expansion_width"": 32, ""label_pair_preprocessing_score_evaluations"": 1936, ""lookahead_enabled"": false, ""maximum_matching_length"": 201, ""positive_label_pair_types"": 44, ""state_pool_size"": 16497}"
partial_expansion_rare_anchor,algorithm,rare_anchor_oracle,algorithm_grid,expansion_width,256.0,partial_expansion_rare_anchor,1,partial_E256,generic,False,"{""beam_balance_penalty"": 0.0, ""beam_candidate_future_weight"": 0.0, ""beam_expansion_width"": 256, ""beam_gap_penalty"": 0.0, ""beam_lookahead"": false, ""beam_n_restarts"": 1, ""beam_priority_future_weight"": 0.0, ""beam_priority_length_weight"": 0.0, ""beam_random_fraction"": 0.0, ""beam_rarity_weight"": 0.0, ""beam_symmetric"": false, ""beam_width"": 200, ""candidate_select_mode"": ""first"", ""method"": ""beam"", ""seed"": 0}",equality,2000,2000,4000000,923715,14000.0,14006.0,ok,,14006.0,1.787993824109435e-06,8.41100700199604e-06,0.3788193929940462,0.3781393429962918,0.37952231100643985,0.3788270156655926,0.378479367995169,0.37917085200024303,0.0006915155154545205,0.000680049997754395,3.0,"[0.3781393429962918, 0.3788193929940462, 0.37952231100643985]",0.3788211809878703,3.0,1.0,20.0,1.0,0.7,1.0,1.0,beam_partial,2000.0,2000.0,0.0,0.0036274629819672555,0.3464538505359087,0.03944608144229278,4.492001608014107e-06,0.39037829998414963,175317.0,78956.0,78956.0,,78956.0,44711.0,4370.0,200.0,25.0,1.0,1.0,14006.0,20.0,True,beam_fit,2000.0,2000.0,7.299007847905159e-06,0.0,0.0,0.0,0.0,7.299007847905159e-06,0.0,,,,,,,,,1.0,1.0,,,2.2399763111025095e-06,0.3809287449985277,0.3809309849748388,14006.0,14006.0,0.0,isolated,1,True,1200.0,2.5364773990004323,2.2862654049822595,0.25021199401817285,154066944.0,146.9296875,resource.ru_maxrss_kib_converted_to_bytes,0.0,"{""BLIS_NUM_THREADS"": ""1"", ""MKL_DYNAMIC"": ""FALSE"", ""MKL_NUM_THREADS"": ""1"", ""NUMBA_NUM_THREADS"": ""1"", ""NUMEXPR_NUM_THREADS"": ""1"", ""OMP_DYNAMIC"": ""FALSE"", ""OMP_NUM_THREADS"": ""1"", ""OPENBLAS_NUM_THREADS"": ""1"", ""PYTHONHASHSEED"": ""0"", ""VECLIB_MAXIMUM_THREADS"": ""1""}",tree_tree,5,4,0,0.06880661100149155,44,14,14,14,200,139,medium,medium,30,zipf,1,inverse_sqrt,14,reserved,fast_dense,"Exact-oracle companion to the large rare-anchor stress regime. The score-only partial beam should preserve the delayed rare anchors and remain above the 99% quality floor, while local beams may prune the relevant branch; at this smaller scale the specialized dense exact method is still expected to be fastest.",200,200,27,31,7,5,14115.630859375,True,single_exact_result,1,0.0,0.014115630859374999,0.9922333716100129,109.630859375,0.9922333716100129,99.2233371610013,True,0.040901768190848495,0.04630003782348351,0.07856493849321482,0.08847176646984513,,,,,,,,,,,,,,,,,,1936.0,0.0,[14006.0],0.0,"{""beam_width"": 200, ""expansion_width"": 256, ""label_pair_preprocessing_score_evaluations"": 1936, ""lookahead_enabled"": false, ""maximum_matching_length"": 201, ""positive_label_pair_types"": 44, ""state_pool_size"": 78957}"
partial_expansion_rare_anchor,algorithm,rare_anchor_oracle,algorithm_grid,expansion_width,,partial_expansion_rare_anchor,1,fast_dense,fast_dense,True,{},equality,2000,2000,4000000,923715,14000.0,14115.630859375,ok,,14115.63249043761,0.0020450520096346736,0.0020606789912562817,0.015494382998440415,0.015453211002750322,0.01550033999956213,0.015482644666917622,0.015473797000595368,0.015497361499001272,2.5663727424637125e-05,5.957001121714711e-06,3.0,"[0.01550033999956213, 0.015453211002750322, 0.015494382998440415]",0.017539435008075088,3.0,1.0,86.0,1.0,0.16279069767441862,1.0,1.0,fast_dense_equality,2000.0,2000.0,0.0,2.58319778367877e-05,0.0,0.02215354298823513,8.326600072905421e-05,0.022284064994892105,4000000.0,,,4000000.0,,,,,,1.0,1.0,14115.630859375,86.0,,fast_dense_fit,2000.0,2000.0,0.0020596559916157275,0.0,0.0,0.0,0.0,0.0020596559916157275,0.0,,,,,,,,,1.0,1.0,,,0.002092832000926137,0.12610689501161687,0.128199727012543,14115.630859375,14115.63249043761,0.0,isolated,1,True,1200.0,0.5019053739961237,0.21735188699676655,0.2845534869993571,220676096.0,210.453125,resource.ru_maxrss_kib_converted_to_bytes,0.0,"{""BLIS_NUM_THREADS"": ""1"", ""MKL_DYNAMIC"": ""FALSE"", ""MKL_NUM_THREADS"": ""1"", ""NUMBA_NUM_THREADS"": ""1"", ""NUMEXPR_NUM_THREADS"": ""1"", ""OMP_DYNAMIC"": ""FALSE"", ""OMP_NUM_THREADS"": ""1"", ""OPENBLAS_NUM_THREADS"": ""1"", ""PYTHONHASHSEED"": ""0"", ""VECLIB_MAXIMUM_THREADS"": ""1""}",tree_tree,0,5,0,0.06880661100149155,44,14,14,14,200,139,medium,medium,30,zipf,1,inverse_sqrt,14,reserved,fast_dense,"Exact-oracle companion to the large rare-anchor stress regime. The score-only partial beam should preserve the delayed rare anchors and remain above the 99% quality floor, while local beams may prune the relevant branch; at this smaller scale the specialized dense exact method is still expected to be fastest.",200,200,27,31,7,5,14115.630859375,True,single_exact_result,1,0.0,0.014115630859374999,1.0,0.0,1.0,100.0,True,1.0,1.0,1.0,1.0,,,,,,,,,,,,,,,,,,,,,,
partial_expansion_rare_anchor,algorithm,rare_anchor_oracle,algorithm_grid,expansion_width,64.0,partial_expansion_rare_anchor,2,partial_E64,generic,False,"{""beam_balance_penalty"": 0.0, ""beam_candidate_future_weight"": 0.0, ""beam_expansion_width"": 64, ""beam_gap_penalty"": 0.0, ""beam_lookahead"": false, ""beam_n_restarts"": 1, ""beam_priority_future_weight"": 0.0, ""beam_priority_length_weight"": 0.0, ""beam_random_fraction"": 0.0, ""beam_rarity_weight"": 0.0, ""beam_symmetric"": false, ""beam_width"": 200, ""candidate_select_mode"": ""first"", ""method"": ""beam"", ""seed"": 0}",equality,2000,2000,4000000,953671,14000.0,14000.0,ok,,14000.0,1.8599967006593943e-06,8.823000825941563e-06,0.34787739501916803,0.34733506600605324,0.3487075730226934,0.34797334468263824,0.34760623051261064,0.3482924840209307,0.0006912659626523264,0.0005423290131147951,3.0,"[0.3487075730226934, 0.34733506600605324, 0.34787739501916803]",0.3478792550158687,3.0,1.0,14.0,1.0,1.0,1.0,1.0,beam_partial,2000.0,2000.0,0.0,0.004199129994958639,0.3294675921788439,0.022496553836390376,3.4080003388226032e-06,0.3566604320076294,175361.0,36263.0,36263.0,,36263.0,28107.0,3651.0,200.0,23.0,1.0,1.0,14000.0,14.0,True,beam_fit,2000.0,2000.0,7.826980436220765e-06,0.0,0.0,0.0,0.0,7.826980436220765e-06,0.0,,,,,,,,,1.0,1.0,,,2.0999868866056204e-06,0.34888425600365736,0.34888635599054396,14000.0,14000.0,0.0,isolated,1,True,1200.0,2.341397798998514,2.0969245119777042,0.24447328702080995,154066944.0,146.9296875,resource.ru_maxrss_kib_converted_to_bytes,0.0,"{""BLIS_NUM_THREADS"": ""1"", ""MKL_DYNAMIC"": ""FALSE"", ""MKL_NUM_THREADS"": ""1"", ""NUMBA_NUM_THREADS"": ""1"", ""NUMEXPR_NUM_THREADS"": ""1"", ""OMP_DYNAMIC"": ""FALSE"", ""OMP_NUM_THREADS"": ""1"", ""OPENBLAS_NUM_THREADS"": ""1"", ""PYTHONHASHSEED"": ""0"", ""VECLIB_MAXIMUM_THREADS"": ""1""}",tree_tree,3,0,0,0.07150969700887799,44,14,14,14,110,138,medium,medium,30,zipf,1,inverse_sqrt,14,reserved,fast_dense,"Exact-oracle companion to the large rare-anchor stress regime. The score-only partial beam should preserve the delayed rare anchors and remain above the 99% quality floor, while local beams may prune the relevant branch; at this smaller scale the specialized dense exact method is still expected to be fastest.",200,200,30,29,6,6,14063.1123046875,True,single_exact_result,1,0.0,0.0140631123046875,0.9955122092947758,63.1123046875,0.9955122092947758,99.55122092947758,True,0.05132787088187743,0.0573628398575184,0.09762240309215545,0.10847518418060735,,,,,,,,,,,,,,,,,,1936.0,0.0,[14000.0],0.0,"{""beam_width"": 200, ""expansion_width"": 64, ""label_pair_preprocessing_score_evaluations"": 1936, ""lookahead_enabled"": false, ""maximum_matching_length"": 201, ""positive_label_pair_types"": 44, ""state_pool_size"": 36264}"
partial_expansion_rare_anchor,algorithm,rare_anchor_oracle,algorithm_grid,expansion_width,16.0,partial_expansion_rare_anchor,2,partial_E16,generic,False,"{""beam_balance_penalty"": 0.0, ""beam_candidate_future_weight"": 0.0, ""beam_expansion_width"": 16, ""beam_gap_penalty"": 0.0, ""beam_lookahead"": false, ""beam_n_restarts"": 1, ""beam_priority_future_weight"": 0.0, ""beam_priority_length_weight"": 0.0, ""beam_random_fraction"": 0.0, ""beam_rarity_weight"": 0.0, ""beam_symmetric"": false, ""beam_width"": 200, ""candidate_select_mode"": ""first"", ""method"": ""beam"", ""seed"": 0}",equality,2000,2000,4000000,953671,14000.0,14000.0,ok,,14000.0,1.9560102373361588e-06,8.539005648344755e-06,0.26360931200906634,0.2631299919739831,0.26545334002003074,0.2640642146676934,0.26336965199152473,0.26453132601454854,0.001226657595821992,0.0004793200350832194,3.0,"[0.26360931200906634, 0.26545334002003074, 0.2631299919739831]",0.2636112680193037,3.0,1.0,14.0,1.0,1.0,1.0,1.0,beam_partial,2000.0,2000.0,0.0,0.0036250650009606034,0.26226520916679874,0.005225703818723559,2.3199827410280704e-06,0.27134160400601104,147544.0,8685.0,8685.0,,8685.0,4048.0,2666.0,200.0,20.0,1.0,1.0,14000.0,14.0,True,beam_fit,2000.0,2000.0,7.463007932528853e-06,0.0,0.0,0.0,0.0,7.463007932528853e-06,0.0,,,,,,,,,1.0,1.0,,,2.6170164346694946e-06,0.26512376297614537,0.26512637999258004,14000.0,14000.0,0.0,isolated,1,True,1200.0,1.8366028529999312,1.593493289023172,0.2431095639767591,154066944.0,146.9296875,resource.ru_maxrss_kib_converted_to_bytes,0.0,"{""BLIS_NUM_THREADS"": ""1"", ""MKL_DYNAMIC"": ""FALSE"", ""MKL_NUM_THREADS"": ""1"", ""NUMBA_NUM_THREADS"": ""1"", ""NUMEXPR_NUM_THREADS"": ""1"", ""OMP_DYNAMIC"": ""FALSE"", ""OMP_NUM_THREADS"": ""1"", ""OPENBLAS_NUM_THREADS"": ""1"", ""PYTHONHASHSEED"": ""0"", ""VECLIB_MAXIMUM_THREADS"": ""1""}",tree_tree,1,1,0,0.07150969700887799,44,14,14,14,110,138,medium,medium,30,zipf,1,inverse_sqrt,14,reserved,fast_dense,"Exact-oracle companion to the large rare-anchor stress regime. The score-only partial beam should preserve the delayed rare anchors and remain above the 99% quality floor, while local beams may prune the relevant branch; at this smaller scale the specialized dense exact method is still expected to be fastest.",200,200,30,29,6,6,14063.1123046875,True,single_exact_result,1,0.0,0.0140631123046875,0.9955122092947758,63.1123046875,0.9955122092947758,99.55122092947758,True,0.06773586971636879,0.07569988242599249,0.1268413019331467,0.1407007216959209,,,,,,,,,,,,,,,,,,1936.0,0.0,[14000.0],0.0,"{""beam_width"": 200, ""expansion_width"": 16, ""label_pair_preprocessing_score_evaluations"": 1936, ""lookahead_enabled"": false, ""maximum_matching_length"": 201, ""positive_label_pair_types"": 44, ""state_pool_size"": 8686}"
partial_expansion_rare_anchor,algorithm,rare_anchor_oracle,algorithm_grid,expansion_width,32.0,partial_expansion_rare_anchor,2,partial_E32,generic,False,"{""beam_balance_penalty"": 0.0, ""beam_candidate_future_weight"": 0.0, ""beam_expansion_width"": 32, ""beam_gap_penalty"": 0.0, ""beam_lookahead"": false, ""beam_n_restarts"": 1, ""beam_priority_future_weight"": 0.0, ""beam_priority_length_weight"": 0.0, ""beam_random_fraction"": 0.0, ""beam_rarity_weight"": 0.0, ""beam_symmetric"": false, ""beam_width"": 200, ""candidate_select_mode"": ""first"", ""method"": ""beam"", ""seed"": 0}",equality,2000,2000,4000000,953671,14000.0,14000.0,ok,,14000.0,1.641979906708002e-06,9.216018952429295e-06,0.29662114699021913,0.2957458900054917,0.29681244399398565,0.2963931603298988,0.2961835184978554,0.2967167954921024,0.0005686543682731283,0.0001912970037665218,3.0,"[0.29662114699021913, 0.2957458900054917, 0.29681244399398565]",0.29662278897012584,3.0,1.0,14.0,1.0,1.0,1.0,1.0,beam_partial,2000.0,2000.0,0.0,0.0036368620058055967,0.28730728809023276,0.0112386379041709,3.1260133255273104e-06,0.3024823199957609,156666.0,18437.0,18437.0,,18437.0,11700.0,3246.0,200.0,20.0,1.0,1.0,14000.0,14.0,True,beam_fit,2000.0,2000.0,8.082017302513123e-06,0.0,0.0,0.0,0.0,8.082017302513123e-06,0.0,,,,,,,,,1.0,1.0,,,9.195005986839533e-06,0.29606106999563053,0.29607026500161737,14000.0,14000.0,0.0,isolated,1,True,1200.0,2.0327412690094206,1.7824461800046265,0.25029508900479414,154066944.0,146.9296875,resource.ru_maxrss_kib_converted_to_bytes,0.0,"{""BLIS_NUM_THREADS"": ""1"", ""MKL_DYNAMIC"": ""FALSE"", ""MKL_NUM_THREADS"": ""1"", ""NUMBA_NUM_THREADS"": ""1"", ""NUMEXPR_NUM_THREADS"": ""1"", ""OMP_DYNAMIC"": ""FALSE"", ""OMP_NUM_THREADS"": ""1"", ""OPENBLAS_NUM_THREADS"": ""1"", ""PYTHONHASHSEED"": ""0"", ""VECLIB_MAXIMUM_THREADS"": ""1""}",tree_tree,2,2,0,0.07150969700887799,44,14,14,14,110,138,medium,medium,30,zipf,1,inverse_sqrt,14,reserved,fast_dense,"Exact-oracle companion to the large rare-anchor stress regime. The score-only partial beam should preserve the delayed rare anchors and remain above the 99% quality floor, while local beams may prune the relevant branch; at this smaller scale the specialized dense exact method is still expected to be fastest.",200,200,30,29,6,6,14063.1123046875,True,single_exact_result,1,0.0,0.0140631123046875,0.9955122092947758,63.1123046875,0.9955122092947758,99.55122092947758,True,0.06019734666745291,0.06727514788905134,0.11352969808060284,0.12603317239890371,,,,,,,,,,,,,,,,,,1936.0,0.0,[14000.0],0.0,"{""beam_width"": 200, ""expansion_width"": 32, ""label_pair_preprocessing_score_evaluations"": 1936, ""lookahead_enabled"": false, ""maximum_matching_length"": 201, ""positive_label_pair_types"": 44, ""state_pool_size"": 18438}"
partial_expansion_rare_anchor,algorithm,rare_anchor_oracle,algorithm_grid,expansion_width,256.0,partial_expansion_rare_anchor,2,partial_E256,generic,False,"{""beam_balance_penalty"": 0.0, ""beam_candidate_future_weight"": 0.0, ""beam_expansion_width"": 256, ""beam_gap_penalty"": 0.0, ""beam_lookahead"": false, ""beam_n_restarts"": 1, ""beam_priority_future_weight"": 0.0, ""beam_priority_length_weight"": 0.0, ""beam_random_fraction"": 0.0, ""beam_rarity_weight"": 0.0, ""beam_symmetric"": false, ""beam_width"": 200, ""candidate_select_mode"": ""first"", ""method"": ""beam"", ""seed"": 0}",equality,2000,2000,4000000,953671,14000.0,14000.0,ok,,14000.0,2.128013875335455e-06,8.557981345802546e-06,0.4536646470078267,0.45094840601086617,0.46365602198056877,0.45608969166642055,0.45230652650934644,0.45866033449419774,0.006691898617394843,0.0027162409969605505,3.0,"[0.46365602198056877, 0.45094840601086617, 0.4536646470078267]",0.45366677502170205,3.0,1.0,14.0,1.0,1.0,1.0,1.0,beam_partial,2000.0,2000.0,0.0,0.0036446719896048307,0.4274734416976571,0.058179679297609255,3.8460129871964455e-06,0.49034381299861707,221094.0,86342.0,86342.0,,86342.0,59887.0,3626.0,200.0,22.0,1.0,1.0,14000.0,14.0,True,beam_fit,2000.0,2000.0,7.563998224213719e-06,0.0,0.0,0.0,0.0,7.563998224213719e-06,0.0,,,,,,,,,1.0,1.0,,,2.4850014597177505e-06,0.45427923899842426,0.454281723999884,14000.0,14000.0,0.0,isolated,1,True,1200.0,3.0127706729981583,2.765892088995315,0.24687858400284313,154066944.0,146.9296875,resource.ru_maxrss_kib_converted_to_bytes,0.0,"{""BLIS_NUM_THREADS"": ""1"", ""MKL_DYNAMIC"": ""FALSE"", ""MKL_NUM_THREADS"": ""1"", ""NUMBA_NUM_THREADS"": ""1"", ""NUMEXPR_NUM_THREADS"": ""1"", ""OMP_DYNAMIC"": ""FALSE"", ""OMP_NUM_THREADS"": ""1"", ""OPENBLAS_NUM_THREADS"": ""1"", ""PYTHONHASHSEED"": ""0"", ""VECLIB_MAXIMUM_THREADS"": ""1""}",tree_tree,5,3,0,0.07150969700887799,44,14,14,14,110,138,medium,medium,30,zipf,1,inverse_sqrt,14,reserved,fast_dense,"Exact-oracle companion to the large rare-anchor stress regime. The score-only partial beam should preserve the delayed rare anchors and remain above the 99% quality floor, while local beams may prune the relevant branch; at this smaller scale the specialized dense exact method is still expected to be fastest.",200,200,30,29,6,6,14063.1123046875,True,single_exact_result,1,0.0,0.0140631123046875,0.9955122092947758,63.1123046875,0.9955122092947758,99.55122092947758,True,0.03935904226180462,0.04398678301771929,0.07572421604878898,0.08425093216170364,,,,,,,,,,,,,,,,,,1936.0,0.0,[14000.0],0.0,"{""beam_width"": 200, ""expansion_width"": 256, ""label_pair_preprocessing_score_evaluations"": 1936, ""lookahead_enabled"": false, ""maximum_matching_length"": 201, ""positive_label_pair_types"": 44, ""state_pool_size"": 86343}"
partial_expansion_rare_anchor,algorithm,rare_anchor_oracle,algorithm_grid,expansion_width,,partial_expansion_rare_anchor,2,fast_dense,fast_dense,True,{},equality,2000,2000,4000000,953671,14000.0,14063.1123046875,ok,,14063.112834919508,0.002099535980960354,0.00206185199203901,0.017855806014267728,0.01777759802644141,0.01788436801871285,0.017839257353140663,0.01781670202035457,0.017870087016490288,5.5275233615377736e-05,2.8562004445120692e-05,3.0,"[0.017855806014267728, 0.01788436801871285, 0.01777759802644141]",0.019955341995228082,3.0,1.0,55.0,1.0,0.2545454545454545,1.0,1.0,fast_dense_equality,2000.0,2000.0,0.0,1.8677994376048446e-05,0.0,0.024315695016412064,8.335299207828939e-05,0.02443982000113465,4000000.0,,,4000000.0,,,,,,1.0,1.0,14063.1123046875,55.0,,fast_dense_fit,2000.0,2000.0,0.0020607420010492206,0.0,0.0,0.0,0.0,0.0020607420010492206,0.0,,,,,,,,,1.0,1.0,,,0.002077201002975926,0.1268828510073945,0.12896005201037042,14063.1123046875,14063.112834919508,0.0,isolated,1,True,1200.0,0.5170995100052096,0.22975380302523263,0.28734570697997697,220475392.0,210.26171875,resource.ru_maxrss_kib_converted_to_bytes,0.0,"{""BLIS_NUM_THREADS"": ""1"", ""MKL_DYNAMIC"": ""FALSE"", ""MKL_NUM_THREADS"": ""1"", ""NUMBA_NUM_THREADS"": ""1"", ""NUMEXPR_NUM_THREADS"": ""1"", ""OMP_DYNAMIC"": ""FALSE"", ""OMP_NUM_THREADS"": ""1"", ""OPENBLAS_NUM_THREADS"": ""1"", ""PYTHONHASHSEED"": ""0"", ""VECLIB_MAXIMUM_THREADS"": ""1""}",tree_tree,0,4,0,0.07150969700887799,44,14,14,14,110,138,medium,medium,30,zipf,1,inverse_sqrt,14,reserved,fast_dense,"Exact-oracle companion to the large rare-anchor stress regime. The score-only partial beam should preserve the delayed rare anchors and remain above the 99% quality floor, while local beams may prune the relevant branch; at this smaller scale the specialized dense exact method is still expected to be fastest.",200,200,30,29,6,6,14063.1123046875,True,single_exact_result,1,0.0,0.0140631123046875,1.0,0.0,1.0,100.0,True,1.0,1.0,1.0,1.0,,,,,,,,,,,,,,,,,,,,,,
partial_expansion_rare_anchor,algorithm,rare_anchor_oracle,algorithm_grid,expansion_width,128.0,partial_expansion_rare_anchor,2,partial_E128,generic,False,"{""beam_balance_penalty"": 0.0, ""beam_candidate_future_weight"": 0.0, ""beam_expansion_width"": 128, ""beam_gap_penalty"": 0.0, ""beam_lookahead"": false, ""beam_n_restarts"": 1, ""beam_priority_future_weight"": 0.0, ""beam_priority_length_weight"": 0.0, ""beam_random_fraction"": 0.0, ""beam_rarity_weight"": 0.0, ""beam_symmetric"": false, ""beam_width"": 200, ""candidate_select_mode"": ""first"", ""method"": ""beam"", ""seed"": 0}",equality,2000,2000,4000000,953671,14000.0,14000.0,ok,,14000.0,1.822976628318429e-06,9.722978575155139e-06,0.4196961720008403,0.41617689799750224,0.4202082639967557,0.4186937779983661,0.41793653499917127,0.419952217998798,0.0021946692819492064,0.000512091995915398,3.0,"[0.4196961720008403, 0.4202082639967557, 0.41617689799750224]",0.4196979949774686,3.0,1.0,14.0,1.0,1.0,1.0,1.0,beam_partial,2000.0,2000.0,0.0,0.004218465997837484,0.3890985337202437,0.03601419227197766,3.2970274332910776e-06,0.43005584701313637,211033.0,59845.0,59845.0,,59845.0,45806.0,3741.0,200.0,23.0,1.0,1.0,14000.0,14.0,True,beam_fit,2000.0,2000.0,8.601986337453127e-06,0.0,0.0,0.0,0.0,8.601986337453127e-06,0.0,,,,,,,,,1.0,1.0,,,2.4389883037656546e-06,0.421859283989761,0.4218617229780648,14000.0,14000.0,0.0,isolated,1,True,1200.0,2.7738499009865336,2.528678676026175,0.2451712249603588,154066944.0,146.9296875,resource.ru_maxrss_kib_converted_to_bytes,0.0,"{""BLIS_NUM_THREADS"": ""1"", ""MKL_DYNAMIC"": ""FALSE"", ""MKL_NUM_THREADS"": ""1"", ""NUMBA_NUM_THREADS"": ""1"", ""NUMEXPR_NUM_THREADS"": ""1"", ""OMP_DYNAMIC"": ""FALSE"", ""OMP_NUM_THREADS"": ""1"", ""OPENBLAS_NUM_THREADS"": ""1"", ""PYTHONHASHSEED"": ""0"", ""VECLIB_MAXIMUM_THREADS"": ""1""}",tree_tree,4,5,0,0.07150969700887799,44,14,14,14,110,138,medium,medium,30,zipf,1,inverse_sqrt,14,reserved,fast_dense,"Exact-oracle companion to the large rare-anchor stress regime. The score-only partial beam should preserve the delayed rare anchors and remain above the 99% quality floor, while local beams may prune the relevant branch; at this smaller scale the specialized dense exact method is still expected to be fastest.",200,200,30,29,6,6,14063.1123046875,True,single_exact_result,1,0.0,0.0140631123046875,0.9955122092947758,63.1123046875,0.9955122092947758,99.55122092947758,True,0.04254460060748893,0.0475469080959021,0.0816018332336028,0.09075905044020316,,,,,,,,,,,,,,,,,,1936.0,0.0,[14000.0],0.0,"{""beam_width"": 200, ""expansion_width"": 128, ""label_pair_preprocessing_score_evaluations"": 1936, ""lookahead_enabled"": false, ""maximum_matching_length"": 201, ""positive_label_pair_types"": 44, ""state_pool_size"": 59846}"
partial_expansion_rare_anchor,algorithm,rare_anchor_oracle,algorithm_grid,expansion_width,16.0,partial_expansion_rare_anchor,3,partial_E16,generic,False,"{""beam_balance_penalty"": 0.0, ""beam_candidate_future_weight"": 0.0, ""beam_expansion_width"": 16, ""beam_gap_penalty"": 0.0, ""beam_lookahead"": false, ""beam_n_restarts"": 1, ""beam_priority_future_weight"": 0.0, ""beam_priority_length_weight"": 0.0, ""beam_random_fraction"": 0.0, ""beam_rarity_weight"": 0.0, ""beam_symmetric"": false, ""beam_width"": 200, ""candidate_select_mode"": ""first"", ""method"": ""beam"", ""seed"": 0}",equality,2000,2000,4000000,921285,14000.0,14000.0,ok,,14000.0,1.6539997886866331e-06,9.299983503296971e-06,0.25872737300232984,0.2582191970141139,0.2588876520167105,0.25861140734438476,0.25847328500822186,0.25880751250952017,0.00034899003995971856,0.00016027901438064873,3.0,"[0.2582191970141139, 0.2588876520167105, 0.25872737300232984]",0.25872902700211853,3.0,1.0,14.0,1.0,1.0,1.0,1.0,beam_partial,2000.0,2000.0,0.0,0.003693176986416802,0.2563563715084456,0.005825053493026644,2.6450143195688725e-06,0.26611014900845475,139924.0,8249.0,8249.0,,8249.0,5323.0,2830.0,200.0,19.0,1.0,1.0,14000.0,14.0,True,beam_fit,2000.0,2000.0,8.363014785572886e-06,0.0,0.0,0.0,0.0,8.363014785572886e-06,0.0,,,,,,,,,1.0,1.0,,,2.4360197130590677e-06,0.25913781399140134,0.2591402500111144,14000.0,14000.0,0.0,isolated,1,True,1200.0,1.8134546279907227,1.5626399600005243,0.25081466799019836,154066944.0,146.9296875,resource.ru_maxrss_kib_converted_to_bytes,0.0,"{""BLIS_NUM_THREADS"": ""1"", ""MKL_DYNAMIC"": ""FALSE"", ""MKL_NUM_THREADS"": ""1"", ""NUMBA_NUM_THREADS"": ""1"", ""NUMEXPR_NUM_THREADS"": ""1"", ""OMP_DYNAMIC"": ""FALSE"", ""OMP_NUM_THREADS"": ""1"", ""OPENBLAS_NUM_THREADS"": ""1"", ""PYTHONHASHSEED"": ""0"", ""VECLIB_MAXIMUM_THREADS"": ""1""}",tree_tree,1,0,0,0.07257768901763484,44,14,14,14,179,170,medium,medium,30,zipf,1,inverse_sqrt,14,reserved,fast_dense,"Exact-oracle companion to the large rare-anchor stress regime. The score-only partial beam should preserve the delayed rare anchors and remain above the 99% quality floor, while local beams may prune the relevant branch; at this smaller scale the specialized dense exact method is still expected to be fastest.",200,200,32,33,6,5,14102.248046875,True,single_exact_result,1,0.0,0.014102248046875,0.9927495214567824,102.248046875,0.9927495214567824,99.27495214567824,True,0.06870289681820343,0.07683801952105875,0.12851215328108404,0.14263611754392772,,,,,,,,,,,,,,,,,,1936.0,0.0,[14000.0],0.0,"{""beam_width"": 200, ""expansion_width"": 16, ""label_pair_preprocessing_score_evaluations"": 1936, ""lookahead_enabled"": false, ""maximum_matching_length"": 201, ""positive_label_pair_types"": 44, ""state_pool_size"": 8250}"
partial_expansion_rare_anchor,algorithm,rare_anchor_oracle,algorithm_grid,expansion_width,32.0,partial_expansion_rare_anchor,3,partial_E32,generic,False,"{""beam_balance_penalty"": 0.0, ""beam_candidate_future_weight"": 0.0, ""beam_expansion_width"": 32, ""beam_gap_penalty"": 0.0, ""beam_lookahead"": false, ""beam_n_restarts"": 1, ""beam_priority_future_weight"": 0.0, ""beam_priority_length_weight"": 0.0, ""beam_random_fraction"": 0.0, ""beam_rarity_weight"": 0.0, ""beam_symmetric"": false, ""beam_width"": 200, ""candidate_select_mode"": ""first"", ""method"": ""beam"", ""seed"": 0}",equality,2000,2000,4000000,921285,14000.0,14000.0,ok,,14000.0,1.5560071915388107e-06,8.192990208044648e-06,0.2977272229909431,0.2976450159912929,0.2979687470069621,0.29778032866306603,0.297686119491118,0.2978479849989526,0.00016827240396235385,8.220699965022504e-05,3.0,"[0.2979687470069621, 0.2977272229909431, 0.2976450159912929]",0.29772877899813466,3.0,1.0,14.0,1.0,1.0,1.0,1.0,beam_partial,2000.0,2000.0,0.0,0.00439149999874644,0.29223365877987817,0.01150573420454748,3.121996996924281e-06,0.308466922986554,159534.0,18256.0,18256.0,,18256.0,12487.0,3092.0,200.0,19.0,1.0,1.0,14000.0,14.0,True,beam_fit,2000.0,2000.0,7.186987204477191e-06,0.0,0.0,0.0,0.0,7.186987204477191e-06,0.0,,,,,,,,,1.0,1.0,,,2.1049927454441786e-06,0.30001277799601667,0.3000148829887621,14000.0,14000.0,0.0,isolated,1,True,1200.0,2.0511814409983344,1.7994411599938758,0.25174028100445867,154066944.0,146.9296875,resource.ru_maxrss_kib_converted_to_bytes,0.0,"{""BLIS_NUM_THREADS"": ""1"", ""MKL_DYNAMIC"": ""FALSE"", ""MKL_NUM_THREADS"": ""1"", ""NUMBA_NUM_THREADS"": ""1"", ""NUMEXPR_NUM_THREADS"": ""1"", ""OMP_DYNAMIC"": ""FALSE"", ""OMP_NUM_THREADS"": ""1"", ""OPENBLAS_NUM_THREADS"": ""1"", ""PYTHONHASHSEED"": ""0"", ""VECLIB_MAXIMUM_THREADS"": ""1""}",tree_tree,2,1,0,0.07257768901763484,44,14,14,14,179,170,medium,medium,30,zipf,1,inverse_sqrt,14,reserved,fast_dense,"Exact-oracle companion to the large rare-anchor stress regime. The score-only partial beam should preserve the delayed rare anchors and remain above the 99% quality floor, while local beams may prune the relevant branch; at this smaller scale the specialized dense exact method is still expected to be fastest.",200,200,32,33,6,5,14102.248046875,True,single_exact_result,1,0.0,0.014102248046875,0.9927495214567824,102.248046875,0.9927495214567824,99.27495214567824,True,0.05970337489751358,0.06677294044045998,0.11263306332126574,0.1251295881916997,,,,,,,,,,,,,,,,,,1936.0,0.0,[14000.0],0.0,"{""beam_width"": 200, ""expansion_width"": 32, ""label_pair_preprocessing_score_evaluations"": 1936, ""lookahead_enabled"": false, ""maximum_matching_length"": 201, ""positive_label_pair_types"": 44, ""state_pool_size"": 18257}"
partial_expansion_rare_anchor,algorithm,rare_anchor_oracle,algorithm_grid,expansion_width,256.0,partial_expansion_rare_anchor,3,partial_E256,generic,False,"{""beam_balance_penalty"": 0.0, ""beam_candidate_future_weight"": 0.0, ""beam_expansion_width"": 256, ""beam_gap_penalty"": 0.0, ""beam_lookahead"": false, ""beam_n_restarts"": 1, ""beam_priority_future_weight"": 0.0, ""beam_priority_length_weight"": 0.0, ""beam_random_fraction"": 0.0, ""beam_rarity_weight"": 0.0, ""beam_symmetric"": false, ""beam_width"": 200, ""candidate_select_mode"": ""first"", ""method"": ""beam"", ""seed"": 0}",equality,2000,2000,4000000,921285,14000.0,14002.279507056955,ok,,14002.279507056955,1.7929996829479933e-06,9.63200000114739e-06,0.43583861098159105,0.43547912998474203,0.44862162400386296,0.4399797883233987,0.43565887048316654,0.442230117492727,0.007486207290269424,0.00035948099684901536,3.0,"[0.44862162400386296, 0.43547912998474203, 0.43583861098159105]",0.435840403981274,3.0,1.0,15.0,1.0,0.9333333333333333,1.0,1.0,beam_partial,2000.0,2000.0,0.0,0.0038029389979783446,0.39651634302572347,0.047459011984756216,4.586006980389357e-06,0.44884848699439317,211197.0,86023.0,86023.0,,86023.0,52810.0,3675.0,200.0,23.0,1.0,1.0,14002.279507056955,15.0,True,beam_fit,2000.0,2000.0,8.525996236130595e-06,0.0,0.0,0.0,0.0,8.525996236130595e-06,0.0,,,,,,,,,1.0,1.0,,,2.115993993356824e-06,0.4394243099959567,0.4394264259899501,14002.279507056955,14002.279507056955,0.0,isolated,1,True,1200.0,2.896241165988613,2.645462728018174,0.25077843797043897,154066944.0,146.9296875,resource.ru_maxrss_kib_converted_to_bytes,0.0,"{""BLIS_NUM_THREADS"": ""1"", ""MKL_DYNAMIC"": ""FALSE"", ""MKL_NUM_THREADS"": ""1"", ""NUMBA_NUM_THREADS"": ""1"", ""NUMEXPR_NUM_THREADS"": ""1"", ""OMP_DYNAMIC"": ""FALSE"", ""OMP_NUM_THREADS"": ""1"", ""OPENBLAS_NUM_THREADS"": ""1"", ""PYTHONHASHSEED"": ""0"", ""VECLIB_MAXIMUM_THREADS"": ""1""}",tree_tree,5,2,0,0.07257768901763484,44,14,14,14,179,170,medium,medium,30,zipf,1,inverse_sqrt,14,reserved,fast_dense,"Exact-oracle companion to the large rare-anchor stress regime. The score-only partial beam should preserve the delayed rare anchors and remain above the 99% quality floor, while local beams may prune the relevant branch; at this smaller scale the specialized dense exact method is still expected to be fastest.",200,200,32,33,6,5,14102.248046875,True,single_exact_result,1,0.0,0.014102248046875,0.992911162852493,99.96853981804452,0.992911162852493,99.2911162852493,True,0.04078417919741097,0.045613545338737065,0.07835010016119584,0.08722026156313802,,,,,,,,,,,,,,,,,,1936.0,0.0,[14002.279507056955],0.0,"{""beam_width"": 200, ""expansion_width"": 256, ""label_pair_preprocessing_score_evaluations"": 1936, ""lookahead_enabled"": false, ""maximum_matching_length"": 201, ""positive_label_pair_types"": 44, ""state_pool_size"": 86024}"
partial_expansion_rare_anchor,algorithm,rare_anchor_oracle,algorithm_grid,expansion_width,,partial_expansion_rare_anchor,3,fast_dense,fast_dense,True,{},equality,2000,2000,4000000,921285,14000.0,14102.248046875,ok,,14102.2508937177,0.0021049060160294175,0.0021433270012494177,0.0177753200114239,0.017718001996399835,0.017786993994377553,0.017760105334067095,0.017746661003911868,0.017781157002900727,3.6926802617382514e-05,1.167398295365274e-05,3.0,"[0.0177753200114239, 0.017718001996399835, 0.017786993994377553]",0.019880226027453318,3.0,1.0,86.0,1.0,0.16279069767441862,1.0,1.0,fast_dense_equality,2000.0,2000.0,0.0,2.0006991690024734e-05,0.0,0.024411992024397478,0.00011434699990786612,0.024563664017478004,4000000.0,,,4000000.0,,,,,,1.0,1.0,14102.248046875,86.0,,fast_dense_fit,2000.0,2000.0,0.002142167999409139,0.0,0.0,0.0,0.0,0.002142167999409139,0.0,,,,,,,,,1.0,1.0,,,0.002097061020322144,0.12760503598838113,0.12970209700870328,14102.248046875,14102.2508937177,0.0,isolated,1,True,1200.0,0.5155526650196407,0.23025916502228938,0.2852934999973513,220282880.0,210.078125,resource.ru_maxrss_kib_converted_to_bytes,0.0,"{""BLIS_NUM_THREADS"": ""1"", ""MKL_DYNAMIC"": ""FALSE"", ""MKL_NUM_THREADS"": ""1"", ""NUMBA_NUM_THREADS"": ""1"", ""NUMEXPR_NUM_THREADS"": ""1"", ""OMP_DYNAMIC"": ""FALSE"", ""OMP_NUM_THREADS"": ""1"", ""OPENBLAS_NUM_THREADS"": ""1"", ""PYTHONHASHSEED"": ""0"", ""VECLIB_MAXIMUM_THREADS"": ""1""}",tree_tree,0,3,0,0.07257768901763484,44,14,14,14,179,170,medium,medium,30,zipf,1,inverse_sqrt,14,reserved,fast_dense,"Exact-oracle companion to the large rare-anchor stress regime. The score-only partial beam should preserve the delayed rare anchors and remain above the 99% quality floor, while local beams may prune the relevant branch; at this smaller scale the specialized dense exact method is still expected to be fastest.",200,200,32,33,6,5,14102.248046875,True,single_exact_result,1,0.0,0.014102248046875,1.0,0.0,1.0,100.0,True,1.0,1.0,1.0,1.0,,,,,,,,,,,,,,,,,,,,,,
partial_expansion_rare_anchor,algorithm,rare_anchor_oracle,algorithm_grid,expansion_width,128.0,partial_expansion_rare_anchor,3,partial_E128,generic,False,"{""beam_balance_penalty"": 0.0, ""beam_candidate_future_weight"": 0.0, ""beam_expansion_width"": 128, ""beam_gap_penalty"": 0.0, ""beam_lookahead"": false, ""beam_n_restarts"": 1, ""beam_priority_future_weight"": 0.0, ""beam_priority_length_weight"": 0.0, ""beam_random_fraction"": 0.0, ""beam_rarity_weight"": 0.0, ""beam_symmetric"": false, ""beam_width"": 200, ""candidate_select_mode"": ""first"", ""method"": ""beam"", ""seed"": 0}",equality,2000,2000,4000000,921285,14000.0,14000.0,ok,,14000.0,1.8049904610961676e-06,9.384006261825562e-06,0.3816421839874238,0.3803934789902996,0.38195865499437787,0.38133143932403374,0.3810178314888617,0.3818004194909008,0.0008275661093257831,0.0003164710069540888,3.0,"[0.3803934789902996, 0.38195865499437787, 0.3816421839874238]",0.3816439889778849,3.0,1.0,14.0,1.0,1.0,1.0,1.0,beam_partial,2000.0,2000.0,0.0,0.004360633000032976,0.3604619270481635,0.02758788096252829,3.4939730539917946e-06,0.39296433998970315,196013.0,50486.0,50486.0,,50486.0,33571.0,3445.0,200.0,22.0,1.0,1.0,14000.0,14.0,True,beam_fit,2000.0,2000.0,8.264993084594607e-06,0.0,0.0,0.0,0.0,8.264993084594607e-06,0.0,,,,,,,,,1.0,1.0,,,2.487999154254794e-06,0.3841122620215174,0.38411475002067164,14000.0,14000.0,0.0,isolated,1,True,1200.0,2.5516191619972233,2.3030805560119916,0.2485386059852317,154066944.0,146.9296875,resource.ru_maxrss_kib_converted_to_bytes,0.0,"{""BLIS_NUM_THREADS"": ""1"", ""MKL_DYNAMIC"": ""FALSE"", ""MKL_NUM_THREADS"": ""1"", ""NUMBA_NUM_THREADS"": ""1"", ""NUMEXPR_NUM_THREADS"": ""1"", ""OMP_DYNAMIC"": ""FALSE"", ""OMP_NUM_THREADS"": ""1"", ""OPENBLAS_NUM_THREADS"": ""1"", ""PYTHONHASHSEED"": ""0"", ""VECLIB_MAXIMUM_THREADS"": ""1""}",tree_tree,4,4,0,0.07257768901763484,44,14,14,14,179,170,medium,medium,30,zipf,1,inverse_sqrt,14,reserved,fast_dense,"Exact-oracle companion to the large rare-anchor stress regime. The score-only partial beam should preserve the delayed rare anchors and remain above the 99% quality floor, while local beams may prune the relevant branch; at this smaller scale the specialized dense exact method is still expected to be fastest.",200,200,32,33,6,5,14102.248046875,True,single_exact_result,1,0.0,0.014102248046875,0.9927495214567824,102.248046875,0.9927495214567824,99.27495214567824,True,0.046575878551228626,0.05209102357591519,0.08897729458513193,0.09898800151474872,,,,,,,,,,,,,,,,,,1936.0,0.0,[14000.0],0.0,"{""beam_width"": 200, ""expansion_width"": 128, ""label_pair_preprocessing_score_evaluations"": 1936, ""lookahead_enabled"": false, ""maximum_matching_length"": 201, ""positive_label_pair_types"": 44, ""state_pool_size"": 50487}"
partial_expansion_rare_anchor,algorithm,rare_anchor_oracle,algorithm_grid,expansion_width,64.0,partial_expansion_rare_anchor,3,partial_E64,generic,False,"{""beam_balance_penalty"": 0.0, ""beam_candidate_future_weight"": 0.0, ""beam_expansion_width"": 64, ""beam_gap_penalty"": 0.0, ""beam_lookahead"": false, ""beam_n_restarts"": 1, ""beam_priority_future_weight"": 0.0, ""beam_priority_length_weight"": 0.0, ""beam_random_fraction"": 0.0, ""beam_rarity_weight"": 0.0, ""beam_symmetric"": false, ""beam_width"": 200, ""candidate_select_mode"": ""first"", ""method"": ""beam"", ""seed"": 0}",equality,2000,2000,4000000,921285,14000.0,14000.0,ok,,14000.0,1.715990947559476e-06,8.785980753600597e-06,0.33257248799782246,0.331889205990592,0.3355838810093701,0.33334852499926154,0.33223084699420724,0.3340781845035963,0.0019657901577476624,0.0006832820072304457,3.0,"[0.33257248799782246, 0.3355838810093701, 0.331889205990592]",0.33257420398877,3.0,1.0,14.0,1.0,1.0,1.0,1.0,beam_partial,2000.0,2000.0,0.0,0.004274679988157004,0.3188599610584788,0.020131788944127038,3.93899972550571e-06,0.3437204149959143,172297.0,33769.0,33769.0,,33769.0,23691.0,3378.0,200.0,22.0,1.0,1.0,14000.0,14.0,True,beam_fit,2000.0,2000.0,7.696013199165463e-06,0.0,0.0,0.0,0.0,7.696013199165463e-06,0.0,,,,,,,,,1.0,1.0,,,2.2040039766579866e-06,0.33496218000072986,0.3349643840047065,14000.0,14000.0,0.0,isolated,1,True,1200.0,2.256765724014258,2.0105968569987454,0.24616886701551266,154066944.0,146.9296875,resource.ru_maxrss_kib_converted_to_bytes,0.0,"{""BLIS_NUM_THREADS"": ""1"", ""MKL_DYNAMIC"": ""FALSE"", ""MKL_NUM_THREADS"": ""1"", ""NUMBA_NUM_THREADS"": ""1"", ""NUMEXPR_NUM_THREADS"": ""1"", ""OMP_DYNAMIC"": ""FALSE"", ""OMP_NUM_THREADS"": ""1"", ""OPENBLAS_NUM_THREADS"": ""1"", ""PYTHONHASHSEED"": ""0"", ""VECLIB_MAXIMUM_THREADS"": ""1""}",tree_tree,3,5,0,0.07257768901763484,44,14,14,14,179,170,medium,medium,30,zipf,1,inverse_sqrt,14,reserved,fast_dense,"Exact-oracle companion to the large rare-anchor stress regime. The score-only partial beam should preserve the delayed rare anchors and remain above the 99% quality floor, while local beams may prune the relevant branch; at this smaller scale the specialized dense exact method is still expected to be fastest.",200,200,32,33,6,5,14102.248046875,True,single_exact_result,1,0.0,0.014102248046875,0.9927495214567824,102.248046875,0.9927495214567824,99.27495214567824,True,0.05344795692041816,0.059776813081163116,0.10143483377132977,0.11276373926850525,,,,,,,,,,,,,,,,,,1936.0,0.0,[14000.0],0.0,"{""beam_width"": 200, ""expansion_width"": 64, ""label_pair_preprocessing_score_evaluations"": 1936, ""lookahead_enabled"": false, ""maximum_matching_length"": 201, ""positive_label_pair_types"": 44, ""state_pool_size"": 33770}"
partial_expansion_rare_anchor,algorithm,rare_anchor_oracle,algorithm_grid,expansion_width,32.0,partial_expansion_rare_anchor,4,partial_E32,generic,False,"{""beam_balance_penalty"": 0.0, ""beam_candidate_future_weight"": 0.0, ""beam_expansion_width"": 32, ""beam_gap_penalty"": 0.0, ""beam_lookahead"": false, ""beam_n_restarts"": 1, ""beam_priority_future_weight"": 0.0, ""beam_priority_length_weight"": 0.0, ""beam_random_fraction"": 0.0, ""beam_rarity_weight"": 0.0, ""beam_symmetric"": false, ""beam_width"": 200, ""candidate_select_mode"": ""first"", ""method"": ""beam"", ""seed"": 0}",equality,2000,2000,4000000,957878,14000.0,14000.0,ok,,14000.0,1.98700581677258e-06,8.898001397028565e-06,0.25750406098086387,0.25743798099574633,0.2583036159921903,0.25774855265626684,0.2574710209883051,0.2579038384865271,0.000481833084452654,6.607998511753976e-05,3.0,"[0.25750406098086387, 0.25743798099574633, 0.2583036159921903]",0.25750604798668064,3.0,1.0,14.0,1.0,1.0,1.0,1.0,beam_partial,2000.0,2000.0,0.0,0.0036560329899657518,0.24790618516271934,0.012124273838708177,2.8930080588907003e-06,0.26402935601072386,131167.0,19646.0,19646.0,,19646.0,13465.0,3313.0,200.0,23.0,1.0,1.0,14000.0,14.0,True,beam_fit,2000.0,2000.0,7.9809979069978e-06,0.0,0.0,0.0,0.0,7.9809979069978e-06,0.0,,,,,,,,,1.0,1.0,,,2.3850006982684135e-06,0.25938137600314803,0.2593837610038463,14000.0,14000.0,0.0,isolated,1,True,1200.0,1.797651903994847,1.5551390160107985,0.24251288798404858,154066944.0,146.9296875,resource.ru_maxrss_kib_converted_to_bytes,0.0,"{""BLIS_NUM_THREADS"": ""1"", ""MKL_DYNAMIC"": ""FALSE"", ""MKL_NUM_THREADS"": ""1"", ""NUMBA_NUM_THREADS"": ""1"", ""NUMEXPR_NUM_THREADS"": ""1"", ""OMP_DYNAMIC"": ""FALSE"", ""OMP_NUM_THREADS"": ""1"", ""OPENBLAS_NUM_THREADS"": ""1"", ""PYTHONHASHSEED"": ""0"", ""VECLIB_MAXIMUM_THREADS"": ""1""}",tree_tree,2,0,0,0.07269367598928511,44,14,14,14,187,143,medium,medium,30,zipf,1,inverse_sqrt,14,reserved,fast_dense,"Exact-oracle companion to the large rare-anchor stress regime. The score-only partial beam should preserve the delayed rare anchors and remain above the 99% quality floor, while local beams may prune the relevant branch; at this smaller scale the specialized dense exact method is still expected to be fastest.",200,200,29,29,5,6,14086.251953125,True,single_exact_result,1,0.0,0.014086251953125,0.993876869914579,86.251953125,0.993876869914579,99.3876869914579,True,0.062331335479447365,0.07041131713844898,0.11730579688272331,0.13150607201212441,,,,,,,,,,,,,,,,,,1936.0,0.0,[14000.0],0.0,"{""beam_width"": 200, ""expansion_width"": 32, ""label_pair_preprocessing_score_evaluations"": 1936, ""lookahead_enabled"": false, ""maximum_matching_length"": 201, ""positive_label_pair_types"": 44, ""state_pool_size"": 19647}"
partial_expansion_rare_anchor,algorithm,rare_anchor_oracle,algorithm_grid,expansion_width,256.0,partial_expansion_rare_anchor,4,partial_E256,generic,False,"{""beam_balance_penalty"": 0.0, ""beam_candidate_future_weight"": 0.0, ""beam_expansion_width"": 256, ""beam_gap_penalty"": 0.0, ""beam_lookahead"": false, ""beam_n_restarts"": 1, ""beam_priority_future_weight"": 0.0, ""beam_priority_length_weight"": 0.0, ""beam_random_fraction"": 0.0, ""beam_rarity_weight"": 0.0, ""beam_symmetric"": false, ""beam_width"": 200, ""candidate_select_mode"": ""first"", ""method"": ""beam"", ""seed"": 0}",equality,2000,2000,4000000,957878,14000.0,14004.756828460011,ok,,14004.756828460011,2.0099978428333998e-06,9.192997822538018e-06,0.36822172498796135,0.3668973169988021,0.37981052201939747,0.37164318800205365,0.36755952099338174,0.3740161235036794,0.007104049749514944,0.0013244079891592264,3.0,"[0.37981052201939747, 0.36822172498796135, 0.3668973169988021]",0.3682237349858042,3.0,1.0,15.0,1.0,0.9333333333333333,1.0,1.0,beam_partial,2000.0,2000.0,0.0,0.003701381996506825,0.33022015099413693,0.043365930003346875,3.7190038710832596e-06,0.37810424200142734,171360.0,76133.0,76133.0,,76133.0,54545.0,3516.0,200.0,21.0,1.0,1.0,14004.756828460011,15.0,True,beam_fit,2000.0,2000.0,7.923983503133059e-06,0.0,0.0,0.0,0.0,7.923983503133059e-06,0.0,,,,,,,,,1.0,1.0,,,2.3189932107925415e-06,0.3696434830198996,0.36964580201311037,14004.756828460011,14004.756828460011,0.0,isolated,1,True,1200.0,2.477302521991078,2.231395625974983,0.24590689601609483,154066944.0,146.9296875,resource.ru_maxrss_kib_converted_to_bytes,0.0,"{""BLIS_NUM_THREADS"": ""1"", ""MKL_DYNAMIC"": ""FALSE"", ""MKL_NUM_THREADS"": ""1"", ""NUMBA_NUM_THREADS"": ""1"", ""NUMEXPR_NUM_THREADS"": ""1"", ""OMP_DYNAMIC"": ""FALSE"", ""OMP_NUM_THREADS"": ""1"", ""OPENBLAS_NUM_THREADS"": ""1"", ""PYTHONHASHSEED"": ""0"", ""VECLIB_MAXIMUM_THREADS"": ""1""}",tree_tree,5,1,0,0.07269367598928511,44,14,14,14,187,143,medium,medium,30,zipf,1,inverse_sqrt,14,reserved,fast_dense,"Exact-oracle companion to the large rare-anchor stress regime. The score-only partial beam should preserve the delayed rare anchors and remain above the 99% quality floor, while local beams may prune the relevant branch; at this smaller scale the specialized dense exact method is still expected to be fastest.",200,200,29,29,5,6,14086.251953125,True,single_exact_result,1,0.0,0.014086251953125,0.9942145628989044,81.49512466498891,0.9942145628989044,99.42145628989044,True,0.043589421598747485,0.04924000895965556,0.0835171928209394,0.09383280366056597,,,,,,,,,,,,,,,,,,1936.0,0.0,[14004.756828460011],0.0,"{""beam_width"": 200, ""expansion_width"": 256, ""label_pair_preprocessing_score_evaluations"": 1936, ""lookahead_enabled"": false, ""maximum_matching_length"": 201, ""positive_label_pair_types"": 44, ""state_pool_size"": 76134}"
partial_expansion_rare_anchor,algorithm,rare_anchor_oracle,algorithm_grid,expansion_width,,partial_expansion_rare_anchor,4,fast_dense,fast_dense,True,{},equality,2000,2000,4000000,957878,14000.0,14086.251953125,ok,,14086.253760123187,0.0020807679975405335,0.0020988869946449995,0.016050572012318298,0.015875518001848832,0.019399935990804806,0.017108675334990647,0.015963045007083565,0.017725254001561552,0.001986219404121009,0.00017505401046946645,3.0,"[0.016050572012318298, 0.015875518001848832, 0.019399935990804806]",0.018131340009858832,3.0,1.0,69.0,1.0,0.2028985507246377,1.0,1.0,fast_dense_equality,2000.0,2000.0,0.0,1.9138999050483108e-05,0.0,0.022588874999200925,9.690699516795576e-05,0.0227240759995766,4000000.0,,,4000000.0,,,,,,1.0,1.0,14086.251953125,69.0,,fast_dense_fit,2000.0,2000.0,0.0020978499960619956,0.0,0.0,0.0,0.0,0.0020978499960619956,0.0,,,,,,,,,1.0,1.0,,,0.0021457010006997734,0.12551090901251882,0.1276566100132186,14086.251953125,14086.253760123187,0.0,isolated,1,True,1200.0,0.5106930820038542,0.22290081897517666,0.28779226302867755,220389376.0,210.1796875,resource.ru_maxrss_kib_converted_to_bytes,0.0,"{""BLIS_NUM_THREADS"": ""1"", ""MKL_DYNAMIC"": ""FALSE"", ""MKL_NUM_THREADS"": ""1"", ""NUMBA_NUM_THREADS"": ""1"", ""NUMEXPR_NUM_THREADS"": ""1"", ""OMP_DYNAMIC"": ""FALSE"", ""OMP_NUM_THREADS"": ""1"", ""OPENBLAS_NUM_THREADS"": ""1"", ""PYTHONHASHSEED"": ""0"", ""VECLIB_MAXIMUM_THREADS"": ""1""}",tree_tree,0,2,0,0.07269367598928511,44,14,14,14,187,143,medium,medium,30,zipf,1,inverse_sqrt,14,reserved,fast_dense,"Exact-oracle companion to the large rare-anchor stress regime. The score-only partial beam should preserve the delayed rare anchors and remain above the 99% quality floor, while local beams may prune the relevant branch; at this smaller scale the specialized dense exact method is still expected to be fastest.",200,200,29,29,5,6,14086.251953125,True,single_exact_result,1,0.0,0.014086251953125,1.0,0.0,1.0,100.0,True,1.0,1.0,1.0,1.0,,,,,,,,,,,,,,,,,,,,,,
partial_expansion_rare_anchor,algorithm,rare_anchor_oracle,algorithm_grid,expansion_width,128.0,partial_expansion_rare_anchor,4,partial_E128,generic,False,"{""beam_balance_penalty"": 0.0, ""beam_candidate_future_weight"": 0.0, ""beam_expansion_width"": 128, ""beam_gap_penalty"": 0.0, ""beam_lookahead"": false, ""beam_n_restarts"": 1, ""beam_priority_future_weight"": 0.0, ""beam_priority_length_weight"": 0.0, ""beam_random_fraction"": 0.0, ""beam_rarity_weight"": 0.0, ""beam_symmetric"": false, ""beam_width"": 200, ""candidate_select_mode"": ""first"", ""method"": ""beam"", ""seed"": 0}",equality,2000,2000,4000000,957878,14000.0,14004.756828460011,ok,,14004.756828460011,1.5429977793246508e-06,8.744013030081987e-06,0.3544929680065252,0.3540377330209594,0.35590280999895185,0.3548111703421455,0.3542653505137423,0.3551978890027385,0.0009724029916937752,0.0004552349855657667,3.0,"[0.35590280999895185, 0.3544929680065252, 0.3540377330209594]",0.3544945110043045,3.0,1.0,15.0,1.0,0.9333333333333333,1.0,1.0,beam_partial,2000.0,2000.0,0.0,0.004215213004499674,0.33375170014915057,0.033472655864898115,3.907014615833759e-06,0.3721019950171467,174220.0,56992.0,56992.0,,56992.0,44151.0,3444.0,200.0,21.0,1.0,1.0,14004.756828460011,15.0,True,beam_fit,2000.0,2000.0,7.765018381178379e-06,0.0,0.0,0.0,0.0,7.765018381178379e-06,0.0,,,,,,,,,1.0,1.0,,,1.9830185920000076e-06,0.35848034999798983,0.35848233301658183,14004.756828460011,14004.756828460011,0.0,isolated,1,True,1200.0,2.4015082239930052,2.151604110986227,0.24990411300677806,154066944.0,146.9296875,resource.ru_maxrss_kib_converted_to_bytes,0.0,"{""BLIS_NUM_THREADS"": ""1"", ""MKL_DYNAMIC"": ""FALSE"", ""MKL_NUM_THREADS"": ""1"", ""NUMBA_NUM_THREADS"": ""1"", ""NUMEXPR_NUM_THREADS"": ""1"", ""OMP_DYNAMIC"": ""FALSE"", ""OMP_NUM_THREADS"": ""1"", ""OPENBLAS_NUM_THREADS"": ""1"", ""PYTHONHASHSEED"": ""0"", ""VECLIB_MAXIMUM_THREADS"": ""1""}",tree_tree,4,3,0,0.07269367598928511,44,14,14,14,187,143,medium,medium,30,zipf,1,inverse_sqrt,14,reserved,fast_dense,"Exact-oracle companion to the large rare-anchor stress regime. The score-only partial beam should preserve the delayed rare anchors and remain above the 99% quality floor, while local beams may prune the relevant branch; at this smaller scale the specialized dense exact method is still expected to be fastest.",200,200,29,29,5,6,14086.251953125,True,single_exact_result,1,0.0,0.014086251953125,0.9942145628989044,81.49512466498891,0.9942145628989044,99.42145628989044,True,0.04527754697809084,0.05114702610906906,0.08661075182818648,0.09728905048991442,,,,,,,,,,,,,,,,,,1936.0,0.0,[14004.756828460011],0.0,"{""beam_width"": 200, ""expansion_width"": 128, ""label_pair_preprocessing_score_evaluations"": 1936, ""lookahead_enabled"": false, ""maximum_matching_length"": 201, ""positive_label_pair_types"": 44, ""state_pool_size"": 56993}"
partial_expansion_rare_anchor,algorithm,rare_anchor_oracle,algorithm_grid,expansion_width,64.0,partial_expansion_rare_anchor,4,partial_E64,generic,False,"{""beam_balance_penalty"": 0.0, ""beam_candidate_future_weight"": 0.0, ""beam_expansion_width"": 64, ""beam_gap_penalty"": 0.0, ""beam_lookahead"": false, ""beam_n_restarts"": 1, ""beam_priority_future_weight"": 0.0, ""beam_priority_length_weight"": 0.0, ""beam_random_fraction"": 0.0, ""beam_rarity_weight"": 0.0, ""beam_symmetric"": false, ""beam_width"": 200, ""candidate_select_mode"": ""first"", ""method"": ""beam"", ""seed"": 0}",equality,2000,2000,4000000,957878,14000.0,14000.0,ok,,14000.0,2.05499236471951e-06,8.514005457982421e-06,0.3130890879838262,0.3116019199951552,0.3137891989899799,0.3128267356563204,0.3123455039894907,0.31343914348690305,0.0011169910062803284,0.0007001110061537474,3.0,"[0.3137891989899799, 0.3130890879838262, 0.3116019199951552]",0.3130911429761909,3.0,1.0,14.0,1.0,1.0,1.0,1.0,beam_partial,2000.0,2000.0,0.0,0.004225993994623423,0.29747604540898465,0.02237666057772003,3.3590185921639204e-06,0.32454626201069914,158929.0,35761.0,35761.0,,35761.0,28403.0,3420.0,200.0,21.0,1.0,1.0,14000.0,14.0,True,beam_fit,2000.0,2000.0,7.450988050550222e-06,0.0,0.0,0.0,0.0,7.450988050550222e-06,0.0,,,,,,,,,1.0,1.0,,,2.196000423282385e-06,0.31465129301068373,0.314653489011107,14000.0,14000.0,0.0,isolated,1,True,1200.0,2.13765465200413,1.8908782480284572,0.24677640397567302,154066944.0,146.9296875,resource.ru_maxrss_kib_converted_to_bytes,0.0,"{""BLIS_NUM_THREADS"": ""1"", ""MKL_DYNAMIC"": ""FALSE"", ""MKL_NUM_THREADS"": ""1"", ""NUMBA_NUM_THREADS"": ""1"", ""NUMEXPR_NUM_THREADS"": ""1"", ""OMP_DYNAMIC"": ""FALSE"", ""OMP_NUM_THREADS"": ""1"", ""OPENBLAS_NUM_THREADS"": ""1"", ""PYTHONHASHSEED"": ""0"", ""VECLIB_MAXIMUM_THREADS"": ""1""}",tree_tree,3,4,0,0.07269367598928511,44,14,14,14,187,143,medium,medium,30,zipf,1,inverse_sqrt,14,reserved,fast_dense,"Exact-oracle companion to the large rare-anchor stress regime. The score-only partial beam should preserve the delayed rare anchors and remain above the 99% quality floor, while local beams may prune the relevant branch; at this smaller scale the specialized dense exact method is still expected to be fastest.",200,200,29,29,5,6,14086.251953125,True,single_exact_result,1,0.0,0.014086251953125,0.993876869914579,86.251953125,0.993876869914579,99.3876869914579,True,0.051265191373093946,0.057910740743112095,0.09750117199318852,0.10944442615787918,,,,,,,,,,,,,,,,,,1936.0,0.0,[14000.0],0.0,"{""beam_width"": 200, ""expansion_width"": 64, ""label_pair_preprocessing_score_evaluations"": 1936, ""lookahead_enabled"": false, ""maximum_matching_length"": 201, ""positive_label_pair_types"": 44, ""state_pool_size"": 35762}"
partial_expansion_rare_anchor,algorithm,rare_anchor_oracle,algorithm_grid,expansion_width,16.0,partial_expansion_rare_anchor,4,partial_E16,generic,False,"{""beam_balance_penalty"": 0.0, ""beam_candidate_future_weight"": 0.0, ""beam_expansion_width"": 16, ""beam_gap_penalty"": 0.0, ""beam_lookahead"": false, ""beam_n_restarts"": 1, ""beam_priority_future_weight"": 0.0, ""beam_priority_length_weight"": 0.0, ""beam_random_fraction"": 0.0, ""beam_rarity_weight"": 0.0, ""beam_symmetric"": false, ""beam_width"": 200, ""candidate_select_mode"": ""first"", ""method"": ""beam"", ""seed"": 0}",equality,2000,2000,4000000,957878,14000.0,14000.0,ok,,14000.0,2.048007445409894e-06,8.32101795822382e-06,0.23725153401028365,0.2367306940141134,0.23734260597848333,0.23710827800096013,0.23699111401219852,0.2372970699943835,0.00033015265588852205,9.107196819968522e-05,3.0,"[0.23734260597848333, 0.23725153401028365, 0.2367306940141134]",0.23725358201772906,3.0,1.0,14.0,1.0,1.0,1.0,1.0,beam_partial,2000.0,2000.0,0.0,0.0036550950026139617,0.23601664614398032,0.007186679868027568,2.4510081857442856e-06,0.24715994897997007,123532.0,11101.0,11101.0,,11101.0,6044.0,3217.0,200.0,23.0,1.0,1.0,14000.0,14.0,True,beam_fit,2000.0,2000.0,7.266004104167223e-06,0.0,0.0,0.0,0.0,7.266004104167223e-06,0.0,,,,,,,,,1.0,1.0,,,2.329994458705187e-06,0.24022106497432105,0.24022339496877976,14000.0,14000.0,0.0,isolated,1,True,1200.0,1.6855329080135562,1.4370121560059488,0.24852075200760737,154066944.0,146.9296875,resource.ru_maxrss_kib_converted_to_bytes,0.0,"{""BLIS_NUM_THREADS"": ""1"", ""MKL_DYNAMIC"": ""FALSE"", ""MKL_NUM_THREADS"": ""1"", ""NUMBA_NUM_THREADS"": ""1"", ""NUMEXPR_NUM_THREADS"": ""1"", ""OMP_DYNAMIC"": ""FALSE"", ""OMP_NUM_THREADS"": ""1"", ""OPENBLAS_NUM_THREADS"": ""1"", ""PYTHONHASHSEED"": ""0"", ""VECLIB_MAXIMUM_THREADS"": ""1""}",tree_tree,1,5,0,0.07269367598928511,44,14,14,14,187,143,medium,medium,30,zipf,1,inverse_sqrt,14,reserved,fast_dense,"Exact-oracle companion to the large rare-anchor stress regime. The score-only partial beam should preserve the delayed rare anchors and remain above the 99% quality floor, while local beams may prune the relevant branch; at this smaller scale the specialized dense exact method is still expected to be fastest.",200,200,29,29,5,6,14086.251953125,True,single_exact_result,1,0.0,0.014086251953125,0.993876869914579,86.251953125,0.993876869914579,99.3876869914579,True,0.06765213164700797,0.07642177561940433,0.12668120936020674,0.1419301714766418,,,,,,,,,,,,,,,,,,1936.0,0.0,[14000.0],0.0,"{""beam_width"": 200, ""expansion_width"": 16, ""label_pair_preprocessing_score_evaluations"": 1936, ""lookahead_enabled"": false, ""maximum_matching_length"": 201, ""positive_label_pair_types"": 44, ""state_pool_size"": 11102}"
local_beam_width_narrow,algorithm,narrow_tree_to_path,algorithm_grid,beam_width,25.0,local_beam_width_narrow,0,local_B25,generic,False,"{""beam_local_child_cap"": null, ""beam_width"": 25, ""method"": ""beam_local""}",jaccard,10000,180,1800000,154792,6.949999999999999,66.08333333333334,ok,,66.08333333333333,1.0049843695014715e-06,7.414026185870171e-06,0.028583361010532826,0.028506684000603855,0.028635383991058916,0.028575143000731867,0.02854502250556834,0.02860937250079587,6.474236363927197e-05,5.202298052608967e-05,3.0,"[0.028583361010532826, 0.028506684000603855, 0.028635383991058916]",0.028584365994902328,3.0,1.0,88.0,0.05555555555555555,0.011363636363636364,0.045454545454545456,0.55,beam_local,10000.0,180.0,0.0,0.001591247011674568,0.025345084839500487,0.004102888167835772,1.8800987163558602e-05,0.03128384301089682,10485.0,10485,883.0,,31422.0,11600.0,10452.0,25.0,432.0,1.0,1.0,66.08333333333334,88.0,True,beam_local_fit,10000.0,180.0,6.453978130593896e-06,0.0,0.0,0.0,0.0,6.453978130593896e-06,0.0,,,,,,,,,1.0,1.0,,,2.2199819795787334e-06,0.03024343799916096,0.03024565798114054,66.08333333333334,66.08333333333333,0.0,isolated,1,True,1200.0,0.42110361001687124,0.17669301299611107,0.24441059702076018,154066944.0,146.9296875,resource.ru_maxrss_kib_converted_to_bytes,0.0,"{""BLIS_NUM_THREADS"": ""1"", ""MKL_DYNAMIC"": ""FALSE"", ""MKL_NUM_THREADS"": ""1"", ""NUMBA_NUM_THREADS"": ""1"", ""NUMEXPR_NUM_THREADS"": ""1"", ""OMP_DYNAMIC"": ""FALSE"", ""OMP_NUM_THREADS"": ""1"", ""OPENBLAS_NUM_THREADS"": ""1"", ""PYTHONHASHSEED"": ""0"", ""VECLIB_MAXIMUM_THREADS"": ""1""}",tree_path,1,0,0,0.1292579089931678,20,18,22,20,190,180,narrow,path,20,uniform,"{""kind"": ""categorical"", ""probs"": [0.75, 0.25], ""values"": [1, 2]}",uniform,24,background,beam_local_capped,A narrow observed tree and short template path favor local transitions; the cap is expected to remove occasional high-degree bursts.,250,179,58,1,34,1,67.0,True,single_exact_result,1,0.0,6.7e-05,0.9863184079601991,0.9166666666666572,0.9863184079601991,98.63184079601992,True,1.0,1.0,0.9931120851596744,0.9931120851596744,25.0,,431.0,10453.0,,,,,,,,,,,,,,,,,,
local_beam_width_narrow,algorithm,narrow_tree_to_path,algorithm_grid,beam_width,100.0,local_beam_width_narrow,0,local_B100,generic,False,"{""beam_local_child_cap"": null, ""beam_width"": 100, ""method"": ""beam_local""}",jaccard,10000,180,1800000,154792,6.949999999999999,66.08333333333334,ok,,66.08333333333333,1.9580184016376734e-06,9.624985978007317e-06,0.10848926400649361,0.10844844099483453,0.1085991459840443,0.10851228366179082,0.10846885250066407,0.10854420499526896,7.79450244767473e-05,4.082301165908575e-05,3.0,"[0.1085991459840443, 0.10848926400649361, 0.10844844099483453]",0.10849122202489525,3.0,1.0,88.0,0.05555555555555555,0.011363636363636364,0.045454545454545456,0.55,beam_local,10000.0,180.0,0.0,0.0015578770253341645,0.09890704552526586,0.016690491494955495,3.2378011383116245e-05,0.11798696601181291,40587.0,40587,3504.0,,122037.0,44425.0,40865.0,100.0,432.0,1.0,1.0,66.08333333333334,88.0,True,beam_local_fit,10000.0,180.0,8.446979336440563e-06,0.0,0.0,0.0,0.0,8.446979336440563e-06,0.0,,,,,,,,,1.0,1.0,,,2.1790037862956524e-06,0.11212819899083115,0.11213037799461745,66.08333333333334,66.08333333333333,0.0,isolated,1,True,1200.0,0.911203227005899,0.6656862539821304,0.24551697302376851,154066944.0,146.9296875,resource.ru_maxrss_kib_converted_to_bytes,0.0,"{""BLIS_NUM_THREADS"": ""1"", ""MKL_DYNAMIC"": ""FALSE"", ""MKL_NUM_THREADS"": ""1"", ""NUMBA_NUM_THREADS"": ""1"", ""NUMEXPR_NUM_THREADS"": ""1"", ""OMP_DYNAMIC"": ""FALSE"", ""OMP_NUM_THREADS"": ""1"", ""OPENBLAS_NUM_THREADS"": ""1"", ""PYTHONHASHSEED"": ""0"", ""VECLIB_MAXIMUM_THREADS"": ""1""}",tree_path,3,1,0,0.1292579089931678,20,18,22,20,190,180,narrow,path,20,uniform,"{""kind"": ""categorical"", ""probs"": [0.75, 0.25], ""values"": [1, 2]}",uniform,24,background,beam_local_capped,A narrow observed tree and short template path favor local transitions; the cap is expected to remove occasional high-degree bursts.,250,179,58,1,34,1,67.0,True,single_exact_result,1,0.0,6.7e-05,0.9863184079601991,0.9166666666666572,0.9863184079601991,98.63184079601992,True,0.2634671851845356,0.2634716934826592,0.4158513845356385,0.4158570002408926,100.0,,431.0,40866.0,,,,,,,,,,,,,,,,,,
local_beam_width_narrow,algorithm,narrow_tree_to_path,algorithm_grid,beam_width,200.0,local_beam_width_narrow,0,local_B200,generic,False,"{""beam_local_child_cap"": null, ""beam_width"": 200, ""method"": ""beam_local""}",jaccard,10000,180,1800000,154792,6.949999999999999,66.83333333333334,ok,,66.83333333333333,2.321990905329585e-06,9.454990504309535e-06,0.21495499199954793,0.2141998790029902,0.21568324201507494,0.2149460376725377,0.21457743550126906,0.21531911700731143,0.0007417220445587625,0.00072825001552701,3.0,"[0.2141998790029902, 0.21495499199954793, 0.21568324201507494]",0.21495731399045326,3.0,1.0,87.0,0.05555555555555555,0.011494252873563218,0.045454545454545456,0.4,beam_local,10000.0,180.0,0.0,0.0016155880002770573,0.1941751598205883,0.0341641241684556,5.9484009398147464e-05,0.23172885499661788,80828.0,80828,6876.0,,243132.0,88321.0,81480.0,200.0,432.0,1.0,1.0,66.83333333333334,87.0,True,beam_local_fit,10000.0,180.0,8.439994417130947e-06,0.0,0.0,0.0,0.0,8.439994417130947e-06,0.0,,,,,,,,,1.0,1.0,,,2.2919848561286926e-06,0.21704829300870188,0.217050584993558,66.83333333333334,66.83333333333333,0.0,isolated,1,True,1200.0,1.554167596012121,1.3088301370153204,0.2453374589968007,154066944.0,146.9296875,resource.ru_maxrss_kib_converted_to_bytes,0.0,"{""BLIS_NUM_THREADS"": ""1"", ""MKL_DYNAMIC"": ""FALSE"", ""MKL_NUM_THREADS"": ""1"", ""NUMBA_NUM_THREADS"": ""1"", ""NUMEXPR_NUM_THREADS"": ""1"", ""OMP_DYNAMIC"": ""FALSE"", ""OMP_NUM_THREADS"": ""1"", ""OPENBLAS_NUM_THREADS"": ""1"", ""PYTHONHASHSEED"": ""0"", ""VECLIB_MAXIMUM_THREADS"": ""1""}",tree_path,4,2,0,0.1292579089931678,20,18,22,20,190,180,narrow,path,20,uniform,"{""kind"": ""categorical"", ""probs"": [0.75, 0.25], ""values"": [1, 2]}",uniform,24,background,beam_local_capped,A narrow observed tree and short template path favor local transitions; the cap is expected to remove occasional high-degree bursts.,250,179,58,1,34,1,67.0,True,single_exact_result,1,0.0,6.7e-05,0.9975124378109455,0.1666666666666572,0.9975124378109455,99.75124378109454,True,0.13297370181843898,0.1329769406970345,0.23466527685008526,0.23467032032164128,200.0,,431.0,81481.0,,,,,,,,,,,,,,,,,,
local_beam_width_narrow,algorithm,narrow_tree_to_path,algorithm_grid,beam_width,800.0,local_beam_width_narrow,0,local_B800,generic,False,"{""beam_local_child_cap"": null, ""beam_width"": 800, ""method"": ""beam_local""}",jaccard,10000,180,1800000,154792,6.949999999999999,67.0,ok,,67.0,1.8790015019476414e-06,9.194976883009076e-06,0.8555910419963766,0.8509464700182434,0.8663901579857338,0.8576425566667846,0.85326875600731,0.8609905999910552,0.007923598225647012,0.004644571978133172,3.0,"[0.8555910419963766, 0.8509464700182434, 0.8663901579857338]",0.8555929209978785,3.0,1.0,86.0,0.05555555555555555,0.011627906976744186,0.045454545454545456,0.5,beam_local,10000.0,180.0,0.0,0.0017342210048809648,0.7635753548820503,0.14500416212831624,0.00012144699576310813,0.9187590020010248,313250.0,313250,26654.0,,941937.0,331672.0,315456.0,800.0,432.0,1.0,1.0,67.0,86.0,True,beam_local_fit,10000.0,180.0,8.028000593185425e-06,0.0,0.0,0.0,0.0,8.028000593185425e-06,0.0,,,,,,,,,1.0,1.0,,,2.2659951355308294e-06,0.8484744809975382,0.8484767469926737,67.0,67.0,0.0,isolated,1,True,1200.0,5.439459596993402,5.189427279983647,0.2500323170097545,178311168.0,170.05078125,resource.ru_maxrss_kib_converted_to_bytes,0.0,"{""BLIS_NUM_THREADS"": ""1"", ""MKL_DYNAMIC"": ""FALSE"", ""MKL_NUM_THREADS"": ""1"", ""NUMBA_NUM_THREADS"": ""1"", ""NUMEXPR_NUM_THREADS"": ""1"", ""OMP_DYNAMIC"": ""FALSE"", ""OMP_NUM_THREADS"": ""1"", ""OPENBLAS_NUM_THREADS"": ""1"", ""PYTHONHASHSEED"": ""0"", ""VECLIB_MAXIMUM_THREADS"": ""1""}",tree_path,6,3,0,0.1292579089931678,20,18,22,20,190,180,narrow,path,20,uniform,"{""kind"": ""categorical"", ""probs"": [0.75, 0.25], ""values"": [1, 2]}",uniform,24,background,beam_local_capped,A narrow observed tree and short template path favor local transitions; the cap is expected to remove occasional high-degree bursts.,250,179,58,1,34,1,67.0,True,single_exact_result,1,0.0,6.7e-05,1.0,0.0,1.0,100.0,True,0.03340773758434684,0.03340883882204678,0.06465548179935143,0.06465754417221467,800.0,,431.0,315457.0,,,,,,,,,,,,,,,,,,
local_beam_width_narrow,algorithm,narrow_tree_to_path,algorithm_grid,beam_width,,local_beam_width_narrow,0,sparse_chain,generic_sparse,True,"{""method"": ""sparse_chain""}",jaccard,10000,180,1800000,154792,6.949999999999999,67.0,ok,,67.0,0.009481715998845175,0.020764339016750455,0.5761671920190565,0.5727570689923596,0.5767749450169504,0.5752330686761221,0.574462130505708,0.5764710685180034,0.002165703523593793,0.0006077529978938401,3.0,"[0.5761671920190565, 0.5767749450169504, 0.5727570689923596]",0.5856489080179017,3.0,1.0,86.0,0.05555555555555555,0.011627906976744186,0.045454545454545456,0.5,sparse_chain,10000.0,180.0,0.0,0.06965374300489202,0.19602286000736058,0.33078580000437796,2.19280191231519e-05,0.6077512060001027,153866.0,153866,153866.0,,,,,,,1.0,1.0,67.0,86.0,True,sparse_chain_fit,10000.0,180.0,0.020761457999469712,0.0,0.0,0.0,0.0,0.020761457999469712,0.0,,,,,,,,,1.0,1.0,,,0.01014419598504901,0.5791680759866722,0.5893122719717212,67.0,67.0,0.0,isolated,1,True,1200.0,3.782887567009311,3.5356476129963994,0.24723995401291177,191893504.0,183.00390625,resource.ru_maxrss_kib_converted_to_bytes,0.0,"{""BLIS_NUM_THREADS"": ""1"", ""MKL_DYNAMIC"": ""FALSE"", ""MKL_NUM_THREADS"": ""1"", ""NUMBA_NUM_THREADS"": ""1"", ""NUMEXPR_NUM_THREADS"": ""1"", ""OMP_DYNAMIC"": ""FALSE"", ""OMP_NUM_THREADS"": ""1"", ""OPENBLAS_NUM_THREADS"": ""1"", ""PYTHONHASHSEED"": ""0"", ""VECLIB_MAXIMUM_THREADS"": ""1""}",tree_path,0,4,0,0.1292579089931678,20,18,22,20,190,180,narrow,path,20,uniform,"{""kind"": ""categorical"", ""probs"": [0.75, 0.25], ""values"": [1, 2]}",uniform,24,background,beam_local_capped,A narrow observed tree and short template path favor local transitions; the cap is expected to remove occasional high-degree bursts.,250,179,58,1,34,1,67.0,True,single_exact_result,1,0.0,6.7e-05,1.0,0.0,1.0,100.0,True,0.04960949079792006,0.04880802406282055,0.09452942495824156,0.09307332313067257,,,,,153866.0,153866.0,True,153277.0,879702.0,5635.0,153866.0,210202.0,False,,,,,,,,,
local_beam_width_narrow,algorithm,narrow_tree_to_path,algorithm_grid,beam_width,50.0,local_beam_width_narrow,0,local_B50,generic,False,"{""beam_local_child_cap"": null, ""beam_width"": 50, ""method"": ""beam_local""}",jaccard,10000,180,1800000,154792,6.949999999999999,66.08333333333334,ok,,66.08333333333333,1.1990196071565151e-06,8.017988875508308e-06,0.05423060999601148,0.053787118988111615,0.054294770990964025,0.054104166658362374,0.05400886449206155,0.05426269049348775,0.00027643910220318034,6.416099495254457e-05,3.0,"[0.054294770990964025, 0.05423060999601148, 0.053787118988111615]",0.05423180901561864,3.0,1.0,88.0,0.05555555555555555,0.011363636363636364,0.045454545454545456,0.55,beam_local,10000.0,180.0,0.0,0.0014779769990127534,0.04877445104648359,0.0076406159496400505,1.9836996216326952e-05,0.05827429398777895,20272.0,20272,1759.0,,60783.0,22275.0,20239.0,50.0,432.0,1.0,1.0,66.08333333333334,88.0,True,beam_local_fit,10000.0,180.0,7.124996045604348e-06,0.0,0.0,0.0,0.0,7.124996045604348e-06,0.0,,,,,,,,,1.0,1.0,,,2.6320049073547125e-06,0.05635565202101134,0.05635828402591869,66.08333333333334,66.08333333333333,0.0,isolated,1,True,1200.0,0.5830930040101521,0.3321409769996535,0.25095202701049857,154066944.0,146.9296875,resource.ru_maxrss_kib_converted_to_bytes,0.0,"{""BLIS_NUM_THREADS"": ""1"", ""MKL_DYNAMIC"": ""FALSE"", ""MKL_NUM_THREADS"": ""1"", ""NUMBA_NUM_THREADS"": ""1"", ""NUMEXPR_NUM_THREADS"": ""1"", ""OMP_DYNAMIC"": ""FALSE"", ""OMP_NUM_THREADS"": ""1"", ""OPENBLAS_NUM_THREADS"": ""1"", ""PYTHONHASHSEED"": ""0"", ""VECLIB_MAXIMUM_THREADS"": ""1""}",tree_path,2,5,0,0.1292579089931678,20,18,22,20,190,180,narrow,path,20,uniform,"{""kind"": ""categorical"", ""probs"": [0.75, 0.25], ""values"": [1, 2]}",uniform,24,background,beam_local_capped,A narrow observed tree and short template path favor local transitions; the cap is expected to remove occasional high-degree bursts.,250,179,58,1,34,1,67.0,True,single_exact_result,1,0.0,6.7e-05,0.9863184079601991,0.9166666666666572,0.9863184079601991,98.63184079601992,True,0.5270706158871357,0.5270774940712395,0.6870136396560027,0.6870194826432096,50.0,,431.0,20240.0,,,,,,,,,,,,,,,,,,
local_beam_width_narrow,algorithm,narrow_tree_to_path,algorithm_grid,beam_width,400.0,local_beam_width_narrow,0,local_B400,generic,False,"{""beam_local_child_cap"": null, ""beam_width"": 400, ""method"": ""beam_local""}",jaccard,10000,180,1800000,154792,6.949999999999999,66.83333333333334,ok,,66.83333333333333,1.9259750843048096e-06,1.0471994755789638e-05,0.4333043040242046,0.42965234199073166,0.4429106340103317,0.435289093341756,0.43147832300746813,0.43810746901726816,0.006848366104082574,0.0036519620334729552,3.0,"[0.42965234199073166, 0.4333043040242046, 0.4429106340103317]",0.4333062299992889,3.0,1.0,87.0,0.05555555555555555,0.011494252873563218,0.045454545454545456,0.4,beam_local,10000.0,180.0,0.0,0.0016258280084002763,0.38670026275212876,0.07225903825019486,6.577698513865471e-05,0.4643885989789851,160452.0,160452,13684.0,,482281.0,172489.0,161385.0,400.0,432.0,1.0,1.0,66.83333333333334,87.0,True,beam_local_fit,10000.0,180.0,9.36200376600027e-06,0.0,0.0,0.0,0.0,9.36200376600027e-06,0.0,,,,,,,,,1.0,1.0,,,2.234999556094408e-06,0.43147433997364715,0.43147657497320324,66.83333333333334,66.83333333333333,0.0,isolated,1,True,1200.0,2.8770125820010435,2.633044580987189,0.24396800101385452,158973952.0,151.609375,resource.ru_maxrss_kib_converted_to_bytes,0.0,"{""BLIS_NUM_THREADS"": ""1"", ""MKL_DYNAMIC"": ""FALSE"", ""MKL_NUM_THREADS"": ""1"", ""NUMBA_NUM_THREADS"": ""1"", ""NUMEXPR_NUM_THREADS"": ""1"", ""OMP_DYNAMIC"": ""FALSE"", ""OMP_NUM_THREADS"": ""1"", ""OPENBLAS_NUM_THREADS"": ""1"", ""PYTHONHASHSEED"": ""0"", ""VECLIB_MAXIMUM_THREADS"": ""1""}",tree_path,5,6,0,0.1292579089931678,20,18,22,20,190,180,narrow,path,20,uniform,"{""kind"": ""categorical"", ""probs"": [0.75, 0.25], ""values"": [1, 2]}",uniform,24,background,beam_local_capped,A narrow observed tree and short template path favor local transitions; the cap is expected to remove occasional high-degree bursts.,250,179,58,1,34,1,67.0,True,single_exact_result,1,0.0,6.7e-05,0.9975124378109455,0.1666666666666572,0.9975124378109455,99.75124378109454,True,0.06596602144283373,0.06596804757445845,0.12374849022950972,0.12375205536522699,400.0,,431.0,161386.0,,,,,,,,,,,,,,,,,,
local_beam_width_narrow,algorithm,narrow_tree_to_path,algorithm_grid,beam_width,100.0,local_beam_width_narrow,1,local_B100,generic,False,"{""beam_local_child_cap"": null, ""beam_width"": 100, ""method"": ""beam_local""}",jaccard,10000,180,1800000,157836,6.6499999999999995,67.66666666666667,ok,,67.66666666666667,1.9189901649951935e-06,1.597098889760673e-05,0.10979077499359846,0.10938890601391904,0.11082787299528718,0.1100025180009349,0.10958984050375875,0.11030932399444282,0.0007424842215386407,0.0004018689796794206,3.0,"[0.10938890601391904, 0.10979077499359846, 0.11082787299528718]",0.10979269398376346,3.0,1.0,92.0,0.0,0.0,0.0,0.5714285714285714,beam_local,10000.0,180.0,0.0,0.0015689199790358543,0.09961035681772046,0.017494718194939196,3.1795003451406956e-05,0.1195955160073936,40847.0,40847,3729.0,,122918.0,44924.0,41230.0,100.0,432.0,1.0,1.0,67.66666666666667,92.0,True,beam_local_fit,10000.0,180.0,1.5039986465126276e-05,0.0,0.0,0.0,0.0,1.5039986465126276e-05,0.0,,,,,,,,,1.0,1.0,,,2.3609900381416082e-06,0.11147293698741123,0.11147529797744937,67.66666666666667,67.66666666666667,0.0,isolated,1,True,1200.0,0.9245040609966964,0.6715769809961785,0.2529270800005179,154066944.0,146.9296875,resource.ru_maxrss_kib_converted_to_bytes,0.0,"{""BLIS_NUM_THREADS"": ""1"", ""MKL_DYNAMIC"": ""FALSE"", ""MKL_NUM_THREADS"": ""1"", ""NUMBA_NUM_THREADS"": ""1"", ""NUMEXPR_NUM_THREADS"": ""1"", ""OMP_DYNAMIC"": ""FALSE"", ""OMP_NUM_THREADS"": ""1"", ""OPENBLAS_NUM_THREADS"": ""1"", ""PYTHONHASHSEED"": ""0"", ""VECLIB_MAXIMUM_THREADS"": ""1""}",tree_path,3,0,0,0.1329714050225448,20,19,22,21,105,180,narrow,path,20,uniform,"{""kind"": ""categorical"", ""probs"": [0.75, 0.25], ""values"": [1, 2]}",uniform,24,background,beam_local_capped,A narrow observed tree and short template path favor local transitions; the cap is expected to remove occasional high-degree bursts.,250,179,58,1,50,1,67.66666666666667,True,single_exact_result,1,0.0,6.766666666666667e-05,1.0,0.0,1.0,100.0,True,0.1708309190499267,0.17083775177257302,0.2918114242977933,0.2918213928683725,100.0,,431.0,41231.0,,,,,,,,,,,,,,,,,,
local_beam_width_narrow,algorithm,narrow_tree_to_path,algorithm_grid,beam_width,200.0,local_beam_width_narrow,1,local_B200,generic,False,"{""beam_local_child_cap"": null, ""beam_width"": 200, ""method"": ""beam_local""}",jaccard,10000,180,1800000,157836,6.6499999999999995,67.66666666666667,ok,,67.66666666666667,1.7980055417865515e-06,9.549985406920314e-06,0.21281066301162355,0.2127676729869563,0.21287573501467705,0.21281802367108563,0.21278916799928993,0.2128431990131503,5.440574362663221e-05,4.299002466723323e-05,3.0,"[0.21281066301162355, 0.21287573501467705, 0.2127676729869563]",0.21281246101716533,3.0,1.0,92.0,0.0,0.0,0.0,0.5714285714285714,beam_local,10000.0,180.0,0.0,0.0015586070076096803,0.20099756665877067,0.034515075327362865,5.884800339117646e-05,0.23906951100798324,79791.0,79791,7170.0,,239976.0,86655.0,80398.0,200.0,432.0,1.0,1.0,67.66666666666667,92.0,True,beam_local_fit,10000.0,180.0,8.553004590794444e-06,0.0,0.0,0.0,0.0,8.553004590794444e-06,0.0,,,,,,,,,1.0,1.0,,,2.120010321959853e-06,0.2141446809982881,0.21414680100861005,67.66666666666667,67.66666666666667,0.0,isolated,1,True,1200.0,1.5546432299888693,1.304052371007856,0.2505908589810133,154066944.0,146.9296875,resource.ru_maxrss_kib_converted_to_bytes,0.0,"{""BLIS_NUM_THREADS"": ""1"", ""MKL_DYNAMIC"": ""FALSE"", ""MKL_NUM_THREADS"": ""1"", ""NUMBA_NUM_THREADS"": ""1"", ""NUMEXPR_NUM_THREADS"": ""1"", ""OMP_DYNAMIC"": ""FALSE"", ""OMP_NUM_THREADS"": ""1"", ""OPENBLAS_NUM_THREADS"": ""1"", ""PYTHONHASHSEED"": ""0"", ""VECLIB_MAXIMUM_THREADS"": ""1""}",tree_path,4,1,0,0.1329714050225448,20,19,22,21,105,180,narrow,path,20,uniform,"{""kind"": ""categorical"", ""probs"": [0.75, 0.25], ""values"": [1, 2]}",uniform,24,background,beam_local_capped,A narrow observed tree and short template path favor local transitions; the cap is expected to remove occasional high-degree bursts.,250,179,58,1,50,1,67.66666666666667,True,single_exact_result,1,0.0,6.766666666666667e-05,1.0,0.0,1.0,100.0,True,0.08813307909451754,0.08813739999805437,0.16198952276656614,0.16199682135401644,200.0,,431.0,80399.0,,,,,,,,,,,,,,,,,,
local_beam_width_narrow,algorithm,narrow_tree_to_path,algorithm_grid,beam_width,800.0,local_beam_width_narrow,1,local_B800,generic,False,"{""beam_local_child_cap"": null, ""beam_width"": 800, ""method"": ""beam_local""}",jaccard,10000,180,1800000,157836,6.6499999999999995,67.66666666666667,ok,,67.66666666666667,2.2599997464567423e-06,9.042996680364013e-06,0.8634030420216732,0.8626071789767593,0.876070892001735,0.8673603710000558,0.8630051104992162,0.8697369670117041,0.007554020888711238,0.0007958630449138582,3.0,"[0.8626071789767593, 0.8634030420216732, 0.876070892001735]",0.8634053020214196,3.0,1.0,92.0,0.0,0.0,0.0,0.5714285714285714,beam_local,10000.0,180.0,0.0,0.0016585529956500977,0.7875942098035011,0.14768233720678836,0.00011446498683653772,0.94560977598303,317608.0,317608,27776.0,,955530.0,335192.0,320332.0,800.0,432.0,1.0,1.0,67.66666666666667,92.0,True,beam_local_fit,10000.0,180.0,8.03000875748694e-06,0.0,0.0,0.0,0.0,8.03000875748694e-06,0.0,,,,,,,,,1.0,1.0,,,2.368004061281681e-06,0.8642116379924119,0.8642140059964731,67.66666666666667,67.66666666666667,0.0,isolated,1,True,1200.0,5.525207638012944,5.276314309972804,0.24889332804013975,175472640.0,167.34375,resource.ru_maxrss_kib_converted_to_bytes,0.0,"{""BLIS_NUM_THREADS"": ""1"", ""MKL_DYNAMIC"": ""FALSE"", ""MKL_NUM_THREADS"": ""1"", ""NUMBA_NUM_THREADS"": ""1"", ""NUMEXPR_NUM_THREADS"": ""1"", ""OMP_DYNAMIC"": ""FALSE"", ""OMP_NUM_THREADS"": ""1"", ""OPENBLAS_NUM_THREADS"": ""1"", ""PYTHONHASHSEED"": ""0"", ""VECLIB_MAXIMUM_THREADS"": ""1""}",tree_path,6,2,0,0.1329714050225448,20,19,22,21,105,180,narrow,path,20,uniform,"{""kind"": ""categorical"", ""probs"": [0.75, 0.25], ""values"": [1, 2]}",uniform,24,background,beam_local_capped,A narrow observed tree and short template path favor local transitions; the cap is expected to remove occasional high-degree bursts.,250,179,58,1,50,1,67.66666666666667,True,single_exact_result,1,0.0,6.766666666666667e-05,1.0,0.0,1.0,100.0,True,0.021722947548856713,0.021724139239505075,0.0425221878415684,0.04252447095098467,800.0,,431.0,320333.0,,,,,,,,,,,,,,,,,,
local_beam_width_narrow,algorithm,narrow_tree_to_path,algorithm_grid,beam_width,,local_beam_width_narrow,1,sparse_chain,generic_sparse,True,"{""method"": ""sparse_chain""}",jaccard,10000,180,1800000,157836,6.6499999999999995,67.66666666666667,ok,,67.66666666666667,0.009412955027073622,0.02129432701622136,0.5818620400095824,0.579266935994383,0.5830859570123721,0.5814049776721125,0.5805644880019827,0.5824739985109773,0.0019501050918375698,0.0012239170027896762,3.0,"[0.5830859570123721, 0.5818620400095824, 0.579266935994383]",0.591274995036656,3.0,1.0,92.0,0.0,0.0,0.0,0.6190476190476191,sparse_chain,10000.0,180.0,0.0,0.07137295699794777,0.20242345999577083,0.33805148999090306,2.5729008484631777e-05,0.6238541080092546,156775.0,156775,156775.0,,,,,,,1.0,1.0,67.66666666666667,92.0,True,sparse_chain_fit,10000.0,180.0,0.021291101002134383,0.0,0.0,0.0,0.0,0.021291101002134383,0.0,,,,,,,,,1.0,1.0,,,0.010289636004017666,0.5971003040031064,0.6073899400071241,67.66666666666667,67.66666666666667,0.0,isolated,1,True,1200.0,3.848373537999578,3.5952339229988866,0.25313961500069126,193179648.0,184.23046875,resource.ru_maxrss_kib_converted_to_bytes,0.0,"{""BLIS_NUM_THREADS"": ""1"", ""MKL_DYNAMIC"": ""FALSE"", ""MKL_NUM_THREADS"": ""1"", ""NUMBA_NUM_THREADS"": ""1"", ""NUMEXPR_NUM_THREADS"": ""1"", ""OMP_DYNAMIC"": ""FALSE"", ""OMP_NUM_THREADS"": ""1"", ""OPENBLAS_NUM_THREADS"": ""1"", ""PYTHONHASHSEED"": ""0"", ""VECLIB_MAXIMUM_THREADS"": ""1""}",tree_path,0,3,0,0.1329714050225448,20,19,22,21,105,180,narrow,path,20,uniform,"{""kind"": ""categorical"", ""probs"": [0.75, 0.25], ""values"": [1, 2]}",uniform,24,background,beam_local_capped,A narrow observed tree and short template path favor local transitions; the cap is expected to remove occasional high-degree bursts.,250,179,58,1,50,1,67.66666666666667,True,single_exact_result,1,0.0,6.766666666666667e-05,1.0,0.0,1.0,100.0,True,0.03223385906915539,0.03172252701144149,0.06245456644528817,0.06149429944760661,,,,,156775.0,156775.0,True,154929.0,896135.0,5708.0,156775.0,212850.0,False,,,,,,,,,
local_beam_width_narrow,algorithm,narrow_tree_to_path,algorithm_grid,beam_width,50.0,local_beam_width_narrow,1,local_B50,generic,False,"{""beam_local_child_cap"": null, ""beam_width"": 50, ""method"": ""beam_local""}",jaccard,10000,180,1800000,157836,6.6499999999999995,64.41666666666666,ok,,64.41666666666667,1.468986738473177e-06,8.498987881466746e-06,0.056062985997414216,0.05598441098118201,0.05618296199827455,0.056076786325623594,0.05602369848929811,0.05612297399784438,9.999231666050884e-05,7.857501623220742e-05,3.0,"[0.056062985997414216, 0.05598441098118201, 0.05618296199827455]",0.05606445498415269,3.0,1.0,86.0,0.05263157894736842,0.011627906976744186,0.045454545454545456,0.5714285714285714,beam_local,10000.0,180.0,0.0,0.001519245997769758,0.050645049137528986,0.008605097857071087,2.224199124611914e-05,0.06116174202179536,20726.0,20726,1851.0,,62276.0,23443.0,20828.0,50.0,432.0,1.0,1.0,64.41666666666666,86.0,True,beam_local_fit,10000.0,180.0,7.430004188790917e-06,0.0,0.0,0.0,0.0,7.430004188790917e-06,0.0,,,,,,,,,1.0,1.0,,,2.3600005079060793e-06,0.05784701101947576,0.057849371019983664,64.41666666666666,64.41666666666667,0.0,isolated,1,True,1200.0,0.5957811719854362,0.3445509849989321,0.2512301869865041,154066944.0,146.9296875,resource.ru_maxrss_kib_converted_to_bytes,0.0,"{""BLIS_NUM_THREADS"": ""1"", ""MKL_DYNAMIC"": ""FALSE"", ""MKL_NUM_THREADS"": ""1"", ""NUMBA_NUM_THREADS"": ""1"", ""NUMEXPR_NUM_THREADS"": ""1"", ""OMP_DYNAMIC"": ""FALSE"", ""OMP_NUM_THREADS"": ""1"", ""OPENBLAS_NUM_THREADS"": ""1"", ""PYTHONHASHSEED"": ""0"", ""VECLIB_MAXIMUM_THREADS"": ""1""}",tree_path,2,4,0,0.1329714050225448,20,19,22,21,105,180,narrow,path,20,uniform,"{""kind"": ""categorical"", ""probs"": [0.75, 0.25], ""values"": [1, 2]}",uniform,24,background,beam_local_capped,A narrow observed tree and short template path favor local transitions; the cap is expected to remove occasional high-degree bursts.,250,179,58,1,50,1,67.66666666666667,True,single_exact_result,1,0.0,6.766666666666667e-05,0.9519704433497534,3.250000000000014,0.9519704433497534,95.19704433497535,True,0.33454620123561024,0.3345566635142012,0.49510139935093217,0.49511285629663354,50.0,,431.0,20829.0,,,,,,,,,,,,,,,,,,
local_beam_width_narrow,algorithm,narrow_tree_to_path,algorithm_grid,beam_width,400.0,local_beam_width_narrow,1,local_B400,generic,False,"{""beam_local_child_cap"": null, ""beam_width"": 400, ""method"": ""beam_local""}",jaccard,10000,180,1800000,157836,6.6499999999999995,67.66666666666667,ok,,67.66666666666667,2.248998498544097e-06,9.243027307093143e-06,0.4245895450003445,0.42050717800157145,0.43218832300044596,0.4257616820007873,0.422548361500958,0.42838893400039524,0.005928129214350683,0.004082366998773068,3.0,"[0.4245895450003445, 0.42050717800157145, 0.43218832300044596]",0.42459179399884306,3.0,1.0,92.0,0.0,0.0,0.0,0.5714285714285714,beam_local,10000.0,180.0,0.0,0.0017258980078622699,0.3803819100721739,0.06800011091399938,7.76230008341372e-05,0.4542980379774235,157853.0,157853,13882.0,,474785.0,168203.0,159089.0,400.0,432.0,1.0,1.0,67.66666666666667,92.0,True,beam_local_fit,10000.0,180.0,8.09700577519834e-06,0.0,0.0,0.0,0.0,8.09700577519834e-06,0.0,,,,,,,,,1.0,1.0,,,2.496002707630396e-06,0.42397410998819396,0.4239766059909016,67.66666666666667,67.66666666666667,0.0,isolated,1,True,1200.0,2.8241068049974274,2.5773790449893568,0.24672776000807062,157343744.0,150.0546875,resource.ru_maxrss_kib_converted_to_bytes,0.0,"{""BLIS_NUM_THREADS"": ""1"", ""MKL_DYNAMIC"": ""FALSE"", ""MKL_NUM_THREADS"": ""1"", ""NUMBA_NUM_THREADS"": ""1"", ""NUMEXPR_NUM_THREADS"": ""1"", ""OMP_DYNAMIC"": ""FALSE"", ""OMP_NUM_THREADS"": ""1"", ""OPENBLAS_NUM_THREADS"": ""1"", ""PYTHONHASHSEED"": ""0"", ""VECLIB_MAXIMUM_THREADS"": ""1""}",tree_path,5,5,0,0.1329714050225448,20,19,22,21,105,180,narrow,path,20,uniform,"{""kind"": ""categorical"", ""probs"": [0.75, 0.25], ""values"": [1, 2]}",uniform,24,background,beam_local_capped,A narrow observed tree and short template path favor local transitions; the cap is expected to remove occasional high-degree bursts.,250,179,58,1,50,1,67.66666666666667,True,single_exact_result,1,0.0,6.766666666666667e-05,1.0,0.0,1.0,100.0,True,0.04417362418885024,0.04417592913086625,0.08460972996356966,0.08461395804754218,400.0,,431.0,159090.0,,,,,,,,,,,,,,,,,,
local_beam_width_narrow,algorithm,narrow_tree_to_path,algorithm_grid,beam_width,25.0,local_beam_width_narrow,1,local_B25,generic,False,"{""beam_local_child_cap"": null, ""beam_width"": 25, ""method"": ""beam_local""}",jaccard,10000,180,1800000,157836,6.6499999999999995,32.5,ok,,32.5,1.0780058801174164e-06,6.223010132089257e-06,0.018755658995360136,0.018668676988454536,0.018813605012837797,0.01874598033221749,0.018712167991907336,0.018784632004098967,7.294717577179014e-05,5.794601747766137e-05,3.0,"[0.018813605012837797, 0.018668676988454536, 0.018755658995360136]",0.018756737001240253,3.0,1.0,46.0,0.05263157894736842,0.021739130434782608,0.045454545454545456,0.2857142857142857,beam_local,10000.0,180.0,0.0,0.0015794630162417889,0.015834824938792735,0.0025643630360718817,1.1038006050512195e-05,0.020175234996713698,6363.0,6363,552.0,,19265.0,7654.0,6541.0,25.0,275.0,1.0,1.0,32.5,46.0,True,beam_local_fit,10000.0,180.0,5.3010007832199335e-06,0.0,0.0,0.0,0.0,5.3010007832199335e-06,0.0,,,,,,,,,1.0,1.0,,,2.440996468067169e-06,0.020328562008216977,0.020331003004685044,32.5,32.5,0.0,isolated,1,True,1200.0,0.36342445301124826,0.11607923402334563,0.24734521898790263,154066944.0,146.9296875,resource.ru_maxrss_kib_converted_to_bytes,0.0,"{""BLIS_NUM_THREADS"": ""1"", ""MKL_DYNAMIC"": ""FALSE"", ""MKL_NUM_THREADS"": ""1"", ""NUMBA_NUM_THREADS"": ""1"", ""NUMEXPR_NUM_THREADS"": ""1"", ""OMP_DYNAMIC"": ""FALSE"", ""OMP_NUM_THREADS"": ""1"", ""OPENBLAS_NUM_THREADS"": ""1"", ""PYTHONHASHSEED"": ""0"", ""VECLIB_MAXIMUM_THREADS"": ""1""}",tree_path,1,6,0,0.1329714050225448,20,19,22,21,105,180,narrow,path,20,uniform,"{""kind"": ""categorical"", ""probs"": [0.75, 0.25], ""values"": [1, 2]}",uniform,24,background,beam_local_capped,A narrow observed tree and short template path favor local transitions; the cap is expected to remove occasional high-degree bursts.,250,179,58,1,50,1,67.66666666666667,True,single_exact_result,1,0.0,6.766666666666667e-05,0.480295566502463,35.16666666666667,0.480295566502463,48.0295566502463,True,1.0,1.0,0.64891846921797,0.64891846921797,25.0,,431.0,6542.0,,,,,,,,,,,,,,,,,,
local_beam_width_narrow,algorithm,narrow_tree_to_path,algorithm_grid,beam_width,200.0,local_beam_width_narrow,2,local_B200,generic,False,"{""beam_local_child_cap"": null, ""beam_width"": 200, ""method"": ""beam_local""}",jaccard,10000,180,1800000,153897,6.116666666666666,68.5,ok,,68.5,1.981999957934022e-06,9.086012141779065e-06,0.2160696010105312,0.21490890099084936,0.21702551399357617,0.21600133866498558,0.21548925100069027,0.21654755750205368,0.0010599563489562156,0.000955912983044982,3.0,"[0.2160696010105312, 0.21702551399357617, 0.21490890099084936]",0.21607158301048912,3.0,1.0,90.0,0.05263157894736842,0.011111111111111112,0.05,0.45454545454545453,beam_local,10000.0,180.0,0.0,0.001555708993691951,0.19663386489264667,0.03479816409526393,4.966199048794806e-05,0.23469021200435236,81619.0,81619,6887.0,,245080.0,87982.0,81844.0,200.0,432.0,1.0,1.0,68.5,90.0,True,beam_local_fit,10000.0,180.0,8.032977348193526e-06,0.0,0.0,0.0,0.0,8.032977348193526e-06,0.0,,,,,,,,,1.0,1.0,,,2.5929766707122326e-06,0.2185695389925968,0.2185721319692675,68.5,68.5,0.0,isolated,1,True,1200.0,1.5675568820151966,1.3183059000002686,0.249250982014928,154066944.0,146.9296875,resource.ru_maxrss_kib_converted_to_bytes,0.0,"{""BLIS_NUM_THREADS"": ""1"", ""MKL_DYNAMIC"": ""FALSE"", ""MKL_NUM_THREADS"": ""1"", ""NUMBA_NUM_THREADS"": ""1"", ""NUMEXPR_NUM_THREADS"": ""1"", ""OMP_DYNAMIC"": ""FALSE"", ""OMP_NUM_THREADS"": ""1"", ""OPENBLAS_NUM_THREADS"": ""1"", ""PYTHONHASHSEED"": ""0"", ""VECLIB_MAXIMUM_THREADS"": ""1""}",tree_path,4,0,0,0.1328336680016946,20,19,20,22,208,180,narrow,path,20,uniform,"{""kind"": ""categorical"", ""probs"": [0.75, 0.25], ""values"": [1, 2]}",uniform,24,background,beam_local_capped,A narrow observed tree and short template path favor local transitions; the cap is expected to remove occasional high-degree bursts.,250,179,58,1,33,1,68.5,True,single_exact_result,1,0.0,6.85e-05,1.0,0.0,1.0,100.0,True,0.1331843760522158,0.13318905523430286,0.23506214675532877,0.2350694345644984,200.0,,431.0,81845.0,,,,,,,,,,,,,,,,,,
local_beam_width_narrow,algorithm,narrow_tree_to_path,algorithm_grid,beam_width,800.0,local_beam_width_narrow,2,local_B800,generic,False,"{""beam_local_child_cap"": null, ""beam_width"": 800, ""method"": ""beam_local""}",jaccard,10000,180,1800000,153897,6.116666666666666,68.5,ok,,68.5,2.4030159693211317e-06,1.2779986718669534e-05,0.8612531739927363,0.85420879299636,0.8650660759885795,0.860176014325892,0.8577309834945481,0.8631596249906579,0.005508207803287031,0.0038129019958432764,3.0,"[0.8612531739927363, 0.85420879299636, 0.8650660759885795]",0.8612555770087056,3.0,1.0,90.0,0.05263157894736842,0.011111111111111112,0.05,0.45454545454545453,beam_local,10000.0,180.0,0.0,0.0016965110262390226,0.7686099323327653,0.14309282766771503,0.00011788299889303744,0.9227996790141333,317703.0,317703,27087.0,,955147.0,335876.0,319753.0,800.0,432.0,1.0,1.0,68.5,90.0,True,beam_local_fit,10000.0,180.0,1.1567986803129315e-05,0.0,0.0,0.0,0.0,1.1567986803129315e-05,0.0,,,,,,,,,1.0,1.0,,,3.0449882615357637e-06,0.8568917310039978,0.8568947759922594,68.5,68.5,0.0,isolated,1,True,1200.0,5.463513825001428,5.216116433002753,0.24739739199867472,177721344.0,169.48828125,resource.ru_maxrss_kib_converted_to_bytes,0.0,"{""BLIS_NUM_THREADS"": ""1"", ""MKL_DYNAMIC"": ""FALSE"", ""MKL_NUM_THREADS"": ""1"", ""NUMBA_NUM_THREADS"": ""1"", ""NUMEXPR_NUM_THREADS"": ""1"", ""OMP_DYNAMIC"": ""FALSE"", ""OMP_NUM_THREADS"": ""1"", ""OPENBLAS_NUM_THREADS"": ""1"", ""PYTHONHASHSEED"": ""0"", ""VECLIB_MAXIMUM_THREADS"": ""1""}",tree_path,6,1,0,0.1328336680016946,20,19,20,22,208,180,narrow,path,20,uniform,"{""kind"": ""categorical"", ""probs"": [0.75, 0.25], ""values"": [1, 2]}",uniform,24,background,beam_local_capped,A narrow observed tree and short template path favor local transitions; the cap is expected to remove occasional high-degree bursts.,250,179,58,1,33,1,68.5,True,single_exact_result,1,0.0,6.85e-05,1.0,0.0,1.0,100.0,True,0.03341304956941908,0.03341443675070263,0.06466542992338045,0.06466802777744321,800.0,,431.0,319754.0,,,,,,,,,,,,,,,,,,
local_beam_width_narrow,algorithm,narrow_tree_to_path,algorithm_grid,beam_width,,local_beam_width_narrow,2,sparse_chain,generic_sparse,True,"{""method"": ""sparse_chain""}",jaccard,10000,180,1800000,153897,6.116666666666666,68.5,ok,,68.5,0.009285687003284693,0.009253374999389052,0.5680107119842432,0.5659696540096775,0.5704414849751629,0.5681406169896945,0.5669901829969604,0.5692260984797031,0.0022387439623144825,0.002041057974565774,3.0,"[0.5704414849751629, 0.5659696540096775, 0.5680107119842432]",0.5772963989875279,3.0,1.0,90.0,0.05263157894736842,0.011111111111111112,0.05,0.45454545454545453,sparse_chain,10000.0,180.0,0.0,0.05072722598561086,0.2107518990233075,0.3308555239927955,2.1467014448717237e-05,0.6035960009903647,152904.0,152904,152904.0,,,,,,,1.0,1.0,68.5,90.0,True,sparse_chain_fit,10000.0,180.0,0.009251023002434522,0.0,0.0,0.0,0.0,0.009251023002434522,0.0,,,,,,,,,1.0,1.0,,,0.010190155997406691,0.5762466700107325,0.5864368260081392,68.5,68.5,0.0,isolated,1,True,1200.0,3.7343303200032096,3.48453482700279,0.2497954930004198,191164416.0,182.30859375,resource.ru_maxrss_kib_converted_to_bytes,0.0,"{""BLIS_NUM_THREADS"": ""1"", ""MKL_DYNAMIC"": ""FALSE"", ""MKL_NUM_THREADS"": ""1"", ""NUMBA_NUM_THREADS"": ""1"", ""NUMEXPR_NUM_THREADS"": ""1"", ""OMP_DYNAMIC"": ""FALSE"", ""OMP_NUM_THREADS"": ""1"", ""OPENBLAS_NUM_THREADS"": ""1"", ""PYTHONHASHSEED"": ""0"", ""VECLIB_MAXIMUM_THREADS"": ""1""}",tree_path,0,2,0,0.1328336680016946,20,19,20,22,208,180,narrow,path,20,uniform,"{""kind"": ""categorical"", ""probs"": [0.75, 0.25], ""values"": [1, 2]}",uniform,24,background,beam_local_capped,A narrow observed tree and short template path favor local transitions; the cap is expected to remove occasional high-degree bursts.,250,179,58,1,33,1,68.5,True,single_exact_result,1,0.0,6.85e-05,1.0,0.0,1.0,100.0,True,0.050662944179188464,0.04985025033001986,0.09643995623880688,0.09496640175939275,,,,,152904.0,152904.0,True,151698.0,881835.0,5516.0,152904.0,206496.0,False,,,,,,,,,
local_beam_width_narrow,algorithm,narrow_tree_to_path,algorithm_grid,beam_width,50.0,local_beam_width_narrow,2,local_B50,generic,False,"{""beam_local_child_cap"": null, ""beam_width"": 50, ""method"": ""beam_local""}",jaccard,10000,180,1800000,153897,6.116666666666666,66.33333333333334,ok,,66.33333333333333,1.2050149962306023e-06,7.307011401280761e-06,0.05519127499428578,0.05517741499352269,0.05534993298351765,0.05523954099044204,0.05518434499390423,0.05527060398890171,9.585311161716253e-05,1.3860000763088465e-05,3.0,"[0.05519127499428578, 0.05534993298351765, 0.05517741499352269]",0.05519248000928201,3.0,1.0,85.0,0.05263157894736842,0.011764705882352941,0.05,0.36363636363636365,beam_local,10000.0,180.0,0.0,0.001521004014648497,0.050257063907338306,0.008185156097169966,2.1337997168302536e-05,0.060331131011480466,20633.0,20633,1744.0,,62053.0,23156.0,20789.0,50.0,432.0,1.0,1.0,66.33333333333334,85.0,True,beam_local_fit,10000.0,180.0,6.320013199001551e-06,0.0,0.0,0.0,0.0,6.320013199001551e-06,0.0,,,,,,,,,1.0,1.0,,,2.0519946701824665e-06,0.05801536000217311,0.05801741199684329,66.33333333333334,66.33333333333333,0.0,isolated,1,True,1200.0,0.5865015129966196,0.34078975100419484,0.24571176199242473,154066944.0,146.9296875,resource.ru_maxrss_kib_converted_to_bytes,0.0,"{""BLIS_NUM_THREADS"": ""1"", ""MKL_DYNAMIC"": ""FALSE"", ""MKL_NUM_THREADS"": ""1"", ""NUMBA_NUM_THREADS"": ""1"", ""NUMEXPR_NUM_THREADS"": ""1"", ""OMP_DYNAMIC"": ""FALSE"", ""OMP_NUM_THREADS"": ""1"", ""OPENBLAS_NUM_THREADS"": ""1"", ""PYTHONHASHSEED"": ""0"", ""VECLIB_MAXIMUM_THREADS"": ""1""}",tree_path,2,3,0,0.1328336680016946,20,19,20,22,208,180,narrow,path,20,uniform,"{""kind"": ""categorical"", ""probs"": [0.75, 0.25], ""values"": [1, 2]}",uniform,24,background,beam_local_capped,A narrow observed tree and short template path favor local transitions; the cap is expected to remove occasional high-degree bursts.,250,179,58,1,33,1,68.5,True,single_exact_result,1,0.0,6.85e-05,0.9683698296836984,2.166666666666657,0.9683698296836984,96.83698296836984,True,0.5214065990941185,0.521418316395775,0.6778391841988664,0.6778490855507209,50.0,,431.0,20790.0,,,,,,,,,,,,,,,,,,
local_beam_width_narrow,algorithm,narrow_tree_to_path,algorithm_grid,beam_width,400.0,local_beam_width_narrow,2,local_B400,generic,False,"{""beam_local_child_cap"": null, ""beam_width"": 400, ""method"": ""beam_local""}",jaccard,10000,180,1800000,153897,6.116666666666666,68.5,ok,,68.5,2.1379964891821146e-06,1.0685995221138e-05,0.43744935200084,0.4371863680134993,0.45147942399489693,0.4420383813364121,0.43731786000716966,0.44446438799786847,0.008177240060307478,0.0002629839873407036,3.0,"[0.43744935200084, 0.4371863680134993, 0.45147942399489693]",0.4374514899973292,3.0,1.0,90.0,0.05263157894736842,0.011111111111111112,0.05,0.45454545454545453,beam_local,10000.0,180.0,0.0,0.0016366530035156757,0.39231043969630264,0.07230244830134325,7.466098759323359e-05,0.4704995079955552,161735.0,161735,13669.0,,486354.0,174278.0,162895.0,400.0,432.0,1.0,1.0,68.5,90.0,True,beam_local_fit,10000.0,180.0,9.549985406920314e-06,0.0,0.0,0.0,0.0,9.549985406920314e-06,0.0,,,,,,,,,1.0,1.0,,,2.2320018615573645e-06,0.435325210011797,0.4353274420136586,68.5,68.5,0.0,isolated,1,True,1200.0,2.9192077899933793,2.668982639006572,0.2502251509868074,159989760.0,152.578125,resource.ru_maxrss_kib_converted_to_bytes,0.0,"{""BLIS_NUM_THREADS"": ""1"", ""MKL_DYNAMIC"": ""FALSE"", ""MKL_NUM_THREADS"": ""1"", ""NUMBA_NUM_THREADS"": ""1"", ""NUMEXPR_NUM_THREADS"": ""1"", ""OMP_DYNAMIC"": ""FALSE"", ""OMP_NUM_THREADS"": ""1"", ""OPENBLAS_NUM_THREADS"": ""1"", ""PYTHONHASHSEED"": ""0"", ""VECLIB_MAXIMUM_THREADS"": ""1""}",tree_path,5,4,0,0.1328336680016946,20,19,20,22,208,180,narrow,path,20,uniform,"{""kind"": ""categorical"", ""probs"": [0.75, 0.25], ""values"": [1, 2]}",uniform,24,background,beam_local_capped,A narrow observed tree and short template path favor local transitions; the cap is expected to remove occasional high-degree bursts.,250,179,58,1,33,1,68.5,True,single_exact_result,1,0.0,6.85e-05,1.0,0.0,1.0,100.0,True,0.06578383271758408,0.06578642583734941,0.12344685798028192,0.12345142374216939,400.0,,431.0,162896.0,,,,,,,,,,,,,,,,,,
local_beam_width_narrow,algorithm,narrow_tree_to_path,algorithm_grid,beam_width,25.0,local_beam_width_narrow,2,local_B25,generic,False,"{""beam_local_child_cap"": null, ""beam_width"": 25, ""method"": ""beam_local""}",jaccard,10000,180,1800000,153897,6.116666666666666,52.833333333333336,ok,,52.833333333333336,1.2750097084790468e-06,7.337017450481653e-06,0.028777094994438812,0.028753051010426134,0.028801390988519415,0.028777178997794788,0.028765073002432473,0.028789242991479114,2.417009852974523e-05,2.4043984012678266e-05,3.0,"[0.028753051010426134, 0.028777094994438812, 0.028801390988519415]",0.02877837000414729,3.0,1.0,72.0,0.05263157894736842,0.013888888888888888,0.05,0.5454545454545454,beam_local,10000.0,180.0,0.0,0.0015077920106705278,0.0251177828758955,0.004292239114874974,1.9675004296004772e-05,0.03116557700559497,10311.0,10311,843.0,,30989.0,11901.0,10369.0,25.0,432.0,1.0,1.0,52.833333333333336,72.0,True,beam_local_fit,10000.0,180.0,6.411981303244829e-06,0.0,0.0,0.0,0.0,6.411981303244829e-06,0.0,,,,,,,,,1.0,1.0,,,2.442975528538227e-06,0.030190036981366575,0.030192479956895113,52.833333333333336,52.833333333333336,0.0,isolated,1,True,1200.0,0.42081913200672716,0.177206742024282,0.24361238998244517,154066944.0,146.9296875,resource.ru_maxrss_kib_converted_to_bytes,0.0,"{""BLIS_NUM_THREADS"": ""1"", ""MKL_DYNAMIC"": ""FALSE"", ""MKL_NUM_THREADS"": ""1"", ""NUMBA_NUM_THREADS"": ""1"", ""NUMEXPR_NUM_THREADS"": ""1"", ""OMP_DYNAMIC"": ""FALSE"", ""OMP_NUM_THREADS"": ""1"", ""OPENBLAS_NUM_THREADS"": ""1"", ""PYTHONHASHSEED"": ""0"", ""VECLIB_MAXIMUM_THREADS"": ""1""}",tree_path,1,5,0,0.1328336680016946,20,19,20,22,208,180,narrow,path,20,uniform,"{""kind"": ""categorical"", ""probs"": [0.75, 0.25], ""values"": [1, 2]}",uniform,24,background,beam_local_capped,A narrow observed tree and short template path favor local transitions; the cap is expected to remove occasional high-degree bursts.,250,179,58,1,33,1,68.5,True,single_exact_result,1,0.0,6.85e-05,0.7712895377128954,15.666666666666664,0.7712895377128954,77.12895377128955,True,1.0,1.0,0.8708791208791209,0.8708791208791209,25.0,,431.0,10370.0,,,,,,,,,,,,,,,,,,
local_beam_width_narrow,algorithm,narrow_tree_to_path,algorithm_grid,beam_width,100.0,local_beam_width_narrow,2,local_B100,generic,False,"{""beam_local_child_cap"": null, ""beam_width"": 100, ""method"": ""beam_local""}",jaccard,10000,180,1800000,153897,6.116666666666666,68.5,ok,,68.5,1.5859841369092464e-06,8.625996997579932e-06,0.11193850100971758,0.11136355000780895,0.11212385300314054,0.11180863467355569,0.11165102550876327,0.11203117700642906,0.0003964392893352402,0.00018535199342295527,3.0,"[0.11136355000780895, 0.11193850100971758, 0.11212385300314054]",0.11194008699385449,3.0,1.0,90.0,0.05263157894736842,0.011111111111111112,0.05,0.45454545454545453,beam_local,10000.0,180.0,0.0,0.0015583290078211576,0.10054804297396913,0.017790453042834997,2.5709014153108e-05,0.12063794300775044,41988.0,41988,3541.0,,126014.0,46283.0,42042.0,100.0,432.0,1.0,1.0,68.5,90.0,True,beam_local_fit,10000.0,180.0,7.517985068261623e-06,0.0,0.0,0.0,0.0,7.517985068261623e-06,0.0,,,,,,,,,1.0,1.0,,,2.487999154254794e-06,0.11305122499470599,0.11305371299386024,68.5,68.5,0.0,isolated,1,True,1200.0,0.9257822929939721,0.6820698950032238,0.2437123979907483,154066944.0,146.9296875,resource.ru_maxrss_kib_converted_to_bytes,0.0,"{""BLIS_NUM_THREADS"": ""1"", ""MKL_DYNAMIC"": ""FALSE"", ""MKL_NUM_THREADS"": ""1"", ""NUMBA_NUM_THREADS"": ""1"", ""NUMEXPR_NUM_THREADS"": ""1"", ""OMP_DYNAMIC"": ""FALSE"", ""OMP_NUM_THREADS"": ""1"", ""OPENBLAS_NUM_THREADS"": ""1"", ""PYTHONHASHSEED"": ""0"", ""VECLIB_MAXIMUM_THREADS"": ""1""}",tree_path,3,6,0,0.1328336680016946,20,19,20,22,208,180,narrow,path,20,uniform,"{""kind"": ""categorical"", ""probs"": [0.75, 0.25], ""values"": [1, 2]}",uniform,24,background,beam_local_capped,A narrow observed tree and short template path favor local transitions; the cap is expected to remove occasional high-degree bursts.,250,179,58,1,33,1,68.5,True,single_exact_result,1,0.0,6.85e-05,1.0,0.0,1.0,100.0,True,0.25707951004222057,0.25708725780896724,0.4090107395570965,0.40902054525165726,100.0,,431.0,42043.0,,,,,,,,,,,,,,,,,,
local_beam_width_narrow,algorithm,narrow_tree_to_path,algorithm_grid,beam_width,800.0,local_beam_width_narrow,3,local_B800,generic,False,"{""beam_local_child_cap"": null, ""beam_width"": 800, ""method"": ""beam_local""}",jaccard,10000,180,1800000,151410,6.916666666666666,70.66666666666667,ok,,70.66666666666667,2.0099978428333998e-06,1.0199990356341004e-05,0.8741020129818935,0.8722818679816555,0.8890128530038055,0.8784655779891182,0.8731919404817745,0.8815574329928495,0.009179432968983353,0.0018201450002379715,3.0,"[0.8741020129818935, 0.8722818679816555, 0.8890128530038055]",0.8741040229797363,3.0,1.0,89.0,0.05,0.011235955056179775,0.043478260869565216,0.38095238095238093,beam_local,10000.0,180.0,0.0,0.0016920960042625666,0.7852267180860508,0.14802846091333777,9.66200022958219e-05,0.9431906460085884,317212.0,317212,26461.0,,953462.0,337655.0,319057.0,800.0,432.0,1.0,1.0,70.66666666666667,89.0,True,beam_local_fit,10000.0,180.0,9.2370028141886e-06,0.0,0.0,0.0,0.0,9.2370028141886e-06,0.0,,,,,,,,,1.0,1.0,,,2.315995516255498e-06,0.8719510530063417,0.8719533690018579,70.66666666666667,70.66666666666667,0.0,isolated,1,True,1200.0,5.575548602006165,5.330916448001517,0.24463215400464833,176140288.0,167.98046875,resource.ru_maxrss_kib_converted_to_bytes,0.0,"{""BLIS_NUM_THREADS"": ""1"", ""MKL_DYNAMIC"": ""FALSE"", ""MKL_NUM_THREADS"": ""1"", ""NUMBA_NUM_THREADS"": ""1"", ""NUMEXPR_NUM_THREADS"": ""1"", ""OMP_DYNAMIC"": ""FALSE"", ""OMP_NUM_THREADS"": ""1"", ""OPENBLAS_NUM_THREADS"": ""1"", ""PYTHONHASHSEED"": ""0"", ""VECLIB_MAXIMUM_THREADS"": ""1""}",tree_path,6,0,0,0.13430388001143,20,20,23,21,62,180,narrow,path,20,uniform,"{""kind"": ""categorical"", ""probs"": [0.75, 0.25], ""values"": [1, 2]}",uniform,24,background,beam_local_capped,A narrow observed tree and short template path favor local transitions; the cap is expected to remove occasional high-degree bursts.,250,179,61,1,42,1,71.0,True,single_exact_result,1,0.0,7.099999999999999e-05,0.9953051643192489,0.3333333333333286,0.9953051643192489,99.53051643192488,True,0.03302811292998564,0.03302931713178541,0.06393462527025993,0.0639368814489561,800.0,,431.0,319058.0,,,,,,,,,,,,,,,,,,
local_beam_width_narrow,algorithm,narrow_tree_to_path,algorithm_grid,beam_width,,local_beam_width_narrow,3,sparse_chain,generic_sparse,True,"{""method"": ""sparse_chain""}",jaccard,10000,180,1800000,151410,6.916666666666666,71.0,ok,,71.0,0.009327316976850852,0.009434740000870079,0.5612068479822483,0.5564270099857822,0.5618313140003011,0.5598217239894439,0.5588169289840152,0.5615190809912747,0.00295644242746549,0.0006244660180527717,3.0,"[0.5612068479822483, 0.5618313140003011, 0.5564270099857822]",0.5705341649590991,3.0,1.0,90.0,0.05,0.011111111111111112,0.043478260869565216,0.42857142857142855,sparse_chain,10000.0,180.0,0.0,0.049802925990661606,0.20563573300023563,0.32536285801324993,2.2506981622427702e-05,0.5896602289867587,150548.0,150548,150548.0,,,,,,,1.0,1.0,71.0,90.0,True,sparse_chain_fit,10000.0,180.0,0.009432532999198884,0.0,0.0,0.0,0.0,0.009432532999198884,0.0,,,,,,,,,1.0,1.0,,,0.010319822991732508,0.5690219020179939,0.5793417250097264,71.0,71.0,0.0,isolated,1,True,1200.0,3.6782688859966584,3.430442957993364,0.2478259280032944,191426560.0,182.55859375,resource.ru_maxrss_kib_converted_to_bytes,0.0,"{""BLIS_NUM_THREADS"": ""1"", ""MKL_DYNAMIC"": ""FALSE"", ""MKL_NUM_THREADS"": ""1"", ""NUMBA_NUM_THREADS"": ""1"", ""NUMEXPR_NUM_THREADS"": ""1"", ""OMP_DYNAMIC"": ""FALSE"", ""OMP_NUM_THREADS"": ""1"", ""OPENBLAS_NUM_THREADS"": ""1"", ""PYTHONHASHSEED"": ""0"", ""VECLIB_MAXIMUM_THREADS"": ""1""}",tree_path,0,1,0,0.13430388001143,20,20,23,21,62,180,narrow,path,20,uniform,"{""kind"": ""categorical"", ""probs"": [0.75, 0.25], ""values"": [1, 2]}",uniform,24,background,beam_local_capped,A narrow observed tree and short template path favor local transitions; the cap is expected to remove occasional high-degree bursts.,250,179,61,1,42,1,71.0,True,single_exact_result,1,0.0,7.099999999999999e-05,1.0,0.0,1.0,100.0,True,0.05144260106748902,0.050603558479686984,0.097851468097757,0.09633235690333022,,,,,150548.0,150548.0,True,149305.0,861719.0,5433.0,150548.0,203421.0,False,,,,,,,,,
local_beam_width_narrow,algorithm,narrow_tree_to_path,algorithm_grid,beam_width,50.0,local_beam_width_narrow,3,local_B50,generic,False,"{""beam_local_child_cap"": null, ""beam_width"": 50, ""method"": ""beam_local""}",jaccard,10000,180,1800000,151410,6.916666666666666,70.16666666666669,ok,,70.16666666666667,1.3309763744473457e-06,7.250986527651548e-06,0.05398651698487811,0.053981866978574544,0.054176398989511654,0.05404826098432144,0.053984191981726326,0.05408145798719488,0.00011099512115517574,4.650006303563714e-06,3.0,"[0.054176398989511654, 0.053981866978574544, 0.05398651698487811]",0.053987847961252555,3.0,1.0,91.0,0.05,0.01098901098901099,0.043478260869565216,0.5714285714285714,beam_local,10000.0,180.0,0.0,0.0015208690019790083,0.04911810508929193,0.00785903588985093,2.1022016881033778e-05,0.05888816900551319,20425.0,20425,1768.0,,61147.0,22351.0,20296.0,50.0,432.0,1.0,1.0,70.16666666666669,91.0,True,beam_local_fit,10000.0,180.0,6.238988135010004e-06,0.0,0.0,0.0,0.0,6.238988135010004e-06,0.0,,,,,,,,,1.0,1.0,,,2.2849999368190765e-06,0.05606785498093814,0.056070139980874956,70.16666666666669,70.16666666666667,0.0,isolated,1,True,1200.0,0.5760206349950749,0.33215432599536143,0.2438663089997135,154066944.0,146.9296875,resource.ru_maxrss_kib_converted_to_bytes,0.0,"{""BLIS_NUM_THREADS"": ""1"", ""MKL_DYNAMIC"": ""FALSE"", ""MKL_NUM_THREADS"": ""1"", ""NUMBA_NUM_THREADS"": ""1"", ""NUMEXPR_NUM_THREADS"": ""1"", ""OMP_DYNAMIC"": ""FALSE"", ""OMP_NUM_THREADS"": ""1"", ""OPENBLAS_NUM_THREADS"": ""1"", ""PYTHONHASHSEED"": ""0"", ""VECLIB_MAXIMUM_THREADS"": ""1""}",tree_path,2,2,0,0.13430388001143,20,20,23,21,62,180,narrow,path,20,uniform,"{""kind"": ""categorical"", ""probs"": [0.75, 0.25], ""values"": [1, 2]}",uniform,24,background,beam_local_capped,A narrow observed tree and short template path favor local transitions; the cap is expected to remove occasional high-degree bursts.,250,179,61,1,42,1,71.0,True,single_exact_result,1,0.0,7.099999999999999e-05,0.9882629107981223,0.8333333333333144,0.9882629107981223,98.82629107981224,True,0.5347620407736318,0.5347695837383277,0.693994527737578,0.6940008795969806,50.0,,431.0,20297.0,,,,,,,,,,,,,,,,,,
local_beam_width_narrow,algorithm,narrow_tree_to_path,algorithm_grid,beam_width,400.0,local_beam_width_narrow,3,local_B400,generic,False,"{""beam_local_child_cap"": null, ""beam_width"": 400, ""method"": ""beam_local""}",jaccard,10000,180,1800000,151410,6.916666666666666,70.66666666666667,ok,,70.66666666666667,2.021028194576502e-06,1.2397009413689375e-05,0.4232225219893735,0.42140215999097563,0.43466911200084724,0.42643126466039877,0.42231234099017456,0.42894581699511036,0.007192011266308121,0.001820361998397857,3.0,"[0.4232225219893735, 0.42140215999097563, 0.43466911200084724]",0.42322454301756807,3.0,1.0,89.0,0.05,0.011235955056179775,0.043478260869565216,0.38095238095238093,beam_local,10000.0,180.0,0.0,0.0016539120115339756,0.38407999675837345,0.06852578924736008,6.98859803378582e-05,0.45801017599296756,158792.0,158792,13261.0,,477154.0,170631.0,159581.0,400.0,432.0,1.0,1.0,70.66666666666667,89.0,True,beam_local_fit,10000.0,180.0,1.1504016583785415e-05,0.0,0.0,0.0,0.0,1.1504016583785415e-05,0.0,,,,,,,,,1.0,1.0,,,2.2320018615573645e-06,0.43090321999625303,0.4309054519981146,70.66666666666667,70.66666666666667,0.0,isolated,1,True,1200.0,2.8425545479985885,2.5920461310015526,0.25050841699703597,157995008.0,150.67578125,resource.ru_maxrss_kib_converted_to_bytes,0.0,"{""BLIS_NUM_THREADS"": ""1"", ""MKL_DYNAMIC"": ""FALSE"", ""MKL_NUM_THREADS"": ""1"", ""NUMBA_NUM_THREADS"": ""1"", ""NUMEXPR_NUM_THREADS"": ""1"", ""OMP_DYNAMIC"": ""FALSE"", ""OMP_NUM_THREADS"": ""1"", ""OPENBLAS_NUM_THREADS"": ""1"", ""PYTHONHASHSEED"": ""0"", ""VECLIB_MAXIMUM_THREADS"": ""1""}",tree_path,5,3,0,0.13430388001143,20,20,23,21,62,180,narrow,path,20,uniform,"{""kind"": ""categorical"", ""probs"": [0.75, 0.25], ""values"": [1, 2]}",uniform,24,background,beam_local_capped,A narrow observed tree and short template path favor local transitions; the cap is expected to remove occasional high-degree bursts.,250,179,61,1,42,1,71.0,True,single_exact_result,1,0.0,7.099999999999999e-05,0.9953051643192489,0.3333333333333286,0.9953051643192489,99.53051643192488,True,0.0682145644361966,0.06821688263945674,0.12767851207534456,0.12768257278534387,400.0,,431.0,159582.0,,,,,,,,,,,,,,,,,,
local_beam_width_narrow,algorithm,narrow_tree_to_path,algorithm_grid,beam_width,25.0,local_beam_width_narrow,3,local_B25,generic,False,"{""beam_local_child_cap"": null, ""beam_width"": 25, ""method"": ""beam_local""}",jaccard,10000,180,1800000,151410,6.916666666666666,68.33333333333334,ok,,68.33333333333333,1.1189840734004974e-06,6.960006430745125e-06,0.028869939997093752,0.02885781999793835,0.02901054298854433,0.028912767661192145,0.02886387999751605,0.02894024149281904,8.489248832495189e-05,1.2119999155402184e-05,3.0,"[0.02901054298854433, 0.028869939997093752, 0.02885781999793835]",0.028871058981167153,3.0,1.0,88.0,0.05,0.011363636363636364,0.043478260869565216,0.47619047619047616,beam_local,10000.0,180.0,0.0,0.0016048219986259937,0.025217859132681042,0.004354974866146222,1.787298242561519e-05,0.031429004011442885,10470.0,10470,914.0,,31283.0,11923.0,10343.0,25.0,432.0,1.0,1.0,68.33333333333334,88.0,True,beam_local_fit,10000.0,180.0,6.076006684452295e-06,0.0,0.0,0.0,0.0,6.076006684452295e-06,0.0,,,,,,,,,1.0,1.0,,,2.6710040401667356e-06,0.03034467200632207,0.030347343010362238,68.33333333333334,68.33333333333333,0.0,isolated,1,True,1200.0,0.42453577899141237,0.17827969999052584,0.24625607900088653,154066944.0,146.9296875,resource.ru_maxrss_kib_converted_to_bytes,0.0,"{""BLIS_NUM_THREADS"": ""1"", ""MKL_DYNAMIC"": ""FALSE"", ""MKL_NUM_THREADS"": ""1"", ""NUMBA_NUM_THREADS"": ""1"", ""NUMEXPR_NUM_THREADS"": ""1"", ""OMP_DYNAMIC"": ""FALSE"", ""OMP_NUM_THREADS"": ""1"", ""OPENBLAS_NUM_THREADS"": ""1"", ""PYTHONHASHSEED"": ""0"", ""VECLIB_MAXIMUM_THREADS"": ""1""}",tree_path,1,4,0,0.13430388001143,20,20,23,21,62,180,narrow,path,20,uniform,"{""kind"": ""categorical"", ""probs"": [0.75, 0.25], ""values"": [1, 2]}",uniform,24,background,beam_local_capped,A narrow observed tree and short template path favor local transitions; the cap is expected to remove occasional high-degree bursts.,250,179,61,1,42,1,71.0,True,single_exact_result,1,0.0,7.099999999999999e-05,0.9624413145539907,2.666666666666657,0.9624413145539907,96.24413145539907,True,1.0,1.0,0.9808612440191388,0.9808612440191388,25.0,,431.0,10344.0,,,,,,,,,,,,,,,,,,
local_beam_width_narrow,algorithm,narrow_tree_to_path,algorithm_grid,beam_width,100.0,local_beam_width_narrow,3,local_B100,generic,False,"{""beam_local_child_cap"": null, ""beam_width"": 100, ""method"": ""beam_local""}",jaccard,10000,180,1800000,151410,6.916666666666666,70.33333333333334,ok,,70.33333333333333,1.7179991118609905e-06,9.292998583987355e-06,0.10432630201103166,0.10265310999238864,0.10455969601753168,0.10384636934031732,0.10348970600171015,0.10444299901428167,0.001039961102220622,0.00023339400650002062,3.0,"[0.10455969601753168, 0.10265310999238864, 0.10432630201103166]",0.10432802001014352,3.0,1.0,91.0,0.05,0.01098901098901099,0.043478260869565216,0.47619047619047616,beam_local,10000.0,180.0,0.0,0.0014956090017221868,0.09422177099622786,0.01575253499322571,2.6044988771900535e-05,0.11220179800875485,39244.0,39244,3351.0,,117564.0,42761.0,39078.0,100.0,432.0,1.0,1.0,70.33333333333334,91.0,True,beam_local_fit,10000.0,180.0,8.308998076245189e-06,0.0,0.0,0.0,0.0,8.308998076245189e-06,0.0,,,,,,,,,1.0,1.0,,,2.234010025858879e-06,0.10471163300098851,0.10471386701101437,70.33333333333334,70.33333333333333,0.0,isolated,1,True,1200.0,0.8777891740028281,0.6321719150000717,0.24561725900275633,154066944.0,146.9296875,resource.ru_maxrss_kib_converted_to_bytes,0.0,"{""BLIS_NUM_THREADS"": ""1"", ""MKL_DYNAMIC"": ""FALSE"", ""MKL_NUM_THREADS"": ""1"", ""NUMBA_NUM_THREADS"": ""1"", ""NUMEXPR_NUM_THREADS"": ""1"", ""OMP_DYNAMIC"": ""FALSE"", ""OMP_NUM_THREADS"": ""1"", ""OPENBLAS_NUM_THREADS"": ""1"", ""PYTHONHASHSEED"": ""0"", ""VECLIB_MAXIMUM_THREADS"": ""1""}",tree_path,3,5,0,0.13430388001143,20,20,23,21,62,180,narrow,path,20,uniform,"{""kind"": ""categorical"", ""probs"": [0.75, 0.25], ""values"": [1, 2]}",uniform,24,background,beam_local_capped,A narrow observed tree and short template path favor local transitions; the cap is expected to remove occasional high-degree bursts.,250,179,61,1,42,1,71.0,True,single_exact_result,1,0.0,7.099999999999999e-05,0.9906103286384977,0.6666666666666572,0.9906103286384977,99.06103286384977,True,0.2767273395163666,0.2767335082019203,0.43260603330866587,0.43261357105523585,100.0,,431.0,39079.0,,,,,,,,,,,,,,,,,,
local_beam_width_narrow,algorithm,narrow_tree_to_path,algorithm_grid,beam_width,200.0,local_beam_width_narrow,3,local_B200,generic,False,"{""beam_local_child_cap"": null, ""beam_width"": 200, ""method"": ""beam_local""}",jaccard,10000,180,1800000,151410,6.916666666666666,70.66666666666667,ok,,70.66666666666667,2.029002644121647e-06,8.205999620258808e-06,0.21291805899818428,0.2122388159914408,0.21318940501078032,0.21278209333346845,0.21257843749481253,0.2130537320044823,0.0004896630141315899,0.00027134601259604096,3.0,"[0.2122388159914408, 0.21291805899818428, 0.21318940501078032]",0.2129200880008284,3.0,1.0,89.0,0.05,0.011235955056179775,0.043478260869565216,0.38095238095238093,beam_local,10000.0,180.0,0.0,0.0015045499894768,0.19638209597906098,0.03496686104335822,5.348000559024513e-05,0.2346958680136595,80164.0,80164,6773.0,,240751.0,87059.0,80430.0,200.0,432.0,1.0,1.0,70.66666666666667,89.0,True,beam_local_fit,10000.0,180.0,7.271009963005781e-06,0.0,0.0,0.0,0.0,7.271009963005781e-06,0.0,,,,,,,,,1.0,1.0,,,2.3939937818795443e-06,0.2162707099923864,0.21627310398616828,70.66666666666667,70.66666666666667,0.0,isolated,1,True,1200.0,1.5521939540049061,1.302276329981396,0.24991762402351014,154066944.0,146.9296875,resource.ru_maxrss_kib_converted_to_bytes,0.0,"{""BLIS_NUM_THREADS"": ""1"", ""MKL_DYNAMIC"": ""FALSE"", ""MKL_NUM_THREADS"": ""1"", ""NUMBA_NUM_THREADS"": ""1"", ""NUMEXPR_NUM_THREADS"": ""1"", ""OMP_DYNAMIC"": ""FALSE"", ""OMP_NUM_THREADS"": ""1"", ""OPENBLAS_NUM_THREADS"": ""1"", ""PYTHONHASHSEED"": ""0"", ""VECLIB_MAXIMUM_THREADS"": ""1""}",tree_path,4,6,0,0.13430388001143,20,20,23,21,62,180,narrow,path,20,uniform,"{""kind"": ""categorical"", ""probs"": [0.75, 0.25], ""values"": [1, 2]}",uniform,24,background,beam_local_capped,A narrow observed tree and short template path favor local transitions; the cap is expected to remove occasional high-degree bursts.,250,179,61,1,42,1,71.0,True,single_exact_result,1,0.0,7.099999999999999e-05,0.9953051643192489,0.3333333333333286,0.9953051643192489,99.53051643192488,True,0.13559178649726442,0.13559574980569625,0.2386693239248049,0.23867546370457632,200.0,,431.0,80431.0,,,,,,,,,,,,,,,,,,
local_beam_width_narrow,algorithm,narrow_tree_to_path,algorithm_grid,beam_width,,local_beam_width_narrow,4,sparse_chain,generic_sparse,True,"{""method"": ""sparse_chain""}",jaccard,10000,180,1800000,148494,5.95,70.66666666666667,ok,,70.66666666666667,0.02059727199957706,0.009267568006180227,0.5474208600062411,0.5458085770078469,0.5503097549953964,0.5478463973364948,0.546614718507044,0.5488653075008187,0.00228056184601065,0.001612282998394221,3.0,"[0.5503097549953964, 0.5474208600062411, 0.5458085770078469]",0.5680181320058182,3.0,1.0,87.0,0.0,0.0,0.0,0.3157894736842105,sparse_chain,10000.0,180.0,0.0,0.048633511003572494,0.19978019798872992,0.31834004700067453,1.878399052657187e-05,0.5762071469798684,147618.0,147618,147618.0,,,,,,,1.0,1.0,70.66666666666667,87.0,True,sparse_chain_fit,10000.0,180.0,0.009265433007385582,0.0,0.0,0.0,0.0,0.009265433007385582,0.0,,,,,,,,,1.0,1.0,,,0.010191909008426592,0.561192432011012,0.5713843410194386,70.66666666666667,70.66666666666667,0.0,isolated,1,True,1200.0,3.626289073989028,3.3732090379926376,0.2530800359963905,190353408.0,181.53515625,resource.ru_maxrss_kib_converted_to_bytes,0.0,"{""BLIS_NUM_THREADS"": ""1"", ""MKL_DYNAMIC"": ""FALSE"", ""MKL_NUM_THREADS"": ""1"", ""NUMBA_NUM_THREADS"": ""1"", ""NUMEXPR_NUM_THREADS"": ""1"", ""OMP_DYNAMIC"": ""FALSE"", ""OMP_NUM_THREADS"": ""1"", ""OPENBLAS_NUM_THREADS"": ""1"", ""PYTHONHASHSEED"": ""0"", ""VECLIB_MAXIMUM_THREADS"": ""1""}",tree_path,0,0,0,0.13392531100544147,20,17,22,19,60,180,narrow,path,20,uniform,"{""kind"": ""categorical"", ""probs"": [0.75, 0.25], ""values"": [1, 2]}",uniform,24,background,beam_local_capped,A narrow observed tree and short template path favor local transitions; the cap is expected to remove occasional high-degree bursts.,250,179,55,1,39,1,70.66666666666667,True,single_exact_result,1,0.0,7.066666666666667e-05,1.0,0.0,1.0,100.0,True,0.05097492270081002,0.049128461651961754,0.09700502190825629,0.0936557598954162,,,,,147618.0,147618.0,True,146364.0,835602.0,5525.0,147618.0,204707.0,False,,,,,,,,,
local_beam_width_narrow,algorithm,narrow_tree_to_path,algorithm_grid,beam_width,50.0,local_beam_width_narrow,4,local_B50,generic,False,"{""beam_local_child_cap"": null, ""beam_width"": 50, ""method"": ""beam_local""}",jaccard,10000,180,1800000,148494,5.95,63.08333333333333,ok,,63.083333333333336,1.2619711924344301e-06,8.741015335544944e-06,0.050785633007762954,0.05050471899448894,0.05130032199667767,0.050863557999643184,0.05064517600112595,0.05104297750222031,0.0004034851453803223,0.000280914013274014,3.0,"[0.05130032199667767, 0.05050471899448894, 0.050785633007762954]",0.05078689497895539,3.0,1.0,74.0,0.0,0.0,0.0,0.3157894736842105,beam_local,10000.0,180.0,0.0,0.001485760003561154,0.0460263435379602,0.007251906441524625,1.896699541248381e-05,0.055129693006165326,19319.0,19319,1503.0,,57906.0,20841.0,19268.0,50.0,412.0,1.0,1.0,63.08333333333333,74.0,True,beam_local_fit,10000.0,180.0,7.773982360959053e-06,0.0,0.0,0.0,0.0,7.773982360959053e-06,0.0,,,,,,,,,1.0,1.0,,,2.2339809220284224e-06,0.052900397015037015,0.052902630995959044,63.08333333333333,63.083333333333336,0.0,isolated,1,True,1200.0,0.5588235280010849,0.3119812000077218,0.24684232799336314,154066944.0,146.9296875,resource.ru_maxrss_kib_converted_to_bytes,0.0,"{""BLIS_NUM_THREADS"": ""1"", ""MKL_DYNAMIC"": ""FALSE"", ""MKL_NUM_THREADS"": ""1"", ""NUMBA_NUM_THREADS"": ""1"", ""NUMEXPR_NUM_THREADS"": ""1"", ""OMP_DYNAMIC"": ""FALSE"", ""OMP_NUM_THREADS"": ""1"", ""OPENBLAS_NUM_THREADS"": ""1"", ""PYTHONHASHSEED"": ""0"", ""VECLIB_MAXIMUM_THREADS"": ""1""}",tree_path,2,1,0,0.13392531100544147,20,17,22,19,60,180,narrow,path,20,uniform,"{""kind"": ""categorical"", ""probs"": [0.75, 0.25], ""values"": [1, 2]}",uniform,24,background,beam_local_capped,A narrow observed tree and short template path favor local transitions; the cap is expected to remove occasional high-degree bursts.,250,179,55,1,39,1,70.66666666666667,True,single_exact_result,1,0.0,7.066666666666667e-05,0.892688679245283,7.583333333333343,0.892688679245283,89.2688679245283,True,0.54946122300698,0.5494696422655916,0.6802313860668283,0.6802378378617572,50.0,,431.0,19269.0,,,,,,,,,,,,,,,,,,
local_beam_width_narrow,algorithm,narrow_tree_to_path,algorithm_grid,beam_width,400.0,local_beam_width_narrow,4,local_B400,generic,False,"{""beam_local_child_cap"": null, ""beam_width"": 400, ""method"": ""beam_local""}",jaccard,10000,180,1800000,148494,5.95,65.50000000000001,ok,,65.5,2.120010321959853e-06,9.926006896421313e-06,0.42530637100571766,0.4236908459861297,0.4359716609760653,0.4283229593226376,0.4244986084959237,0.4306390159908915,0.006673039637945366,0.001615525019587949,3.0,"[0.4236908459861297, 0.42530637100571766, 0.4359716609760653]",0.4253084910160396,3.0,1.0,80.0,0.0,0.0,0.0,0.42105263157894735,beam_local,10000.0,180.0,0.0,0.0016161249950528145,0.38807290614931844,0.06955819585709833,7.840601028874516e-05,0.46326998999575153,159523.0,159523,13013.0,,479914.0,170953.0,160878.0,400.0,432.0,1.0,1.0,65.50000000000001,80.0,True,beam_local_fit,10000.0,180.0,8.818024070933461e-06,0.0,0.0,0.0,0.0,8.818024070933461e-06,0.0,,,,,,,,,1.0,1.0,,,2.621993189677596e-06,0.4278251499927137,0.4278277719859034,65.50000000000001,65.5,0.0,isolated,1,True,1200.0,2.854660336015513,2.6058823649946135,0.2487779710208997,158683136.0,151.33203125,resource.ru_maxrss_kib_converted_to_bytes,0.0,"{""BLIS_NUM_THREADS"": ""1"", ""MKL_DYNAMIC"": ""FALSE"", ""MKL_NUM_THREADS"": ""1"", ""NUMBA_NUM_THREADS"": ""1"", ""NUMEXPR_NUM_THREADS"": ""1"", ""OMP_DYNAMIC"": ""FALSE"", ""OMP_NUM_THREADS"": ""1"", ""OPENBLAS_NUM_THREADS"": ""1"", ""PYTHONHASHSEED"": ""0"", ""VECLIB_MAXIMUM_THREADS"": ""1""}",tree_path,5,2,0,0.13392531100544147,20,17,22,19,60,180,narrow,path,20,uniform,"{""kind"": ""categorical"", ""probs"": [0.75, 0.25], ""values"": [1, 2]}",uniform,24,background,beam_local_capped,A narrow observed tree and short template path favor local transitions; the cap is expected to remove occasional high-degree bursts.,250,179,55,1,39,1,70.66666666666667,True,single_exact_result,1,0.0,7.066666666666667e-05,0.9268867924528303,5.166666666666657,0.9268867924528303,92.68867924528304,True,0.06561090528139289,0.06561321395018746,0.12254714884483656,0.1225511758759937,400.0,,431.0,160879.0,,,,,,,,,,,,,,,,,,
local_beam_width_narrow,algorithm,narrow_tree_to_path,algorithm_grid,beam_width,25.0,local_beam_width_narrow,4,local_B25,generic,False,"{""beam_local_child_cap"": null, ""beam_width"": 25, ""method"": ""beam_local""}",jaccard,10000,180,1800000,148494,5.95,62.16666666666668,ok,,62.166666666666664,1.120992237702012e-06,6.6490028984844685e-06,0.027904736023629084,0.027625968999927863,0.0279488560045138,0.027826520342690248,0.027765352511778474,0.027926796014071442,0.0001750779083470096,4.4119980884715915e-05,3.0,"[0.027904736023629084, 0.0279488560045138, 0.027625968999927863]",0.027905857015866786,3.0,1.0,77.0,0.0,0.0,0.0,0.3157894736842105,beam_local,10000.0,180.0,0.0,0.001551972993183881,0.024092216161079705,0.00416231484268792,1.836501178331673e-05,0.03006003101472743,9981.0,9981,783.0,,29914.0,11261.0,9952.0,25.0,412.0,1.0,1.0,62.16666666666668,77.0,True,beam_local_fit,10000.0,180.0,5.859008524566889e-06,0.0,0.0,0.0,0.0,5.859008524566889e-06,0.0,,,,,,,,,1.0,1.0,,,2.3590109776705503e-06,0.028834232012741268,0.028836591023718938,62.16666666666668,62.166666666666664,0.0,isolated,1,True,1200.0,0.41883624001638964,0.1706904669990763,0.24814577301731333,154066944.0,146.9296875,resource.ru_maxrss_kib_converted_to_bytes,0.0,"{""BLIS_NUM_THREADS"": ""1"", ""MKL_DYNAMIC"": ""FALSE"", ""MKL_NUM_THREADS"": ""1"", ""NUMBA_NUM_THREADS"": ""1"", ""NUMEXPR_NUM_THREADS"": ""1"", ""OMP_DYNAMIC"": ""FALSE"", ""OMP_NUM_THREADS"": ""1"", ""OPENBLAS_NUM_THREADS"": ""1"", ""PYTHONHASHSEED"": ""0"", ""VECLIB_MAXIMUM_THREADS"": ""1""}",tree_path,1,3,0,0.13392531100544147,20,17,22,19,60,180,narrow,path,20,uniform,"{""kind"": ""categorical"", ""probs"": [0.75, 0.25], ""values"": [1, 2]}",uniform,24,background,beam_local_capped,A narrow observed tree and short template path favor local transitions; the cap is expected to remove occasional high-degree bursts.,250,179,55,1,39,1,70.66666666666667,True,single_exact_result,1,0.0,7.066666666666667e-05,0.8797169811320755,8.499999999999993,0.8797169811320755,87.97169811320755,True,1.0,1.0,0.9360100376411543,0.9360100376411543,25.0,,431.0,9953.0,,,,,,,,,,,,,,,,,,
local_beam_width_narrow,algorithm,narrow_tree_to_path,algorithm_grid,beam_width,100.0,local_beam_width_narrow,4,local_B100,generic,False,"{""beam_local_child_cap"": null, ""beam_width"": 100, ""method"": ""beam_local""}",jaccard,10000,180,1800000,148494,5.95,62.750000000000014,ok,,62.75,1.781998435035348e-06,9.53397830016911e-06,0.10598995900363661,0.10533510500681587,0.10667300800560042,0.1059993573386843,0.10566253200522624,0.10633148350461852,0.0006690010127536647,0.0006548539968207479,3.0,"[0.10533510500681587, 0.10598995900363661, 0.10667300800560042]",0.10599174100207165,3.0,1.0,80.0,0.0,0.0,0.045454545454545456,0.47368421052631576,beam_local,10000.0,180.0,0.0,0.001568742998642847,0.09612557760556228,0.01607053939369507,3.329297760501504e-05,0.11451959301484749,39679.0,39679,3274.0,,119257.0,43462.0,39901.0,100.0,432.0,1.0,1.0,62.750000000000014,80.0,True,beam_local_fit,10000.0,180.0,8.341012289747596e-06,0.0,0.0,0.0,0.0,8.341012289747596e-06,0.0,,,,,,,,,1.0,1.0,,,2.2239983081817627e-06,0.10780898199300282,0.107811205991311,62.750000000000014,62.75,0.0,isolated,1,True,1200.0,0.8977967539976817,0.6465996560000349,0.2511970979976468,154066944.0,146.9296875,resource.ru_maxrss_kib_converted_to_bytes,0.0,"{""BLIS_NUM_THREADS"": ""1"", ""MKL_DYNAMIC"": ""FALSE"", ""MKL_NUM_THREADS"": ""1"", ""NUMBA_NUM_THREADS"": ""1"", ""NUMEXPR_NUM_THREADS"": ""1"", ""OMP_DYNAMIC"": ""FALSE"", ""OMP_NUM_THREADS"": ""1"", ""OPENBLAS_NUM_THREADS"": ""1"", ""PYTHONHASHSEED"": ""0"", ""VECLIB_MAXIMUM_THREADS"": ""1""}",tree_path,3,4,0,0.13392531100544147,20,17,22,19,60,180,narrow,path,20,uniform,"{""kind"": ""categorical"", ""probs"": [0.75, 0.25], ""values"": [1, 2]}",uniform,24,background,beam_local_capped,A narrow observed tree and short template path favor local transitions; the cap is expected to remove occasional high-degree bursts.,250,179,55,1,39,1,70.66666666666667,True,single_exact_result,1,0.0,7.066666666666667e-05,0.8879716981132076,7.916666666666657,0.8879716981132076,88.79716981132077,True,0.26327716593108264,0.2632833157757203,0.4061375075498224,0.4061448248629263,100.0,,431.0,39902.0,,,,,,,,,,,,,,,,,,
local_beam_width_narrow,algorithm,narrow_tree_to_path,algorithm_grid,beam_width,200.0,local_beam_width_narrow,4,local_B200,generic,False,"{""beam_local_child_cap"": null, ""beam_width"": 200, ""method"": ""beam_local""}",jaccard,10000,180,1800000,148494,5.95,68.66666666666667,ok,,68.66666666666667,1.6230042092502117e-06,7.83201539888978e-06,0.21294416100136004,0.21193156600929797,0.21357275202171877,0.21281615967745893,0.212437863505329,0.2132584565115394,0.0008280465784192054,0.0006285910203587264,3.0,"[0.21357275202171877, 0.21294416100136004, 0.21193156600929797]",0.2129457840055693,3.0,1.0,90.0,0.0,0.0,0.0,0.631578947368421,beam_local,10000.0,180.0,0.0,0.0014909429883118719,0.19268720879335888,0.03373350319452584,5.0260015996173024e-05,0.2296007590193767,80359.0,80359,6636.0,,241606.0,86705.0,80891.0,200.0,432.0,1.0,1.0,68.66666666666667,90.0,True,beam_local_fit,10000.0,180.0,6.831978680565953e-06,0.0,0.0,0.0,0.0,6.831978680565953e-06,0.0,,,,,,,,,1.0,1.0,,,2.30100704357028e-06,0.21363868200569414,0.2136409830127377,68.66666666666667,68.66666666666667,0.0,isolated,1,True,1200.0,1.5421348910022061,1.29502924400731,0.24710564699489623,154066944.0,146.9296875,resource.ru_maxrss_kib_converted_to_bytes,0.0,"{""BLIS_NUM_THREADS"": ""1"", ""MKL_DYNAMIC"": ""FALSE"", ""MKL_NUM_THREADS"": ""1"", ""NUMBA_NUM_THREADS"": ""1"", ""NUMEXPR_NUM_THREADS"": ""1"", ""OMP_DYNAMIC"": ""FALSE"", ""OMP_NUM_THREADS"": ""1"", ""OPENBLAS_NUM_THREADS"": ""1"", ""PYTHONHASHSEED"": ""0"", ""VECLIB_MAXIMUM_THREADS"": ""1""}",tree_path,4,5,0,0.13392531100544147,20,17,22,19,60,180,narrow,path,20,uniform,"{""kind"": ""categorical"", ""probs"": [0.75, 0.25], ""values"": [1, 2]}",uniform,24,background,beam_local_capped,A narrow observed tree and short template path favor local transitions; the cap is expected to remove occasional high-degree bursts.,250,179,55,1,39,1,70.66666666666667,True,single_exact_result,1,0.0,7.066666666666667e-05,0.9716981132075472,2.0,0.9716981132075472,97.16981132075472,True,0.13104250378319066,0.13104676923369823,0.23094053436355597,0.2309471581938881,200.0,,431.0,80892.0,,,,,,,,,,,,,,,,,,
local_beam_width_narrow,algorithm,narrow_tree_to_path,algorithm_grid,beam_width,800.0,local_beam_width_narrow,4,local_B800,generic,False,"{""beam_local_child_cap"": null, ""beam_width"": 800, ""method"": ""beam_local""}",jaccard,10000,180,1800000,148494,5.95,70.66666666666667,ok,,70.66666666666667,1.9609869923442602e-06,9.69000393524766e-06,0.8621431849896908,0.8615834360243753,0.8759402750001755,0.8665556320047472,0.861863310507033,0.8690417299949331,0.008132156715150905,0.0005597489653155208,3.0,"[0.8621431849896908, 0.8615834360243753, 0.8759402750001755]",0.8621451459766831,3.0,1.0,86.0,0.0,0.0,0.0,0.2631578947368421,beam_local,10000.0,180.0,0.0,0.001707335002720356,0.7770743637229316,0.14551262426539324,0.00010887399548664689,0.9326839380082674,315765.0,315765,25993.0,,949520.0,335233.0,318006.0,800.0,432.0,1.0,1.0,70.66666666666667,86.0,True,beam_local_fit,10000.0,180.0,8.450995665043592e-06,0.0,0.0,0.0,0.0,8.450995665043592e-06,0.0,,,,,,,,,1.0,1.0,,,2.4779874365776777e-06,0.8578304889961146,0.8578329669835512,70.66666666666667,70.66666666666667,0.0,isolated,1,True,1200.0,5.507478304003598,5.258204568002839,0.24927373600075953,174641152.0,166.55078125,resource.ru_maxrss_kib_converted_to_bytes,0.0,"{""BLIS_NUM_THREADS"": ""1"", ""MKL_DYNAMIC"": ""FALSE"", ""MKL_NUM_THREADS"": ""1"", ""NUMBA_NUM_THREADS"": ""1"", ""NUMEXPR_NUM_THREADS"": ""1"", ""OMP_DYNAMIC"": ""FALSE"", ""OMP_NUM_THREADS"": ""1"", ""OPENBLAS_NUM_THREADS"": ""1"", ""PYTHONHASHSEED"": ""0"", ""VECLIB_MAXIMUM_THREADS"": ""1""}",tree_path,6,6,0,0.13392531100544147,20,17,22,19,60,180,narrow,path,20,uniform,"{""kind"": ""categorical"", ""probs"": [0.75, 0.25], ""values"": [1, 2]}",uniform,24,background,beam_local_capped,A narrow observed tree and short template path favor local transitions; the cap is expected to remove occasional high-degree bursts.,250,179,55,1,39,1,70.66666666666667,True,single_exact_result,1,0.0,7.066666666666667e-05,1.0,0.0,1.0,100.0,True,0.03236670718908804,0.03236793380568601,0.0627038957449831,0.06270619755955799,800.0,,431.0,318007.0,,,,,,,,,,,,,,,,,,
local_child_cap_wide,algorithm,wide_shallow_tree_pair,algorithm_grid,child_cap,4.0,local_child_cap_wide,0,local_R4,generic,False,"{""beam_local_child_cap"": 4, ""beam_width"": 200, ""method"": ""beam_local""}",jaccard,800,800,640000,616768,2.8931126849994877,2.196290440399907,ok,,2.196290440399907,9.590003173798323e-07,6.231013685464859e-06,0.0005155889957677573,0.0005034409987274557,0.0005162870220374316,0.0005117723388442149,0.0005095149972476065,0.0005159380089025944,7.22358853161841e-06,6.980262696743011e-07,3.0,"[0.0005155889957677573, 0.0005162870220374316, 0.0005034409987274557]",0.0005165479960851371,3.0,1.0,3.0,0.25,0.3333333333333333,0.16666666666666666,0.2,beam_local,800.0,800.0,0.0,0.00019710400374606252,0.0002983830636367202,4.656094824895263e-05,1.3620010577142239e-06,0.0005864709964953363,77.0,77.0,60.0,,249.0,95.0,95.0,21.0,11.0,1.0,1.0,2.196290440399907,3.0,True,beam_local_fit,800.0,800.0,5.515990778803825e-06,0.0,0.0,0.0,0.0,5.515990778803825e-06,0.0,,,,,,,,,1.0,1.0,,,2.3580214474350214e-06,0.0006842759903520346,0.0006866340117994696,2.196290440399907,2.196290440399907,0.0,isolated,1,True,1200.0,0.25166778001585044,0.0037723650166299194,0.24789541499922052,154263552.0,147.1171875,resource.ru_maxrss_kib_converted_to_bytes,0.0,"{""BLIS_NUM_THREADS"": ""1"", ""MKL_DYNAMIC"": ""FALSE"", ""MKL_NUM_THREADS"": ""1"", ""NUMBA_NUM_THREADS"": ""1"", ""NUMEXPR_NUM_THREADS"": ""1"", ""OMP_DYNAMIC"": ""FALSE"", ""OMP_NUM_THREADS"": ""1"", ""OPENBLAS_NUM_THREADS"": ""1"", ""PYTHONHASHSEED"": ""0"", ""VECLIB_MAXIMUM_THREADS"": ""1""}",tree_tree,1,0,0,0.04319568199571222,16,4,6,5,7,7,wide,wide,12,zipf,"{""kind"": ""categorical"", ""probs"": [0.7, 0.3], ""values"": [2, 3]}",inverse_sqrt,7,reserved,beam_local_capped,Shallow but very wide trees test whether a child cap controls the local cross product.,6,6,446,458,446,458,4.636704921722412,True,single_exact_result,1,0.0,1e-05,0.47367483535787386,2.440414481322505,0.47367483535787386,47.367483535787386,True,1.0,1.0,0.6428485090374018,0.6428485090374018,200.0,4.0,14.0,96.0,,,,,,,,,,,,,,,,,,
local_child_cap_wide,algorithm,wide_shallow_tree_pair,algorithm_grid,child_cap,16.0,local_child_cap_wide,0,local_R16,generic,False,"{""beam_local_child_cap"": 16, ""beam_width"": 200, ""method"": ""beam_local""}",jaccard,800,800,640000,616768,2.8931126849994877,2.636704859452422,ok,,2.636704859452422,9.250070434063673e-07,6.378977559506893e-06,0.0023715980059932917,0.0023512050101999193,0.0023806279932614416,0.0023678103364848844,0.0023614015080966055,0.0023761129996273667,1.507275068752702e-05,9.029987268149853e-06,3.0,"[0.0023512050101999193, 0.0023715980059932917, 0.0023806279932614416]",0.002372523013036698,3.0,1.0,3.0,0.25,0.3333333333333333,0.16666666666666666,0.2,beam_local,800.0,800.0,0.0,0.00019874100689776242,0.0020725790527649224,0.00030675495509058237,1.155975041911006e-06,0.002614052005810663,658.0,658.0,549.0,,1853.0,841.0,720.0,200.0,12.0,1.0,1.0,2.636704859452422,3.0,True,beam_local_fit,800.0,800.0,5.512003554031253e-06,0.0,0.0,0.0,0.0,5.512003554031253e-06,0.0,,,,,,,,,1.0,1.0,,,2.075015800073743e-06,0.002716173999942839,0.002718249015742913,2.636704859452422,2.636704859452422,0.0,isolated,1,True,1200.0,0.2596328289946541,0.015270371019141749,0.24436245797551237,154263552.0,147.1171875,resource.ru_maxrss_kib_converted_to_bytes,0.0,"{""BLIS_NUM_THREADS"": ""1"", ""MKL_DYNAMIC"": ""FALSE"", ""MKL_NUM_THREADS"": ""1"", ""NUMBA_NUM_THREADS"": ""1"", ""NUMEXPR_NUM_THREADS"": ""1"", ""OMP_DYNAMIC"": ""FALSE"", ""OMP_NUM_THREADS"": ""1"", ""OPENBLAS_NUM_THREADS"": ""1"", ""PYTHONHASHSEED"": ""0"", ""VECLIB_MAXIMUM_THREADS"": ""1""}",tree_tree,3,1,0,0.04319568199571222,16,4,6,5,7,7,wide,wide,12,zipf,"{""kind"": ""categorical"", ""probs"": [0.7, 0.3], ""values"": [2, 3]}",inverse_sqrt,7,reserved,beam_local_capped,Shallow but very wide trees test whether a child cap controls the local cross product.,6,6,446,458,446,458,4.636704921722412,True,single_exact_result,1,0.0,1e-05,0.5686591887915431,2.00000006226999,0.5686591887915431,56.86591887915431,True,0.21740151343727165,0.2177209633992061,0.31454916375480096,0.3148833959875272,200.0,16.0,14.0,721.0,,,,,,,,,,,,,,,,,,
local_child_cap_wide,algorithm,wide_shallow_tree_pair,algorithm_grid,child_cap,32.0,local_child_cap_wide,0,local_R32,generic,False,"{""beam_local_child_cap"": 32, ""beam_width"": 200, ""method"": ""beam_local""}",jaccard,800,800,640000,616768,2.8931126849994877,2.636704859452422,ok,,2.636704859452422,1.0780058801174164e-06,6.3219922594726086e-06,0.006049644987797365,0.0060208640061318874,0.006468970997957513,0.006179826663962255,0.006035254496964626,0.006259307992877439,0.000250819498120816,2.8780981665477157e-05,3.0,"[0.006049644987797365, 0.0060208640061318874, 0.006468970997957513]",0.006050722993677482,3.0,1.0,3.0,0.25,0.3333333333333333,0.16666666666666666,0.2,beam_local,800.0,800.0,0.0,0.00019518297631293535,0.00572464702418074,0.0005816609773319215,1.1060037650167942e-06,0.0065384909976273775,2208.0,2208.0,1814.0,,5123.0,2510.0,868.0,200.0,12.0,1.0,1.0,2.636704859452422,3.0,True,beam_local_fit,800.0,800.0,5.523994332179427e-06,0.0,0.0,0.0,0.0,5.523994332179427e-06,0.0,,,,,,,,,1.0,1.0,,,2.120999852195382e-06,0.0064694759785197675,0.006471596978371963,2.636704859452422,2.636704859452422,0.0,isolated,1,True,1200.0,0.28283013400505297,0.03802752299816348,0.2448026110068895,154263552.0,147.1171875,resource.ru_maxrss_kib_converted_to_bytes,0.0,"{""BLIS_NUM_THREADS"": ""1"", ""MKL_DYNAMIC"": ""FALSE"", ""MKL_NUM_THREADS"": ""1"", ""NUMBA_NUM_THREADS"": ""1"", ""NUMEXPR_NUM_THREADS"": ""1"", ""OMP_DYNAMIC"": ""FALSE"", ""OMP_NUM_THREADS"": ""1"", ""OPENBLAS_NUM_THREADS"": ""1"", ""PYTHONHASHSEED"": ""0"", ""VECLIB_MAXIMUM_THREADS"": ""1""}",tree_tree,4,2,0,0.04319568199571222,16,4,6,5,7,7,wide,wide,12,zipf,"{""kind"": ""categorical"", ""probs"": [0.7, 0.3], ""values"": [2, 3]}",inverse_sqrt,7,reserved,beam_local_capped,Shallow but very wide trees test whether a child cap controls the local cross product.,6,6,446,458,446,458,4.636704921722412,True,single_exact_result,1,0.0,1e-05,0.5686591887915431,2.00000006226999,0.5686591887915431,56.86591887915431,True,0.08522632266980014,0.08536963212906758,0.14823613817282144,0.14845286385274084,200.0,32.0,14.0,869.0,,,,,,,,,,,,,,,,,,
local_child_cap_wide,algorithm,wide_shallow_tree_pair,algorithm_grid,child_cap,128.0,local_child_cap_wide,0,local_R128,generic,False,"{""beam_local_child_cap"": 128, ""beam_width"": 200, ""method"": ""beam_local""}",jaccard,800,800,640000,616768,2.8931126849994877,3.3280702189207827,ok,,3.3280702189207827,1.4580145943909883e-06,7.76100205257535e-06,0.05929361601010896,0.0592195010103751,0.05947353699593805,0.0593288846721407,0.05925655851024203,0.059383576503023505,0.00013063873614424897,7.411499973386526e-05,3.0,"[0.05947353699593805, 0.05929361601010896, 0.0592195010103751]",0.059295074024703354,3.0,1.0,4.0,0.25,0.25,0.16666666666666666,0.2,beam_local,800.0,800.0,0.0,0.00019607497961260378,0.061178761010523885,0.0027731680020224303,1.4789984561502934e-06,0.06419323399313726,27597.0,27597.0,21290.0,,54695.0,28216.0,1165.0,200.0,12.0,1.0,1.0,3.3280702189207827,4.0,True,beam_local_fit,800.0,800.0,6.846996257081628e-06,0.0,0.0,0.0,0.0,6.846996257081628e-06,0.0,,,,,,,,,1.0,1.0,,,2.0449806470423937e-06,0.06325516599463299,0.06325721097528003,3.3280702189207827,3.3280702189207827,0.0,isolated,1,True,1200.0,0.6237414839852136,0.37748155900044367,0.2462599249847699,154263552.0,147.1171875,resource.ru_maxrss_kib_converted_to_bytes,0.0,"{""BLIS_NUM_THREADS"": ""1"", ""MKL_DYNAMIC"": ""FALSE"", ""MKL_NUM_THREADS"": ""1"", ""NUMBA_NUM_THREADS"": ""1"", ""NUMEXPR_NUM_THREADS"": ""1"", ""OMP_DYNAMIC"": ""FALSE"", ""OMP_NUM_THREADS"": ""1"", ""OPENBLAS_NUM_THREADS"": ""1"", ""PYTHONHASHSEED"": ""0"", ""VECLIB_MAXIMUM_THREADS"": ""1""}",tree_tree,6,3,0,0.04319568199571222,16,4,6,5,7,7,wide,wide,12,zipf,"{""kind"": ""categorical"", ""probs"": [0.7, 0.3], ""values"": [2, 3]}",inverse_sqrt,7,reserved,beam_local_capped,Shallow but very wide trees test whether a child cap controls the local cross product.,6,6,446,458,446,458,4.636704921722412,True,single_exact_result,1,0.0,1e-05,0.7177662316463506,1.3086347028016294,0.7177662316463506,71.77662316463505,True,0.008695522898786516,0.008711482438995426,0.017182880349054238,0.017214039195031745,200.0,128.0,14.0,1166.0,,,,,,,,,,,,,,,,,,
local_child_cap_wide,algorithm,wide_shallow_tree_pair,algorithm_grid,child_cap,,local_child_cap_wide,0,exact_dense,generic,True,"{""method"": ""exact""}",jaccard,800,800,640000,616768,2.8931126849994877,4.636704921722412,ok,,4.636704859452422,2.167013008147478e-06,9.751005563884974e-06,0.8531561080017127,0.8525140050041955,0.8544995689881034,0.8533898939980039,0.8528350565029541,0.8538278384949081,0.001013216661230196,0.0006421029975172132,3.0,"[0.8525140050041955, 0.8531561080017127, 0.8544995689881034]",0.8531582750147209,3.0,1.0,5.0,0.25,0.2,0.16666666666666666,0.2,exact_dense,800.0,800.0,0.0,0.00015115199494175613,0.0,0.874273961992003,0.0011162619921378791,0.8757023840153124,640000.0,,499018.0,640000.0,,,,,,1.0,1.0,4.636704921722412,5.0,True,exact_fit,800.0,800.0,8.64401226863265e-06,0.0,0.0,0.0,0.0,8.64401226863265e-06,0.0,,,,,,,,,1.0,1.0,,,2.0849984139204025e-06,0.8579129439895041,0.857915028987918,4.636704921722412,4.636704859452422,0.0,isolated,1,True,1200.0,5.393134532991098,5.1488961080031,0.24423842498799786,154263552.0,147.1171875,resource.ru_maxrss_kib_converted_to_bytes,0.0,"{""BLIS_NUM_THREADS"": ""1"", ""MKL_DYNAMIC"": ""FALSE"", ""MKL_NUM_THREADS"": ""1"", ""NUMBA_NUM_THREADS"": ""1"", ""NUMEXPR_NUM_THREADS"": ""1"", ""OMP_DYNAMIC"": ""FALSE"", ""OMP_NUM_THREADS"": ""1"", ""OPENBLAS_NUM_THREADS"": ""1"", ""PYTHONHASHSEED"": ""0"", ""VECLIB_MAXIMUM_THREADS"": ""1""}",tree_tree,0,4,0,0.04319568199571222,16,4,6,5,7,7,wide,wide,12,zipf,"{""kind"": ""categorical"", ""probs"": [0.7, 0.3], ""values"": [2, 3]}",inverse_sqrt,7,reserved,beam_local_capped,Shallow but very wide trees test whether a child cap controls the local cross product.,6,6,446,458,446,458,4.636704921722412,True,single_exact_result,1,0.0,1e-05,1.0,0.0,1.0,100.0,True,0.0006043313655403406,0.000605453889638736,0.001207932739438775,0.0012101750740717314,,,,,,,,,,,,,,,,,,,,,,
local_child_cap_wide,algorithm,wide_shallow_tree_pair,algorithm_grid,child_cap,8.0,local_child_cap_wide,0,local_R8,generic,False,"{""beam_local_child_cap"": 8, ""beam_width"": 200, ""method"": ""beam_local""}",jaccard,800,800,640000,616768,2.8931126849994877,2.196290440399907,ok,,2.196290440399907,9.190116543322802e-07,5.696987500414252e-06,0.0009095620189327747,0.0009090300009120256,0.0009204520029015839,0.0009130146742487947,0.0009092960099224001,0.0009150070109171793,6.446406278757165e-06,5.320180207490921e-07,3.0,"[0.0009204520029015839, 0.0009095620189327747, 0.0009090300009120256]",0.0009104810305871069,3.0,1.0,3.0,0.25,0.3333333333333333,0.16666666666666666,0.2,beam_local,800.0,800.0,0.0,0.00020953899365849793,0.0007197839731816202,8.854104089550674e-05,1.2709933798760176e-06,0.0010484589729458094,210.0,210.0,178.0,,659.0,239.0,239.0,72.0,12.0,1.0,1.0,2.196290440399907,3.0,True,beam_local_fit,800.0,800.0,4.805013304576278e-06,0.0,0.0,0.0,0.0,4.805013304576278e-06,0.0,,,,,,,,,1.0,1.0,,,2.24300310947001e-06,0.0011193079990334809,0.001121551002142951,2.196290440399907,2.196290440399907,0.0,isolated,1,True,1200.0,0.25466691399924457,0.006316283019259572,0.248350630979985,154263552.0,147.1171875,resource.ru_maxrss_kib_converted_to_bytes,0.0,"{""BLIS_NUM_THREADS"": ""1"", ""MKL_DYNAMIC"": ""FALSE"", ""MKL_NUM_THREADS"": ""1"", ""NUMBA_NUM_THREADS"": ""1"", ""NUMEXPR_NUM_THREADS"": ""1"", ""OMP_DYNAMIC"": ""FALSE"", ""OMP_NUM_THREADS"": ""1"", ""OPENBLAS_NUM_THREADS"": ""1"", ""PYTHONHASHSEED"": ""0"", ""VECLIB_MAXIMUM_THREADS"": ""1""}",tree_tree,2,5,0,0.04319568199571222,16,4,6,5,7,7,wide,wide,12,zipf,"{""kind"": ""categorical"", ""probs"": [0.7, 0.3], ""values"": [2, 3]}",inverse_sqrt,7,reserved,beam_local_capped,Shallow but very wide trees test whether a child cap controls the local cross product.,6,6,446,458,446,458,4.636704921722412,True,single_exact_result,1,0.0,1e-05,0.47367483535787386,2.440414481322505,0.47367483535787386,47.367483535787386,True,0.5668541397239942,0.5673352642526233,0.5160923871140954,0.5162917016619257,200.0,8.0,14.0,240.0,,,,,,,,,,,,,,,,,,
local_child_cap_wide,algorithm,wide_shallow_tree_pair,algorithm_grid,child_cap,64.0,local_child_cap_wide,0,local_R64,generic,False,"{""beam_local_child_cap"": 64, ""beam_width"": 200, ""method"": ""beam_local""}",jaccard,800,800,640000,616768,2.8931126849994877,3.3280702189207827,ok,,3.3280702189207827,1.0110088624060154e-06,6.620015483349562e-06,0.018956535001052544,0.01895634099491872,0.01927384900045581,0.019062241665475693,0.01895643799798563,0.019115192000754178,0.00018325735339308109,1.9400613382458687e-07,3.0,"[0.01895634099491872, 0.018956535001052544, 0.01927384900045581]",0.01895754600991495,3.0,1.0,4.0,0.25,0.25,0.16666666666666666,0.2,beam_local,800.0,800.0,0.0,0.00020588201005011797,0.018886897974880412,0.0012553990236483514,1.200998667627573e-06,0.020388850010931492,8175.0,8175.0,6332.0,,17658.0,8665.0,1119.0,200.0,12.0,1.0,1.0,3.3280702189207827,4.0,True,beam_local_fit,800.0,800.0,5.823996616527438e-06,0.0,0.0,0.0,0.0,5.823996616527438e-06,0.0,,,,,,,,,1.0,1.0,,,7.085996912792325e-06,0.020520387013675645,0.020527473010588437,3.3280702189207827,3.3280702189207827,0.0,isolated,1,True,1200.0,0.3644857330073137,0.11777213498135097,0.2467135980259627,154263552.0,147.1171875,resource.ru_maxrss_kib_converted_to_bytes,0.0,"{""BLIS_NUM_THREADS"": ""1"", ""MKL_DYNAMIC"": ""FALSE"", ""MKL_NUM_THREADS"": ""1"", ""NUMBA_NUM_THREADS"": ""1"", ""NUMEXPR_NUM_THREADS"": ""1"", ""OMP_DYNAMIC"": ""FALSE"", ""OMP_NUM_THREADS"": ""1"", ""OPENBLAS_NUM_THREADS"": ""1"", ""PYTHONHASHSEED"": ""0"", ""VECLIB_MAXIMUM_THREADS"": ""1""}",tree_tree,5,6,0,0.04319568199571222,16,4,6,5,7,7,wide,wide,12,zipf,"{""kind"": ""categorical"", ""probs"": [0.7, 0.3], ""values"": [2, 3]}",inverse_sqrt,7,reserved,beam_local_capped,Shallow but very wide trees test whether a child cap controls the local cross product.,6,6,446,458,446,458,4.636704921722412,True,single_exact_result,1,0.0,1e-05,0.7177662316463506,1.3086347028016294,0.7177662316463506,71.77662316463505,True,0.02719848304234554,0.02724761927598532,0.05241094590086563,0.05250216753647231,200.0,64.0,14.0,1120.0,,,,,,,,,,,,,,,,,,
local_child_cap_wide,algorithm,wide_shallow_tree_pair,algorithm_grid,child_cap,16.0,local_child_cap_wide,1,local_R16,generic,False,"{""beam_local_child_cap"": 16, ""beam_width"": 200, ""method"": ""beam_local""}",jaccard,800,800,640000,599895,2.8277941202611325,2.2970312236269086,ok,,2.2970312236269086,9.429932106286287e-07,5.756010068580508e-06,0.002453590015647933,0.00243230297928676,0.002477475005434826,0.002454456000123173,0.0024429464974673465,0.0024655325105413795,2.2598460863826667e-05,2.1287036361172795e-05,3.0,"[0.002477475005434826, 0.00243230297928676, 0.002453590015647933]",0.0024545330088585615,3.0,1.0,3.0,0.25,0.3333333333333333,0.16666666666666666,0.2,beam_local,800.0,800.0,0.0,0.0001948700228240341,0.0021458090050145984,0.0002921090053860098,1.0830117389559746e-06,0.002669003006303683,709.0,709.0,540.0,,1986.0,811.0,688.0,200.0,10.0,1.0,1.0,2.2970312236269086,3.0,True,beam_local_fit,800.0,800.0,5.0330127123743296e-06,0.0,0.0,0.0,0.0,5.0330127123743296e-06,0.0,,,,,,,,,1.0,1.0,,,2.1469895727932453e-06,0.0027534870023373514,0.0027556339919101447,2.2970312236269086,2.2970312236269086,0.0,isolated,1,True,1200.0,0.26439085602760315,0.015713184024207294,0.24867767200339586,154263552.0,147.1171875,resource.ru_maxrss_kib_converted_to_bytes,0.0,"{""BLIS_NUM_THREADS"": ""1"", ""MKL_DYNAMIC"": ""FALSE"", ""MKL_NUM_THREADS"": ""1"", ""NUMBA_NUM_THREADS"": ""1"", ""NUMEXPR_NUM_THREADS"": ""1"", ""OMP_DYNAMIC"": ""FALSE"", ""OMP_NUM_THREADS"": ""1"", ""OPENBLAS_NUM_THREADS"": ""1"", ""PYTHONHASHSEED"": ""0"", ""VECLIB_MAXIMUM_THREADS"": ""1""}",tree_tree,3,0,0,0.046154812996974215,16,4,6,5,7,7,wide,wide,12,zipf,"{""kind"": ""categorical"", ""probs"": [0.7, 0.3], ""values"": [2, 3]}",inverse_sqrt,7,reserved,beam_local_capped,Shallow but very wide trees test whether a child cap controls the local cross product.,6,6,442,462,442,462,4.712259769439697,True,single_exact_result,1,0.0,1e-05,0.4874585307295215,2.4152285458127887,0.4874585307295215,48.74585307295215,True,0.23117839761054398,0.23145585065801164,0.3136211836370174,0.3138763997814286,200.0,16.0,14.0,689.0,,,,,,,,,,,,,,,,,,
local_child_cap_wide,algorithm,wide_shallow_tree_pair,algorithm_grid,child_cap,32.0,local_child_cap_wide,1,local_R32,generic,False,"{""beam_local_child_cap"": 32, ""beam_width"": 200, ""method"": ""beam_local""}",jaccard,800,800,640000,599895,2.8277941202611325,2.520176213869906,ok,,2.520176213869906,9.439827408641577e-07,6.677990313619375e-06,0.005971515987766907,0.00596368100377731,0.006358074024319649,0.0060977570052879555,0.0059675984957721084,0.006164795006043278,0.00022547518608860185,7.834983989596367e-06,3.0,"[0.00596368100377731, 0.005971515987766907, 0.006358074024319649]",0.005972459970507771,3.0,1.0,3.0,0.25,0.3333333333333333,0.16666666666666666,0.2,beam_local,800.0,800.0,0.0,0.00020196501282043755,0.005688118020771071,0.0005907529848627746,1.348002115264535e-06,0.006519574002595618,2180.0,2180.0,1685.0,,5184.0,2479.0,907.0,200.0,13.0,1.0,1.0,2.520176213869906,3.0,True,beam_local_fit,800.0,800.0,6.006011972203851e-06,0.0,0.0,0.0,0.0,6.006011972203851e-06,0.0,,,,,,,,,1.0,1.0,,,2.268003299832344e-06,0.006425972009310499,0.006428240012610331,2.520176213869906,2.520176213869906,0.0,isolated,1,True,1200.0,0.2826318590086885,0.037748392001958564,0.24488346700672992,154263552.0,147.1171875,resource.ru_maxrss_kib_converted_to_bytes,0.0,"{""BLIS_NUM_THREADS"": ""1"", ""MKL_DYNAMIC"": ""FALSE"", ""MKL_NUM_THREADS"": ""1"", ""NUMBA_NUM_THREADS"": ""1"", ""NUMEXPR_NUM_THREADS"": ""1"", ""OMP_DYNAMIC"": ""FALSE"", ""OMP_NUM_THREADS"": ""1"", ""OPENBLAS_NUM_THREADS"": ""1"", ""PYTHONHASHSEED"": ""0"", ""VECLIB_MAXIMUM_THREADS"": ""1""}",tree_tree,4,1,0,0.046154812996974215,16,4,6,5,7,7,wide,wide,12,zipf,"{""kind"": ""categorical"", ""probs"": [0.7, 0.3], ""values"": [2, 3]}",inverse_sqrt,7,reserved,beam_local_capped,Shallow but very wide trees test whether a child cap controls the local cross product.,6,6,442,462,442,462,4.712259769439697,True,single_exact_result,1,0.0,1e-05,0.534812666783343,2.1920835555697913,0.534812666783343,53.48126667833431,True,0.09498710367228434,0.09512261753764867,0.16132208555188543,0.16151748290003387,200.0,32.0,14.0,908.0,,,,,,,,,,,,,,,,,,
local_child_cap_wide,algorithm,wide_shallow_tree_pair,algorithm_grid,child_cap,128.0,local_child_cap_wide,1,local_R128,generic,False,"{""beam_local_child_cap"": 128, ""beam_width"": 200, ""method"": ""beam_local""}",jaccard,800,800,640000,599895,2.8277941202611325,2.723363071983634,ok,,2.7233630719836346,1.4170072972774506e-06,8.12899088487029e-06,0.06080646999180317,0.06079496501479298,0.060876825999002904,0.06082608700186635,0.060800717503298074,0.060841647995403036,4.4316199033971915e-05,1.1504977010190487e-05,3.0,"[0.06080646999180317, 0.060876825999002904, 0.06079496501479298]",0.06080788699910045,3.0,1.0,4.0,0.25,0.25,0.16666666666666666,0.2,beam_local,800.0,800.0,0.0,0.00021616401500068605,0.06261645595077425,0.002845528069883585,1.674023224040866e-06,0.0657244379981421,27829.0,27829.0,21389.0,,54855.0,28392.0,1116.0,200.0,12.0,1.0,1.0,2.723363071983634,4.0,True,beam_local_fit,800.0,800.0,7.245020242407918e-06,0.0,0.0,0.0,0.0,7.245020242407918e-06,0.0,,,,,,,,,1.0,1.0,,,2.0379957277327776e-06,0.06429294499685057,0.0642949829925783,2.723363071983634,2.7233630719836346,0.0,isolated,1,True,1200.0,0.6326171230175532,0.3858123059908394,0.24680481702671386,154263552.0,147.1171875,resource.ru_maxrss_kib_converted_to_bytes,0.0,"{""BLIS_NUM_THREADS"": ""1"", ""MKL_DYNAMIC"": ""FALSE"", ""MKL_NUM_THREADS"": ""1"", ""NUMBA_NUM_THREADS"": ""1"", ""NUMEXPR_NUM_THREADS"": ""1"", ""OMP_DYNAMIC"": ""FALSE"", ""OMP_NUM_THREADS"": ""1"", ""OPENBLAS_NUM_THREADS"": ""1"", ""PYTHONHASHSEED"": ""0"", ""VECLIB_MAXIMUM_THREADS"": ""1""}",tree_tree,6,2,0,0.046154812996974215,16,4,6,5,7,7,wide,wide,12,zipf,"{""kind"": ""categorical"", ""probs"": [0.7, 0.3], ""values"": [2, 3]}",inverse_sqrt,7,reserved,beam_local_capped,Shallow but very wide trees test whether a child cap controls the local cross product.,6,6,442,462,442,462,4.712259769439697,True,single_exact_result,1,0.0,1e-05,0.5779314395283116,1.9888966974560631,0.5779314395283116,57.79314395283116,True,0.009328234450827035,0.009342801626077412,0.018360123139037694,0.01838833858053342,200.0,128.0,14.0,1117.0,,,,,,,,,,,,,,,,,,
local_child_cap_wide,algorithm,wide_shallow_tree_pair,algorithm_grid,child_cap,,local_child_cap_wide,1,exact_dense,generic,True,"{""method"": ""exact""}",jaccard,800,800,640000,599895,2.8277941202611325,4.712259769439697,ok,,4.712259649872794,2.048007445409894e-06,9.244016837328672e-06,0.8232442890002858,0.8227225310110953,0.8247782750113402,0.8235816983409071,0.8229834100056905,0.824011282005813,0.0010685993851718134,0.0005217579891905189,3.0,"[0.8227225310110953, 0.8232442890002858, 0.8247782750113402]",0.8232463370077312,3.0,1.0,6.0,0.25,0.16666666666666666,0.16666666666666666,0.2,exact_dense,800.0,800.0,0.0,0.00014980198466219008,0.0,0.8461446420114953,0.001142477005487308,0.8475978840142488,640000.0,,489340.0,640000.0,,,,,,1.0,1.0,4.712259769439697,6.0,True,exact_fit,800.0,800.0,8.125993190333247e-06,0.0,0.0,0.0,0.0,8.125993190333247e-06,0.0,,,,,,,,,1.0,1.0,,,2.3700122255831957e-06,0.8255416839965619,0.8255440540087875,4.712259769439697,4.712259649872794,0.0,isolated,1,True,1200.0,5.218458595016273,4.968247906013858,0.25021068900241517,154263552.0,147.1171875,resource.ru_maxrss_kib_converted_to_bytes,0.0,"{""BLIS_NUM_THREADS"": ""1"", ""MKL_DYNAMIC"": ""FALSE"", ""MKL_NUM_THREADS"": ""1"", ""NUMBA_NUM_THREADS"": ""1"", ""NUMEXPR_NUM_THREADS"": ""1"", ""OMP_DYNAMIC"": ""FALSE"", ""OMP_NUM_THREADS"": ""1"", ""OPENBLAS_NUM_THREADS"": ""1"", ""PYTHONHASHSEED"": ""0"", ""VECLIB_MAXIMUM_THREADS"": ""1""}",tree_tree,0,3,0,0.046154812996974215,16,4,6,5,7,7,wide,wide,12,zipf,"{""kind"": ""categorical"", ""probs"": [0.7, 0.3], ""values"": [2, 3]}",inverse_sqrt,7,reserved,beam_local_capped,Shallow but very wide trees test whether a child cap controls the local cross product.,6,6,442,462,442,462,4.712259769439697,True,single_exact_result,1,0.0,1e-05,1.0,0.0,1.0,100.0,True,0.0006890020566064585,0.0006900923818239739,0.001377055319265882,0.0013792329654857055,,,,,,,,,,,,,,,,,,,,,,
local_child_cap_wide,algorithm,wide_shallow_tree_pair,algorithm_grid,child_cap,8.0,local_child_cap_wide,1,local_R8,generic,False,"{""beam_local_child_cap"": 8, ""beam_width"": 200, ""method"": ""beam_local""}",jaccard,800,800,640000,599895,2.8277941202611325,1.7764487575796317,ok,,1.7764487575796317,8.810020517557859e-07,6.149988621473312e-06,0.0010711630166042596,0.0010613610211294144,0.0010969660070259124,0.0010764966815865289,0.001066262018866837,0.001084064511815086,1.8391974928749995e-05,9.801995474845171e-06,3.0,"[0.0010711630166042596, 0.0010969660070259124, 0.0010613610211294144]",0.0010720440186560154,3.0,1.0,4.0,0.25,0.25,0.16666666666666666,0.2,beam_local,800.0,800.0,0.0,0.0002082069986499846,0.0008549879712518305,0.00010583101538941264,1.1970114428550005e-06,0.001201415027026087,270.0,270.0,179.0,,843.0,303.0,303.0,78.0,10.0,1.0,1.0,1.7764487575796317,4.0,True,beam_local_fit,800.0,800.0,5.3349940571933985e-06,0.0,0.0,0.0,0.0,5.3349940571933985e-06,0.0,,,,,,,,,1.0,1.0,,,2.262007910758257e-06,0.0013099070056341588,0.001312169013544917,1.7764487575796317,1.7764487575796317,0.0,isolated,1,True,1200.0,0.25496143600321375,0.007292855007108301,0.24766858099610545,154263552.0,147.1171875,resource.ru_maxrss_kib_converted_to_bytes,0.0,"{""BLIS_NUM_THREADS"": ""1"", ""MKL_DYNAMIC"": ""FALSE"", ""MKL_NUM_THREADS"": ""1"", ""NUMBA_NUM_THREADS"": ""1"", ""NUMEXPR_NUM_THREADS"": ""1"", ""OMP_DYNAMIC"": ""FALSE"", ""OMP_NUM_THREADS"": ""1"", ""OPENBLAS_NUM_THREADS"": ""1"", ""PYTHONHASHSEED"": ""0"", ""VECLIB_MAXIMUM_THREADS"": ""1""}",tree_tree,2,4,0,0.046154812996974215,16,4,6,5,7,7,wide,wide,12,zipf,"{""kind"": ""categorical"", ""probs"": [0.7, 0.3], ""values"": [2, 3]}",inverse_sqrt,7,reserved,beam_local_capped,Shallow but very wide trees test whether a child cap controls the local cross product.,6,6,442,462,442,462,4.712259769439697,True,single_exact_result,1,0.0,1e-05,0.37698447125101026,2.9358110118600655,0.37698447125101026,37.698447125101026,True,0.5295337865648853,0.5299372186654747,0.4404235939354916,0.4405630704305502,200.0,8.0,14.0,304.0,,,,,,,,,,,,,,,,,,
local_child_cap_wide,algorithm,wide_shallow_tree_pair,algorithm_grid,child_cap,64.0,local_child_cap_wide,1,local_R64,generic,False,"{""beam_local_child_cap"": 64, ""beam_width"": 200, ""method"": ""beam_local""}",jaccard,800,800,640000,599895,2.8277941202611325,2.520176213869906,ok,,2.520176213869906,1.0890071280300617e-06,5.924986908212304e-06,0.01748624799074605,0.017467208992457017,0.017673032998573035,0.017542163327258702,0.017476728491601534,0.017579640494659543,0.00011373554420850062,1.903899828903377e-05,3.0,"[0.017467208992457017, 0.017673032998573035, 0.01748624799074605]",0.01748733699787408,3.0,1.0,3.0,0.25,0.3333333333333333,0.16666666666666666,0.2,beam_local,800.0,800.0,0.0,0.00020243600010871887,0.017633065028348938,0.0011198109714314342,1.4099932741373777e-06,0.018994244979694486,7657.0,7657.0,5915.0,,16924.0,8035.0,986.0,200.0,12.0,1.0,1.0,2.520176213869906,3.0,True,beam_local_fit,800.0,800.0,5.084002623334527e-06,0.0,0.0,0.0,0.0,5.084002623334527e-06,0.0,,,,,,,,,1.0,1.0,,,2.115004463121295e-06,0.019221999013097957,0.019224114017561078,2.520176213869906,2.520176213869906,0.0,isolated,1,True,1200.0,0.3596306630061008,0.10901761500281282,0.250613048003288,154263552.0,147.1171875,resource.ru_maxrss_kib_converted_to_bytes,0.0,"{""BLIS_NUM_THREADS"": ""1"", ""MKL_DYNAMIC"": ""FALSE"", ""MKL_NUM_THREADS"": ""1"", ""NUMBA_NUM_THREADS"": ""1"", ""NUMEXPR_NUM_THREADS"": ""1"", ""OMP_DYNAMIC"": ""FALSE"", ""OMP_NUM_THREADS"": ""1"", ""OPENBLAS_NUM_THREADS"": ""1"", ""PYTHONHASHSEED"": ""0"", ""VECLIB_MAXIMUM_THREADS"": ""1""}",tree_tree,5,5,0,0.046154812996974215,16,4,6,5,7,7,wide,wide,12,zipf,"{""kind"": ""categorical"", ""probs"": [0.7, 0.3], ""values"": [2, 3]}",inverse_sqrt,7,reserved,beam_local_capped,Shallow but very wide trees test whether a child cap controls the local cross product.,6,6,442,462,442,462,4.712259769439697,True,single_exact_result,1,0.0,1e-05,0.534812666783343,2.1920835555697913,0.534812666783343,53.48126667833431,True,0.032437891107966514,0.03248728068788247,0.06116589858551832,0.061253695857628104,200.0,64.0,14.0,987.0,,,,,,,,,,,,,,,,,,
local_child_cap_wide,algorithm,wide_shallow_tree_pair,algorithm_grid,child_cap,4.0,local_child_cap_wide,1,local_R4,generic,False,"{""beam_local_child_cap"": 4, ""beam_width"": 200, ""method"": ""beam_local""}",jaccard,800,800,640000,599895,2.8277941202611325,1.5201762138699062,ok,,1.5201762138699062,8.990173228085041e-07,5.8029836509376764e-06,0.0005672170082107186,0.0005661370232701302,0.0005725660012103617,0.0005686400108970702,0.0005666770157404244,0.0005698915047105402,3.4426213592288627e-06,1.0799849405884743e-06,3.0,"[0.0005672170082107186, 0.0005725660012103617, 0.0005661370232701302]",0.0005681160255335271,3.0,1.0,2.0,0.25,0.5,0.16666666666666666,0.2,beam_local,800.0,800.0,0.0,0.00021568199736066163,0.00035379501059651375,5.0565984565764666e-05,1.0090006981045008e-06,0.0006487730133812875,96.0,96.0,73.0,,308.0,116.0,116.0,28.0,10.0,1.0,1.0,1.5201762138699062,2.0,True,beam_local_fit,800.0,800.0,5.0549861043691635e-06,0.0,0.0,0.0,0.0,5.0549861043691635e-06,0.0,,,,,,,,,1.0,1.0,,,2.563989255577326e-06,0.0007852870039641857,0.000787850993219763,1.5201762138699062,1.5201762138699062,0.0,isolated,1,True,1200.0,0.25234159699175507,0.00425328200799413,0.24808831498376094,154263552.0,147.1171875,resource.ru_maxrss_kib_converted_to_bytes,0.0,"{""BLIS_NUM_THREADS"": ""1"", ""MKL_DYNAMIC"": ""FALSE"", ""MKL_NUM_THREADS"": ""1"", ""NUMBA_NUM_THREADS"": ""1"", ""NUMEXPR_NUM_THREADS"": ""1"", ""OMP_DYNAMIC"": ""FALSE"", ""OMP_NUM_THREADS"": ""1"", ""OPENBLAS_NUM_THREADS"": ""1"", ""PYTHONHASHSEED"": ""0"", ""VECLIB_MAXIMUM_THREADS"": ""1""}",tree_tree,1,6,0,0.046154812996974215,16,4,6,5,7,7,wide,wide,12,zipf,"{""kind"": ""categorical"", ""probs"": [0.7, 0.3], ""values"": [2, 3]}",inverse_sqrt,7,reserved,beam_local_capped,Shallow but very wide trees test whether a child cap controls the local cross product.,6,6,442,462,442,462,4.712259769439697,True,single_exact_result,1,0.0,1e-05,0.32260025725420904,3.1920835555697913,0.32260025725420904,32.2600257254209,True,1.0,1.0,0.4878273015369662,0.4878273015369662,200.0,4.0,14.0,117.0,,,,,,,,,,,,,,,,,,
local_child_cap_wide,algorithm,wide_shallow_tree_pair,algorithm_grid,child_cap,32.0,local_child_cap_wide,2,local_R32,generic,False,"{""beam_local_child_cap"": 32, ""beam_width"": 200, ""method"": ""beam_local""}",jaccard,800,800,640000,629154,2.8648303931427384,2.8199551508008285,ok,,2.8199551508008285,9.690120350569487e-07,6.26200926490128e-06,0.00709534200723283,0.007082336989697069,0.007424192997859791,0.00720062399826323,0.007088839498464949,0.00725976750254631,0.00019372559409053743,1.3005017535760999e-05,3.0,"[0.00709534200723283, 0.007082336989697069, 0.007424192997859791]",0.007096311019267887,3.0,1.0,5.0,0.0,0.0,0.0,0.0,beam_local,800.0,800.0,0.0,0.00019713799702003598,0.00687541495426558,0.0006490420491900295,1.622975105419755e-06,0.0077644489938393235,2521.0,2521.0,1890.0,,6096.0,2860.0,1146.0,200.0,15.0,1.0,1.0,2.8199551508008285,5.0,True,beam_local_fit,800.0,800.0,5.387002602219582e-06,0.0,0.0,0.0,0.0,5.387002602219582e-06,0.0,,,,,,,,,1.0,1.0,,,2.215994754806161e-06,0.0076469359919428825,0.007649151986697689,2.8199551508008285,2.8199551508008285,0.0,isolated,1,True,1200.0,0.2892245189868845,0.04459235101239756,0.24463216797448695,154263552.0,147.1171875,resource.ru_maxrss_kib_converted_to_bytes,0.0,"{""BLIS_NUM_THREADS"": ""1"", ""MKL_DYNAMIC"": ""FALSE"", ""MKL_NUM_THREADS"": ""1"", ""NUMBA_NUM_THREADS"": ""1"", ""NUMEXPR_NUM_THREADS"": ""1"", ""OMP_DYNAMIC"": ""FALSE"", ""OMP_NUM_THREADS"": ""1"", ""OPENBLAS_NUM_THREADS"": ""1"", ""PYTHONHASHSEED"": ""0"", ""VECLIB_MAXIMUM_THREADS"": ""1""}",tree_tree,4,0,0,0.04882476502098143,17,5,5,7,7,7,wide,wide,12,zipf,"{""kind"": ""categorical"", ""probs"": [0.7, 0.3], ""values"": [2, 3]}",inverse_sqrt,7,reserved,beam_local_capped,Shallow but very wide trees test whether a child cap controls the local cross product.,6,6,464,469,464,469,4.017980098724365,True,single_exact_result,1,0.0,1e-05,0.7018340264293774,1.1980249479235368,0.7018340264293774,70.18340264293774,True,0.06585898235147984,0.06597568878541496,0.12041812086756878,0.12061317378294936,200.0,32.0,14.0,1147.0,,,,,,,,,,,,,,,,,,
local_child_cap_wide,algorithm,wide_shallow_tree_pair,algorithm_grid,child_cap,128.0,local_child_cap_wide,2,local_R128,generic,False,"{""beam_local_child_cap"": 128, ""beam_width"": 200, ""method"": ""beam_local""}",jaccard,800,800,640000,629154,2.8648303931427384,3.0,ok,,3.0,1.3899989426136017e-06,7.224007276818156e-06,0.06296895199920982,0.06275513500440866,0.06300419199396856,0.06290942633252901,0.06286204350180924,0.06298657199658919,0.00013477694445826588,3.523999475874007e-05,3.0,"[0.06296895199920982, 0.06300419199396856, 0.06275513500440866]",0.06297034199815243,3.0,1.0,3.0,0.0,0.0,0.0,0.0,beam_local,800.0,800.0,0.0,0.0002008560113608837,0.06444274299428798,0.002839496999513358,1.6970152501016855e-06,0.06753357799607329,27542.0,27542.0,21950.0,,54867.0,28252.0,1318.0,200.0,15.0,1.0,1.0,3.0,3.0,True,beam_local_fit,800.0,800.0,6.376008968800306e-06,0.0,0.0,0.0,0.0,6.376008968800306e-06,0.0,,,,,,,,,1.0,1.0,,,2.1980085875838995e-06,0.06675242198980413,0.06675461999839172,3.0,3.0,0.0,isolated,1,True,1200.0,0.6515012040035799,0.39996948998305015,0.25153171402052976,154263552.0,147.1171875,resource.ru_maxrss_kib_converted_to_bytes,0.0,"{""BLIS_NUM_THREADS"": ""1"", ""MKL_DYNAMIC"": ""FALSE"", ""MKL_NUM_THREADS"": ""1"", ""NUMBA_NUM_THREADS"": ""1"", ""NUMEXPR_NUM_THREADS"": ""1"", ""OMP_DYNAMIC"": ""FALSE"", ""OMP_NUM_THREADS"": ""1"", ""OPENBLAS_NUM_THREADS"": ""1"", ""PYTHONHASHSEED"": ""0"", ""VECLIB_MAXIMUM_THREADS"": ""1""}",tree_tree,6,1,0,0.04882476502098143,17,5,5,7,7,7,wide,wide,12,zipf,"{""kind"": ""categorical"", ""probs"": [0.7, 0.3], ""values"": [2, 3]}",inverse_sqrt,7,reserved,beam_local_capped,Shallow but very wide trees test whether a child cap controls the local cross product.,6,6,464,469,464,469,4.017980098724365,True,single_exact_result,1,0.0,1e-05,0.7466438176118505,1.0179800987243652,0.7466438176118505,74.66438176118506,True,0.00742099065008934,0.00743499229121966,0.0146959166605739,0.01472337096687412,200.0,128.0,14.0,1319.0,,,,,,,,,,,,,,,,,,
local_child_cap_wide,algorithm,wide_shallow_tree_pair,algorithm_grid,child_cap,,local_child_cap_wide,2,exact_dense,generic,True,"{""method"": ""exact""}",jaccard,800,800,640000,629154,2.8648303931427384,4.017980098724365,ok,,4.01798026148718,1.9849976524710655e-06,9.123003110289574e-06,0.833350476983469,0.8321407400071621,0.8391123460023664,0.8348678543309992,0.8327456084953155,0.8362314114929177,0.0037252715403297003,0.0012097369763068855,3.0,"[0.833350476983469, 0.8321407400071621, 0.8391123460023664]",0.8333524619811215,3.0,1.0,5.0,0.0,0.0,0.0,0.14285714285714285,exact_dense,800.0,800.0,0.0,0.0001600290124770254,0.0,0.8612666269764304,0.0011764259834308177,0.8627713980094995,640000.0,,504645.0,640000.0,,,,,,1.0,1.0,4.017980098724365,5.0,True,exact_fit,800.0,800.0,7.977010682225227e-06,0.0,0.0,0.0,0.0,7.977010682225227e-06,0.0,,,,,,,,,1.0,1.0,,,2.2239983081817627e-06,0.8408373540150933,0.8408395780134015,4.017980098724365,4.01798026148718,0.0,isolated,1,True,1200.0,5.288289568998152,5.043145703006303,0.24514386599184945,154263552.0,147.1171875,resource.ru_maxrss_kib_converted_to_bytes,0.0,"{""BLIS_NUM_THREADS"": ""1"", ""MKL_DYNAMIC"": ""FALSE"", ""MKL_NUM_THREADS"": ""1"", ""NUMBA_NUM_THREADS"": ""1"", ""NUMEXPR_NUM_THREADS"": ""1"", ""OMP_DYNAMIC"": ""FALSE"", ""OMP_NUM_THREADS"": ""1"", ""OPENBLAS_NUM_THREADS"": ""1"", ""PYTHONHASHSEED"": ""0"", ""VECLIB_MAXIMUM_THREADS"": ""1""}",tree_tree,0,2,0,0.04882476502098143,17,5,5,7,7,7,wide,wide,12,zipf,"{""kind"": ""categorical"", ""probs"": [0.7, 0.3], ""values"": [2, 3]}",inverse_sqrt,7,reserved,beam_local_capped,Shallow but very wide trees test whether a child cap controls the local cross product.,6,6,464,469,464,469,4.017980098724365,True,single_exact_result,1,0.0,1e-05,1.0,0.0,1.0,100.0,True,0.0005607388691052853,0.0005618079128472474,0.0011208492344783917,0.0011229849238782517,,,,,,,,,,,,,,,,,,,,,,
local_child_cap_wide,algorithm,wide_shallow_tree_pair,algorithm_grid,child_cap,8.0,local_child_cap_wide,2,local_R8,generic,False,"{""beam_local_child_cap"": 8, ""beam_width"": 200, ""method"": ""beam_local""}",jaccard,800,800,640000,629154,2.8648303931427384,1.6011669101803663,ok,,1.6011669101803663,9.060022421181202e-07,1.20040203910321e-05,0.0011595420073717833,0.001138223015004769,0.0011668720107991248,0.001154879011058559,0.0011488825111882761,0.001163207009085454,1.488283880746923e-05,7.33000342734158e-06,3.0,"[0.0011595420073717833, 0.0011668720107991248, 0.001138223015004769]",0.0011604480096139014,3.0,1.0,3.0,0.0,0.0,0.0,0.14285714285714285,beam_local,800.0,800.0,0.0,0.00020040900562889874,0.0009292110335081816,0.00011601098231039941,1.0499788913875818e-06,0.0013093109882902354,286.0,286.0,214.0,,893.0,321.0,321.0,78.0,12.0,1.0,1.0,1.6011669101803663,3.0,True,beam_local_fit,800.0,800.0,1.1274009011685848e-05,0.0,0.0,0.0,0.0,1.1274009011685848e-05,0.0,,,,,,,,,1.0,1.0,,,2.663990017026663e-06,0.00135366601170972,0.0013563300017267466,1.6011669101803663,1.6011669101803663,0.0,isolated,1,True,1200.0,0.26928239900735207,0.007881064986577258,0.2614013340207748,154263552.0,147.1171875,resource.ru_maxrss_kib_converted_to_bytes,0.0,"{""BLIS_NUM_THREADS"": ""1"", ""MKL_DYNAMIC"": ""FALSE"", ""MKL_NUM_THREADS"": ""1"", ""NUMBA_NUM_THREADS"": ""1"", ""NUMEXPR_NUM_THREADS"": ""1"", ""OMP_DYNAMIC"": ""FALSE"", ""OMP_NUM_THREADS"": ""1"", ""OPENBLAS_NUM_THREADS"": ""1"", ""PYTHONHASHSEED"": ""0"", ""VECLIB_MAXIMUM_THREADS"": ""1""}",tree_tree,2,3,0,0.04882476502098143,17,5,5,7,7,7,wide,wide,12,zipf,"{""kind"": ""categorical"", ""probs"": [0.7, 0.3], ""values"": [2, 3]}",inverse_sqrt,7,reserved,beam_local_capped,Shallow but very wide trees test whether a child cap controls the local cross product.,6,6,464,469,464,469,4.017980098724365,True,single_exact_result,1,0.0,1e-05,0.39850045815027985,2.416813188543999,0.39850045815027985,39.85004581502798,True,0.40299704630039584,0.40345108393740176,0.4007361387705987,0.40096049038509907,200.0,8.0,14.0,322.0,,,,,,,,,,,,,,,,,,
local_child_cap_wide,algorithm,wide_shallow_tree_pair,algorithm_grid,child_cap,64.0,local_child_cap_wide,2,local_R64,generic,False,"{""beam_local_child_cap"": 64, ""beam_width"": 200, ""method"": ""beam_local""}",jaccard,800,800,640000,629154,2.8648303931427384,3.0,ok,,3.0,1.046020770445466e-06,6.48602144792676e-06,0.01910398600739427,0.018985269009135664,0.01929500899859704,0.019128088005042326,0.019044627508264966,0.019199497502995655,0.000156270262640893,0.0001187169982586056,3.0,"[0.018985269009135664, 0.01929500899859704, 0.01910398600739427]",0.019105032028164715,3.0,1.0,3.0,0.0,0.0,0.0,0.0,beam_local,800.0,800.0,0.0,0.00020177901023998857,0.019064334977883846,0.0011698890302795917,1.3200042303651571e-06,0.02047857499564998,8004.0,8004.0,6282.0,,17532.0,8493.0,1161.0,200.0,15.0,1.0,1.0,3.0,3.0,True,beam_local_fit,800.0,800.0,5.570007488131523e-06,0.0,0.0,0.0,0.0,5.570007488131523e-06,0.0,,,,,,,,,1.0,1.0,,,2.254993887618184e-06,0.02071092202095315,0.020713177014840767,3.0,3.0,0.0,isolated,1,True,1200.0,0.36762116200407036,0.11835969099774957,0.2492614710063208,154263552.0,147.1171875,resource.ru_maxrss_kib_converted_to_bytes,0.0,"{""BLIS_NUM_THREADS"": ""1"", ""MKL_DYNAMIC"": ""FALSE"", ""MKL_NUM_THREADS"": ""1"", ""NUMBA_NUM_THREADS"": ""1"", ""NUMEXPR_NUM_THREADS"": ""1"", ""OMP_DYNAMIC"": ""FALSE"", ""OMP_NUM_THREADS"": ""1"", ""OPENBLAS_NUM_THREADS"": ""1"", ""PYTHONHASHSEED"": ""0"", ""VECLIB_MAXIMUM_THREADS"": ""1""}",tree_tree,5,4,0,0.04882476502098143,17,5,5,7,7,7,wide,wide,12,zipf,"{""kind"": ""categorical"", ""probs"": [0.7, 0.3], ""values"": [2, 3]}",inverse_sqrt,7,reserved,beam_local_capped,Shallow but very wide trees test whether a child cap controls the local cross product.,6,6,464,469,464,469,4.017980098724365,True,single_exact_result,1,0.0,1e-05,0.7466438176118505,1.0179800987243652,0.7466438176118505,74.66438176118506,True,0.024460445262637513,0.0245057954700903,0.0473690552903974,0.04745408769714107,200.0,64.0,14.0,1162.0,,,,,,,,,,,,,,,,,,
local_child_cap_wide,algorithm,wide_shallow_tree_pair,algorithm_grid,child_cap,4.0,local_child_cap_wide,2,local_R4,generic,False,"{""beam_local_child_cap"": 4, ""beam_width"": 200, ""method"": ""beam_local""}",jaccard,800,800,640000,629154,2.8648303931427384,1.2830043802823472,ok,,1.2830043802823472,8.920032996684313e-07,5.7689903769642115e-06,0.0004672920040320605,0.00046025702613405883,0.00047217498649843037,0.00046657467222151655,0.00046377451508305967,0.00046973349526524544,5.99127436414795e-06,4.882982466369867e-06,3.0,"[0.0004672920040320605, 0.00047217498649843037, 0.00046025702613405883]",0.00046818400733172894,3.0,1.0,2.0,0.0,0.0,0.0,0.14285714285714285,beam_local,800.0,800.0,0.0,0.00019609200535342097,0.0002668069791980088,4.395600990392268e-05,9.259965736418962e-07,0.0005352699954528362,72.0,72.0,54.0,,233.0,89.0,89.0,23.0,9.0,1.0,1.0,1.2830043802823472,2.0,True,beam_local_fit,800.0,800.0,5.0480011850595474e-06,0.0,0.0,0.0,0.0,5.0480011850595474e-06,0.0,,,,,,,,,1.0,1.0,,,2.1510059013962746e-06,0.0006514639826491475,0.0006536149885505438,1.2830043802823472,1.2830043802823472,0.0,isolated,1,True,1200.0,0.2527418519894127,0.0035188239999115467,0.24922302798950113,154263552.0,147.1171875,resource.ru_maxrss_kib_converted_to_bytes,0.0,"{""BLIS_NUM_THREADS"": ""1"", ""MKL_DYNAMIC"": ""FALSE"", ""MKL_NUM_THREADS"": ""1"", ""NUMBA_NUM_THREADS"": ""1"", ""NUMEXPR_NUM_THREADS"": ""1"", ""OMP_DYNAMIC"": ""FALSE"", ""OMP_NUM_THREADS"": ""1"", ""OPENBLAS_NUM_THREADS"": ""1"", ""PYTHONHASHSEED"": ""0"", ""VECLIB_MAXIMUM_THREADS"": ""1""}",tree_tree,1,5,0,0.04882476502098143,17,5,5,7,7,7,wide,wide,12,zipf,"{""kind"": ""categorical"", ""probs"": [0.7, 0.3], ""values"": [2, 3]}",inverse_sqrt,7,reserved,beam_local_capped,Shallow but very wide trees test whether a child cap controls the local cross product.,6,6,464,469,464,469,4.017980098724365,True,single_exact_result,1,0.0,1e-05,0.3193157628355794,2.7349757184420183,0.3193157628355794,31.931576283557938,True,1.0,1.0,0.4840626813239619,0.4840626813239619,200.0,4.0,14.0,90.0,,,,,,,,,,,,,,,,,,
local_child_cap_wide,algorithm,wide_shallow_tree_pair,algorithm_grid,child_cap,16.0,local_child_cap_wide,2,local_R16,generic,False,"{""beam_local_child_cap"": 16, ""beam_width"": 200, ""method"": ""beam_local""}",jaccard,800,800,640000,629154,2.8648303931427384,2.3410310133502485,ok,,2.3410310133502485,9.550130926072598e-07,6.852002115920186e-06,0.003173839009832591,0.0031615909829270095,0.0031756779935676605,0.0031703693287757537,0.0031677149963798,0.0031747585017001256,7.657674723738593e-06,1.8389837350696325e-06,3.0,"[0.0031756779935676605, 0.0031615909829270095, 0.003173839009832591]",0.003174794022925198,3.0,1.0,4.0,0.0,0.0,0.0,0.0,beam_local,800.0,800.0,0.0,0.0001962919777724892,0.0028034309507347643,0.000368502049241215,1.2890086509287357e-06,0.0034081729827448726,894.0,894.0,712.0,,2488.0,1100.0,903.0,200.0,12.0,1.0,1.0,2.3410310133502485,4.0,True,beam_local_fit,800.0,800.0,6.004003807902336e-06,0.0,0.0,0.0,0.0,6.004003807902336e-06,0.0,,,,,,,,,1.0,1.0,,,2.1519954316318035e-06,0.0034676830109674484,0.00346983500639908,2.3410310133502485,2.3410310133502485,0.0,isolated,1,True,1200.0,0.2651917999901343,0.020069030986633152,0.24512276900350116,154263552.0,147.1171875,resource.ru_maxrss_kib_converted_to_bytes,0.0,"{""BLIS_NUM_THREADS"": ""1"", ""MKL_DYNAMIC"": ""FALSE"", ""MKL_NUM_THREADS"": ""1"", ""NUMBA_NUM_THREADS"": ""1"", ""NUMEXPR_NUM_THREADS"": ""1"", ""OMP_DYNAMIC"": ""FALSE"", ""OMP_NUM_THREADS"": ""1"", ""OPENBLAS_NUM_THREADS"": ""1"", ""PYTHONHASHSEED"": ""0"", ""VECLIB_MAXIMUM_THREADS"": ""1""}",tree_tree,3,6,0,0.04882476502098143,17,5,5,7,7,7,wide,wide,12,zipf,"{""kind"": ""categorical"", ""probs"": [0.7, 0.3], ""values"": [2, 3]}",inverse_sqrt,7,reserved,beam_local_capped,Shallow but very wide trees test whether a child cap controls the local cross product.,6,6,464,469,464,469,4.017980098724365,True,single_exact_result,1,0.0,1e-05,0.5826387776518561,1.6769490853741167,0.5826387776518561,58.26387776518561,True,0.14723242186651067,0.1474690968771425,0.23506426438975417,0.23536580646072408,200.0,16.0,14.0,904.0,,,,,,,,,,,,,,,,,,
local_child_cap_wide,algorithm,wide_shallow_tree_pair,algorithm_grid,child_cap,128.0,local_child_cap_wide,3,local_R128,generic,False,"{""beam_local_child_cap"": 128, ""beam_width"": 200, ""method"": ""beam_local""}",jaccard,800,800,640000,626656,3.7688028297221607,3.382497801810877,ok,,3.382497801810877,1.3960234355181456e-06,7.30800093151629e-06,0.06642710798769258,0.06637671199860051,0.06697041500592604,0.06659141166407305,0.06640190999314655,0.06669876149680931,0.0003291923279497065,5.0395989092066884e-05,3.0,"[0.06697041500592604, 0.06642710798769258, 0.06637671199860051]",0.0664285040111281,3.0,1.0,4.0,0.16666666666666666,0.25,0.14285714285714285,0.16666666666666666,beam_local,800.0,800.0,0.0,0.00020203599706292152,0.0833442400326021,0.0031360969587694854,2.3510074242949486e-06,0.08673702101805247,30383.0,30383.0,24569.0,,57767.0,31057.0,1311.0,200.0,15.0,1.0,1.0,3.382497801810877,4.0,True,beam_local_fit,800.0,800.0,6.505986675620079e-06,0.0,0.0,0.0,0.0,6.505986675620079e-06,0.0,,,,,,,,,1.0,1.0,,,2.2599997464567423e-06,0.06948157900478691,0.06948383900453337,3.382497801810877,3.382497801810877,0.0,isolated,1,True,1200.0,0.673461114987731,0.4232734499964863,0.2501876649912447,154263552.0,147.1171875,resource.ru_maxrss_kib_converted_to_bytes,0.0,"{""BLIS_NUM_THREADS"": ""1"", ""MKL_DYNAMIC"": ""FALSE"", ""MKL_NUM_THREADS"": ""1"", ""NUMBA_NUM_THREADS"": ""1"", ""NUMEXPR_NUM_THREADS"": ""1"", ""OMP_DYNAMIC"": ""FALSE"", ""OMP_NUM_THREADS"": ""1"", ""OPENBLAS_NUM_THREADS"": ""1"", ""PYTHONHASHSEED"": ""0"", ""VECLIB_MAXIMUM_THREADS"": ""1""}",tree_tree,6,0,0,0.047807513998122886,18,6,7,6,7,7,wide,wide,12,zipf,"{""kind"": ""categorical"", ""probs"": [0.7, 0.3], ""values"": [2, 3]}",inverse_sqrt,7,reserved,beam_local_capped,Shallow but very wide trees test whether a child cap controls the local cross product.,6,6,448,428,448,428,5.057831764221191,True,single_exact_result,1,0.0,1e-05,0.6687643953953689,1.6753339624103143,0.6687643953953689,66.87643953953689,True,0.010827055538389623,0.010839126981473421,0.02130912400706168,0.02133250333084415,200.0,128.0,14.0,1312.0,,,,,,,,,,,,,,,,,,
local_child_cap_wide,algorithm,wide_shallow_tree_pair,algorithm_grid,child_cap,,local_child_cap_wide,3,exact_dense,generic,True,"{""method"": ""exact""}",jaccard,800,800,640000,626656,3.7688028297221607,5.057831764221191,ok,,5.057831964278151,1.934007741510868e-06,9.112991392612457e-06,0.825590973981889,0.8195795910141896,0.8301688520004973,0.8251131389988586,0.8225852824980393,0.8278799129911931,0.005310777415999464,0.004577878018608317,3.0,"[0.825590973981889, 0.8301688520004973, 0.8195795910141896]",0.8255929079896305,3.0,1.0,7.0,0.16666666666666666,0.14285714285714285,0.14285714285714285,0.16666666666666666,exact_dense,800.0,800.0,0.0,0.00015658701886422932,0.0,0.8482607750047464,0.0011483749840408564,0.8497312790132128,640000.0,,498867.0,640000.0,,,,,,1.0,1.0,5.057831764221191,7.0,True,exact_fit,800.0,800.0,8.039991371333599e-06,0.0,0.0,0.0,0.0,8.039991371333599e-06,0.0,,,,,,,,,1.0,1.0,,,2.148008206859231e-06,0.8366177210118622,0.836619869020069,5.057831764221191,5.057831964278151,0.0,isolated,1,True,1200.0,5.240066387981642,4.988919271010673,0.25114711697096936,154263552.0,147.1171875,resource.ru_maxrss_kib_converted_to_bytes,0.0,"{""BLIS_NUM_THREADS"": ""1"", ""MKL_DYNAMIC"": ""FALSE"", ""MKL_NUM_THREADS"": ""1"", ""NUMBA_NUM_THREADS"": ""1"", ""NUMEXPR_NUM_THREADS"": ""1"", ""OMP_DYNAMIC"": ""FALSE"", ""OMP_NUM_THREADS"": ""1"", ""OPENBLAS_NUM_THREADS"": ""1"", ""PYTHONHASHSEED"": ""0"", ""VECLIB_MAXIMUM_THREADS"": ""1""}",tree_tree,0,1,0,0.047807513998122886,18,6,7,6,7,7,wide,wide,12,zipf,"{""kind"": ""categorical"", ""probs"": [0.7, 0.3], ""values"": [2, 3]}",inverse_sqrt,7,reserved,beam_local_capped,Shallow but very wide trees test whether a child cap controls the local cross product.,6,6,448,428,448,428,5.057831764221191,True,single_exact_result,1,0.0,1e-05,1.0,0.0,1.0,100.0,True,0.0008711456521484813,0.0008721332065693781,0.0017407748358673274,0.001742746506040206,,,,,,,,,,,,,,,,,,,,,,
local_child_cap_wide,algorithm,wide_shallow_tree_pair,algorithm_grid,child_cap,8.0,local_child_cap_wide,3,local_R8,generic,False,"{""beam_local_child_cap"": 8, ""beam_width"": 200, ""method"": ""beam_local""}",jaccard,800,800,640000,626656,3.7688028297221607,2.385873069947135,ok,,2.385873069947135,9.00006853044033e-07,5.340989446267486e-06,0.0013663239951711148,0.0013643349811900407,0.0013806220085825771,0.0013704269949812442,0.0013653294881805778,0.001373473001876846,8.884974445812955e-06,1.9890139810740948e-06,3.0,"[0.0013806220085825771, 0.0013643349811900407, 0.0013663239951711148]",0.0013672240020241588,3.0,1.0,3.0,0.16666666666666666,0.3333333333333333,0.14285714285714285,0.16666666666666666,beam_local,800.0,800.0,0.0,0.00020207700436003506,0.0011343230144120753,0.00012966798385605216,1.3030075933784246e-06,0.001499131991295144,336.0,336.0,274.0,,1045.0,373.0,373.0,76.0,13.0,1.0,1.0,2.385873069947135,3.0,True,beam_local_fit,800.0,800.0,4.645000444725156e-06,0.0,0.0,0.0,0.0,4.645000444725156e-06,0.0,,,,,,,,,1.0,1.0,,,2.2919848561286926e-06,0.001583508012117818,0.0015857999969739467,2.385873069947135,2.385873069947135,0.0,isolated,1,True,1200.0,0.2540553220023867,0.009028469998156652,0.24502685200423002,154263552.0,147.1171875,resource.ru_maxrss_kib_converted_to_bytes,0.0,"{""BLIS_NUM_THREADS"": ""1"", ""MKL_DYNAMIC"": ""FALSE"", ""MKL_NUM_THREADS"": ""1"", ""NUMBA_NUM_THREADS"": ""1"", ""NUMEXPR_NUM_THREADS"": ""1"", ""OMP_DYNAMIC"": ""FALSE"", ""OMP_NUM_THREADS"": ""1"", ""OPENBLAS_NUM_THREADS"": ""1"", ""PYTHONHASHSEED"": ""0"", ""VECLIB_MAXIMUM_THREADS"": ""1""}",tree_tree,2,2,0,0.047807513998122886,18,6,7,6,7,7,wide,wide,12,zipf,"{""kind"": ""categorical"", ""probs"": [0.7, 0.3], ""values"": [2, 3]}",inverse_sqrt,7,reserved,beam_local_capped,Shallow but very wide trees test whether a child cap controls the local cross product.,6,6,448,428,448,428,5.057831764221191,True,single_exact_result,1,0.0,1e-05,0.4717185507878421,2.6719586942740565,0.4717185507878421,47.171855078784205,True,0.5263831931366181,0.5266342523975168,0.49755391880023575,0.49766604659910363,200.0,8.0,14.0,374.0,,,,,,,,,,,,,,,,,,
local_child_cap_wide,algorithm,wide_shallow_tree_pair,algorithm_grid,child_cap,64.0,local_child_cap_wide,3,local_R64,generic,False,"{""beam_local_child_cap"": 64, ""beam_width"": 200, ""method"": ""beam_local""}",jaccard,800,800,640000,626656,3.7688028297221607,3.382497801810877,ok,,3.382497801810877,1.0119983926415443e-06,6.743997801095247e-06,0.020659200992668048,0.020551505003822967,0.02067606701166369,0.02062892433605157,0.020605352998245507,0.02066763400216587,6.757536830260132e-05,1.6866018995642662e-05,3.0,"[0.02067606701166369, 0.020551505003822967, 0.020659200992668048]",0.02066021299106069,3.0,1.0,4.0,0.16666666666666666,0.25,0.14285714285714285,0.16666666666666666,beam_local,800.0,800.0,0.0,0.00019912899006158113,0.02068325996515341,0.0012396500387694687,1.4649995137006044e-06,0.022162727022077888,8864.0,8864.0,7276.0,,18496.0,9400.0,1214.0,200.0,15.0,1.0,1.0,3.382497801810877,4.0,True,beam_local_fit,800.0,800.0,5.808018613606691e-06,0.0,0.0,0.0,0.0,5.808018613606691e-06,0.0,,,,,,,,,1.0,1.0,,,2.101995050907135e-06,0.022346988989738747,0.022349090984789655,3.382497801810877,3.382497801810877,0.0,isolated,1,True,1200.0,0.3759597399912309,0.12761985100223683,0.24833988898899406,154263552.0,147.1171875,resource.ru_maxrss_kib_converted_to_bytes,0.0,"{""BLIS_NUM_THREADS"": ""1"", ""MKL_DYNAMIC"": ""FALSE"", ""MKL_NUM_THREADS"": ""1"", ""NUMBA_NUM_THREADS"": ""1"", ""NUMEXPR_NUM_THREADS"": ""1"", ""OMP_DYNAMIC"": ""FALSE"", ""OMP_NUM_THREADS"": ""1"", ""OPENBLAS_NUM_THREADS"": ""1"", ""PYTHONHASHSEED"": ""0"", ""VECLIB_MAXIMUM_THREADS"": ""1""}",tree_tree,5,3,0,0.047807513998122886,18,6,7,6,7,7,wide,wide,12,zipf,"{""kind"": ""categorical"", ""probs"": [0.7, 0.3], ""values"": [2, 3]}",inverse_sqrt,7,reserved,beam_local_capped,Shallow but very wide trees test whether a child cap controls the local cross product.,6,6,448,428,448,428,5.057831764221191,True,single_exact_result,1,0.0,1e-05,0.6687643953953689,1.6753339624103143,0.6687643953953689,66.87643953953689,True,0.034813059212338376,0.034850898704552415,0.06618101345781133,0.06624938484587681,200.0,64.0,14.0,1215.0,,,,,,,,,,,,,,,,,,
local_child_cap_wide,algorithm,wide_shallow_tree_pair,algorithm_grid,child_cap,4.0,local_child_cap_wide,3,local_R4,generic,False,"{""beam_local_child_cap"": 4, ""beam_width"": 200, ""method"": ""beam_local""}",jaccard,800,800,640000,626656,3.7688028297221607,2.385873069947135,ok,,2.385873069947135,8.170027285814285e-07,5.836016498506069e-06,0.0007192099874373525,0.0007138210057746619,0.0007216639933176339,0.0007182316621765494,0.0007165154966060072,0.0007204369903774932,4.0119762756959895e-06,2.454005880281329e-06,3.0,"[0.0007192099874373525, 0.0007216639933176339, 0.0007138210057746619]",0.000720026990165934,3.0,1.0,3.0,0.16666666666666666,0.3333333333333333,0.14285714285714285,0.16666666666666666,beam_local,800.0,800.0,0.0,0.00020390600548125803,0.0005134049861226231,6.598900654353201e-05,1.1730007827281952e-06,0.0008131520007736981,136.0,136.0,119.0,,433.0,161.0,161.0,26.0,12.0,1.0,1.0,2.385873069947135,3.0,True,beam_local_fit,800.0,800.0,5.125999450683594e-06,0.0,0.0,0.0,0.0,5.125999450683594e-06,0.0,,,,,,,,,1.0,1.0,,,2.275017322972417e-06,0.000940219993935898,0.0009424950112588704,2.385873069947135,2.385873069947135,0.0,isolated,1,True,1200.0,0.251231900008861,0.00510383999790065,0.24612806001096033,154263552.0,147.1171875,resource.ru_maxrss_kib_converted_to_bytes,0.0,"{""BLIS_NUM_THREADS"": ""1"", ""MKL_DYNAMIC"": ""FALSE"", ""MKL_NUM_THREADS"": ""1"", ""NUMBA_NUM_THREADS"": ""1"", ""NUMEXPR_NUM_THREADS"": ""1"", ""OMP_DYNAMIC"": ""FALSE"", ""OMP_NUM_THREADS"": ""1"", ""OPENBLAS_NUM_THREADS"": ""1"", ""PYTHONHASHSEED"": ""0"", ""VECLIB_MAXIMUM_THREADS"": ""1""}",tree_tree,1,4,0,0.047807513998122886,18,6,7,6,7,7,wide,wide,12,zipf,"{""kind"": ""categorical"", ""probs"": [0.7, 0.3], ""values"": [2, 3]}",inverse_sqrt,7,reserved,beam_local_capped,Shallow but very wide trees test whether a child cap controls the local cross product.,6,6,448,428,448,428,5.057831764221191,True,single_exact_result,1,0.0,1e-05,0.4717185507878421,2.6719586942740565,0.4717185507878421,47.171855078784205,True,1.0,1.0,0.6410445129407674,0.6410445129407674,200.0,4.0,14.0,162.0,,,,,,,,,,,,,,,,,,
local_child_cap_wide,algorithm,wide_shallow_tree_pair,algorithm_grid,child_cap,16.0,local_child_cap_wide,3,local_R16,generic,False,"{""beam_local_child_cap"": 16, ""beam_width"": 200, ""method"": ""beam_local""}",jaccard,800,800,640000,626656,3.7688028297221607,2.874488794702315,ok,,2.874488794702315,9.840005077421665e-07,5.940994014963508e-06,0.0027149080124218017,0.002712118992349133,0.002743957011261955,0.00272366133867763,0.0027135135023854673,0.0027294325118418783,1.7631800885871833e-05,2.789020072668791e-06,3.0,"[0.0027149080124218017, 0.002743957011261955, 0.002712118992349133]",0.002715892012929544,3.0,1.0,4.0,0.16666666666666666,0.25,0.14285714285714285,0.16666666666666666,beam_local,800.0,800.0,0.0,0.00020428997231647372,0.00239388708723709,0.00034796789987012744,1.4410179574042559e-06,0.0029867980047129095,724.0,724.0,593.0,,2178.0,1012.0,902.0,200.0,13.0,1.0,1.0,2.874488794702315,4.0,True,beam_local_fit,800.0,800.0,4.998000804334879e-06,0.0,0.0,0.0,0.0,4.998000804334879e-06,0.0,,,,,,,,,1.0,1.0,,,2.3869797587394714e-06,0.003092865983489901,0.0030952529632486403,2.874488794702315,2.874488794702315,0.0,isolated,1,True,1200.0,0.2667998110118788,0.017455326014896855,0.24934448499698192,154263552.0,147.1171875,resource.ru_maxrss_kib_converted_to_bytes,0.0,"{""BLIS_NUM_THREADS"": ""1"", ""MKL_DYNAMIC"": ""FALSE"", ""MKL_NUM_THREADS"": ""1"", ""NUMBA_NUM_THREADS"": ""1"", ""NUMEXPR_NUM_THREADS"": ""1"", ""OMP_DYNAMIC"": ""FALSE"", ""OMP_NUM_THREADS"": ""1"", ""OPENBLAS_NUM_THREADS"": ""1"", ""PYTHONHASHSEED"": ""0"", ""VECLIB_MAXIMUM_THREADS"": ""1""}",tree_tree,3,5,0,0.047807513998122886,18,6,7,6,7,7,wide,wide,12,zipf,"{""kind"": ""categorical"", ""probs"": [0.7, 0.3], ""values"": [2, 3]}",inverse_sqrt,7,reserved,beam_local_capped,Shallow but very wide trees test whether a child cap controls the local cross product.,6,6,448,428,448,428,5.057831764221191,True,single_exact_result,1,0.0,1e-05,0.5683243193330949,2.1833429695188764,0.5683243193330949,56.83243193330949,True,0.26491136500635604,0.26511620739635533,0.3613757164521621,0.3615662624517804,200.0,16.0,14.0,903.0,,,,,,,,,,,,,,,,,,
local_child_cap_wide,algorithm,wide_shallow_tree_pair,algorithm_grid,child_cap,32.0,local_child_cap_wide,3,local_R32,generic,False,"{""beam_local_child_cap"": 32, ""beam_width"": 200, ""method"": ""beam_local""}",jaccard,800,800,640000,626656,3.7688028297221607,3.744718851688913,ok,,3.7447188516889125,9.700015652924776e-07,6.153975846245885e-06,0.007415528001729399,0.007375739980489016,0.007842831982998177,0.00754469998840553,0.007395633991109207,0.007629179992363788,0.00025895518204584894,3.978802124038339e-05,3.0,"[0.007375739980489016, 0.007415528001729399, 0.007842831982998177]",0.0074164980032946914,3.0,1.0,6.0,0.16666666666666666,0.16666666666666666,0.14285714285714285,0.16666666666666666,beam_local,800.0,800.0,0.0,0.00022901000920683146,0.0070281169610098004,0.0007461580389644951,1.4870020095258951e-06,0.008050449978327379,2585.0,2585.0,2065.0,,6294.0,3111.0,1360.0,200.0,15.0,1.0,1.0,3.744718851688913,6.0,True,beam_local_fit,800.0,800.0,5.353009328246117e-06,0.0,0.0,0.0,0.0,5.353009328246117e-06,0.0,,,,,,,,,1.0,1.0,,,2.362998202443123e-06,0.007940699986647815,0.007943062984850258,3.744718851688913,3.7447188516889125,0.0,isolated,1,True,1200.0,0.2934786329860799,0.0465012050117366,0.2469774279743433,154263552.0,147.1171875,resource.ru_maxrss_kib_converted_to_bytes,0.0,"{""BLIS_NUM_THREADS"": ""1"", ""MKL_DYNAMIC"": ""FALSE"", ""MKL_NUM_THREADS"": ""1"", ""NUMBA_NUM_THREADS"": ""1"", ""NUMEXPR_NUM_THREADS"": ""1"", ""OMP_DYNAMIC"": ""FALSE"", ""OMP_NUM_THREADS"": ""1"", ""OPENBLAS_NUM_THREADS"": ""1"", ""PYTHONHASHSEED"": ""0"", ""VECLIB_MAXIMUM_THREADS"": ""1""}",tree_tree,4,6,0,0.047807513998122886,18,6,7,6,7,7,wide,wide,12,zipf,"{""kind"": ""categorical"", ""probs"": [0.7, 0.3], ""values"": [2, 3]}",inverse_sqrt,7,reserved,beam_local_capped,Shallow but very wide trees test whether a child cap controls the local cross product.,6,6,448,428,448,428,5.057831764221191,True,single_exact_result,1,0.0,1e-05,0.7403802708858046,1.3131129125322785,0.7403802708858046,74.03802708858046,True,0.0969870233474438,0.09708449861997812,0.17150724446227633,0.17165963274966298,200.0,32.0,14.0,1361.0,,,,,,,,,,,,,,,,,,
local_child_cap_wide,algorithm,wide_shallow_tree_pair,algorithm_grid,child_cap,,local_child_cap_wide,4,exact_dense,generic,True,"{""method"": ""exact""}",jaccard,800,800,640000,602881,2.755020221144548,4.433244228363037,ok,,4.433244097523474,2.128013875335455e-06,8.587987395003438e-06,0.8161643109924626,0.8137046420015395,0.8174781349953264,0.8157823626631094,0.814934476497001,0.8168212229938945,0.0019155223147385868,0.0013138240028638393,3.0,"[0.8161643109924626, 0.8174781349953264, 0.8137046420015395]",0.8161664390063379,3.0,1.0,6.0,0.25,0.16666666666666666,0.2,0.2,exact_dense,800.0,800.0,0.0,0.00015678201452828944,0.0,0.8420966739940923,0.0011436589993536472,0.8436240960145369,640000.0,,489001.0,640000.0,,,,,,1.0,1.0,4.433244228363037,6.0,True,exact_fit,800.0,800.0,7.480004569515586e-06,0.0,0.0,0.0,0.0,7.480004569515586e-06,0.0,,,,,,,,,1.0,1.0,,,2.2700114641338587e-06,0.8355075540021062,0.8355098240135703,4.433244228363037,4.433244097523474,0.0,isolated,1,True,1200.0,5.195021728985012,4.946485082997242,0.2485366459877696,154263552.0,147.1171875,resource.ru_maxrss_kib_converted_to_bytes,0.0,"{""BLIS_NUM_THREADS"": ""1"", ""MKL_DYNAMIC"": ""FALSE"", ""MKL_NUM_THREADS"": ""1"", ""NUMBA_NUM_THREADS"": ""1"", ""NUMEXPR_NUM_THREADS"": ""1"", ""OMP_DYNAMIC"": ""FALSE"", ""OMP_NUM_THREADS"": ""1"", ""OPENBLAS_NUM_THREADS"": ""1"", ""PYTHONHASHSEED"": ""0"", ""VECLIB_MAXIMUM_THREADS"": ""1""}",tree_tree,0,0,0,0.04712582699721679,16,4,5,5,7,7,wide,wide,12,zipf,"{""kind"": ""categorical"", ""probs"": [0.7, 0.3], ""values"": [2, 3]}",inverse_sqrt,7,reserved,beam_local_capped,Shallow but very wide trees test whether a child cap controls the local cross product.,6,6,439,454,439,454,4.433244228363037,True,single_exact_result,1,0.0,1e-05,1.0,0.0,1.0,100.0,True,0.00042293202283177976,0.00042396746131358296,0.0008455064539086907,0.0008475755781610216,,,,,,,,,,,,,,,,,,,,,,
local_child_cap_wide,algorithm,wide_shallow_tree_pair,algorithm_grid,child_cap,8.0,local_child_cap_wide,4,local_R8,generic,False,"{""beam_local_child_cap"": 8, ""beam_width"": 200, ""method"": ""beam_local""}",jaccard,800,800,640000,602881,2.755020221144548,2.2972584487296768,ok,,2.2972584487296768,9.850191418081522e-07,6.2359904404729605e-06,0.0007301250007003546,0.0007254010124597698,0.0007401109905913472,0.0007318790012504905,0.0007277630065800622,0.0007351179956458509,7.5102098908938025e-06,4.723988240584731e-06,3.0,"[0.0007254010124597698, 0.0007401109905913472, 0.0007301250007003546]",0.0007311100198421627,3.0,1.0,3.0,0.25,0.3333333333333333,0.2,0.2,beam_local,800.0,800.0,0.0,0.00020426299306564033,0.0005060110415797681,6.874496466480196e-05,1.034000888466835e-06,0.0008083880238700658,154.0,154.0,135.0,,487.0,179.0,179.0,71.0,8.0,1.0,1.0,2.2972584487296768,3.0,True,beam_local_fit,800.0,800.0,5.372014129534364e-06,0.0,0.0,0.0,0.0,5.372014129534364e-06,0.0,,,,,,,,,1.0,1.0,,,2.2269960027188063e-06,0.0009365059959236532,0.000938732991926372,2.2972584487296768,2.2972584487296768,0.0,isolated,1,True,1200.0,0.25435104200732894,0.005175767000764608,0.24917527500656433,154263552.0,147.1171875,resource.ru_maxrss_kib_converted_to_bytes,0.0,"{""BLIS_NUM_THREADS"": ""1"", ""MKL_DYNAMIC"": ""FALSE"", ""MKL_NUM_THREADS"": ""1"", ""NUMBA_NUM_THREADS"": ""1"", ""NUMEXPR_NUM_THREADS"": ""1"", ""OMP_DYNAMIC"": ""FALSE"", ""OMP_NUM_THREADS"": ""1"", ""OPENBLAS_NUM_THREADS"": ""1"", ""PYTHONHASHSEED"": ""0"", ""VECLIB_MAXIMUM_THREADS"": ""1""}",tree_tree,2,1,0,0.04712582699721679,16,4,5,5,7,7,wide,wide,12,zipf,"{""kind"": ""categorical"", ""probs"": [0.7, 0.3], ""values"": [2, 3]}",inverse_sqrt,7,reserved,beam_local_capped,Shallow but very wide trees test whether a child cap controls the local cross product.,6,6,439,454,439,454,4.433244228363037,True,single_exact_result,1,0.0,1e-05,0.5181890124690769,2.1359857796333603,0.5181890124690769,51.818901246907686,True,0.4727711319021271,0.47329130194326613,0.4944392715606169,0.49472359420378137,200.0,8.0,14.0,180.0,,,,,,,,,,,,,,,,,,
local_child_cap_wide,algorithm,wide_shallow_tree_pair,algorithm_grid,child_cap,64.0,local_child_cap_wide,4,local_R64,generic,False,"{""beam_local_child_cap"": 64, ""beam_width"": 200, ""method"": ""beam_local""}",jaccard,800,800,640000,602881,2.755020221144548,2.6369585031443994,ok,,2.6369585031443994,1.1310039553791285e-06,6.412010407075286e-06,0.01776691200211644,0.01764246600214392,0.01778647000901401,0.017731949337758124,0.01770468900213018,0.017776691005565226,7.810940675062506e-05,1.9558006897568703e-05,3.0,"[0.01764246600214392, 0.01776691200211644, 0.01778647000901401]",0.01776804300607182,3.0,1.0,3.0,0.25,0.3333333333333333,0.2,0.2,beam_local,800.0,800.0,0.0,0.0001994629856199026,0.01804770901799202,0.0011560269631445408,1.3809767551720142e-06,0.01944151899078861,7709.0,7709.0,6040.0,,16910.0,8065.0,949.0,200.0,11.0,1.0,1.0,2.6369585031443994,3.0,True,beam_local_fit,800.0,800.0,5.504000000655651e-06,0.0,0.0,0.0,0.0,5.504000000655651e-06,0.0,,,,,,,,,1.0,1.0,,,2.0250154193490744e-06,0.01939577900338918,0.01939780401880853,2.6369585031443994,2.6369585031443994,0.0,isolated,1,True,1200.0,0.35599404701497406,0.11025992399663664,0.2457341230183374,154263552.0,147.1171875,resource.ru_maxrss_kib_converted_to_bytes,0.0,"{""BLIS_NUM_THREADS"": ""1"", ""MKL_DYNAMIC"": ""FALSE"", ""MKL_NUM_THREADS"": ""1"", ""NUMBA_NUM_THREADS"": ""1"", ""NUMEXPR_NUM_THREADS"": ""1"", ""OMP_DYNAMIC"": ""FALSE"", ""OMP_NUM_THREADS"": ""1"", ""OPENBLAS_NUM_THREADS"": ""1"", ""PYTHONHASHSEED"": ""0"", ""VECLIB_MAXIMUM_THREADS"": ""1""}",tree_tree,5,2,0,0.04712582699721679,16,4,5,5,7,7,wide,wide,12,zipf,"{""kind"": ""categorical"", ""probs"": [0.7, 0.3], ""values"": [2, 3]}",inverse_sqrt,7,reserved,beam_local_capped,Shallow but very wide trees test whether a child cap controls the local cross product.,6,6,439,454,439,454,4.433244228363037,True,single_exact_result,1,0.0,1e-05,0.5948146249813286,1.7962857252186377,0.5948146249813286,59.48146249813286,True,0.019428363407778964,0.01947473973563758,0.03762769754916079,0.037714668942053095,200.0,64.0,14.0,950.0,,,,,,,,,,,,,,,,,,
local_child_cap_wide,algorithm,wide_shallow_tree_pair,algorithm_grid,child_cap,4.0,local_child_cap_wide,4,local_R4,generic,False,"{""beam_local_child_cap"": 4, ""beam_width"": 200, ""method"": ""beam_local""}",jaccard,800,800,640000,602881,2.755020221144548,1.4618171585807196,ok,,1.4618171585807196,8.459901437163353e-07,5.4879928939044476e-06,0.000345182023011148,0.0003441039880272001,0.0003581320052035153,0.0003491393387472878,0.00034464300551917404,0.00035165701410733163,7.806508653128704e-06,1.0780349839478731e-06,3.0,"[0.000345182023011148, 0.0003441039880272001, 0.0003581320052035153]",0.0003460280131548643,3.0,1.0,2.0,0.25,0.5,0.2,0.2,beam_local,800.0,800.0,0.0,0.0002001000102609396,0.00012667092960327864,2.5293062208220363e-05,9.310024324804544e-07,0.0003797679964918643,35.0,35.0,26.0,,117.0,47.0,47.0,18.0,6.0,1.0,1.0,1.4618171585807196,2.0,True,beam_local_fit,800.0,800.0,4.780973540619016e-06,0.0,0.0,0.0,0.0,4.780973540619016e-06,0.0,,,,,,,,,1.0,1.0,,,2.249988028779626e-06,0.0004921419895254076,0.0004943919775541872,1.4618171585807196,1.4618171585807196,0.0,isolated,1,True,1200.0,0.2478820749965962,0.002715905982768163,0.24516616901382804,154263552.0,147.1171875,resource.ru_maxrss_kib_converted_to_bytes,0.0,"{""BLIS_NUM_THREADS"": ""1"", ""MKL_DYNAMIC"": ""FALSE"", ""MKL_NUM_THREADS"": ""1"", ""NUMBA_NUM_THREADS"": ""1"", ""NUMEXPR_NUM_THREADS"": ""1"", ""OMP_DYNAMIC"": ""FALSE"", ""OMP_NUM_THREADS"": ""1"", ""OPENBLAS_NUM_THREADS"": ""1"", ""PYTHONHASHSEED"": ""0"", ""VECLIB_MAXIMUM_THREADS"": ""1""}",tree_tree,1,3,0,0.04712582699721679,16,4,5,5,7,7,wide,wide,12,zipf,"{""kind"": ""categorical"", ""probs"": [0.7, 0.3], ""values"": [2, 3]}",inverse_sqrt,7,reserved,beam_local_capped,Shallow but very wide trees test whether a child cap controls the local cross product.,6,6,439,454,439,454,4.433244228363037,True,single_exact_result,1,0.0,1e-05,0.329739821061131,2.9714270697823175,0.329739821061131,32.9739821061131,True,1.0,1.0,0.49594637362668276,0.49594637362668276,200.0,4.0,14.0,48.0,,,,,,,,,,,,,,,,,,
local_child_cap_wide,algorithm,wide_shallow_tree_pair,algorithm_grid,child_cap,16.0,local_child_cap_wide,4,local_R16,generic,False,"{""beam_local_child_cap"": 16, ""beam_width"": 200, ""method"": ""beam_local""}",jaccard,800,800,640000,602881,2.755020221144548,2.2972584487296768,ok,,2.2972584487296768,8.67992639541626e-07,6.126996595412493e-06,0.0018736850179266185,0.0018583609780762345,0.0018992119876202196,0.001877085994541024,0.0018660229980014265,0.001886448502773419,2.0636768803266946e-05,1.5324039850383997e-05,3.0,"[0.0018992119876202196, 0.0018583609780762345, 0.0018736850179266185]",0.00187455301056616,3.0,1.0,3.0,0.25,0.3333333333333333,0.2,0.2,beam_local,800.0,800.0,0.0,0.00019546999828889966,0.0015961170138325542,0.0002211839600931853,1.0110088624060154e-06,0.002046232984866947,537.0,537.0,438.0,,1538.0,620.0,550.0,200.0,8.0,1.0,1.0,2.2972584487296768,3.0,True,beam_local_fit,800.0,800.0,5.30798570252955e-06,0.0,0.0,0.0,0.0,5.30798570252955e-06,0.0,,,,,,,,,1.0,1.0,,,2.14899773709476e-06,0.0021909380157012492,0.002193087013438344,2.2972584487296768,2.2972584487296768,0.0,isolated,1,True,1200.0,0.2583815469988622,0.012215663999086246,0.24616588299977593,154263552.0,147.1171875,resource.ru_maxrss_kib_converted_to_bytes,0.0,"{""BLIS_NUM_THREADS"": ""1"", ""MKL_DYNAMIC"": ""FALSE"", ""MKL_NUM_THREADS"": ""1"", ""NUMBA_NUM_THREADS"": ""1"", ""NUMEXPR_NUM_THREADS"": ""1"", ""OMP_DYNAMIC"": ""FALSE"", ""OMP_NUM_THREADS"": ""1"", ""OPENBLAS_NUM_THREADS"": ""1"", ""PYTHONHASHSEED"": ""0"", ""VECLIB_MAXIMUM_THREADS"": ""1""}",tree_tree,3,4,0,0.04712582699721679,16,4,5,5,7,7,wide,wide,12,zipf,"{""kind"": ""categorical"", ""probs"": [0.7, 0.3], ""values"": [2, 3]}",inverse_sqrt,7,reserved,beam_local_capped,Shallow but very wide trees test whether a child cap controls the local cross product.,6,6,439,454,439,454,4.433244228363037,True,single_exact_result,1,0.0,1e-05,0.5181890124690769,2.1359857796333603,0.5181890124690769,51.818901246907686,True,0.18422628120980514,0.18459227944178305,0.27181650396866774,0.2722146764415751,200.0,16.0,14.0,551.0,,,,,,,,,,,,,,,,,,
local_child_cap_wide,algorithm,wide_shallow_tree_pair,algorithm_grid,child_cap,32.0,local_child_cap_wide,4,local_R32,generic,False,"{""beam_local_child_cap"": 32, ""beam_width"": 200, ""method"": ""beam_local""}",jaccard,800,800,640000,602881,2.755020221144548,2.6369585031443994,ok,,2.6369585031443994,9.190116543322802e-07,6.426009349524975e-06,0.00553988799219951,0.0055208819976542145,0.005911290005315095,0.00565735333172294,0.005530384994926862,0.005725588998757303,0.00022012083636823324,1.9005994545295835e-05,3.0,"[0.0055208819976542145, 0.00553988799219951, 0.005911290005315095]",0.005540807003853843,3.0,1.0,3.0,0.25,0.3333333333333333,0.2,0.2,beam_local,800.0,800.0,0.0,0.00020293798297643661,0.005243340972810984,0.0005451120377983898,1.0789954103529453e-06,0.006029115000274032,2062.0,2062.0,1648.0,,4841.0,2308.0,779.0,200.0,12.0,1.0,1.0,2.6369585031443994,3.0,True,beam_local_fit,800.0,800.0,5.522015271708369e-06,0.0,0.0,0.0,0.0,5.522015271708369e-06,0.0,,,,,,,,,1.0,1.0,,,2.3370084818452597e-06,0.006002317008096725,0.00600465401657857,2.6369585031443994,2.6369585031443994,0.0,isolated,1,True,1200.0,0.2805655999982264,0.035013198998058215,0.24555240100016817,154263552.0,147.1171875,resource.ru_maxrss_kib_converted_to_bytes,0.0,"{""BLIS_NUM_THREADS"": ""1"", ""MKL_DYNAMIC"": ""FALSE"", ""MKL_NUM_THREADS"": ""1"", ""NUMBA_NUM_THREADS"": ""1"", ""NUMEXPR_NUM_THREADS"": ""1"", ""OMP_DYNAMIC"": ""FALSE"", ""OMP_NUM_THREADS"": ""1"", ""OPENBLAS_NUM_THREADS"": ""1"", ""PYTHONHASHSEED"": ""0"", ""VECLIB_MAXIMUM_THREADS"": ""1""}",tree_tree,4,5,0,0.04712582699721679,16,4,5,5,7,7,wide,wide,12,zipf,"{""kind"": ""categorical"", ""probs"": [0.7, 0.3], ""values"": [2, 3]}",inverse_sqrt,7,reserved,beam_local_capped,Shallow but very wide trees test whether a child cap controls the local cross product.,6,6,439,454,439,454,4.433244228363037,True,single_exact_result,1,0.0,1e-05,0.5948146249813286,1.7962857252186377,0.5948146249813286,59.48146249813286,True,0.062308484124080604,0.06245083304908267,0.1128007738698319,0.11303399071412304,200.0,32.0,14.0,780.0,,,,,,,,,,,,,,,,,,
local_child_cap_wide,algorithm,wide_shallow_tree_pair,algorithm_grid,child_cap,128.0,local_child_cap_wide,4,local_R128,generic,False,"{""beam_local_child_cap"": 128, ""beam_width"": 200, ""method"": ""beam_local""}",jaccard,800,800,640000,602881,2.755020221144548,2.9237430221584537,ok,,2.9237430221584537,1.6939884517341852e-06,7.5160060077905655e-06,0.05799516098340973,0.05732075101695955,0.05800995900062844,0.05777529033366591,0.05765795600018464,0.05800255999201909,0.00039371212599095085,1.4798017218708992e-05,3.0,"[0.05732075101695955, 0.05800995900062844, 0.05799516098340973]",0.05799685497186147,3.0,1.0,4.0,0.25,0.25,0.2,0.2,beam_local,800.0,800.0,0.0,0.00020637799752876163,0.059598726977128536,0.002771084022242576,1.748005161061883e-06,0.06262332902406342,26669.0,26669.0,20983.0,,53638.0,27195.0,1088.0,200.0,12.0,1.0,1.0,2.9237430221584537,4.0,True,beam_local_fit,800.0,800.0,6.613001460209489e-06,0.0,0.0,0.0,0.0,6.613001460209489e-06,0.0,,,,,,,,,1.0,1.0,,,2.207991201430559e-06,0.06060538100427948,0.06060758899548091,2.9237430221584537,2.9237430221584537,0.0,isolated,1,True,1200.0,0.6104661060089711,0.3674915379961021,0.24297456801286899,154263552.0,147.1171875,resource.ru_maxrss_kib_converted_to_bytes,0.0,"{""BLIS_NUM_THREADS"": ""1"", ""MKL_DYNAMIC"": ""FALSE"", ""MKL_NUM_THREADS"": ""1"", ""NUMBA_NUM_THREADS"": ""1"", ""NUMEXPR_NUM_THREADS"": ""1"", ""OMP_DYNAMIC"": ""FALSE"", ""OMP_NUM_THREADS"": ""1"", ""OPENBLAS_NUM_THREADS"": ""1"", ""PYTHONHASHSEED"": ""0"", ""VECLIB_MAXIMUM_THREADS"": ""1""}",tree_tree,6,6,0,0.04712582699721679,16,4,5,5,7,7,wide,wide,12,zipf,"{""kind"": ""categorical"", ""probs"": [0.7, 0.3], ""values"": [2, 3]}",inverse_sqrt,7,reserved,beam_local_capped,Shallow but very wide trees test whether a child cap controls the local cross product.,6,6,439,454,439,454,4.433244228363037,True,single_exact_result,1,0.0,1e-05,0.6595041625392332,1.5095012062045834,0.6595041625392332,65.95041625392332,True,0.005951910765622183,0.005966323748464428,0.011797352469850137,0.011825664483241601,200.0,128.0,14.0,1089.0,,,,,,,,,,,,,,,,,,
